ISO-10303-21;
HEADER;
FILE_DESCRIPTION(('Open CASCADE Model'),'2;1');
FILE_NAME('Open CASCADE Shape Model','2026-09-18T14:26:02',('Author'),(
    'Open CASCADE'),'Open CASCADE STEP processor 7.9','Open CASCADE 7.9'
  ,'Unknown');
FILE_SCHEMA(('AUTOMOTIVE_DESIGN { 1 0 10303 214 1 1 1 1 }'));
ENDSEC;
DATA;
#1 = APPLICATION_PROTOCOL_DEFINITION('international standard',
  'automotive_design',2000,#2);
#2 = APPLICATION_CONTEXT(
  'core data for automotive mechanical design processes');
#3 = SHAPE_DEFINITION_REPRESENTATION(#4,#10);
#4 = PRODUCT_DEFINITION_SHAPE('','',#5);
#5 = PRODUCT_DEFINITION('design','',#6,#9);
#6 = PRODUCT_DEFINITION_FORMATION('','',#7);
#7 = PRODUCT('Open CASCADE STEP translator 7.9 1',
  'Open CASCADE STEP translator 7.9 1','',(#8));
#8 = PRODUCT_CONTEXT('',#2,'mechanical');
#9 = PRODUCT_DEFINITION_CONTEXT('part definition',#2,'design');
#10 = ADVANCED_BREP_SHAPE_REPRESENTATION('',(#11,#15),#15723);
#11 = AXIS2_PLACEMENT_3D('',#12,#13,#14);
#12 = CARTESIAN_POINT('',(0.,0.,0.));
#13 = DIRECTION('',(0.,0.,1.));
#14 = DIRECTION('',(1.,0.,-0.));
#15 = MANIFOLD_SOLID_BREP('',#16);
#16 = CLOSED_SHELL('',(#17,#792,#871,#920,#968,#1738,#1792,#1841,#1890,
    #1942,#2712,#2760,#2809,#2863,#2915,#2964,#3012,#3782,#3836,#3885,
    #3934,#3986,#4756,#4804,#4853,#4885,#4940,#6077,#6153,#6200,#6254,
    #6279,#6355,#6402,#6449,#6481,#6557,#6604,#6651,#6683,#6759,#6806,
    #6853,#6885,#6961,#7008,#7055,#7087,#7163,#7210,#7257,#7289,#7365,
    #7412,#7466,#7491,#7567,#7614,#7661,#7693,#7769,#7816,#7863,#7895,
    #7971,#8018,#8065,#8097,#8173,#8220,#8267,#8299,#8375,#8422,#8469,
    #8501,#8577,#8624,#8678,#8703,#8779,#8826,#8873,#8905,#8981,#9028,
    #9075,#9107,#9183,#9230,#9277,#9309,#9385,#9432,#9479,#9511,#9587,
    #9634,#9681,#9713,#9789,#9836,#9890,#9915,#9991,#10038,#10085,#10117
    ,#10193,#10240,#10287,#10319,#10395,#10442,#10489,#10521,#10597,
    #10644,#10691,#10723,#10799,#10846,#10893,#10925,#10960,#11015,
    #11070,#11125,#11199,#11251,#11303,#11351,#11400,#11454,#11544,
    #11593,#11642,#11732,#11784,#11831,#11879,#11931,#11985,#12034,
    #12081,#12133,#12181,#12229,#12278,#12332,#12422,#12471,#12520,
    #12610,#12662,#12709,#12757,#12809,#12863,#12890,#12945,#13004,
    #13008,#13012,#13016,#13994,#13998,#14032,#14108,#14157,#14206,
    #14233,#14309,#14358,#14407,#14434,#14510,#14559,#14608,#14635,
    #14711,#14760,#14809,#14836,#14912,#14961,#15010,#15037,#15113,
    #15162,#15211,#15238,#15265,#15341,#15390,#15439,#15466,#15542,
    #15591,#15640,#15667,#15674,#15681,#15688,#15695,#15702,#15709,
    #15716));
#17 = ADVANCED_FACE('',(#18,#761),#33,.F.);
#18 = FACE_BOUND('',#19,.F.);
#19 = EDGE_LOOP('',(#20,#60,#88,#121,#149,#182,#211,#244,#272,#305,#333,
    #366,#395,#428,#456,#489,#517,#550,#579,#612,#640,#673,#701,#734));
#20 = ORIENTED_EDGE('',*,*,#21,.F.);
#21 = EDGE_CURVE('',#22,#24,#26,.T.);
#22 = VERTEX_POINT('',#23);
#23 = CARTESIAN_POINT('',(18.481085212075,-9.383836453955,0.));
#24 = VERTEX_POINT('',#25);
#25 = CARTESIAN_POINT('',(16.463235294118,-9.484823859752,0.));
#26 = SURFACE_CURVE('',#27,(#32,#48),.PCURVE_S1.);
#27 = CIRCLE('',#28,9.5);
#28 = AXIS2_PLACEMENT_3D('',#29,#30,#31);
#29 = CARTESIAN_POINT('',(17.,0.,0.));
#30 = DIRECTION('',(0.,0.,-1.));
#31 = DIRECTION('',(0.155903706534,-0.987772258311,0.));
#32 = PCURVE('',#33,#38);
#33 = PLANE('',#34);
#34 = AXIS2_PLACEMENT_3D('',#35,#36,#37);
#35 = CARTESIAN_POINT('',(-1.727292798997E-15,3.759188932048E-16,0.));
#36 = DIRECTION('',(0.,0.,1.));
#37 = DIRECTION('',(1.,0.,-0.));
#38 = DEFINITIONAL_REPRESENTATION('',(#39),#47);
#39 = ( BOUNDED_CURVE() B_SPLINE_CURVE(2,(#40,#41,#42,#43,#44,#45,#46),
.UNSPECIFIED.,.T.,.F.) B_SPLINE_CURVE_WITH_KNOTS((1,2,2,2,2,1),(
    -2.094395102393,0.,2.094395102393,4.188790204786,6.28318530718,
8.377580409573),.UNSPECIFIED.) CURVE() GEOMETRIC_REPRESENTATION_ITEM() 
RATIONAL_B_SPLINE_CURVE((1.,0.5,1.,0.5,1.,0.5,1.)) REPRESENTATION_ITEM(
  '') );
#40 = CARTESIAN_POINT('',(18.481085212075,-9.383836453955));
#41 = CARTESIAN_POINT('',(2.227803703908,-11.9491512916));
#42 = CARTESIAN_POINT('',(8.132816639879,3.409260808151));
#43 = CARTESIAN_POINT('',(14.03782957585,18.76767290791));
#44 = CARTESIAN_POINT('',(24.386098148046,5.974575645804));
#45 = CARTESIAN_POINT('',(34.734366720242,-6.818521616302));
#46 = CARTESIAN_POINT('',(18.481085212075,-9.383836453955));
#47 = ( GEOMETRIC_REPRESENTATION_CONTEXT(2) 
PARAMETRIC_REPRESENTATION_CONTEXT() REPRESENTATION_CONTEXT('2D SPACE',''
  ) );
#48 = PCURVE('',#49,#54);
#49 = CYLINDRICAL_SURFACE('',#50,9.5);
#50 = AXIS2_PLACEMENT_3D('',#51,#52,#53);
#51 = CARTESIAN_POINT('',(17.,0.,0.));
#52 = DIRECTION('',(-0.,-0.,-1.));
#53 = DIRECTION('',(1.,0.,0.));
#54 = DEFINITIONAL_REPRESENTATION('',(#55),#59);
#55 = LINE('',#56,#57);
#56 = CARTESIAN_POINT('',(-4.868931261427,0.));
#57 = VECTOR('',#58,1.);
#58 = DIRECTION('',(1.,-0.));
#59 = ( GEOMETRIC_REPRESENTATION_CONTEXT(2) 
PARAMETRIC_REPRESENTATION_CONTEXT() REPRESENTATION_CONTEXT('2D SPACE',''
  ) );
#60 = ORIENTED_EDGE('',*,*,#61,.T.);
#61 = EDGE_CURVE('',#22,#62,#64,.T.);
#62 = VERTEX_POINT('',#63);
#63 = CARTESIAN_POINT('',(42.5,-7.5,0.));
#64 = SURFACE_CURVE('',#65,(#69,#76),.PCURVE_S1.);
#65 = LINE('',#66,#67);
#66 = CARTESIAN_POINT('',(17.,-9.5,0.));
#67 = VECTOR('',#68,1.);
#68 = DIRECTION('',(0.996938377813,7.819124531863E-02,0.));
#69 = PCURVE('',#33,#70);
#70 = DEFINITIONAL_REPRESENTATION('',(#71),#75);
#71 = LINE('',#72,#73);
#72 = CARTESIAN_POINT('',(17.,-9.5));
#73 = VECTOR('',#74,1.);
#74 = DIRECTION('',(0.996938377813,7.819124531863E-02));
#75 = ( GEOMETRIC_REPRESENTATION_CONTEXT(2) 
PARAMETRIC_REPRESENTATION_CONTEXT() REPRESENTATION_CONTEXT('2D SPACE',''
  ) );
#76 = PCURVE('',#77,#82);
#77 = PLANE('',#78);
#78 = AXIS2_PLACEMENT_3D('',#79,#80,#81);
#79 = CARTESIAN_POINT('',(17.,-9.5,0.));
#80 = DIRECTION('',(-7.819124531863E-02,0.996938377813,0.));
#81 = DIRECTION('',(0.996938377813,7.819124531863E-02,0.));
#82 = DEFINITIONAL_REPRESENTATION('',(#83),#87);
#83 = LINE('',#84,#85);
#84 = CARTESIAN_POINT('',(0.,0.));
#85 = VECTOR('',#86,1.);
#86 = DIRECTION('',(1.,0.));
#87 = ( GEOMETRIC_REPRESENTATION_CONTEXT(2) 
PARAMETRIC_REPRESENTATION_CONTEXT() REPRESENTATION_CONTEXT('2D SPACE',''
  ) );
#88 = ORIENTED_EDGE('',*,*,#89,.F.);
#89 = EDGE_CURVE('',#90,#62,#92,.T.);
#90 = VERTEX_POINT('',#91);
#91 = CARTESIAN_POINT('',(42.5,7.5,0.));
#92 = SURFACE_CURVE('',#93,(#98,#109),.PCURVE_S1.);
#93 = CIRCLE('',#94,7.5);
#94 = AXIS2_PLACEMENT_3D('',#95,#96,#97);
#95 = CARTESIAN_POINT('',(42.5,0.,0.));
#96 = DIRECTION('',(0.,0.,-1.));
#97 = DIRECTION('',(0.,1.,0.));
#98 = PCURVE('',#33,#99);
#99 = DEFINITIONAL_REPRESENTATION('',(#100),#108);
#100 = ( BOUNDED_CURVE() B_SPLINE_CURVE(2,(#101,#102,#103,#104,#105,#106
,#107),.UNSPECIFIED.,.T.,.F.) B_SPLINE_CURVE_WITH_KNOTS((1,2,2,2,2,1),(
    -2.094395102393,0.,2.094395102393,4.188790204786,6.28318530718,
8.377580409573),.UNSPECIFIED.) CURVE() GEOMETRIC_REPRESENTATION_ITEM() 
RATIONAL_B_SPLINE_CURVE((1.,0.5,1.,0.5,1.,0.5,1.)) REPRESENTATION_ITEM(
  '') );
#101 = CARTESIAN_POINT('',(42.5,7.5));
#102 = CARTESIAN_POINT('',(55.490381056767,7.5));
#103 = CARTESIAN_POINT('',(48.995190528383,-3.75));
#104 = CARTESIAN_POINT('',(42.5,-15.));
#105 = CARTESIAN_POINT('',(36.004809471617,-3.75));
#106 = CARTESIAN_POINT('',(29.509618943233,7.5));
#107 = CARTESIAN_POINT('',(42.5,7.5));
#108 = ( GEOMETRIC_REPRESENTATION_CONTEXT(2) 
PARAMETRIC_REPRESENTATION_CONTEXT() REPRESENTATION_CONTEXT('2D SPACE',''
  ) );
#109 = PCURVE('',#110,#115);
#110 = CYLINDRICAL_SURFACE('',#111,7.5);
#111 = AXIS2_PLACEMENT_3D('',#112,#113,#114);
#112 = CARTESIAN_POINT('',(42.5,0.,0.));
#113 = DIRECTION('',(-0.,-0.,-1.));
#114 = DIRECTION('',(1.,0.,0.));
#115 = DEFINITIONAL_REPRESENTATION('',(#116),#120);
#116 = LINE('',#117,#118);
#117 = CARTESIAN_POINT('',(-7.853981633974,0.));
#118 = VECTOR('',#119,1.);
#119 = DIRECTION('',(1.,-0.));
#120 = ( GEOMETRIC_REPRESENTATION_CONTEXT(2) 
PARAMETRIC_REPRESENTATION_CONTEXT() REPRESENTATION_CONTEXT('2D SPACE',''
  ) );
#121 = ORIENTED_EDGE('',*,*,#122,.T.);
#122 = EDGE_CURVE('',#90,#123,#125,.T.);
#123 = VERTEX_POINT('',#124);
#124 = CARTESIAN_POINT('',(18.481085212075,9.383836453955,0.));
#125 = SURFACE_CURVE('',#126,(#130,#137),.PCURVE_S1.);
#126 = LINE('',#127,#128);
#127 = CARTESIAN_POINT('',(42.5,7.5,0.));
#128 = VECTOR('',#129,1.);
#129 = DIRECTION('',(-0.996938377813,7.819124531863E-02,0.));
#130 = PCURVE('',#33,#131);
#131 = DEFINITIONAL_REPRESENTATION('',(#132),#136);
#132 = LINE('',#133,#134);
#133 = CARTESIAN_POINT('',(42.5,7.5));
#134 = VECTOR('',#135,1.);
#135 = DIRECTION('',(-0.996938377813,7.819124531863E-02));
#136 = ( GEOMETRIC_REPRESENTATION_CONTEXT(2) 
PARAMETRIC_REPRESENTATION_CONTEXT() REPRESENTATION_CONTEXT('2D SPACE',''
  ) );
#137 = PCURVE('',#138,#143);
#138 = PLANE('',#139);
#139 = AXIS2_PLACEMENT_3D('',#140,#141,#142);
#140 = CARTESIAN_POINT('',(42.5,7.5,0.));
#141 = DIRECTION('',(-7.819124531863E-02,-0.996938377813,0.));
#142 = DIRECTION('',(-0.996938377813,7.819124531863E-02,0.));
#143 = DEFINITIONAL_REPRESENTATION('',(#144),#148);
#144 = LINE('',#145,#146);
#145 = CARTESIAN_POINT('',(0.,0.));
#146 = VECTOR('',#147,1.);
#147 = DIRECTION('',(1.,0.));
#148 = ( GEOMETRIC_REPRESENTATION_CONTEXT(2) 
PARAMETRIC_REPRESENTATION_CONTEXT() REPRESENTATION_CONTEXT('2D SPACE',''
  ) );
#149 = ORIENTED_EDGE('',*,*,#150,.F.);
#150 = EDGE_CURVE('',#151,#123,#153,.T.);
#151 = VERTEX_POINT('',#152);
#152 = CARTESIAN_POINT('',(16.463235294118,9.484823859752,0.));
#153 = SURFACE_CURVE('',#154,(#159,#170),.PCURVE_S1.);
#154 = CIRCLE('',#155,9.5);
#155 = AXIS2_PLACEMENT_3D('',#156,#157,#158);
#156 = CARTESIAN_POINT('',(17.,0.,0.));
#157 = DIRECTION('',(0.,0.,-1.));
#158 = DIRECTION('',(0.155903706534,-0.987772258311,0.));
#159 = PCURVE('',#33,#160);
#160 = DEFINITIONAL_REPRESENTATION('',(#161),#169);
#161 = ( BOUNDED_CURVE() B_SPLINE_CURVE(2,(#162,#163,#164,#165,#166,#167
,#168),.UNSPECIFIED.,.T.,.F.) B_SPLINE_CURVE_WITH_KNOTS((1,2,2,2,2,1),(
    -2.094395102393,0.,2.094395102393,4.188790204786,6.28318530718,
8.377580409573),.UNSPECIFIED.) CURVE() GEOMETRIC_REPRESENTATION_ITEM() 
RATIONAL_B_SPLINE_CURVE((1.,0.5,1.,0.5,1.,0.5,1.)) REPRESENTATION_ITEM(
  '') );
#162 = CARTESIAN_POINT('',(18.481085212075,-9.383836453955));
#163 = CARTESIAN_POINT('',(2.227803703908,-11.9491512916));
#164 = CARTESIAN_POINT('',(8.132816639879,3.409260808151));
#165 = CARTESIAN_POINT('',(14.03782957585,18.76767290791));
#166 = CARTESIAN_POINT('',(24.386098148046,5.974575645804));
#167 = CARTESIAN_POINT('',(34.734366720242,-6.818521616302));
#168 = CARTESIAN_POINT('',(18.481085212075,-9.383836453955));
#169 = ( GEOMETRIC_REPRESENTATION_CONTEXT(2) 
PARAMETRIC_REPRESENTATION_CONTEXT() REPRESENTATION_CONTEXT('2D SPACE',''
  ) );
#170 = PCURVE('',#171,#176);
#171 = CYLINDRICAL_SURFACE('',#172,9.5);
#172 = AXIS2_PLACEMENT_3D('',#173,#174,#175);
#173 = CARTESIAN_POINT('',(17.,0.,0.));
#174 = DIRECTION('',(-0.,-0.,-1.));
#175 = DIRECTION('',(1.,0.,0.));
#176 = DEFINITIONAL_REPRESENTATION('',(#177),#181);
#177 = LINE('',#178,#179);
#178 = CARTESIAN_POINT('',(-4.868931261427,0.));
#179 = VECTOR('',#180,1.);
#180 = DIRECTION('',(1.,-0.));
#181 = ( GEOMETRIC_REPRESENTATION_CONTEXT(2) 
PARAMETRIC_REPRESENTATION_CONTEXT() REPRESENTATION_CONTEXT('2D SPACE',''
  ) );
#182 = ORIENTED_EDGE('',*,*,#183,.T.);
#183 = EDGE_CURVE('',#151,#184,#186,.T.);
#184 = VERTEX_POINT('',#185);
#185 = CARTESIAN_POINT('',(9.484823859752,16.463235294118,0.));
#186 = SURFACE_CURVE('',#187,(#192,#199),.PCURVE_S1.);
#187 = CIRCLE('',#188,19.);
#188 = AXIS2_PLACEMENT_3D('',#189,#190,#191);
#189 = CARTESIAN_POINT('',(0.,0.,0.));
#190 = DIRECTION('',(0.,0.,1.));
#191 = DIRECTION('',(1.,0.,0.));
#192 = PCURVE('',#33,#193);
#193 = DEFINITIONAL_REPRESENTATION('',(#194),#198);
#194 = CIRCLE('',#195,19.);
#195 = AXIS2_PLACEMENT_2D('',#196,#197);
#196 = CARTESIAN_POINT('',(1.727292798997E-15,-3.759188932048E-16));
#197 = DIRECTION('',(1.,0.));
#198 = ( GEOMETRIC_REPRESENTATION_CONTEXT(2) 
PARAMETRIC_REPRESENTATION_CONTEXT() REPRESENTATION_CONTEXT('2D SPACE',''
  ) );
#199 = PCURVE('',#200,#205);
#200 = CYLINDRICAL_SURFACE('',#201,19.);
#201 = AXIS2_PLACEMENT_3D('',#202,#203,#204);
#202 = CARTESIAN_POINT('',(0.,0.,0.));
#203 = DIRECTION('',(-0.,-0.,-1.));
#204 = DIRECTION('',(1.,0.,0.));
#205 = DEFINITIONAL_REPRESENTATION('',(#206),#210);
#206 = LINE('',#207,#208);
#207 = CARTESIAN_POINT('',(-0.,0.));
#208 = VECTOR('',#209,1.);
#209 = DIRECTION('',(-1.,0.));
#210 = ( GEOMETRIC_REPRESENTATION_CONTEXT(2) 
PARAMETRIC_REPRESENTATION_CONTEXT() REPRESENTATION_CONTEXT('2D SPACE',''
  ) );
#211 = ORIENTED_EDGE('',*,*,#212,.F.);
#212 = EDGE_CURVE('',#213,#184,#215,.T.);
#213 = VERTEX_POINT('',#214);
#214 = CARTESIAN_POINT('',(9.383836453955,18.481085212075,0.));
#215 = SURFACE_CURVE('',#216,(#221,#232),.PCURVE_S1.);
#216 = CIRCLE('',#217,9.5);
#217 = AXIS2_PLACEMENT_3D('',#218,#219,#220);
#218 = CARTESIAN_POINT('',(1.887379141863E-15,17.,0.));
#219 = DIRECTION('',(0.,0.,-1.));
#220 = DIRECTION('',(0.987772258311,0.155903706534,0.));
#221 = PCURVE('',#33,#222);
#222 = DEFINITIONAL_REPRESENTATION('',(#223),#231);
#223 = ( BOUNDED_CURVE() B_SPLINE_CURVE(2,(#224,#225,#226,#227,#228,#229
,#230),.UNSPECIFIED.,.T.,.F.) B_SPLINE_CURVE_WITH_KNOTS((1,2,2,2,2,1),(
    -2.094395102393,0.,2.094395102393,4.188790204786,6.28318530718,
8.377580409573),.UNSPECIFIED.) CURVE() GEOMETRIC_REPRESENTATION_ITEM() 
RATIONAL_B_SPLINE_CURVE((1.,0.5,1.,0.5,1.,0.5,1.)) REPRESENTATION_ITEM(
  '') );
#224 = CARTESIAN_POINT('',(9.383836453955,18.481085212075));
#225 = CARTESIAN_POINT('',(11.949151291608,2.227803703908));
#226 = CARTESIAN_POINT('',(-3.409260808151,8.132816639879));
#227 = CARTESIAN_POINT('',(-18.76767290791,14.03782957585));
#228 = CARTESIAN_POINT('',(-5.974575645804,24.386098148046));
#229 = CARTESIAN_POINT('',(6.818521616302,34.734366720242));
#230 = CARTESIAN_POINT('',(9.383836453955,18.481085212075));
#231 = ( GEOMETRIC_REPRESENTATION_CONTEXT(2) 
PARAMETRIC_REPRESENTATION_CONTEXT() REPRESENTATION_CONTEXT('2D SPACE',''
  ) );
#232 = PCURVE('',#233,#238);
#233 = CYLINDRICAL_SURFACE('',#234,9.5);
#234 = AXIS2_PLACEMENT_3D('',#235,#236,#237);
#235 = CARTESIAN_POINT('',(1.887379141863E-15,17.,0.));
#236 = DIRECTION('',(0.,-0.,-1.));
#237 = DIRECTION('',(1.110223024625E-16,1.,0.));
#238 = DEFINITIONAL_REPRESENTATION('',(#239),#243);
#239 = LINE('',#240,#241);
#240 = CARTESIAN_POINT('',(-4.868931261427,0.));
#241 = VECTOR('',#242,1.);
#242 = DIRECTION('',(1.,-0.));
#243 = ( GEOMETRIC_REPRESENTATION_CONTEXT(2) 
PARAMETRIC_REPRESENTATION_CONTEXT() REPRESENTATION_CONTEXT('2D SPACE',''
  ) );
#244 = ORIENTED_EDGE('',*,*,#245,.T.);
#245 = EDGE_CURVE('',#213,#246,#248,.T.);
#246 = VERTEX_POINT('',#247);
#247 = CARTESIAN_POINT('',(7.5,42.5,0.));
#248 = SURFACE_CURVE('',#249,(#253,#260),.PCURVE_S1.);
#249 = LINE('',#250,#251);
#250 = CARTESIAN_POINT('',(9.5,17.,0.));
#251 = VECTOR('',#252,1.);
#252 = DIRECTION('',(-7.819124531863E-02,0.996938377813,0.));
#253 = PCURVE('',#33,#254);
#254 = DEFINITIONAL_REPRESENTATION('',(#255),#259);
#255 = LINE('',#256,#257);
#256 = CARTESIAN_POINT('',(9.5,17.));
#257 = VECTOR('',#258,1.);
#258 = DIRECTION('',(-7.819124531863E-02,0.996938377813));
#259 = ( GEOMETRIC_REPRESENTATION_CONTEXT(2) 
PARAMETRIC_REPRESENTATION_CONTEXT() REPRESENTATION_CONTEXT('2D SPACE',''
  ) );
#260 = PCURVE('',#261,#266);
#261 = PLANE('',#262);
#262 = AXIS2_PLACEMENT_3D('',#263,#264,#265);
#263 = CARTESIAN_POINT('',(9.5,17.,0.));
#264 = DIRECTION('',(-0.996938377813,-7.819124531863E-02,0.));
#265 = DIRECTION('',(-7.819124531863E-02,0.996938377813,0.));
#266 = DEFINITIONAL_REPRESENTATION('',(#267),#271);
#267 = LINE('',#268,#269);
#268 = CARTESIAN_POINT('',(0.,0.));
#269 = VECTOR('',#270,1.);
#270 = DIRECTION('',(1.,0.));
#271 = ( GEOMETRIC_REPRESENTATION_CONTEXT(2) 
PARAMETRIC_REPRESENTATION_CONTEXT() REPRESENTATION_CONTEXT('2D SPACE',''
  ) );
#272 = ORIENTED_EDGE('',*,*,#273,.F.);
#273 = EDGE_CURVE('',#274,#246,#276,.T.);
#274 = VERTEX_POINT('',#275);
#275 = CARTESIAN_POINT('',(-7.5,42.5,0.));
#276 = SURFACE_CURVE('',#277,(#282,#293),.PCURVE_S1.);
#277 = CIRCLE('',#278,7.5);
#278 = AXIS2_PLACEMENT_3D('',#279,#280,#281);
#279 = CARTESIAN_POINT('',(4.718447854657E-15,42.5,0.));
#280 = DIRECTION('',(0.,0.,-1.));
#281 = DIRECTION('',(-1.,1.110223024625E-16,0.));
#282 = PCURVE('',#33,#283);
#283 = DEFINITIONAL_REPRESENTATION('',(#284),#292);
#284 = ( BOUNDED_CURVE() B_SPLINE_CURVE(2,(#285,#286,#287,#288,#289,#290
,#291),.UNSPECIFIED.,.T.,.F.) B_SPLINE_CURVE_WITH_KNOTS((1,2,2,2,2,1),(
    -2.094395102393,0.,2.094395102393,4.188790204786,6.28318530718,
8.377580409573),.UNSPECIFIED.) CURVE() GEOMETRIC_REPRESENTATION_ITEM() 
RATIONAL_B_SPLINE_CURVE((1.,0.5,1.,0.5,1.,0.5,1.)) REPRESENTATION_ITEM(
  '') );
#285 = CARTESIAN_POINT('',(-7.5,42.5));
#286 = CARTESIAN_POINT('',(-7.5,55.490381056767));
#287 = CARTESIAN_POINT('',(3.75,48.995190528383));
#288 = CARTESIAN_POINT('',(15.,42.5));
#289 = CARTESIAN_POINT('',(3.75,36.004809471617));
#290 = CARTESIAN_POINT('',(-7.5,29.509618943233));
#291 = CARTESIAN_POINT('',(-7.5,42.5));
#292 = ( GEOMETRIC_REPRESENTATION_CONTEXT(2) 
PARAMETRIC_REPRESENTATION_CONTEXT() REPRESENTATION_CONTEXT('2D SPACE',''
  ) );
#293 = PCURVE('',#294,#299);
#294 = CYLINDRICAL_SURFACE('',#295,7.5);
#295 = AXIS2_PLACEMENT_3D('',#296,#297,#298);
#296 = CARTESIAN_POINT('',(4.718447854657E-15,42.5,0.));
#297 = DIRECTION('',(0.,-0.,-1.));
#298 = DIRECTION('',(1.110223024625E-16,1.,0.));
#299 = DEFINITIONAL_REPRESENTATION('',(#300),#304);
#300 = LINE('',#301,#302);
#301 = CARTESIAN_POINT('',(-7.853981633974,0.));
#302 = VECTOR('',#303,1.);
#303 = DIRECTION('',(1.,-0.));
#304 = ( GEOMETRIC_REPRESENTATION_CONTEXT(2) 
PARAMETRIC_REPRESENTATION_CONTEXT() REPRESENTATION_CONTEXT('2D SPACE',''
  ) );
#305 = ORIENTED_EDGE('',*,*,#306,.T.);
#306 = EDGE_CURVE('',#274,#307,#309,.T.);
#307 = VERTEX_POINT('',#308);
#308 = CARTESIAN_POINT('',(-9.383836453955,18.481085212075,0.));
#309 = SURFACE_CURVE('',#310,(#314,#321),.PCURVE_S1.);
#310 = LINE('',#311,#312);
#311 = CARTESIAN_POINT('',(-7.5,42.5,0.));
#312 = VECTOR('',#313,1.);
#313 = DIRECTION('',(-7.819124531863E-02,-0.996938377813,0.));
#314 = PCURVE('',#33,#315);
#315 = DEFINITIONAL_REPRESENTATION('',(#316),#320);
#316 = LINE('',#317,#318);
#317 = CARTESIAN_POINT('',(-7.5,42.5));
#318 = VECTOR('',#319,1.);
#319 = DIRECTION('',(-7.819124531863E-02,-0.996938377813));
#320 = ( GEOMETRIC_REPRESENTATION_CONTEXT(2) 
PARAMETRIC_REPRESENTATION_CONTEXT() REPRESENTATION_CONTEXT('2D SPACE',''
  ) );
#321 = PCURVE('',#322,#327);
#322 = PLANE('',#323);
#323 = AXIS2_PLACEMENT_3D('',#324,#325,#326);
#324 = CARTESIAN_POINT('',(-7.5,42.5,0.));
#325 = DIRECTION('',(0.996938377813,-7.819124531863E-02,0.));
#326 = DIRECTION('',(-7.819124531863E-02,-0.996938377813,0.));
#327 = DEFINITIONAL_REPRESENTATION('',(#328),#332);
#328 = LINE('',#329,#330);
#329 = CARTESIAN_POINT('',(0.,0.));
#330 = VECTOR('',#331,1.);
#331 = DIRECTION('',(1.,0.));
#332 = ( GEOMETRIC_REPRESENTATION_CONTEXT(2) 
PARAMETRIC_REPRESENTATION_CONTEXT() REPRESENTATION_CONTEXT('2D SPACE',''
  ) );
#333 = ORIENTED_EDGE('',*,*,#334,.F.);
#334 = EDGE_CURVE('',#335,#307,#337,.T.);
#335 = VERTEX_POINT('',#336);
#336 = CARTESIAN_POINT('',(-9.484823859752,16.463235294118,0.));
#337 = SURFACE_CURVE('',#338,(#343,#354),.PCURVE_S1.);
#338 = CIRCLE('',#339,9.5);
#339 = AXIS2_PLACEMENT_3D('',#340,#341,#342);
#340 = CARTESIAN_POINT('',(1.887379141863E-15,17.,0.));
#341 = DIRECTION('',(0.,0.,-1.));
#342 = DIRECTION('',(0.987772258311,0.155903706534,0.));
#343 = PCURVE('',#33,#344);
#344 = DEFINITIONAL_REPRESENTATION('',(#345),#353);
#345 = ( BOUNDED_CURVE() B_SPLINE_CURVE(2,(#346,#347,#348,#349,#350,#351
,#352),.UNSPECIFIED.,.T.,.F.) B_SPLINE_CURVE_WITH_KNOTS((1,2,2,2,2,1),(
    -2.094395102393,0.,2.094395102393,4.188790204786,6.28318530718,
8.377580409573),.UNSPECIFIED.) CURVE() GEOMETRIC_REPRESENTATION_ITEM() 
RATIONAL_B_SPLINE_CURVE((1.,0.5,1.,0.5,1.,0.5,1.)) REPRESENTATION_ITEM(
  '') );
#346 = CARTESIAN_POINT('',(9.383836453955,18.481085212075));
#347 = CARTESIAN_POINT('',(11.949151291608,2.227803703908));
#348 = CARTESIAN_POINT('',(-3.409260808151,8.132816639879));
#349 = CARTESIAN_POINT('',(-18.76767290791,14.03782957585));
#350 = CARTESIAN_POINT('',(-5.974575645804,24.386098148046));
#351 = CARTESIAN_POINT('',(6.818521616302,34.734366720242));
#352 = CARTESIAN_POINT('',(9.383836453955,18.481085212075));
#353 = ( GEOMETRIC_REPRESENTATION_CONTEXT(2) 
PARAMETRIC_REPRESENTATION_CONTEXT() REPRESENTATION_CONTEXT('2D SPACE',''
  ) );
#354 = PCURVE('',#355,#360);
#355 = CYLINDRICAL_SURFACE('',#356,9.5);
#356 = AXIS2_PLACEMENT_3D('',#357,#358,#359);
#357 = CARTESIAN_POINT('',(1.887379141863E-15,17.,0.));
#358 = DIRECTION('',(0.,-0.,-1.));
#359 = DIRECTION('',(1.110223024625E-16,1.,0.));
#360 = DEFINITIONAL_REPRESENTATION('',(#361),#365);
#361 = LINE('',#362,#363);
#362 = CARTESIAN_POINT('',(-4.868931261427,0.));
#363 = VECTOR('',#364,1.);
#364 = DIRECTION('',(1.,-0.));
#365 = ( GEOMETRIC_REPRESENTATION_CONTEXT(2) 
PARAMETRIC_REPRESENTATION_CONTEXT() REPRESENTATION_CONTEXT('2D SPACE',''
  ) );
#366 = ORIENTED_EDGE('',*,*,#367,.T.);
#367 = EDGE_CURVE('',#335,#368,#370,.T.);
#368 = VERTEX_POINT('',#369);
#369 = CARTESIAN_POINT('',(-16.46323529411,9.484823859752,0.));
#370 = SURFACE_CURVE('',#371,(#376,#383),.PCURVE_S1.);
#371 = CIRCLE('',#372,19.);
#372 = AXIS2_PLACEMENT_3D('',#373,#374,#375);
#373 = CARTESIAN_POINT('',(0.,0.,0.));
#374 = DIRECTION('',(0.,0.,1.));
#375 = DIRECTION('',(1.,0.,0.));
#376 = PCURVE('',#33,#377);
#377 = DEFINITIONAL_REPRESENTATION('',(#378),#382);
#378 = CIRCLE('',#379,19.);
#379 = AXIS2_PLACEMENT_2D('',#380,#381);
#380 = CARTESIAN_POINT('',(1.727292798997E-15,-3.759188932048E-16));
#381 = DIRECTION('',(1.,0.));
#382 = ( GEOMETRIC_REPRESENTATION_CONTEXT(2) 
PARAMETRIC_REPRESENTATION_CONTEXT() REPRESENTATION_CONTEXT('2D SPACE',''
  ) );
#383 = PCURVE('',#384,#389);
#384 = CYLINDRICAL_SURFACE('',#385,19.);
#385 = AXIS2_PLACEMENT_3D('',#386,#387,#388);
#386 = CARTESIAN_POINT('',(0.,0.,0.));
#387 = DIRECTION('',(-0.,-0.,-1.));
#388 = DIRECTION('',(1.,0.,0.));
#389 = DEFINITIONAL_REPRESENTATION('',(#390),#394);
#390 = LINE('',#391,#392);
#391 = CARTESIAN_POINT('',(-0.,0.));
#392 = VECTOR('',#393,1.);
#393 = DIRECTION('',(-1.,0.));
#394 = ( GEOMETRIC_REPRESENTATION_CONTEXT(2) 
PARAMETRIC_REPRESENTATION_CONTEXT() REPRESENTATION_CONTEXT('2D SPACE',''
  ) );
#395 = ORIENTED_EDGE('',*,*,#396,.F.);
#396 = EDGE_CURVE('',#397,#368,#399,.T.);
#397 = VERTEX_POINT('',#398);
#398 = CARTESIAN_POINT('',(-18.48108521207,9.383836453955,0.));
#399 = SURFACE_CURVE('',#400,(#405,#416),.PCURVE_S1.);
#400 = CIRCLE('',#401,9.5);
#401 = AXIS2_PLACEMENT_3D('',#402,#403,#404);
#402 = CARTESIAN_POINT('',(-17.,2.081899558551E-15,0.));
#403 = DIRECTION('',(-0.,0.,-1.));
#404 = DIRECTION('',(-0.155903706534,0.987772258311,0.));
#405 = PCURVE('',#33,#406);
#406 = DEFINITIONAL_REPRESENTATION('',(#407),#415);
#407 = ( BOUNDED_CURVE() B_SPLINE_CURVE(2,(#408,#409,#410,#411,#412,#413
,#414),.UNSPECIFIED.,.T.,.F.) B_SPLINE_CURVE_WITH_KNOTS((1,2,2,2,2,1),(
    -2.094395102393,0.,2.094395102393,4.188790204786,6.28318530718,
8.377580409573),.UNSPECIFIED.) CURVE() GEOMETRIC_REPRESENTATION_ITEM() 
RATIONAL_B_SPLINE_CURVE((1.,0.5,1.,0.5,1.,0.5,1.)) REPRESENTATION_ITEM(
  '') );
#408 = CARTESIAN_POINT('',(-18.48108521207,9.383836453955));
#409 = CARTESIAN_POINT('',(-2.227803703908,11.949151291608));
#410 = CARTESIAN_POINT('',(-8.132816639879,-3.409260808151));
#411 = CARTESIAN_POINT('',(-14.03782957585,-18.76767290791));
#412 = CARTESIAN_POINT('',(-24.38609814804,-5.974575645804));
#413 = CARTESIAN_POINT('',(-34.73436672024,6.818521616302));
#414 = CARTESIAN_POINT('',(-18.48108521207,9.383836453955));
#415 = ( GEOMETRIC_REPRESENTATION_CONTEXT(2) 
PARAMETRIC_REPRESENTATION_CONTEXT() REPRESENTATION_CONTEXT('2D SPACE',''
  ) );
#416 = PCURVE('',#417,#422);
#417 = CYLINDRICAL_SURFACE('',#418,9.5);
#418 = AXIS2_PLACEMENT_3D('',#419,#420,#421);
#419 = CARTESIAN_POINT('',(-17.,2.081899558551E-15,0.));
#420 = DIRECTION('',(0.,0.,-1.));
#421 = DIRECTION('',(-1.,1.224646799147E-16,0.));
#422 = DEFINITIONAL_REPRESENTATION('',(#423),#427);
#423 = LINE('',#424,#425);
#424 = CARTESIAN_POINT('',(-4.868931261427,0.));
#425 = VECTOR('',#426,1.);
#426 = DIRECTION('',(1.,-0.));
#427 = ( GEOMETRIC_REPRESENTATION_CONTEXT(2) 
PARAMETRIC_REPRESENTATION_CONTEXT() REPRESENTATION_CONTEXT('2D SPACE',''
  ) );
#428 = ORIENTED_EDGE('',*,*,#429,.T.);
#429 = EDGE_CURVE('',#397,#430,#432,.T.);
#430 = VERTEX_POINT('',#431);
#431 = CARTESIAN_POINT('',(-42.5,7.5,0.));
#432 = SURFACE_CURVE('',#433,(#437,#444),.PCURVE_S1.);
#433 = LINE('',#434,#435);
#434 = CARTESIAN_POINT('',(-17.,9.5,0.));
#435 = VECTOR('',#436,1.);
#436 = DIRECTION('',(-0.996938377813,-7.819124531863E-02,0.));
#437 = PCURVE('',#33,#438);
#438 = DEFINITIONAL_REPRESENTATION('',(#439),#443);
#439 = LINE('',#440,#441);
#440 = CARTESIAN_POINT('',(-17.,9.5));
#441 = VECTOR('',#442,1.);
#442 = DIRECTION('',(-0.996938377813,-7.819124531863E-02));
#443 = ( GEOMETRIC_REPRESENTATION_CONTEXT(2) 
PARAMETRIC_REPRESENTATION_CONTEXT() REPRESENTATION_CONTEXT('2D SPACE',''
  ) );
#444 = PCURVE('',#445,#450);
#445 = PLANE('',#446);
#446 = AXIS2_PLACEMENT_3D('',#447,#448,#449);
#447 = CARTESIAN_POINT('',(-17.,9.5,0.));
#448 = DIRECTION('',(7.819124531863E-02,-0.996938377813,0.));
#449 = DIRECTION('',(-0.996938377813,-7.819124531863E-02,0.));
#450 = DEFINITIONAL_REPRESENTATION('',(#451),#455);
#451 = LINE('',#452,#453);
#452 = CARTESIAN_POINT('',(0.,0.));
#453 = VECTOR('',#454,1.);
#454 = DIRECTION('',(1.,0.));
#455 = ( GEOMETRIC_REPRESENTATION_CONTEXT(2) 
PARAMETRIC_REPRESENTATION_CONTEXT() REPRESENTATION_CONTEXT('2D SPACE',''
  ) );
#456 = ORIENTED_EDGE('',*,*,#457,.F.);
#457 = EDGE_CURVE('',#458,#430,#460,.T.);
#458 = VERTEX_POINT('',#459);
#459 = CARTESIAN_POINT('',(-42.5,-7.5,0.));
#460 = SURFACE_CURVE('',#461,(#466,#477),.PCURVE_S1.);
#461 = CIRCLE('',#462,7.5);
#462 = AXIS2_PLACEMENT_3D('',#463,#464,#465);
#463 = CARTESIAN_POINT('',(-42.5,5.204748896376E-15,0.));
#464 = DIRECTION('',(-0.,0.,-1.));
#465 = DIRECTION('',(-1.224646799147E-16,-1.,0.));
#466 = PCURVE('',#33,#467);
#467 = DEFINITIONAL_REPRESENTATION('',(#468),#476);
#468 = ( BOUNDED_CURVE() B_SPLINE_CURVE(2,(#469,#470,#471,#472,#473,#474
,#475),.UNSPECIFIED.,.T.,.F.) B_SPLINE_CURVE_WITH_KNOTS((1,2,2,2,2,1),(
    -2.094395102393,0.,2.094395102393,4.188790204786,6.28318530718,
8.377580409573),.UNSPECIFIED.) CURVE() GEOMETRIC_REPRESENTATION_ITEM() 
RATIONAL_B_SPLINE_CURVE((1.,0.5,1.,0.5,1.,0.5,1.)) REPRESENTATION_ITEM(
  '') );
#469 = CARTESIAN_POINT('',(-42.5,-7.5));
#470 = CARTESIAN_POINT('',(-55.49038105676,-7.5));
#471 = CARTESIAN_POINT('',(-48.99519052838,3.75));
#472 = CARTESIAN_POINT('',(-42.5,15.));
#473 = CARTESIAN_POINT('',(-36.00480947161,3.75));
#474 = CARTESIAN_POINT('',(-29.50961894323,-7.5));
#475 = CARTESIAN_POINT('',(-42.5,-7.5));
#476 = ( GEOMETRIC_REPRESENTATION_CONTEXT(2) 
PARAMETRIC_REPRESENTATION_CONTEXT() REPRESENTATION_CONTEXT('2D SPACE',''
  ) );
#477 = PCURVE('',#478,#483);
#478 = CYLINDRICAL_SURFACE('',#479,7.5);
#479 = AXIS2_PLACEMENT_3D('',#480,#481,#482);
#480 = CARTESIAN_POINT('',(-42.5,5.204748896376E-15,0.));
#481 = DIRECTION('',(0.,0.,-1.));
#482 = DIRECTION('',(-1.,1.224646799147E-16,0.));
#483 = DEFINITIONAL_REPRESENTATION('',(#484),#488);
#484 = LINE('',#485,#486);
#485 = CARTESIAN_POINT('',(-7.853981633974,0.));
#486 = VECTOR('',#487,1.);
#487 = DIRECTION('',(1.,-0.));
#488 = ( GEOMETRIC_REPRESENTATION_CONTEXT(2) 
PARAMETRIC_REPRESENTATION_CONTEXT() REPRESENTATION_CONTEXT('2D SPACE',''
  ) );
#489 = ORIENTED_EDGE('',*,*,#490,.T.);
#490 = EDGE_CURVE('',#458,#491,#493,.T.);
#491 = VERTEX_POINT('',#492);
#492 = CARTESIAN_POINT('',(-18.48108521207,-9.383836453955,0.));
#493 = SURFACE_CURVE('',#494,(#498,#505),.PCURVE_S1.);
#494 = LINE('',#495,#496);
#495 = CARTESIAN_POINT('',(-42.5,-7.5,0.));
#496 = VECTOR('',#497,1.);
#497 = DIRECTION('',(0.996938377813,-7.819124531863E-02,0.));
#498 = PCURVE('',#33,#499);
#499 = DEFINITIONAL_REPRESENTATION('',(#500),#504);
#500 = LINE('',#501,#502);
#501 = CARTESIAN_POINT('',(-42.5,-7.5));
#502 = VECTOR('',#503,1.);
#503 = DIRECTION('',(0.996938377813,-7.819124531863E-02));
#504 = ( GEOMETRIC_REPRESENTATION_CONTEXT(2) 
PARAMETRIC_REPRESENTATION_CONTEXT() REPRESENTATION_CONTEXT('2D SPACE',''
  ) );
#505 = PCURVE('',#506,#511);
#506 = PLANE('',#507);
#507 = AXIS2_PLACEMENT_3D('',#508,#509,#510);
#508 = CARTESIAN_POINT('',(-42.5,-7.5,0.));
#509 = DIRECTION('',(7.819124531863E-02,0.996938377813,0.));
#510 = DIRECTION('',(0.996938377813,-7.819124531863E-02,0.));
#511 = DEFINITIONAL_REPRESENTATION('',(#512),#516);
#512 = LINE('',#513,#514);
#513 = CARTESIAN_POINT('',(0.,0.));
#514 = VECTOR('',#515,1.);
#515 = DIRECTION('',(1.,0.));
#516 = ( GEOMETRIC_REPRESENTATION_CONTEXT(2) 
PARAMETRIC_REPRESENTATION_CONTEXT() REPRESENTATION_CONTEXT('2D SPACE',''
  ) );
#517 = ORIENTED_EDGE('',*,*,#518,.F.);
#518 = EDGE_CURVE('',#519,#491,#521,.T.);
#519 = VERTEX_POINT('',#520);
#520 = CARTESIAN_POINT('',(-16.46323529411,-9.484823859752,0.));
#521 = SURFACE_CURVE('',#522,(#527,#538),.PCURVE_S1.);
#522 = CIRCLE('',#523,9.5);
#523 = AXIS2_PLACEMENT_3D('',#524,#525,#526);
#524 = CARTESIAN_POINT('',(-17.,2.081899558551E-15,0.));
#525 = DIRECTION('',(-0.,0.,-1.));
#526 = DIRECTION('',(-0.155903706534,0.987772258311,0.));
#527 = PCURVE('',#33,#528);
#528 = DEFINITIONAL_REPRESENTATION('',(#529),#537);
#529 = ( BOUNDED_CURVE() B_SPLINE_CURVE(2,(#530,#531,#532,#533,#534,#535
,#536),.UNSPECIFIED.,.T.,.F.) B_SPLINE_CURVE_WITH_KNOTS((1,2,2,2,2,1),(
    -2.094395102393,0.,2.094395102393,4.188790204786,6.28318530718,
8.377580409573),.UNSPECIFIED.) CURVE() GEOMETRIC_REPRESENTATION_ITEM() 
RATIONAL_B_SPLINE_CURVE((1.,0.5,1.,0.5,1.,0.5,1.)) REPRESENTATION_ITEM(
  '') );
#530 = CARTESIAN_POINT('',(-18.48108521207,9.383836453955));
#531 = CARTESIAN_POINT('',(-2.227803703908,11.949151291608));
#532 = CARTESIAN_POINT('',(-8.132816639879,-3.409260808151));
#533 = CARTESIAN_POINT('',(-14.03782957585,-18.76767290791));
#534 = CARTESIAN_POINT('',(-24.38609814804,-5.974575645804));
#535 = CARTESIAN_POINT('',(-34.73436672024,6.818521616302));
#536 = CARTESIAN_POINT('',(-18.48108521207,9.383836453955));
#537 = ( GEOMETRIC_REPRESENTATION_CONTEXT(2) 
PARAMETRIC_REPRESENTATION_CONTEXT() REPRESENTATION_CONTEXT('2D SPACE',''
  ) );
#538 = PCURVE('',#539,#544);
#539 = CYLINDRICAL_SURFACE('',#540,9.5);
#540 = AXIS2_PLACEMENT_3D('',#541,#542,#543);
#541 = CARTESIAN_POINT('',(-17.,2.081899558551E-15,0.));
#542 = DIRECTION('',(0.,0.,-1.));
#543 = DIRECTION('',(-1.,1.224646799147E-16,0.));
#544 = DEFINITIONAL_REPRESENTATION('',(#545),#549);
#545 = LINE('',#546,#547);
#546 = CARTESIAN_POINT('',(-4.868931261427,0.));
#547 = VECTOR('',#548,1.);
#548 = DIRECTION('',(1.,-0.));
#549 = ( GEOMETRIC_REPRESENTATION_CONTEXT(2) 
PARAMETRIC_REPRESENTATION_CONTEXT() REPRESENTATION_CONTEXT('2D SPACE',''
  ) );
#550 = ORIENTED_EDGE('',*,*,#551,.T.);
#551 = EDGE_CURVE('',#519,#552,#554,.T.);
#552 = VERTEX_POINT('',#553);
#553 = CARTESIAN_POINT('',(-9.484823859752,-16.46323529411,0.));
#554 = SURFACE_CURVE('',#555,(#560,#567),.PCURVE_S1.);
#555 = CIRCLE('',#556,19.);
#556 = AXIS2_PLACEMENT_3D('',#557,#558,#559);
#557 = CARTESIAN_POINT('',(0.,0.,0.));
#558 = DIRECTION('',(0.,0.,1.));
#559 = DIRECTION('',(1.,0.,0.));
#560 = PCURVE('',#33,#561);
#561 = DEFINITIONAL_REPRESENTATION('',(#562),#566);
#562 = CIRCLE('',#563,19.);
#563 = AXIS2_PLACEMENT_2D('',#564,#565);
#564 = CARTESIAN_POINT('',(1.727292798997E-15,-3.759188932048E-16));
#565 = DIRECTION('',(1.,0.));
#566 = ( GEOMETRIC_REPRESENTATION_CONTEXT(2) 
PARAMETRIC_REPRESENTATION_CONTEXT() REPRESENTATION_CONTEXT('2D SPACE',''
  ) );
#567 = PCURVE('',#568,#573);
#568 = CYLINDRICAL_SURFACE('',#569,19.);
#569 = AXIS2_PLACEMENT_3D('',#570,#571,#572);
#570 = CARTESIAN_POINT('',(0.,0.,0.));
#571 = DIRECTION('',(-0.,-0.,-1.));
#572 = DIRECTION('',(1.,0.,0.));
#573 = DEFINITIONAL_REPRESENTATION('',(#574),#578);
#574 = LINE('',#575,#576);
#575 = CARTESIAN_POINT('',(-0.,0.));
#576 = VECTOR('',#577,1.);
#577 = DIRECTION('',(-1.,0.));
#578 = ( GEOMETRIC_REPRESENTATION_CONTEXT(2) 
PARAMETRIC_REPRESENTATION_CONTEXT() REPRESENTATION_CONTEXT('2D SPACE',''
  ) );
#579 = ORIENTED_EDGE('',*,*,#580,.F.);
#580 = EDGE_CURVE('',#581,#552,#583,.T.);
#581 = VERTEX_POINT('',#582);
#582 = CARTESIAN_POINT('',(-9.383836453955,-18.48108521207,0.));
#583 = SURFACE_CURVE('',#584,(#589,#600),.PCURVE_S1.);
#584 = CIRCLE('',#585,9.5);
#585 = AXIS2_PLACEMENT_3D('',#586,#587,#588);
#586 = CARTESIAN_POINT('',(-3.774758283726E-15,-17.,0.));
#587 = DIRECTION('',(0.,-0.,-1.));
#588 = DIRECTION('',(-0.987772258311,-0.155903706534,0.));
#589 = PCURVE('',#33,#590);
#590 = DEFINITIONAL_REPRESENTATION('',(#591),#599);
#591 = ( BOUNDED_CURVE() B_SPLINE_CURVE(2,(#592,#593,#594,#595,#596,#597
,#598),.UNSPECIFIED.,.T.,.F.) B_SPLINE_CURVE_WITH_KNOTS((1,2,2,2,2,1),(
    -2.094395102393,0.,2.094395102393,4.188790204786,6.28318530718,
8.377580409573),.UNSPECIFIED.) CURVE() GEOMETRIC_REPRESENTATION_ITEM() 
RATIONAL_B_SPLINE_CURVE((1.,0.5,1.,0.5,1.,0.5,1.)) REPRESENTATION_ITEM(
  '') );
#592 = CARTESIAN_POINT('',(-9.383836453955,-18.48108521207));
#593 = CARTESIAN_POINT('',(-11.9491512916,-2.227803703908));
#594 = CARTESIAN_POINT('',(3.409260808151,-8.132816639879));
#595 = CARTESIAN_POINT('',(18.76767290791,-14.03782957585));
#596 = CARTESIAN_POINT('',(5.974575645804,-24.38609814804));
#597 = CARTESIAN_POINT('',(-6.818521616302,-34.73436672024));
#598 = CARTESIAN_POINT('',(-9.383836453955,-18.48108521207));
#599 = ( GEOMETRIC_REPRESENTATION_CONTEXT(2) 
PARAMETRIC_REPRESENTATION_CONTEXT() REPRESENTATION_CONTEXT('2D SPACE',''
  ) );
#600 = PCURVE('',#601,#606);
#601 = CYLINDRICAL_SURFACE('',#602,9.5);
#602 = AXIS2_PLACEMENT_3D('',#603,#604,#605);
#603 = CARTESIAN_POINT('',(-3.774758283726E-15,-17.,0.));
#604 = DIRECTION('',(0.,0.,-1.));
#605 = DIRECTION('',(-2.22044604925E-16,-1.,0.));
#606 = DEFINITIONAL_REPRESENTATION('',(#607),#611);
#607 = LINE('',#608,#609);
#608 = CARTESIAN_POINT('',(-4.868931261427,0.));
#609 = VECTOR('',#610,1.);
#610 = DIRECTION('',(1.,-0.));
#611 = ( GEOMETRIC_REPRESENTATION_CONTEXT(2) 
PARAMETRIC_REPRESENTATION_CONTEXT() REPRESENTATION_CONTEXT('2D SPACE',''
  ) );
#612 = ORIENTED_EDGE('',*,*,#613,.T.);
#613 = EDGE_CURVE('',#581,#614,#616,.T.);
#614 = VERTEX_POINT('',#615);
#615 = CARTESIAN_POINT('',(-7.5,-42.5,0.));
#616 = SURFACE_CURVE('',#617,(#621,#628),.PCURVE_S1.);
#617 = LINE('',#618,#619);
#618 = CARTESIAN_POINT('',(-9.5,-17.,0.));
#619 = VECTOR('',#620,1.);
#620 = DIRECTION('',(7.819124531863E-02,-0.996938377813,0.));
#621 = PCURVE('',#33,#622);
#622 = DEFINITIONAL_REPRESENTATION('',(#623),#627);
#623 = LINE('',#624,#625);
#624 = CARTESIAN_POINT('',(-9.5,-17.));
#625 = VECTOR('',#626,1.);
#626 = DIRECTION('',(7.819124531863E-02,-0.996938377813));
#627 = ( GEOMETRIC_REPRESENTATION_CONTEXT(2) 
PARAMETRIC_REPRESENTATION_CONTEXT() REPRESENTATION_CONTEXT('2D SPACE',''
  ) );
#628 = PCURVE('',#629,#634);
#629 = PLANE('',#630);
#630 = AXIS2_PLACEMENT_3D('',#631,#632,#633);
#631 = CARTESIAN_POINT('',(-9.5,-17.,0.));
#632 = DIRECTION('',(0.996938377813,7.819124531863E-02,0.));
#633 = DIRECTION('',(7.819124531863E-02,-0.996938377813,0.));
#634 = DEFINITIONAL_REPRESENTATION('',(#635),#639);
#635 = LINE('',#636,#637);
#636 = CARTESIAN_POINT('',(0.,0.));
#637 = VECTOR('',#638,1.);
#638 = DIRECTION('',(1.,0.));
#639 = ( GEOMETRIC_REPRESENTATION_CONTEXT(2) 
PARAMETRIC_REPRESENTATION_CONTEXT() REPRESENTATION_CONTEXT('2D SPACE',''
  ) );
#640 = ORIENTED_EDGE('',*,*,#641,.F.);
#641 = EDGE_CURVE('',#642,#614,#644,.T.);
#642 = VERTEX_POINT('',#643);
#643 = CARTESIAN_POINT('',(7.5,-42.5,0.));
#644 = SURFACE_CURVE('',#645,(#650,#661),.PCURVE_S1.);
#645 = CIRCLE('',#646,7.5);
#646 = AXIS2_PLACEMENT_3D('',#647,#648,#649);
#647 = CARTESIAN_POINT('',(-9.436895709314E-15,-42.5,0.));
#648 = DIRECTION('',(0.,-0.,-1.));
#649 = DIRECTION('',(1.,-2.22044604925E-16,0.));
#650 = PCURVE('',#33,#651);
#651 = DEFINITIONAL_REPRESENTATION('',(#652),#660);
#652 = ( BOUNDED_CURVE() B_SPLINE_CURVE(2,(#653,#654,#655,#656,#657,#658
,#659),.UNSPECIFIED.,.T.,.F.) B_SPLINE_CURVE_WITH_KNOTS((1,2,2,2,2,1),(
    -2.094395102393,0.,2.094395102393,4.188790204786,6.28318530718,
8.377580409573),.UNSPECIFIED.) CURVE() GEOMETRIC_REPRESENTATION_ITEM() 
RATIONAL_B_SPLINE_CURVE((1.,0.5,1.,0.5,1.,0.5,1.)) REPRESENTATION_ITEM(
  '') );
#653 = CARTESIAN_POINT('',(7.5,-42.5));
#654 = CARTESIAN_POINT('',(7.5,-55.49038105676));
#655 = CARTESIAN_POINT('',(-3.75,-48.99519052838));
#656 = CARTESIAN_POINT('',(-15.,-42.5));
#657 = CARTESIAN_POINT('',(-3.75,-36.00480947161));
#658 = CARTESIAN_POINT('',(7.5,-29.50961894323));
#659 = CARTESIAN_POINT('',(7.5,-42.5));
#660 = ( GEOMETRIC_REPRESENTATION_CONTEXT(2) 
PARAMETRIC_REPRESENTATION_CONTEXT() REPRESENTATION_CONTEXT('2D SPACE',''
  ) );
#661 = PCURVE('',#662,#667);
#662 = CYLINDRICAL_SURFACE('',#663,7.5);
#663 = AXIS2_PLACEMENT_3D('',#664,#665,#666);
#664 = CARTESIAN_POINT('',(-9.436895709314E-15,-42.5,0.));
#665 = DIRECTION('',(0.,0.,-1.));
#666 = DIRECTION('',(-2.22044604925E-16,-1.,0.));
#667 = DEFINITIONAL_REPRESENTATION('',(#668),#672);
#668 = LINE('',#669,#670);
#669 = CARTESIAN_POINT('',(-7.853981633974,0.));
#670 = VECTOR('',#671,1.);
#671 = DIRECTION('',(1.,-0.));
#672 = ( GEOMETRIC_REPRESENTATION_CONTEXT(2) 
PARAMETRIC_REPRESENTATION_CONTEXT() REPRESENTATION_CONTEXT('2D SPACE',''
  ) );
#673 = ORIENTED_EDGE('',*,*,#674,.T.);
#674 = EDGE_CURVE('',#642,#675,#677,.T.);
#675 = VERTEX_POINT('',#676);
#676 = CARTESIAN_POINT('',(9.383836453955,-18.48108521207,0.));
#677 = SURFACE_CURVE('',#678,(#682,#689),.PCURVE_S1.);
#678 = LINE('',#679,#680);
#679 = CARTESIAN_POINT('',(7.5,-42.5,0.));
#680 = VECTOR('',#681,1.);
#681 = DIRECTION('',(7.819124531863E-02,0.996938377813,0.));
#682 = PCURVE('',#33,#683);
#683 = DEFINITIONAL_REPRESENTATION('',(#684),#688);
#684 = LINE('',#685,#686);
#685 = CARTESIAN_POINT('',(7.5,-42.5));
#686 = VECTOR('',#687,1.);
#687 = DIRECTION('',(7.819124531863E-02,0.996938377813));
#688 = ( GEOMETRIC_REPRESENTATION_CONTEXT(2) 
PARAMETRIC_REPRESENTATION_CONTEXT() REPRESENTATION_CONTEXT('2D SPACE',''
  ) );
#689 = PCURVE('',#690,#695);
#690 = PLANE('',#691);
#691 = AXIS2_PLACEMENT_3D('',#692,#693,#694);
#692 = CARTESIAN_POINT('',(7.5,-42.5,0.));
#693 = DIRECTION('',(-0.996938377813,7.819124531863E-02,0.));
#694 = DIRECTION('',(7.819124531863E-02,0.996938377813,0.));
#695 = DEFINITIONAL_REPRESENTATION('',(#696),#700);
#696 = LINE('',#697,#698);
#697 = CARTESIAN_POINT('',(0.,0.));
#698 = VECTOR('',#699,1.);
#699 = DIRECTION('',(1.,0.));
#700 = ( GEOMETRIC_REPRESENTATION_CONTEXT(2) 
PARAMETRIC_REPRESENTATION_CONTEXT() REPRESENTATION_CONTEXT('2D SPACE',''
  ) );
#701 = ORIENTED_EDGE('',*,*,#702,.F.);
#702 = EDGE_CURVE('',#703,#675,#705,.T.);
#703 = VERTEX_POINT('',#704);
#704 = CARTESIAN_POINT('',(9.484823859752,-16.46323529411,0.));
#705 = SURFACE_CURVE('',#706,(#711,#722),.PCURVE_S1.);
#706 = CIRCLE('',#707,9.5);
#707 = AXIS2_PLACEMENT_3D('',#708,#709,#710);
#708 = CARTESIAN_POINT('',(-3.774758283726E-15,-17.,0.));
#709 = DIRECTION('',(0.,-0.,-1.));
#710 = DIRECTION('',(-0.987772258311,-0.155903706534,0.));
#711 = PCURVE('',#33,#712);
#712 = DEFINITIONAL_REPRESENTATION('',(#713),#721);
#713 = ( BOUNDED_CURVE() B_SPLINE_CURVE(2,(#714,#715,#716,#717,#718,#719
,#720),.UNSPECIFIED.,.T.,.F.) B_SPLINE_CURVE_WITH_KNOTS((1,2,2,2,2,1),(
    -2.094395102393,0.,2.094395102393,4.188790204786,6.28318530718,
8.377580409573),.UNSPECIFIED.) CURVE() GEOMETRIC_REPRESENTATION_ITEM() 
RATIONAL_B_SPLINE_CURVE((1.,0.5,1.,0.5,1.,0.5,1.)) REPRESENTATION_ITEM(
  '') );
#714 = CARTESIAN_POINT('',(-9.383836453955,-18.48108521207));
#715 = CARTESIAN_POINT('',(-11.9491512916,-2.227803703908));
#716 = CARTESIAN_POINT('',(3.409260808151,-8.132816639879));
#717 = CARTESIAN_POINT('',(18.76767290791,-14.03782957585));
#718 = CARTESIAN_POINT('',(5.974575645804,-24.38609814804));
#719 = CARTESIAN_POINT('',(-6.818521616302,-34.73436672024));
#720 = CARTESIAN_POINT('',(-9.383836453955,-18.48108521207));
#721 = ( GEOMETRIC_REPRESENTATION_CONTEXT(2) 
PARAMETRIC_REPRESENTATION_CONTEXT() REPRESENTATION_CONTEXT('2D SPACE',''
  ) );
#722 = PCURVE('',#723,#728);
#723 = CYLINDRICAL_SURFACE('',#724,9.5);
#724 = AXIS2_PLACEMENT_3D('',#725,#726,#727);
#725 = CARTESIAN_POINT('',(-3.774758283726E-15,-17.,0.));
#726 = DIRECTION('',(0.,0.,-1.));
#727 = DIRECTION('',(-2.22044604925E-16,-1.,0.));
#728 = DEFINITIONAL_REPRESENTATION('',(#729),#733);
#729 = LINE('',#730,#731);
#730 = CARTESIAN_POINT('',(-4.868931261427,0.));
#731 = VECTOR('',#732,1.);
#732 = DIRECTION('',(1.,-0.));
#733 = ( GEOMETRIC_REPRESENTATION_CONTEXT(2) 
PARAMETRIC_REPRESENTATION_CONTEXT() REPRESENTATION_CONTEXT('2D SPACE',''
  ) );
#734 = ORIENTED_EDGE('',*,*,#735,.T.);
#735 = EDGE_CURVE('',#703,#24,#736,.T.);
#736 = SURFACE_CURVE('',#737,(#742,#749),.PCURVE_S1.);
#737 = CIRCLE('',#738,19.);
#738 = AXIS2_PLACEMENT_3D('',#739,#740,#741);
#739 = CARTESIAN_POINT('',(0.,0.,0.));
#740 = DIRECTION('',(0.,0.,1.));
#741 = DIRECTION('',(1.,0.,0.));
#742 = PCURVE('',#33,#743);
#743 = DEFINITIONAL_REPRESENTATION('',(#744),#748);
#744 = CIRCLE('',#745,19.);
#745 = AXIS2_PLACEMENT_2D('',#746,#747);
#746 = CARTESIAN_POINT('',(1.727292798997E-15,-3.759188932048E-16));
#747 = DIRECTION('',(1.,0.));
#748 = ( GEOMETRIC_REPRESENTATION_CONTEXT(2) 
PARAMETRIC_REPRESENTATION_CONTEXT() REPRESENTATION_CONTEXT('2D SPACE',''
  ) );
#749 = PCURVE('',#750,#755);
#750 = CYLINDRICAL_SURFACE('',#751,19.);
#751 = AXIS2_PLACEMENT_3D('',#752,#753,#754);
#752 = CARTESIAN_POINT('',(0.,0.,0.));
#753 = DIRECTION('',(-0.,-0.,-1.));
#754 = DIRECTION('',(1.,0.,0.));
#755 = DEFINITIONAL_REPRESENTATION('',(#756),#760);
#756 = LINE('',#757,#758);
#757 = CARTESIAN_POINT('',(-0.,0.));
#758 = VECTOR('',#759,1.);
#759 = DIRECTION('',(-1.,0.));
#760 = ( GEOMETRIC_REPRESENTATION_CONTEXT(2) 
PARAMETRIC_REPRESENTATION_CONTEXT() REPRESENTATION_CONTEXT('2D SPACE',''
  ) );
#761 = FACE_BOUND('',#762,.F.);
#762 = EDGE_LOOP('',(#763));
#763 = ORIENTED_EDGE('',*,*,#764,.F.);
#764 = EDGE_CURVE('',#765,#765,#767,.T.);
#765 = VERTEX_POINT('',#766);
#766 = CARTESIAN_POINT('',(9.75,0.,0.));
#767 = SURFACE_CURVE('',#768,(#773,#780),.PCURVE_S1.);
#768 = CIRCLE('',#769,9.75);
#769 = AXIS2_PLACEMENT_3D('',#770,#771,#772);
#770 = CARTESIAN_POINT('',(0.,0.,0.));
#771 = DIRECTION('',(0.,0.,1.));
#772 = DIRECTION('',(1.,0.,0.));
#773 = PCURVE('',#33,#774);
#774 = DEFINITIONAL_REPRESENTATION('',(#775),#779);
#775 = CIRCLE('',#776,9.75);
#776 = AXIS2_PLACEMENT_2D('',#777,#778);
#777 = CARTESIAN_POINT('',(1.727292798997E-15,-3.759188932048E-16));
#778 = DIRECTION('',(1.,0.));
#779 = ( GEOMETRIC_REPRESENTATION_CONTEXT(2) 
PARAMETRIC_REPRESENTATION_CONTEXT() REPRESENTATION_CONTEXT('2D SPACE',''
  ) );
#780 = PCURVE('',#781,#786);
#781 = CYLINDRICAL_SURFACE('',#782,9.75);
#782 = AXIS2_PLACEMENT_3D('',#783,#784,#785);
#783 = CARTESIAN_POINT('',(0.,0.,0.));
#784 = DIRECTION('',(-0.,-0.,-1.));
#785 = DIRECTION('',(1.,0.,0.));
#786 = DEFINITIONAL_REPRESENTATION('',(#787),#791);
#787 = LINE('',#788,#789);
#788 = CARTESIAN_POINT('',(-0.,0.));
#789 = VECTOR('',#790,1.);
#790 = DIRECTION('',(-1.,0.));
#791 = ( GEOMETRIC_REPRESENTATION_CONTEXT(2) 
PARAMETRIC_REPRESENTATION_CONTEXT() REPRESENTATION_CONTEXT('2D SPACE',''
  ) );
#792 = ADVANCED_FACE('',(#793),#49,.T.);
#793 = FACE_BOUND('',#794,.F.);
#794 = EDGE_LOOP('',(#795,#816,#849,#870));
#795 = ORIENTED_EDGE('',*,*,#796,.F.);
#796 = EDGE_CURVE('',#797,#24,#799,.T.);
#797 = VERTEX_POINT('',#798);
#798 = CARTESIAN_POINT('',(16.463235294118,-9.484823859752,8.));
#799 = SURFACE_CURVE('',#800,(#804,#810),.PCURVE_S1.);
#800 = LINE('',#801,#802);
#801 = CARTESIAN_POINT('',(16.463235294118,-9.484823859752,0.));
#802 = VECTOR('',#803,1.);
#803 = DIRECTION('',(-0.,-0.,-1.));
#804 = PCURVE('',#49,#805);
#805 = DEFINITIONAL_REPRESENTATION('',(#806),#809);
#806 = B_SPLINE_CURVE_WITH_KNOTS('',1,(#807,#808),.UNSPECIFIED.,.F.,.F.,
  (2,2),(-8.0000006,6.E-07),.PIECEWISE_BEZIER_KNOTS.);
#807 = CARTESIAN_POINT('',(-4.655857326302,-8.0000006));
#808 = CARTESIAN_POINT('',(-4.655857326302,6.E-07));
#809 = ( GEOMETRIC_REPRESENTATION_CONTEXT(2) 
PARAMETRIC_REPRESENTATION_CONTEXT() REPRESENTATION_CONTEXT('2D SPACE',''
  ) );
#810 = PCURVE('',#750,#811);
#811 = DEFINITIONAL_REPRESENTATION('',(#812),#815);
#812 = B_SPLINE_CURVE_WITH_KNOTS('',1,(#813,#814),.UNSPECIFIED.,.F.,.F.,
  (2,2),(-8.0000006,6.E-07),.PIECEWISE_BEZIER_KNOTS.);
#813 = CARTESIAN_POINT('',(-5.760508596664,-8.0000006));
#814 = CARTESIAN_POINT('',(-5.760508596664,6.E-07));
#815 = ( GEOMETRIC_REPRESENTATION_CONTEXT(2) 
PARAMETRIC_REPRESENTATION_CONTEXT() REPRESENTATION_CONTEXT('2D SPACE',''
  ) );
#816 = ORIENTED_EDGE('',*,*,#817,.F.);
#817 = EDGE_CURVE('',#818,#797,#820,.T.);
#818 = VERTEX_POINT('',#819);
#819 = CARTESIAN_POINT('',(18.481085212075,-9.383836453955,8.));
#820 = SURFACE_CURVE('',#821,(#826,#833),.PCURVE_S1.);
#821 = CIRCLE('',#822,9.5);
#822 = AXIS2_PLACEMENT_3D('',#823,#824,#825);
#823 = CARTESIAN_POINT('',(17.,0.,8.));
#824 = DIRECTION('',(0.,0.,-1.));
#825 = DIRECTION('',(0.155903706534,-0.987772258311,0.));
#826 = PCURVE('',#49,#827);
#827 = DEFINITIONAL_REPRESENTATION('',(#828),#832);
#828 = LINE('',#829,#830);
#829 = CARTESIAN_POINT('',(-4.868931261427,-8.));
#830 = VECTOR('',#831,1.);
#831 = DIRECTION('',(1.,-0.));
#832 = ( GEOMETRIC_REPRESENTATION_CONTEXT(2) 
PARAMETRIC_REPRESENTATION_CONTEXT() REPRESENTATION_CONTEXT('2D SPACE',''
  ) );
#833 = PCURVE('',#834,#839);
#834 = PLANE('',#835);
#835 = AXIS2_PLACEMENT_3D('',#836,#837,#838);
#836 = CARTESIAN_POINT('',(17.,1.879594466024E-16,8.));
#837 = DIRECTION('',(0.,0.,1.));
#838 = DIRECTION('',(1.,0.,0.));
#839 = DEFINITIONAL_REPRESENTATION('',(#840),#848);
#840 = ( BOUNDED_CURVE() B_SPLINE_CURVE(2,(#841,#842,#843,#844,#845,#846
,#847),.UNSPECIFIED.,.T.,.F.) B_SPLINE_CURVE_WITH_KNOTS((1,2,2,2,2,1),(
    -2.094395102393,0.,2.094395102393,4.188790204786,6.28318530718,
8.377580409573),.UNSPECIFIED.) CURVE() GEOMETRIC_REPRESENTATION_ITEM() 
RATIONAL_B_SPLINE_CURVE((1.,0.5,1.,0.5,1.,0.5,1.)) REPRESENTATION_ITEM(
  '') );
#841 = CARTESIAN_POINT('',(1.481085212075,-9.383836453955));
#842 = CARTESIAN_POINT('',(-14.77219629609,-11.9491512916));
#843 = CARTESIAN_POINT('',(-8.867183360121,3.409260808151));
#844 = CARTESIAN_POINT('',(-2.96217042415,18.76767290791));
#845 = CARTESIAN_POINT('',(7.386098148046,5.974575645804));
#846 = CARTESIAN_POINT('',(17.734366720242,-6.818521616302));
#847 = CARTESIAN_POINT('',(1.481085212075,-9.383836453955));
#848 = ( GEOMETRIC_REPRESENTATION_CONTEXT(2) 
PARAMETRIC_REPRESENTATION_CONTEXT() REPRESENTATION_CONTEXT('2D SPACE',''
  ) );
#849 = ORIENTED_EDGE('',*,*,#850,.T.);
#850 = EDGE_CURVE('',#818,#22,#851,.T.);
#851 = SURFACE_CURVE('',#852,(#856,#863),.PCURVE_S1.);
#852 = LINE('',#853,#854);
#853 = CARTESIAN_POINT('',(18.481085212075,-9.383836453955,0.));
#854 = VECTOR('',#855,1.);
#855 = DIRECTION('',(-0.,-0.,-1.));
#856 = PCURVE('',#49,#857);
#857 = DEFINITIONAL_REPRESENTATION('',(#858),#862);
#858 = LINE('',#859,#860);
#859 = CARTESIAN_POINT('',(-4.868931261427,0.));
#860 = VECTOR('',#861,1.);
#861 = DIRECTION('',(-0.,1.));
#862 = ( GEOMETRIC_REPRESENTATION_CONTEXT(2) 
PARAMETRIC_REPRESENTATION_CONTEXT() REPRESENTATION_CONTEXT('2D SPACE',''
  ) );
#863 = PCURVE('',#77,#864);
#864 = DEFINITIONAL_REPRESENTATION('',(#865),#869);
#865 = LINE('',#866,#867);
#866 = CARTESIAN_POINT('',(1.485633661054,0.));
#867 = VECTOR('',#868,1.);
#868 = DIRECTION('',(0.,1.));
#869 = ( GEOMETRIC_REPRESENTATION_CONTEXT(2) 
PARAMETRIC_REPRESENTATION_CONTEXT() REPRESENTATION_CONTEXT('2D SPACE',''
  ) );
#870 = ORIENTED_EDGE('',*,*,#21,.T.);
#871 = ADVANCED_FACE('',(#872),#77,.F.);
#872 = FACE_BOUND('',#873,.F.);
#873 = EDGE_LOOP('',(#874,#875,#876,#899));
#874 = ORIENTED_EDGE('',*,*,#61,.F.);
#875 = ORIENTED_EDGE('',*,*,#850,.F.);
#876 = ORIENTED_EDGE('',*,*,#877,.T.);
#877 = EDGE_CURVE('',#818,#878,#880,.T.);
#878 = VERTEX_POINT('',#879);
#879 = CARTESIAN_POINT('',(42.5,-7.5,8.));
#880 = SURFACE_CURVE('',#881,(#885,#892),.PCURVE_S1.);
#881 = LINE('',#882,#883);
#882 = CARTESIAN_POINT('',(17.,-9.5,8.));
#883 = VECTOR('',#884,1.);
#884 = DIRECTION('',(0.996938377813,7.819124531863E-02,0.));
#885 = PCURVE('',#77,#886);
#886 = DEFINITIONAL_REPRESENTATION('',(#887),#891);
#887 = LINE('',#888,#889);
#888 = CARTESIAN_POINT('',(0.,-8.));
#889 = VECTOR('',#890,1.);
#890 = DIRECTION('',(1.,0.));
#891 = ( GEOMETRIC_REPRESENTATION_CONTEXT(2) 
PARAMETRIC_REPRESENTATION_CONTEXT() REPRESENTATION_CONTEXT('2D SPACE',''
  ) );
#892 = PCURVE('',#834,#893);
#893 = DEFINITIONAL_REPRESENTATION('',(#894),#898);
#894 = LINE('',#895,#896);
#895 = CARTESIAN_POINT('',(0.,-9.5));
#896 = VECTOR('',#897,1.);
#897 = DIRECTION('',(0.996938377813,7.819124531863E-02));
#898 = ( GEOMETRIC_REPRESENTATION_CONTEXT(2) 
PARAMETRIC_REPRESENTATION_CONTEXT() REPRESENTATION_CONTEXT('2D SPACE',''
  ) );
#899 = ORIENTED_EDGE('',*,*,#900,.F.);
#900 = EDGE_CURVE('',#62,#878,#901,.T.);
#901 = SURFACE_CURVE('',#902,(#906,#913),.PCURVE_S1.);
#902 = LINE('',#903,#904);
#903 = CARTESIAN_POINT('',(42.5,-7.5,0.));
#904 = VECTOR('',#905,1.);
#905 = DIRECTION('',(0.,0.,1.));
#906 = PCURVE('',#77,#907);
#907 = DEFINITIONAL_REPRESENTATION('',(#908),#912);
#908 = LINE('',#909,#910);
#909 = CARTESIAN_POINT('',(25.578311124857,0.));
#910 = VECTOR('',#911,1.);
#911 = DIRECTION('',(0.,-1.));
#912 = ( GEOMETRIC_REPRESENTATION_CONTEXT(2) 
PARAMETRIC_REPRESENTATION_CONTEXT() REPRESENTATION_CONTEXT('2D SPACE',''
  ) );
#913 = PCURVE('',#110,#914);
#914 = DEFINITIONAL_REPRESENTATION('',(#915),#919);
#915 = LINE('',#916,#917);
#916 = CARTESIAN_POINT('',(-4.712388980385,0.));
#917 = VECTOR('',#918,1.);
#918 = DIRECTION('',(-0.,-1.));
#919 = ( GEOMETRIC_REPRESENTATION_CONTEXT(2) 
PARAMETRIC_REPRESENTATION_CONTEXT() REPRESENTATION_CONTEXT('2D SPACE',''
  ) );
#920 = ADVANCED_FACE('',(#921),#750,.T.);
#921 = FACE_BOUND('',#922,.F.);
#922 = EDGE_LOOP('',(#923,#924,#945,#967));
#923 = ORIENTED_EDGE('',*,*,#735,.F.);
#924 = ORIENTED_EDGE('',*,*,#925,.F.);
#925 = EDGE_CURVE('',#926,#703,#928,.T.);
#926 = VERTEX_POINT('',#927);
#927 = CARTESIAN_POINT('',(9.484823859752,-16.46323529411,8.));
#928 = SURFACE_CURVE('',#929,(#933,#939),.PCURVE_S1.);
#929 = LINE('',#930,#931);
#930 = CARTESIAN_POINT('',(9.484823859752,-16.46323529411,0.));
#931 = VECTOR('',#932,1.);
#932 = DIRECTION('',(-0.,-0.,-1.));
#933 = PCURVE('',#750,#934);
#934 = DEFINITIONAL_REPRESENTATION('',(#935),#938);
#935 = B_SPLINE_CURVE_WITH_KNOTS('',1,(#936,#937),.UNSPECIFIED.,.F.,.F.,
  (2,2),(-8.0000006,6.E-07),.PIECEWISE_BEZIER_KNOTS.);
#936 = CARTESIAN_POINT('',(-5.2350656909,-8.0000006));
#937 = CARTESIAN_POINT('',(-5.2350656909,6.E-07));
#938 = ( GEOMETRIC_REPRESENTATION_CONTEXT(2) 
PARAMETRIC_REPRESENTATION_CONTEXT() REPRESENTATION_CONTEXT('2D SPACE',''
  ) );
#939 = PCURVE('',#723,#940);
#940 = DEFINITIONAL_REPRESENTATION('',(#941),#944);
#941 = B_SPLINE_CURVE_WITH_KNOTS('',1,(#942,#943),.UNSPECIFIED.,.F.,.F.,
  (2,2),(-8.0000006,6.E-07),.PIECEWISE_BEZIER_KNOTS.);
#942 = CARTESIAN_POINT('',(-1.627327980878,-8.0000006));
#943 = CARTESIAN_POINT('',(-1.627327980878,6.E-07));
#944 = ( GEOMETRIC_REPRESENTATION_CONTEXT(2) 
PARAMETRIC_REPRESENTATION_CONTEXT() REPRESENTATION_CONTEXT('2D SPACE',''
  ) );
#945 = ORIENTED_EDGE('',*,*,#946,.T.);
#946 = EDGE_CURVE('',#926,#797,#947,.T.);
#947 = SURFACE_CURVE('',#948,(#953,#960),.PCURVE_S1.);
#948 = CIRCLE('',#949,19.);
#949 = AXIS2_PLACEMENT_3D('',#950,#951,#952);
#950 = CARTESIAN_POINT('',(0.,0.,8.));
#951 = DIRECTION('',(0.,0.,1.));
#952 = DIRECTION('',(1.,0.,0.));
#953 = PCURVE('',#750,#954);
#954 = DEFINITIONAL_REPRESENTATION('',(#955),#959);
#955 = LINE('',#956,#957);
#956 = CARTESIAN_POINT('',(-0.,-8.));
#957 = VECTOR('',#958,1.);
#958 = DIRECTION('',(-1.,0.));
#959 = ( GEOMETRIC_REPRESENTATION_CONTEXT(2) 
PARAMETRIC_REPRESENTATION_CONTEXT() REPRESENTATION_CONTEXT('2D SPACE',''
  ) );
#960 = PCURVE('',#834,#961);
#961 = DEFINITIONAL_REPRESENTATION('',(#962),#966);
#962 = CIRCLE('',#963,19.);
#963 = AXIS2_PLACEMENT_2D('',#964,#965);
#964 = CARTESIAN_POINT('',(-17.,-1.879594466024E-16));
#965 = DIRECTION('',(1.,0.));
#966 = ( GEOMETRIC_REPRESENTATION_CONTEXT(2) 
PARAMETRIC_REPRESENTATION_CONTEXT() REPRESENTATION_CONTEXT('2D SPACE',''
  ) );
#967 = ORIENTED_EDGE('',*,*,#796,.T.);
#968 = ADVANCED_FACE('',(#969,#1018,#1138,#1258,#1378,#1498,#1618),#110,
  .T.);
#969 = FACE_BOUND('',#970,.F.);
#970 = EDGE_LOOP('',(#971,#972,#973,#997));
#971 = ORIENTED_EDGE('',*,*,#89,.T.);
#972 = ORIENTED_EDGE('',*,*,#900,.T.);
#973 = ORIENTED_EDGE('',*,*,#974,.T.);
#974 = EDGE_CURVE('',#878,#975,#977,.T.);
#975 = VERTEX_POINT('',#976);
#976 = CARTESIAN_POINT('',(42.5,7.5,8.));
#977 = SURFACE_CURVE('',#978,(#983,#990),.PCURVE_S1.);
#978 = CIRCLE('',#979,7.5);
#979 = AXIS2_PLACEMENT_3D('',#980,#981,#982);
#980 = CARTESIAN_POINT('',(42.5,0.,8.));
#981 = DIRECTION('',(-0.,0.,1.));
#982 = DIRECTION('',(0.,-1.,0.));
#983 = PCURVE('',#110,#984);
#984 = DEFINITIONAL_REPRESENTATION('',(#985),#989);
#985 = LINE('',#986,#987);
#986 = CARTESIAN_POINT('',(-4.712388980385,-8.));
#987 = VECTOR('',#988,1.);
#988 = DIRECTION('',(-1.,0.));
#989 = ( GEOMETRIC_REPRESENTATION_CONTEXT(2) 
PARAMETRIC_REPRESENTATION_CONTEXT() REPRESENTATION_CONTEXT('2D SPACE',''
  ) );
#990 = PCURVE('',#834,#991);
#991 = DEFINITIONAL_REPRESENTATION('',(#992),#996);
#992 = CIRCLE('',#993,7.5);
#993 = AXIS2_PLACEMENT_2D('',#994,#995);
#994 = CARTESIAN_POINT('',(25.5,-1.879594466024E-16));
#995 = DIRECTION('',(0.,-1.));
#996 = ( GEOMETRIC_REPRESENTATION_CONTEXT(2) 
PARAMETRIC_REPRESENTATION_CONTEXT() REPRESENTATION_CONTEXT('2D SPACE',''
  ) );
#997 = ORIENTED_EDGE('',*,*,#998,.F.);
#998 = EDGE_CURVE('',#90,#975,#999,.T.);
#999 = SURFACE_CURVE('',#1000,(#1004,#1011),.PCURVE_S1.);
#1000 = LINE('',#1001,#1002);
#1001 = CARTESIAN_POINT('',(42.5,7.5,0.));
#1002 = VECTOR('',#1003,1.);
#1003 = DIRECTION('',(0.,0.,1.));
#1004 = PCURVE('',#110,#1005);
#1005 = DEFINITIONAL_REPRESENTATION('',(#1006),#1010);
#1006 = LINE('',#1007,#1008);
#1007 = CARTESIAN_POINT('',(-7.853981633974,0.));
#1008 = VECTOR('',#1009,1.);
#1009 = DIRECTION('',(-0.,-1.));
#1010 = ( GEOMETRIC_REPRESENTATION_CONTEXT(2) 
PARAMETRIC_REPRESENTATION_CONTEXT() REPRESENTATION_CONTEXT('2D SPACE',''
  ) );
#1011 = PCURVE('',#138,#1012);
#1012 = DEFINITIONAL_REPRESENTATION('',(#1013),#1017);
#1013 = LINE('',#1014,#1015);
#1014 = CARTESIAN_POINT('',(0.,0.));
#1015 = VECTOR('',#1016,1.);
#1016 = DIRECTION('',(0.,-1.));
#1017 = ( GEOMETRIC_REPRESENTATION_CONTEXT(2) 
PARAMETRIC_REPRESENTATION_CONTEXT() REPRESENTATION_CONTEXT('2D SPACE',''
  ) );
#1018 = FACE_BOUND('',#1019,.F.);
#1019 = EDGE_LOOP('',(#1020,#1055,#1081,#1114));
#1020 = ORIENTED_EDGE('',*,*,#1021,.T.);
#1021 = EDGE_CURVE('',#1022,#1024,#1026,.T.);
#1022 = VERTEX_POINT('',#1023);
#1023 = CARTESIAN_POINT('',(49.971780243021,0.65,7.865));
#1024 = VERTEX_POINT('',#1025);
#1025 = CARTESIAN_POINT('',(49.971780243021,-0.65,7.865));
#1026 = SURFACE_CURVE('',#1027,(#1032,#1039),.PCURVE_S1.);
#1027 = CIRCLE('',#1028,7.5);
#1028 = AXIS2_PLACEMENT_3D('',#1029,#1030,#1031);
#1029 = CARTESIAN_POINT('',(42.5,0.,7.865));
#1030 = DIRECTION('',(0.,0.,-1.));
#1031 = DIRECTION('',(1.,0.,0.));
#1032 = PCURVE('',#110,#1033);
#1033 = DEFINITIONAL_REPRESENTATION('',(#1034),#1038);
#1034 = LINE('',#1035,#1036);
#1035 = CARTESIAN_POINT('',(-12.56637061435,-7.865));
#1036 = VECTOR('',#1037,1.);
#1037 = DIRECTION('',(1.,-0.));
#1038 = ( GEOMETRIC_REPRESENTATION_CONTEXT(2) 
PARAMETRIC_REPRESENTATION_CONTEXT() REPRESENTATION_CONTEXT('2D SPACE',''
  ) );
#1039 = PCURVE('',#1040,#1045);
#1040 = PLANE('',#1041);
#1041 = AXIS2_PLACEMENT_3D('',#1042,#1043,#1044);
#1042 = CARTESIAN_POINT('',(48.2,0.,7.865));
#1043 = DIRECTION('',(0.,0.,1.));
#1044 = DIRECTION('',(1.,0.,0.));
#1045 = DEFINITIONAL_REPRESENTATION('',(#1046),#1054);
#1046 = ( BOUNDED_CURVE() B_SPLINE_CURVE(2,(#1047,#1048,#1049,#1050,
#1051,#1052,#1053),.UNSPECIFIED.,.T.,.F.) B_SPLINE_CURVE_WITH_KNOTS((1,2
    ,2,2,2,1),(-2.094395102393,0.,2.094395102393,4.188790204786,
6.28318530718,8.377580409573),.UNSPECIFIED.) CURVE() 
GEOMETRIC_REPRESENTATION_ITEM() RATIONAL_B_SPLINE_CURVE((1.,0.5,1.,0.5,
1.,0.5,1.)) REPRESENTATION_ITEM('') );
#1047 = CARTESIAN_POINT('',(1.8,0.));
#1048 = CARTESIAN_POINT('',(1.8,-12.99038105676));
#1049 = CARTESIAN_POINT('',(-9.45,-6.495190528383));
#1050 = CARTESIAN_POINT('',(-20.7,-1.836970198721E-15));
#1051 = CARTESIAN_POINT('',(-9.45,6.495190528383));
#1052 = CARTESIAN_POINT('',(1.8,12.990381056767));
#1053 = CARTESIAN_POINT('',(1.8,0.));
#1054 = ( GEOMETRIC_REPRESENTATION_CONTEXT(2) 
PARAMETRIC_REPRESENTATION_CONTEXT() REPRESENTATION_CONTEXT('2D SPACE',''
  ) );
#1055 = ORIENTED_EDGE('',*,*,#1056,.T.);
#1056 = EDGE_CURVE('',#1024,#1057,#1059,.T.);
#1057 = VERTEX_POINT('',#1058);
#1058 = CARTESIAN_POINT('',(49.971780243021,-0.65,7.085));
#1059 = SURFACE_CURVE('',#1060,(#1064,#1070),.PCURVE_S1.);
#1060 = LINE('',#1061,#1062);
#1061 = CARTESIAN_POINT('',(49.971780243021,-0.65,0.));
#1062 = VECTOR('',#1063,1.);
#1063 = DIRECTION('',(-0.,-0.,-1.));
#1064 = PCURVE('',#110,#1065);
#1065 = DEFINITIONAL_REPRESENTATION('',(#1066),#1069);
#1066 = B_SPLINE_CURVE_WITH_KNOTS('',1,(#1067,#1068),.UNSPECIFIED.,.F.,
  .F.,(2,2),(-7.943,-7.007),.PIECEWISE_BEZIER_KNOTS.);
#1067 = CARTESIAN_POINT('',(-6.196409778329,-7.943));
#1068 = CARTESIAN_POINT('',(-6.196409778329,-7.007));
#1069 = ( GEOMETRIC_REPRESENTATION_CONTEXT(2) 
PARAMETRIC_REPRESENTATION_CONTEXT() REPRESENTATION_CONTEXT('2D SPACE',''
  ) );
#1070 = PCURVE('',#1071,#1076);
#1071 = PLANE('',#1072);
#1072 = AXIS2_PLACEMENT_3D('',#1073,#1074,#1075);
#1073 = CARTESIAN_POINT('',(46.,-0.65,7.085));
#1074 = DIRECTION('',(0.,1.,0.));
#1075 = DIRECTION('',(1.,0.,0.));
#1076 = DEFINITIONAL_REPRESENTATION('',(#1077),#1080);
#1077 = B_SPLINE_CURVE_WITH_KNOTS('',1,(#1078,#1079),.UNSPECIFIED.,.F.,
  .F.,(2,2),(-7.943,-7.007),.PIECEWISE_BEZIER_KNOTS.);
#1078 = CARTESIAN_POINT('',(3.971780243021,-0.858));
#1079 = CARTESIAN_POINT('',(3.971780243021,7.8E-02));
#1080 = ( GEOMETRIC_REPRESENTATION_CONTEXT(2) 
PARAMETRIC_REPRESENTATION_CONTEXT() REPRESENTATION_CONTEXT('2D SPACE',''
  ) );
#1081 = ORIENTED_EDGE('',*,*,#1082,.F.);
#1082 = EDGE_CURVE('',#1083,#1057,#1085,.T.);
#1083 = VERTEX_POINT('',#1084);
#1084 = CARTESIAN_POINT('',(49.971780243021,0.65,7.085));
#1085 = SURFACE_CURVE('',#1086,(#1091,#1098),.PCURVE_S1.);
#1086 = CIRCLE('',#1087,7.5);
#1087 = AXIS2_PLACEMENT_3D('',#1088,#1089,#1090);
#1088 = CARTESIAN_POINT('',(42.5,0.,7.085));
#1089 = DIRECTION('',(0.,0.,-1.));
#1090 = DIRECTION('',(1.,0.,0.));
#1091 = PCURVE('',#110,#1092);
#1092 = DEFINITIONAL_REPRESENTATION('',(#1093),#1097);
#1093 = LINE('',#1094,#1095);
#1094 = CARTESIAN_POINT('',(-12.56637061435,-7.085));
#1095 = VECTOR('',#1096,1.);
#1096 = DIRECTION('',(1.,-0.));
#1097 = ( GEOMETRIC_REPRESENTATION_CONTEXT(2) 
PARAMETRIC_REPRESENTATION_CONTEXT() REPRESENTATION_CONTEXT('2D SPACE',''
  ) );
#1098 = PCURVE('',#1099,#1104);
#1099 = PLANE('',#1100);
#1100 = AXIS2_PLACEMENT_3D('',#1101,#1102,#1103);
#1101 = CARTESIAN_POINT('',(48.2,0.,7.085));
#1102 = DIRECTION('',(0.,0.,1.));
#1103 = DIRECTION('',(1.,0.,0.));
#1104 = DEFINITIONAL_REPRESENTATION('',(#1105),#1113);
#1105 = ( BOUNDED_CURVE() B_SPLINE_CURVE(2,(#1106,#1107,#1108,#1109,
#1110,#1111,#1112),.UNSPECIFIED.,.T.,.F.) B_SPLINE_CURVE_WITH_KNOTS((1,2
    ,2,2,2,1),(-2.094395102393,0.,2.094395102393,4.188790204786,
6.28318530718,8.377580409573),.UNSPECIFIED.) CURVE() 
GEOMETRIC_REPRESENTATION_ITEM() RATIONAL_B_SPLINE_CURVE((1.,0.5,1.,0.5,
1.,0.5,1.)) REPRESENTATION_ITEM('') );
#1106 = CARTESIAN_POINT('',(1.8,0.));
#1107 = CARTESIAN_POINT('',(1.8,-12.99038105676));
#1108 = CARTESIAN_POINT('',(-9.45,-6.495190528383));
#1109 = CARTESIAN_POINT('',(-20.7,-1.836970198721E-15));
#1110 = CARTESIAN_POINT('',(-9.45,6.495190528383));
#1111 = CARTESIAN_POINT('',(1.8,12.990381056767));
#1112 = CARTESIAN_POINT('',(1.8,0.));
#1113 = ( GEOMETRIC_REPRESENTATION_CONTEXT(2) 
PARAMETRIC_REPRESENTATION_CONTEXT() REPRESENTATION_CONTEXT('2D SPACE',''
  ) );
#1114 = ORIENTED_EDGE('',*,*,#1115,.F.);
#1115 = EDGE_CURVE('',#1022,#1083,#1116,.T.);
#1116 = SURFACE_CURVE('',#1117,(#1121,#1127),.PCURVE_S1.);
#1117 = LINE('',#1118,#1119);
#1118 = CARTESIAN_POINT('',(49.971780243021,0.65,0.));
#1119 = VECTOR('',#1120,1.);
#1120 = DIRECTION('',(-0.,-0.,-1.));
#1121 = PCURVE('',#110,#1122);
#1122 = DEFINITIONAL_REPRESENTATION('',(#1123),#1126);
#1123 = B_SPLINE_CURVE_WITH_KNOTS('',1,(#1124,#1125),.UNSPECIFIED.,.F.,
  .F.,(2,2),(-7.943,-7.007),.PIECEWISE_BEZIER_KNOTS.);
#1124 = CARTESIAN_POINT('',(-6.36996083603,-7.943));
#1125 = CARTESIAN_POINT('',(-6.36996083603,-7.007));
#1126 = ( GEOMETRIC_REPRESENTATION_CONTEXT(2) 
PARAMETRIC_REPRESENTATION_CONTEXT() REPRESENTATION_CONTEXT('2D SPACE',''
  ) );
#1127 = PCURVE('',#1128,#1133);
#1128 = PLANE('',#1129);
#1129 = AXIS2_PLACEMENT_3D('',#1130,#1131,#1132);
#1130 = CARTESIAN_POINT('',(50.4,0.65,7.085));
#1131 = DIRECTION('',(0.,-1.,0.));
#1132 = DIRECTION('',(-1.,0.,0.));
#1133 = DEFINITIONAL_REPRESENTATION('',(#1134),#1137);
#1134 = B_SPLINE_CURVE_WITH_KNOTS('',1,(#1135,#1136),.UNSPECIFIED.,.F.,
  .F.,(2,2),(-7.943,-7.007),.PIECEWISE_BEZIER_KNOTS.);
#1135 = CARTESIAN_POINT('',(0.428219756979,-0.858));
#1136 = CARTESIAN_POINT('',(0.428219756979,7.8E-02));
#1137 = ( GEOMETRIC_REPRESENTATION_CONTEXT(2) 
PARAMETRIC_REPRESENTATION_CONTEXT() REPRESENTATION_CONTEXT('2D SPACE',''
  ) );
#1138 = FACE_BOUND('',#1139,.F.);
#1139 = EDGE_LOOP('',(#1140,#1175,#1201,#1234));
#1140 = ORIENTED_EDGE('',*,*,#1141,.T.);
#1141 = EDGE_CURVE('',#1142,#1144,#1146,.T.);
#1142 = VERTEX_POINT('',#1143);
#1143 = CARTESIAN_POINT('',(49.971780243021,0.65,6.815));
#1144 = VERTEX_POINT('',#1145);
#1145 = CARTESIAN_POINT('',(49.971780243021,-0.65,6.815));
#1146 = SURFACE_CURVE('',#1147,(#1152,#1159),.PCURVE_S1.);
#1147 = CIRCLE('',#1148,7.5);
#1148 = AXIS2_PLACEMENT_3D('',#1149,#1150,#1151);
#1149 = CARTESIAN_POINT('',(42.5,0.,6.815));
#1150 = DIRECTION('',(0.,0.,-1.));
#1151 = DIRECTION('',(1.,0.,0.));
#1152 = PCURVE('',#110,#1153);
#1153 = DEFINITIONAL_REPRESENTATION('',(#1154),#1158);
#1154 = LINE('',#1155,#1156);
#1155 = CARTESIAN_POINT('',(-12.56637061435,-6.815));
#1156 = VECTOR('',#1157,1.);
#1157 = DIRECTION('',(1.,-0.));
#1158 = ( GEOMETRIC_REPRESENTATION_CONTEXT(2) 
PARAMETRIC_REPRESENTATION_CONTEXT() REPRESENTATION_CONTEXT('2D SPACE',''
  ) );
#1159 = PCURVE('',#1160,#1165);
#1160 = PLANE('',#1161);
#1161 = AXIS2_PLACEMENT_3D('',#1162,#1163,#1164);
#1162 = CARTESIAN_POINT('',(48.2,0.,6.815));
#1163 = DIRECTION('',(0.,0.,1.));
#1164 = DIRECTION('',(1.,0.,0.));
#1165 = DEFINITIONAL_REPRESENTATION('',(#1166),#1174);
#1166 = ( BOUNDED_CURVE() B_SPLINE_CURVE(2,(#1167,#1168,#1169,#1170,
#1171,#1172,#1173),.UNSPECIFIED.,.T.,.F.) B_SPLINE_CURVE_WITH_KNOTS((1,2
    ,2,2,2,1),(-2.094395102393,0.,2.094395102393,4.188790204786,
6.28318530718,8.377580409573),.UNSPECIFIED.) CURVE() 
GEOMETRIC_REPRESENTATION_ITEM() RATIONAL_B_SPLINE_CURVE((1.,0.5,1.,0.5,
1.,0.5,1.)) REPRESENTATION_ITEM('') );
#1167 = CARTESIAN_POINT('',(1.8,0.));
#1168 = CARTESIAN_POINT('',(1.8,-12.99038105676));
#1169 = CARTESIAN_POINT('',(-9.45,-6.495190528383));
#1170 = CARTESIAN_POINT('',(-20.7,-1.836970198721E-15));
#1171 = CARTESIAN_POINT('',(-9.45,6.495190528383));
#1172 = CARTESIAN_POINT('',(1.8,12.990381056767));
#1173 = CARTESIAN_POINT('',(1.8,0.));
#1174 = ( GEOMETRIC_REPRESENTATION_CONTEXT(2) 
PARAMETRIC_REPRESENTATION_CONTEXT() REPRESENTATION_CONTEXT('2D SPACE',''
  ) );
#1175 = ORIENTED_EDGE('',*,*,#1176,.T.);
#1176 = EDGE_CURVE('',#1144,#1177,#1179,.T.);
#1177 = VERTEX_POINT('',#1178);
#1178 = CARTESIAN_POINT('',(49.971780243021,-0.65,6.035));
#1179 = SURFACE_CURVE('',#1180,(#1184,#1190),.PCURVE_S1.);
#1180 = LINE('',#1181,#1182);
#1181 = CARTESIAN_POINT('',(49.971780243021,-0.65,0.));
#1182 = VECTOR('',#1183,1.);
#1183 = DIRECTION('',(-0.,-0.,-1.));
#1184 = PCURVE('',#110,#1185);
#1185 = DEFINITIONAL_REPRESENTATION('',(#1186),#1189);
#1186 = B_SPLINE_CURVE_WITH_KNOTS('',1,(#1187,#1188),.UNSPECIFIED.,.F.,
  .F.,(2,2),(-6.893,-5.957),.PIECEWISE_BEZIER_KNOTS.);
#1187 = CARTESIAN_POINT('',(-6.196409778329,-6.893));
#1188 = CARTESIAN_POINT('',(-6.196409778329,-5.957));
#1189 = ( GEOMETRIC_REPRESENTATION_CONTEXT(2) 
PARAMETRIC_REPRESENTATION_CONTEXT() REPRESENTATION_CONTEXT('2D SPACE',''
  ) );
#1190 = PCURVE('',#1191,#1196);
#1191 = PLANE('',#1192);
#1192 = AXIS2_PLACEMENT_3D('',#1193,#1194,#1195);
#1193 = CARTESIAN_POINT('',(46.,-0.65,6.035));
#1194 = DIRECTION('',(0.,1.,0.));
#1195 = DIRECTION('',(1.,0.,0.));
#1196 = DEFINITIONAL_REPRESENTATION('',(#1197),#1200);
#1197 = B_SPLINE_CURVE_WITH_KNOTS('',1,(#1198,#1199),.UNSPECIFIED.,.F.,
  .F.,(2,2),(-6.893,-5.957),.PIECEWISE_BEZIER_KNOTS.);
#1198 = CARTESIAN_POINT('',(3.971780243021,-0.858));
#1199 = CARTESIAN_POINT('',(3.971780243021,7.8E-02));
#1200 = ( GEOMETRIC_REPRESENTATION_CONTEXT(2) 
PARAMETRIC_REPRESENTATION_CONTEXT() REPRESENTATION_CONTEXT('2D SPACE',''
  ) );
#1201 = ORIENTED_EDGE('',*,*,#1202,.F.);
#1202 = EDGE_CURVE('',#1203,#1177,#1205,.T.);
#1203 = VERTEX_POINT('',#1204);
#1204 = CARTESIAN_POINT('',(49.971780243021,0.65,6.035));
#1205 = SURFACE_CURVE('',#1206,(#1211,#1218),.PCURVE_S1.);
#1206 = CIRCLE('',#1207,7.5);
#1207 = AXIS2_PLACEMENT_3D('',#1208,#1209,#1210);
#1208 = CARTESIAN_POINT('',(42.5,0.,6.035));
#1209 = DIRECTION('',(0.,0.,-1.));
#1210 = DIRECTION('',(1.,0.,0.));
#1211 = PCURVE('',#110,#1212);
#1212 = DEFINITIONAL_REPRESENTATION('',(#1213),#1217);
#1213 = LINE('',#1214,#1215);
#1214 = CARTESIAN_POINT('',(-12.56637061435,-6.035));
#1215 = VECTOR('',#1216,1.);
#1216 = DIRECTION('',(1.,-0.));
#1217 = ( GEOMETRIC_REPRESENTATION_CONTEXT(2) 
PARAMETRIC_REPRESENTATION_CONTEXT() REPRESENTATION_CONTEXT('2D SPACE',''
  ) );
#1218 = PCURVE('',#1219,#1224);
#1219 = PLANE('',#1220);
#1220 = AXIS2_PLACEMENT_3D('',#1221,#1222,#1223);
#1221 = CARTESIAN_POINT('',(48.2,0.,6.035));
#1222 = DIRECTION('',(0.,0.,1.));
#1223 = DIRECTION('',(1.,0.,0.));
#1224 = DEFINITIONAL_REPRESENTATION('',(#1225),#1233);
#1225 = ( BOUNDED_CURVE() B_SPLINE_CURVE(2,(#1226,#1227,#1228,#1229,
#1230,#1231,#1232),.UNSPECIFIED.,.T.,.F.) B_SPLINE_CURVE_WITH_KNOTS((1,2
    ,2,2,2,1),(-2.094395102393,0.,2.094395102393,4.188790204786,
6.28318530718,8.377580409573),.UNSPECIFIED.) CURVE() 
GEOMETRIC_REPRESENTATION_ITEM() RATIONAL_B_SPLINE_CURVE((1.,0.5,1.,0.5,
1.,0.5,1.)) REPRESENTATION_ITEM('') );
#1226 = CARTESIAN_POINT('',(1.8,0.));
#1227 = CARTESIAN_POINT('',(1.8,-12.99038105676));
#1228 = CARTESIAN_POINT('',(-9.45,-6.495190528383));
#1229 = CARTESIAN_POINT('',(-20.7,-1.836970198721E-15));
#1230 = CARTESIAN_POINT('',(-9.45,6.495190528383));
#1231 = CARTESIAN_POINT('',(1.8,12.990381056767));
#1232 = CARTESIAN_POINT('',(1.8,0.));
#1233 = ( GEOMETRIC_REPRESENTATION_CONTEXT(2) 
PARAMETRIC_REPRESENTATION_CONTEXT() REPRESENTATION_CONTEXT('2D SPACE',''
  ) );
#1234 = ORIENTED_EDGE('',*,*,#1235,.F.);
#1235 = EDGE_CURVE('',#1142,#1203,#1236,.T.);
#1236 = SURFACE_CURVE('',#1237,(#1241,#1247),.PCURVE_S1.);
#1237 = LINE('',#1238,#1239);
#1238 = CARTESIAN_POINT('',(49.971780243021,0.65,0.));
#1239 = VECTOR('',#1240,1.);
#1240 = DIRECTION('',(-0.,-0.,-1.));
#1241 = PCURVE('',#110,#1242);
#1242 = DEFINITIONAL_REPRESENTATION('',(#1243),#1246);
#1243 = B_SPLINE_CURVE_WITH_KNOTS('',1,(#1244,#1245),.UNSPECIFIED.,.F.,
  .F.,(2,2),(-6.893,-5.957),.PIECEWISE_BEZIER_KNOTS.);
#1244 = CARTESIAN_POINT('',(-6.36996083603,-6.893));
#1245 = CARTESIAN_POINT('',(-6.36996083603,-5.957));
#1246 = ( GEOMETRIC_REPRESENTATION_CONTEXT(2) 
PARAMETRIC_REPRESENTATION_CONTEXT() REPRESENTATION_CONTEXT('2D SPACE',''
  ) );
#1247 = PCURVE('',#1248,#1253);
#1248 = PLANE('',#1249);
#1249 = AXIS2_PLACEMENT_3D('',#1250,#1251,#1252);
#1250 = CARTESIAN_POINT('',(50.4,0.65,6.035));
#1251 = DIRECTION('',(0.,-1.,0.));
#1252 = DIRECTION('',(-1.,0.,0.));
#1253 = DEFINITIONAL_REPRESENTATION('',(#1254),#1257);
#1254 = B_SPLINE_CURVE_WITH_KNOTS('',1,(#1255,#1256),.UNSPECIFIED.,.F.,
  .F.,(2,2),(-6.893,-5.957),.PIECEWISE_BEZIER_KNOTS.);
#1255 = CARTESIAN_POINT('',(0.428219756979,-0.858));
#1256 = CARTESIAN_POINT('',(0.428219756979,7.8E-02));
#1257 = ( GEOMETRIC_REPRESENTATION_CONTEXT(2) 
PARAMETRIC_REPRESENTATION_CONTEXT() REPRESENTATION_CONTEXT('2D SPACE',''
  ) );
#1258 = FACE_BOUND('',#1259,.F.);
#1259 = EDGE_LOOP('',(#1260,#1295,#1321,#1354));
#1260 = ORIENTED_EDGE('',*,*,#1261,.T.);
#1261 = EDGE_CURVE('',#1262,#1264,#1266,.T.);
#1262 = VERTEX_POINT('',#1263);
#1263 = CARTESIAN_POINT('',(49.971780243021,0.65,5.765));
#1264 = VERTEX_POINT('',#1265);
#1265 = CARTESIAN_POINT('',(49.971780243021,-0.65,5.765));
#1266 = SURFACE_CURVE('',#1267,(#1272,#1279),.PCURVE_S1.);
#1267 = CIRCLE('',#1268,7.5);
#1268 = AXIS2_PLACEMENT_3D('',#1269,#1270,#1271);
#1269 = CARTESIAN_POINT('',(42.5,0.,5.765));
#1270 = DIRECTION('',(0.,0.,-1.));
#1271 = DIRECTION('',(1.,0.,0.));
#1272 = PCURVE('',#110,#1273);
#1273 = DEFINITIONAL_REPRESENTATION('',(#1274),#1278);
#1274 = LINE('',#1275,#1276);
#1275 = CARTESIAN_POINT('',(-12.56637061435,-5.765));
#1276 = VECTOR('',#1277,1.);
#1277 = DIRECTION('',(1.,-0.));
#1278 = ( GEOMETRIC_REPRESENTATION_CONTEXT(2) 
PARAMETRIC_REPRESENTATION_CONTEXT() REPRESENTATION_CONTEXT('2D SPACE',''
  ) );
#1279 = PCURVE('',#1280,#1285);
#1280 = PLANE('',#1281);
#1281 = AXIS2_PLACEMENT_3D('',#1282,#1283,#1284);
#1282 = CARTESIAN_POINT('',(48.2,0.,5.765));
#1283 = DIRECTION('',(0.,0.,1.));
#1284 = DIRECTION('',(1.,0.,0.));
#1285 = DEFINITIONAL_REPRESENTATION('',(#1286),#1294);
#1286 = ( BOUNDED_CURVE() B_SPLINE_CURVE(2,(#1287,#1288,#1289,#1290,
#1291,#1292,#1293),.UNSPECIFIED.,.T.,.F.) B_SPLINE_CURVE_WITH_KNOTS((1,2
    ,2,2,2,1),(-2.094395102393,0.,2.094395102393,4.188790204786,
6.28318530718,8.377580409573),.UNSPECIFIED.) CURVE() 
GEOMETRIC_REPRESENTATION_ITEM() RATIONAL_B_SPLINE_CURVE((1.,0.5,1.,0.5,
1.,0.5,1.)) REPRESENTATION_ITEM('') );
#1287 = CARTESIAN_POINT('',(1.8,0.));
#1288 = CARTESIAN_POINT('',(1.8,-12.99038105676));
#1289 = CARTESIAN_POINT('',(-9.45,-6.495190528383));
#1290 = CARTESIAN_POINT('',(-20.7,-1.836970198721E-15));
#1291 = CARTESIAN_POINT('',(-9.45,6.495190528383));
#1292 = CARTESIAN_POINT('',(1.8,12.990381056767));
#1293 = CARTESIAN_POINT('',(1.8,0.));
#1294 = ( GEOMETRIC_REPRESENTATION_CONTEXT(2) 
PARAMETRIC_REPRESENTATION_CONTEXT() REPRESENTATION_CONTEXT('2D SPACE',''
  ) );
#1295 = ORIENTED_EDGE('',*,*,#1296,.T.);
#1296 = EDGE_CURVE('',#1264,#1297,#1299,.T.);
#1297 = VERTEX_POINT('',#1298);
#1298 = CARTESIAN_POINT('',(49.971780243021,-0.65,4.985));
#1299 = SURFACE_CURVE('',#1300,(#1304,#1310),.PCURVE_S1.);
#1300 = LINE('',#1301,#1302);
#1301 = CARTESIAN_POINT('',(49.971780243021,-0.65,0.));
#1302 = VECTOR('',#1303,1.);
#1303 = DIRECTION('',(-0.,-0.,-1.));
#1304 = PCURVE('',#110,#1305);
#1305 = DEFINITIONAL_REPRESENTATION('',(#1306),#1309);
#1306 = B_SPLINE_CURVE_WITH_KNOTS('',1,(#1307,#1308),.UNSPECIFIED.,.F.,
  .F.,(2,2),(-5.843,-4.907),.PIECEWISE_BEZIER_KNOTS.);
#1307 = CARTESIAN_POINT('',(-6.196409778329,-5.843));
#1308 = CARTESIAN_POINT('',(-6.196409778329,-4.907));
#1309 = ( GEOMETRIC_REPRESENTATION_CONTEXT(2) 
PARAMETRIC_REPRESENTATION_CONTEXT() REPRESENTATION_CONTEXT('2D SPACE',''
  ) );
#1310 = PCURVE('',#1311,#1316);
#1311 = PLANE('',#1312);
#1312 = AXIS2_PLACEMENT_3D('',#1313,#1314,#1315);
#1313 = CARTESIAN_POINT('',(46.,-0.65,4.985));
#1314 = DIRECTION('',(0.,1.,0.));
#1315 = DIRECTION('',(1.,0.,0.));
#1316 = DEFINITIONAL_REPRESENTATION('',(#1317),#1320);
#1317 = B_SPLINE_CURVE_WITH_KNOTS('',1,(#1318,#1319),.UNSPECIFIED.,.F.,
  .F.,(2,2),(-5.843,-4.907),.PIECEWISE_BEZIER_KNOTS.);
#1318 = CARTESIAN_POINT('',(3.971780243021,-0.858));
#1319 = CARTESIAN_POINT('',(3.971780243021,7.8E-02));
#1320 = ( GEOMETRIC_REPRESENTATION_CONTEXT(2) 
PARAMETRIC_REPRESENTATION_CONTEXT() REPRESENTATION_CONTEXT('2D SPACE',''
  ) );
#1321 = ORIENTED_EDGE('',*,*,#1322,.F.);
#1322 = EDGE_CURVE('',#1323,#1297,#1325,.T.);
#1323 = VERTEX_POINT('',#1324);
#1324 = CARTESIAN_POINT('',(49.971780243021,0.65,4.985));
#1325 = SURFACE_CURVE('',#1326,(#1331,#1338),.PCURVE_S1.);
#1326 = CIRCLE('',#1327,7.5);
#1327 = AXIS2_PLACEMENT_3D('',#1328,#1329,#1330);
#1328 = CARTESIAN_POINT('',(42.5,0.,4.985));
#1329 = DIRECTION('',(0.,0.,-1.));
#1330 = DIRECTION('',(1.,0.,0.));
#1331 = PCURVE('',#110,#1332);
#1332 = DEFINITIONAL_REPRESENTATION('',(#1333),#1337);
#1333 = LINE('',#1334,#1335);
#1334 = CARTESIAN_POINT('',(-12.56637061435,-4.985));
#1335 = VECTOR('',#1336,1.);
#1336 = DIRECTION('',(1.,-0.));
#1337 = ( GEOMETRIC_REPRESENTATION_CONTEXT(2) 
PARAMETRIC_REPRESENTATION_CONTEXT() REPRESENTATION_CONTEXT('2D SPACE',''
  ) );
#1338 = PCURVE('',#1339,#1344);
#1339 = PLANE('',#1340);
#1340 = AXIS2_PLACEMENT_3D('',#1341,#1342,#1343);
#1341 = CARTESIAN_POINT('',(48.2,0.,4.985));
#1342 = DIRECTION('',(0.,0.,1.));
#1343 = DIRECTION('',(1.,0.,0.));
#1344 = DEFINITIONAL_REPRESENTATION('',(#1345),#1353);
#1345 = ( BOUNDED_CURVE() B_SPLINE_CURVE(2,(#1346,#1347,#1348,#1349,
#1350,#1351,#1352),.UNSPECIFIED.,.T.,.F.) B_SPLINE_CURVE_WITH_KNOTS((1,2
    ,2,2,2,1),(-2.094395102393,0.,2.094395102393,4.188790204786,
6.28318530718,8.377580409573),.UNSPECIFIED.) CURVE() 
GEOMETRIC_REPRESENTATION_ITEM() RATIONAL_B_SPLINE_CURVE((1.,0.5,1.,0.5,
1.,0.5,1.)) REPRESENTATION_ITEM('') );
#1346 = CARTESIAN_POINT('',(1.8,0.));
#1347 = CARTESIAN_POINT('',(1.8,-12.99038105676));
#1348 = CARTESIAN_POINT('',(-9.45,-6.495190528383));
#1349 = CARTESIAN_POINT('',(-20.7,-1.836970198721E-15));
#1350 = CARTESIAN_POINT('',(-9.45,6.495190528383));
#1351 = CARTESIAN_POINT('',(1.8,12.990381056767));
#1352 = CARTESIAN_POINT('',(1.8,0.));
#1353 = ( GEOMETRIC_REPRESENTATION_CONTEXT(2) 
PARAMETRIC_REPRESENTATION_CONTEXT() REPRESENTATION_CONTEXT('2D SPACE',''
  ) );
#1354 = ORIENTED_EDGE('',*,*,#1355,.F.);
#1355 = EDGE_CURVE('',#1262,#1323,#1356,.T.);
#1356 = SURFACE_CURVE('',#1357,(#1361,#1367),.PCURVE_S1.);
#1357 = LINE('',#1358,#1359);
#1358 = CARTESIAN_POINT('',(49.971780243021,0.65,0.));
#1359 = VECTOR('',#1360,1.);
#1360 = DIRECTION('',(-0.,-0.,-1.));
#1361 = PCURVE('',#110,#1362);
#1362 = DEFINITIONAL_REPRESENTATION('',(#1363),#1366);
#1363 = B_SPLINE_CURVE_WITH_KNOTS('',1,(#1364,#1365),.UNSPECIFIED.,.F.,
  .F.,(2,2),(-5.843,-4.907),.PIECEWISE_BEZIER_KNOTS.);
#1364 = CARTESIAN_POINT('',(-6.36996083603,-5.843));
#1365 = CARTESIAN_POINT('',(-6.36996083603,-4.907));
#1366 = ( GEOMETRIC_REPRESENTATION_CONTEXT(2) 
PARAMETRIC_REPRESENTATION_CONTEXT() REPRESENTATION_CONTEXT('2D SPACE',''
  ) );
#1367 = PCURVE('',#1368,#1373);
#1368 = PLANE('',#1369);
#1369 = AXIS2_PLACEMENT_3D('',#1370,#1371,#1372);
#1370 = CARTESIAN_POINT('',(50.4,0.65,4.985));
#1371 = DIRECTION('',(0.,-1.,0.));
#1372 = DIRECTION('',(-1.,0.,0.));
#1373 = DEFINITIONAL_REPRESENTATION('',(#1374),#1377);
#1374 = B_SPLINE_CURVE_WITH_KNOTS('',1,(#1375,#1376),.UNSPECIFIED.,.F.,
  .F.,(2,2),(-5.843,-4.907),.PIECEWISE_BEZIER_KNOTS.);
#1375 = CARTESIAN_POINT('',(0.428219756979,-0.858));
#1376 = CARTESIAN_POINT('',(0.428219756979,7.8E-02));
#1377 = ( GEOMETRIC_REPRESENTATION_CONTEXT(2) 
PARAMETRIC_REPRESENTATION_CONTEXT() REPRESENTATION_CONTEXT('2D SPACE',''
  ) );
#1378 = FACE_BOUND('',#1379,.F.);
#1379 = EDGE_LOOP('',(#1380,#1415,#1441,#1474));
#1380 = ORIENTED_EDGE('',*,*,#1381,.T.);
#1381 = EDGE_CURVE('',#1382,#1384,#1386,.T.);
#1382 = VERTEX_POINT('',#1383);
#1383 = CARTESIAN_POINT('',(49.971780243021,0.65,4.715));
#1384 = VERTEX_POINT('',#1385);
#1385 = CARTESIAN_POINT('',(49.971780243021,-0.65,4.715));
#1386 = SURFACE_CURVE('',#1387,(#1392,#1399),.PCURVE_S1.);
#1387 = CIRCLE('',#1388,7.5);
#1388 = AXIS2_PLACEMENT_3D('',#1389,#1390,#1391);
#1389 = CARTESIAN_POINT('',(42.5,0.,4.715));
#1390 = DIRECTION('',(0.,0.,-1.));
#1391 = DIRECTION('',(1.,0.,0.));
#1392 = PCURVE('',#110,#1393);
#1393 = DEFINITIONAL_REPRESENTATION('',(#1394),#1398);
#1394 = LINE('',#1395,#1396);
#1395 = CARTESIAN_POINT('',(-12.56637061435,-4.715));
#1396 = VECTOR('',#1397,1.);
#1397 = DIRECTION('',(1.,-0.));
#1398 = ( GEOMETRIC_REPRESENTATION_CONTEXT(2) 
PARAMETRIC_REPRESENTATION_CONTEXT() REPRESENTATION_CONTEXT('2D SPACE',''
  ) );
#1399 = PCURVE('',#1400,#1405);
#1400 = PLANE('',#1401);
#1401 = AXIS2_PLACEMENT_3D('',#1402,#1403,#1404);
#1402 = CARTESIAN_POINT('',(48.2,0.,4.715));
#1403 = DIRECTION('',(0.,0.,1.));
#1404 = DIRECTION('',(1.,0.,0.));
#1405 = DEFINITIONAL_REPRESENTATION('',(#1406),#1414);
#1406 = ( BOUNDED_CURVE() B_SPLINE_CURVE(2,(#1407,#1408,#1409,#1410,
#1411,#1412,#1413),.UNSPECIFIED.,.T.,.F.) B_SPLINE_CURVE_WITH_KNOTS((1,2
    ,2,2,2,1),(-2.094395102393,0.,2.094395102393,4.188790204786,
6.28318530718,8.377580409573),.UNSPECIFIED.) CURVE() 
GEOMETRIC_REPRESENTATION_ITEM() RATIONAL_B_SPLINE_CURVE((1.,0.5,1.,0.5,
1.,0.5,1.)) REPRESENTATION_ITEM('') );
#1407 = CARTESIAN_POINT('',(1.8,0.));
#1408 = CARTESIAN_POINT('',(1.8,-12.99038105676));
#1409 = CARTESIAN_POINT('',(-9.45,-6.495190528383));
#1410 = CARTESIAN_POINT('',(-20.7,-1.836970198721E-15));
#1411 = CARTESIAN_POINT('',(-9.45,6.495190528383));
#1412 = CARTESIAN_POINT('',(1.8,12.990381056767));
#1413 = CARTESIAN_POINT('',(1.8,0.));
#1414 = ( GEOMETRIC_REPRESENTATION_CONTEXT(2) 
PARAMETRIC_REPRESENTATION_CONTEXT() REPRESENTATION_CONTEXT('2D SPACE',''
  ) );
#1415 = ORIENTED_EDGE('',*,*,#1416,.T.);
#1416 = EDGE_CURVE('',#1384,#1417,#1419,.T.);
#1417 = VERTEX_POINT('',#1418);
#1418 = CARTESIAN_POINT('',(49.971780243021,-0.65,3.935));
#1419 = SURFACE_CURVE('',#1420,(#1424,#1430),.PCURVE_S1.);
#1420 = LINE('',#1421,#1422);
#1421 = CARTESIAN_POINT('',(49.971780243021,-0.65,0.));
#1422 = VECTOR('',#1423,1.);
#1423 = DIRECTION('',(-0.,-0.,-1.));
#1424 = PCURVE('',#110,#1425);
#1425 = DEFINITIONAL_REPRESENTATION('',(#1426),#1429);
#1426 = B_SPLINE_CURVE_WITH_KNOTS('',1,(#1427,#1428),.UNSPECIFIED.,.F.,
  .F.,(2,2),(-4.793,-3.857),.PIECEWISE_BEZIER_KNOTS.);
#1427 = CARTESIAN_POINT('',(-6.196409778329,-4.793));
#1428 = CARTESIAN_POINT('',(-6.196409778329,-3.857));
#1429 = ( GEOMETRIC_REPRESENTATION_CONTEXT(2) 
PARAMETRIC_REPRESENTATION_CONTEXT() REPRESENTATION_CONTEXT('2D SPACE',''
  ) );
#1430 = PCURVE('',#1431,#1436);
#1431 = PLANE('',#1432);
#1432 = AXIS2_PLACEMENT_3D('',#1433,#1434,#1435);
#1433 = CARTESIAN_POINT('',(46.,-0.65,3.935));
#1434 = DIRECTION('',(0.,1.,0.));
#1435 = DIRECTION('',(1.,0.,0.));
#1436 = DEFINITIONAL_REPRESENTATION('',(#1437),#1440);
#1437 = B_SPLINE_CURVE_WITH_KNOTS('',1,(#1438,#1439),.UNSPECIFIED.,.F.,
  .F.,(2,2),(-4.793,-3.857),.PIECEWISE_BEZIER_KNOTS.);
#1438 = CARTESIAN_POINT('',(3.971780243021,-0.858));
#1439 = CARTESIAN_POINT('',(3.971780243021,7.8E-02));
#1440 = ( GEOMETRIC_REPRESENTATION_CONTEXT(2) 
PARAMETRIC_REPRESENTATION_CONTEXT() REPRESENTATION_CONTEXT('2D SPACE',''
  ) );
#1441 = ORIENTED_EDGE('',*,*,#1442,.F.);
#1442 = EDGE_CURVE('',#1443,#1417,#1445,.T.);
#1443 = VERTEX_POINT('',#1444);
#1444 = CARTESIAN_POINT('',(49.971780243021,0.65,3.935));
#1445 = SURFACE_CURVE('',#1446,(#1451,#1458),.PCURVE_S1.);
#1446 = CIRCLE('',#1447,7.5);
#1447 = AXIS2_PLACEMENT_3D('',#1448,#1449,#1450);
#1448 = CARTESIAN_POINT('',(42.5,0.,3.935));
#1449 = DIRECTION('',(0.,0.,-1.));
#1450 = DIRECTION('',(1.,0.,0.));
#1451 = PCURVE('',#110,#1452);
#1452 = DEFINITIONAL_REPRESENTATION('',(#1453),#1457);
#1453 = LINE('',#1454,#1455);
#1454 = CARTESIAN_POINT('',(-12.56637061435,-3.935));
#1455 = VECTOR('',#1456,1.);
#1456 = DIRECTION('',(1.,-0.));
#1457 = ( GEOMETRIC_REPRESENTATION_CONTEXT(2) 
PARAMETRIC_REPRESENTATION_CONTEXT() REPRESENTATION_CONTEXT('2D SPACE',''
  ) );
#1458 = PCURVE('',#1459,#1464);
#1459 = PLANE('',#1460);
#1460 = AXIS2_PLACEMENT_3D('',#1461,#1462,#1463);
#1461 = CARTESIAN_POINT('',(48.2,0.,3.935));
#1462 = DIRECTION('',(0.,0.,1.));
#1463 = DIRECTION('',(1.,0.,0.));
#1464 = DEFINITIONAL_REPRESENTATION('',(#1465),#1473);
#1465 = ( BOUNDED_CURVE() B_SPLINE_CURVE(2,(#1466,#1467,#1468,#1469,
#1470,#1471,#1472),.UNSPECIFIED.,.T.,.F.) B_SPLINE_CURVE_WITH_KNOTS((1,2
    ,2,2,2,1),(-2.094395102393,0.,2.094395102393,4.188790204786,
6.28318530718,8.377580409573),.UNSPECIFIED.) CURVE() 
GEOMETRIC_REPRESENTATION_ITEM() RATIONAL_B_SPLINE_CURVE((1.,0.5,1.,0.5,
1.,0.5,1.)) REPRESENTATION_ITEM('') );
#1466 = CARTESIAN_POINT('',(1.8,0.));
#1467 = CARTESIAN_POINT('',(1.8,-12.99038105676));
#1468 = CARTESIAN_POINT('',(-9.45,-6.495190528383));
#1469 = CARTESIAN_POINT('',(-20.7,-1.836970198721E-15));
#1470 = CARTESIAN_POINT('',(-9.45,6.495190528383));
#1471 = CARTESIAN_POINT('',(1.8,12.990381056767));
#1472 = CARTESIAN_POINT('',(1.8,0.));
#1473 = ( GEOMETRIC_REPRESENTATION_CONTEXT(2) 
PARAMETRIC_REPRESENTATION_CONTEXT() REPRESENTATION_CONTEXT('2D SPACE',''
  ) );
#1474 = ORIENTED_EDGE('',*,*,#1475,.F.);
#1475 = EDGE_CURVE('',#1382,#1443,#1476,.T.);
#1476 = SURFACE_CURVE('',#1477,(#1481,#1487),.PCURVE_S1.);
#1477 = LINE('',#1478,#1479);
#1478 = CARTESIAN_POINT('',(49.971780243021,0.65,0.));
#1479 = VECTOR('',#1480,1.);
#1480 = DIRECTION('',(-0.,-0.,-1.));
#1481 = PCURVE('',#110,#1482);
#1482 = DEFINITIONAL_REPRESENTATION('',(#1483),#1486);
#1483 = B_SPLINE_CURVE_WITH_KNOTS('',1,(#1484,#1485),.UNSPECIFIED.,.F.,
  .F.,(2,2),(-4.793,-3.857),.PIECEWISE_BEZIER_KNOTS.);
#1484 = CARTESIAN_POINT('',(-6.36996083603,-4.793));
#1485 = CARTESIAN_POINT('',(-6.36996083603,-3.857));
#1486 = ( GEOMETRIC_REPRESENTATION_CONTEXT(2) 
PARAMETRIC_REPRESENTATION_CONTEXT() REPRESENTATION_CONTEXT('2D SPACE',''
  ) );
#1487 = PCURVE('',#1488,#1493);
#1488 = PLANE('',#1489);
#1489 = AXIS2_PLACEMENT_3D('',#1490,#1491,#1492);
#1490 = CARTESIAN_POINT('',(50.4,0.65,3.935));
#1491 = DIRECTION('',(0.,-1.,0.));
#1492 = DIRECTION('',(-1.,0.,0.));
#1493 = DEFINITIONAL_REPRESENTATION('',(#1494),#1497);
#1494 = B_SPLINE_CURVE_WITH_KNOTS('',1,(#1495,#1496),.UNSPECIFIED.,.F.,
  .F.,(2,2),(-4.793,-3.857),.PIECEWISE_BEZIER_KNOTS.);
#1495 = CARTESIAN_POINT('',(0.428219756979,-0.858));
#1496 = CARTESIAN_POINT('',(0.428219756979,7.8E-02));
#1497 = ( GEOMETRIC_REPRESENTATION_CONTEXT(2) 
PARAMETRIC_REPRESENTATION_CONTEXT() REPRESENTATION_CONTEXT('2D SPACE',''
  ) );
#1498 = FACE_BOUND('',#1499,.F.);
#1499 = EDGE_LOOP('',(#1500,#1535,#1561,#1594));
#1500 = ORIENTED_EDGE('',*,*,#1501,.T.);
#1501 = EDGE_CURVE('',#1502,#1504,#1506,.T.);
#1502 = VERTEX_POINT('',#1503);
#1503 = CARTESIAN_POINT('',(49.971780243021,0.65,3.665));
#1504 = VERTEX_POINT('',#1505);
#1505 = CARTESIAN_POINT('',(49.971780243021,-0.65,3.665));
#1506 = SURFACE_CURVE('',#1507,(#1512,#1519),.PCURVE_S1.);
#1507 = CIRCLE('',#1508,7.5);
#1508 = AXIS2_PLACEMENT_3D('',#1509,#1510,#1511);
#1509 = CARTESIAN_POINT('',(42.5,0.,3.665));
#1510 = DIRECTION('',(0.,0.,-1.));
#1511 = DIRECTION('',(1.,0.,0.));
#1512 = PCURVE('',#110,#1513);
#1513 = DEFINITIONAL_REPRESENTATION('',(#1514),#1518);
#1514 = LINE('',#1515,#1516);
#1515 = CARTESIAN_POINT('',(-12.56637061435,-3.665));
#1516 = VECTOR('',#1517,1.);
#1517 = DIRECTION('',(1.,-0.));
#1518 = ( GEOMETRIC_REPRESENTATION_CONTEXT(2) 
PARAMETRIC_REPRESENTATION_CONTEXT() REPRESENTATION_CONTEXT('2D SPACE',''
  ) );
#1519 = PCURVE('',#1520,#1525);
#1520 = PLANE('',#1521);
#1521 = AXIS2_PLACEMENT_3D('',#1522,#1523,#1524);
#1522 = CARTESIAN_POINT('',(48.2,0.,3.665));
#1523 = DIRECTION('',(0.,0.,1.));
#1524 = DIRECTION('',(1.,0.,0.));
#1525 = DEFINITIONAL_REPRESENTATION('',(#1526),#1534);
#1526 = ( BOUNDED_CURVE() B_SPLINE_CURVE(2,(#1527,#1528,#1529,#1530,
#1531,#1532,#1533),.UNSPECIFIED.,.T.,.F.) B_SPLINE_CURVE_WITH_KNOTS((1,2
    ,2,2,2,1),(-2.094395102393,0.,2.094395102393,4.188790204786,
6.28318530718,8.377580409573),.UNSPECIFIED.) CURVE() 
GEOMETRIC_REPRESENTATION_ITEM() RATIONAL_B_SPLINE_CURVE((1.,0.5,1.,0.5,
1.,0.5,1.)) REPRESENTATION_ITEM('') );
#1527 = CARTESIAN_POINT('',(1.8,0.));
#1528 = CARTESIAN_POINT('',(1.8,-12.99038105676));
#1529 = CARTESIAN_POINT('',(-9.45,-6.495190528383));
#1530 = CARTESIAN_POINT('',(-20.7,-1.836970198721E-15));
#1531 = CARTESIAN_POINT('',(-9.45,6.495190528383));
#1532 = CARTESIAN_POINT('',(1.8,12.990381056767));
#1533 = CARTESIAN_POINT('',(1.8,0.));
#1534 = ( GEOMETRIC_REPRESENTATION_CONTEXT(2) 
PARAMETRIC_REPRESENTATION_CONTEXT() REPRESENTATION_CONTEXT('2D SPACE',''
  ) );
#1535 = ORIENTED_EDGE('',*,*,#1536,.T.);
#1536 = EDGE_CURVE('',#1504,#1537,#1539,.T.);
#1537 = VERTEX_POINT('',#1538);
#1538 = CARTESIAN_POINT('',(49.971780243021,-0.65,2.885));
#1539 = SURFACE_CURVE('',#1540,(#1544,#1550),.PCURVE_S1.);
#1540 = LINE('',#1541,#1542);
#1541 = CARTESIAN_POINT('',(49.971780243021,-0.65,0.));
#1542 = VECTOR('',#1543,1.);
#1543 = DIRECTION('',(-0.,-0.,-1.));
#1544 = PCURVE('',#110,#1545);
#1545 = DEFINITIONAL_REPRESENTATION('',(#1546),#1549);
#1546 = B_SPLINE_CURVE_WITH_KNOTS('',1,(#1547,#1548),.UNSPECIFIED.,.F.,
  .F.,(2,2),(-3.743,-2.807),.PIECEWISE_BEZIER_KNOTS.);
#1547 = CARTESIAN_POINT('',(-6.196409778329,-3.743));
#1548 = CARTESIAN_POINT('',(-6.196409778329,-2.807));
#1549 = ( GEOMETRIC_REPRESENTATION_CONTEXT(2) 
PARAMETRIC_REPRESENTATION_CONTEXT() REPRESENTATION_CONTEXT('2D SPACE',''
  ) );
#1550 = PCURVE('',#1551,#1556);
#1551 = PLANE('',#1552);
#1552 = AXIS2_PLACEMENT_3D('',#1553,#1554,#1555);
#1553 = CARTESIAN_POINT('',(46.,-0.65,2.885));
#1554 = DIRECTION('',(0.,1.,0.));
#1555 = DIRECTION('',(1.,0.,0.));
#1556 = DEFINITIONAL_REPRESENTATION('',(#1557),#1560);
#1557 = B_SPLINE_CURVE_WITH_KNOTS('',1,(#1558,#1559),.UNSPECIFIED.,.F.,
  .F.,(2,2),(-3.743,-2.807),.PIECEWISE_BEZIER_KNOTS.);
#1558 = CARTESIAN_POINT('',(3.971780243021,-0.858));
#1559 = CARTESIAN_POINT('',(3.971780243021,7.8E-02));
#1560 = ( GEOMETRIC_REPRESENTATION_CONTEXT(2) 
PARAMETRIC_REPRESENTATION_CONTEXT() REPRESENTATION_CONTEXT('2D SPACE',''
  ) );
#1561 = ORIENTED_EDGE('',*,*,#1562,.F.);
#1562 = EDGE_CURVE('',#1563,#1537,#1565,.T.);
#1563 = VERTEX_POINT('',#1564);
#1564 = CARTESIAN_POINT('',(49.971780243021,0.65,2.885));
#1565 = SURFACE_CURVE('',#1566,(#1571,#1578),.PCURVE_S1.);
#1566 = CIRCLE('',#1567,7.5);
#1567 = AXIS2_PLACEMENT_3D('',#1568,#1569,#1570);
#1568 = CARTESIAN_POINT('',(42.5,0.,2.885));
#1569 = DIRECTION('',(0.,0.,-1.));
#1570 = DIRECTION('',(1.,0.,0.));
#1571 = PCURVE('',#110,#1572);
#1572 = DEFINITIONAL_REPRESENTATION('',(#1573),#1577);
#1573 = LINE('',#1574,#1575);
#1574 = CARTESIAN_POINT('',(-12.56637061435,-2.885));
#1575 = VECTOR('',#1576,1.);
#1576 = DIRECTION('',(1.,-0.));
#1577 = ( GEOMETRIC_REPRESENTATION_CONTEXT(2) 
PARAMETRIC_REPRESENTATION_CONTEXT() REPRESENTATION_CONTEXT('2D SPACE',''
  ) );
#1578 = PCURVE('',#1579,#1584);
#1579 = PLANE('',#1580);
#1580 = AXIS2_PLACEMENT_3D('',#1581,#1582,#1583);
#1581 = CARTESIAN_POINT('',(48.2,0.,2.885));
#1582 = DIRECTION('',(0.,0.,1.));
#1583 = DIRECTION('',(1.,0.,0.));
#1584 = DEFINITIONAL_REPRESENTATION('',(#1585),#1593);
#1585 = ( BOUNDED_CURVE() B_SPLINE_CURVE(2,(#1586,#1587,#1588,#1589,
#1590,#1591,#1592),.UNSPECIFIED.,.T.,.F.) B_SPLINE_CURVE_WITH_KNOTS((1,2
    ,2,2,2,1),(-2.094395102393,0.,2.094395102393,4.188790204786,
6.28318530718,8.377580409573),.UNSPECIFIED.) CURVE() 
GEOMETRIC_REPRESENTATION_ITEM() RATIONAL_B_SPLINE_CURVE((1.,0.5,1.,0.5,
1.,0.5,1.)) REPRESENTATION_ITEM('') );
#1586 = CARTESIAN_POINT('',(1.8,0.));
#1587 = CARTESIAN_POINT('',(1.8,-12.99038105676));
#1588 = CARTESIAN_POINT('',(-9.45,-6.495190528383));
#1589 = CARTESIAN_POINT('',(-20.7,-1.836970198721E-15));
#1590 = CARTESIAN_POINT('',(-9.45,6.495190528383));
#1591 = CARTESIAN_POINT('',(1.8,12.990381056767));
#1592 = CARTESIAN_POINT('',(1.8,0.));
#1593 = ( GEOMETRIC_REPRESENTATION_CONTEXT(2) 
PARAMETRIC_REPRESENTATION_CONTEXT() REPRESENTATION_CONTEXT('2D SPACE',''
  ) );
#1594 = ORIENTED_EDGE('',*,*,#1595,.F.);
#1595 = EDGE_CURVE('',#1502,#1563,#1596,.T.);
#1596 = SURFACE_CURVE('',#1597,(#1601,#1607),.PCURVE_S1.);
#1597 = LINE('',#1598,#1599);
#1598 = CARTESIAN_POINT('',(49.971780243021,0.65,0.));
#1599 = VECTOR('',#1600,1.);
#1600 = DIRECTION('',(-0.,-0.,-1.));
#1601 = PCURVE('',#110,#1602);
#1602 = DEFINITIONAL_REPRESENTATION('',(#1603),#1606);
#1603 = B_SPLINE_CURVE_WITH_KNOTS('',1,(#1604,#1605),.UNSPECIFIED.,.F.,
  .F.,(2,2),(-3.743,-2.807),.PIECEWISE_BEZIER_KNOTS.);
#1604 = CARTESIAN_POINT('',(-6.36996083603,-3.743));
#1605 = CARTESIAN_POINT('',(-6.36996083603,-2.807));
#1606 = ( GEOMETRIC_REPRESENTATION_CONTEXT(2) 
PARAMETRIC_REPRESENTATION_CONTEXT() REPRESENTATION_CONTEXT('2D SPACE',''
  ) );
#1607 = PCURVE('',#1608,#1613);
#1608 = PLANE('',#1609);
#1609 = AXIS2_PLACEMENT_3D('',#1610,#1611,#1612);
#1610 = CARTESIAN_POINT('',(50.4,0.65,2.885));
#1611 = DIRECTION('',(0.,-1.,0.));
#1612 = DIRECTION('',(-1.,0.,0.));
#1613 = DEFINITIONAL_REPRESENTATION('',(#1614),#1617);
#1614 = B_SPLINE_CURVE_WITH_KNOTS('',1,(#1615,#1616),.UNSPECIFIED.,.F.,
  .F.,(2,2),(-3.743,-2.807),.PIECEWISE_BEZIER_KNOTS.);
#1615 = CARTESIAN_POINT('',(0.428219756979,-0.858));
#1616 = CARTESIAN_POINT('',(0.428219756979,7.8E-02));
#1617 = ( GEOMETRIC_REPRESENTATION_CONTEXT(2) 
PARAMETRIC_REPRESENTATION_CONTEXT() REPRESENTATION_CONTEXT('2D SPACE',''
  ) );
#1618 = FACE_BOUND('',#1619,.F.);
#1619 = EDGE_LOOP('',(#1620,#1655,#1681,#1714));
#1620 = ORIENTED_EDGE('',*,*,#1621,.T.);
#1621 = EDGE_CURVE('',#1622,#1624,#1626,.T.);
#1622 = VERTEX_POINT('',#1623);
#1623 = CARTESIAN_POINT('',(49.971780243021,0.65,2.615));
#1624 = VERTEX_POINT('',#1625);
#1625 = CARTESIAN_POINT('',(49.971780243021,-0.65,2.615));
#1626 = SURFACE_CURVE('',#1627,(#1632,#1639),.PCURVE_S1.);
#1627 = CIRCLE('',#1628,7.5);
#1628 = AXIS2_PLACEMENT_3D('',#1629,#1630,#1631);
#1629 = CARTESIAN_POINT('',(42.5,0.,2.615));
#1630 = DIRECTION('',(0.,0.,-1.));
#1631 = DIRECTION('',(1.,0.,0.));
#1632 = PCURVE('',#110,#1633);
#1633 = DEFINITIONAL_REPRESENTATION('',(#1634),#1638);
#1634 = LINE('',#1635,#1636);
#1635 = CARTESIAN_POINT('',(-12.56637061435,-2.615));
#1636 = VECTOR('',#1637,1.);
#1637 = DIRECTION('',(1.,-0.));
#1638 = ( GEOMETRIC_REPRESENTATION_CONTEXT(2) 
PARAMETRIC_REPRESENTATION_CONTEXT() REPRESENTATION_CONTEXT('2D SPACE',''
  ) );
#1639 = PCURVE('',#1640,#1645);
#1640 = PLANE('',#1641);
#1641 = AXIS2_PLACEMENT_3D('',#1642,#1643,#1644);
#1642 = CARTESIAN_POINT('',(48.2,0.,2.615));
#1643 = DIRECTION('',(0.,0.,1.));
#1644 = DIRECTION('',(1.,0.,0.));
#1645 = DEFINITIONAL_REPRESENTATION('',(#1646),#1654);
#1646 = ( BOUNDED_CURVE() B_SPLINE_CURVE(2,(#1647,#1648,#1649,#1650,
#1651,#1652,#1653),.UNSPECIFIED.,.T.,.F.) B_SPLINE_CURVE_WITH_KNOTS((1,2
    ,2,2,2,1),(-2.094395102393,0.,2.094395102393,4.188790204786,
6.28318530718,8.377580409573),.UNSPECIFIED.) CURVE() 
GEOMETRIC_REPRESENTATION_ITEM() RATIONAL_B_SPLINE_CURVE((1.,0.5,1.,0.5,
1.,0.5,1.)) REPRESENTATION_ITEM('') );
#1647 = CARTESIAN_POINT('',(1.8,0.));
#1648 = CARTESIAN_POINT('',(1.8,-12.99038105676));
#1649 = CARTESIAN_POINT('',(-9.45,-6.495190528383));
#1650 = CARTESIAN_POINT('',(-20.7,-1.836970198721E-15));
#1651 = CARTESIAN_POINT('',(-9.45,6.495190528383));
#1652 = CARTESIAN_POINT('',(1.8,12.990381056767));
#1653 = CARTESIAN_POINT('',(1.8,0.));
#1654 = ( GEOMETRIC_REPRESENTATION_CONTEXT(2) 
PARAMETRIC_REPRESENTATION_CONTEXT() REPRESENTATION_CONTEXT('2D SPACE',''
  ) );
#1655 = ORIENTED_EDGE('',*,*,#1656,.T.);
#1656 = EDGE_CURVE('',#1624,#1657,#1659,.T.);
#1657 = VERTEX_POINT('',#1658);
#1658 = CARTESIAN_POINT('',(49.971780243021,-0.65,1.835));
#1659 = SURFACE_CURVE('',#1660,(#1664,#1670),.PCURVE_S1.);
#1660 = LINE('',#1661,#1662);
#1661 = CARTESIAN_POINT('',(49.971780243021,-0.65,0.));
#1662 = VECTOR('',#1663,1.);
#1663 = DIRECTION('',(-0.,-0.,-1.));
#1664 = PCURVE('',#110,#1665);
#1665 = DEFINITIONAL_REPRESENTATION('',(#1666),#1669);
#1666 = B_SPLINE_CURVE_WITH_KNOTS('',1,(#1667,#1668),.UNSPECIFIED.,.F.,
  .F.,(2,2),(-2.693,-1.757),.PIECEWISE_BEZIER_KNOTS.);
#1667 = CARTESIAN_POINT('',(-6.196409778329,-2.693));
#1668 = CARTESIAN_POINT('',(-6.196409778329,-1.757));
#1669 = ( GEOMETRIC_REPRESENTATION_CONTEXT(2) 
PARAMETRIC_REPRESENTATION_CONTEXT() REPRESENTATION_CONTEXT('2D SPACE',''
  ) );
#1670 = PCURVE('',#1671,#1676);
#1671 = PLANE('',#1672);
#1672 = AXIS2_PLACEMENT_3D('',#1673,#1674,#1675);
#1673 = CARTESIAN_POINT('',(46.,-0.65,1.835));
#1674 = DIRECTION('',(0.,1.,0.));
#1675 = DIRECTION('',(1.,0.,0.));
#1676 = DEFINITIONAL_REPRESENTATION('',(#1677),#1680);
#1677 = B_SPLINE_CURVE_WITH_KNOTS('',1,(#1678,#1679),.UNSPECIFIED.,.F.,
  .F.,(2,2),(-2.693,-1.757),.PIECEWISE_BEZIER_KNOTS.);
#1678 = CARTESIAN_POINT('',(3.971780243021,-0.858));
#1679 = CARTESIAN_POINT('',(3.971780243021,7.8E-02));
#1680 = ( GEOMETRIC_REPRESENTATION_CONTEXT(2) 
PARAMETRIC_REPRESENTATION_CONTEXT() REPRESENTATION_CONTEXT('2D SPACE',''
  ) );
#1681 = ORIENTED_EDGE('',*,*,#1682,.F.);
#1682 = EDGE_CURVE('',#1683,#1657,#1685,.T.);
#1683 = VERTEX_POINT('',#1684);
#1684 = CARTESIAN_POINT('',(49.971780243021,0.65,1.835));
#1685 = SURFACE_CURVE('',#1686,(#1691,#1698),.PCURVE_S1.);
#1686 = CIRCLE('',#1687,7.5);
#1687 = AXIS2_PLACEMENT_3D('',#1688,#1689,#1690);
#1688 = CARTESIAN_POINT('',(42.5,0.,1.835));
#1689 = DIRECTION('',(0.,0.,-1.));
#1690 = DIRECTION('',(1.,0.,0.));
#1691 = PCURVE('',#110,#1692);
#1692 = DEFINITIONAL_REPRESENTATION('',(#1693),#1697);
#1693 = LINE('',#1694,#1695);
#1694 = CARTESIAN_POINT('',(-12.56637061435,-1.835));
#1695 = VECTOR('',#1696,1.);
#1696 = DIRECTION('',(1.,-0.));
#1697 = ( GEOMETRIC_REPRESENTATION_CONTEXT(2) 
PARAMETRIC_REPRESENTATION_CONTEXT() REPRESENTATION_CONTEXT('2D SPACE',''
  ) );
#1698 = PCURVE('',#1699,#1704);
#1699 = PLANE('',#1700);
#1700 = AXIS2_PLACEMENT_3D('',#1701,#1702,#1703);
#1701 = CARTESIAN_POINT('',(48.2,0.,1.835));
#1702 = DIRECTION('',(0.,0.,1.));
#1703 = DIRECTION('',(1.,0.,0.));
#1704 = DEFINITIONAL_REPRESENTATION('',(#1705),#1713);
#1705 = ( BOUNDED_CURVE() B_SPLINE_CURVE(2,(#1706,#1707,#1708,#1709,
#1710,#1711,#1712),.UNSPECIFIED.,.T.,.F.) B_SPLINE_CURVE_WITH_KNOTS((1,2
    ,2,2,2,1),(-2.094395102393,0.,2.094395102393,4.188790204786,
6.28318530718,8.377580409573),.UNSPECIFIED.) CURVE() 
GEOMETRIC_REPRESENTATION_ITEM() RATIONAL_B_SPLINE_CURVE((1.,0.5,1.,0.5,
1.,0.5,1.)) REPRESENTATION_ITEM('') );
#1706 = CARTESIAN_POINT('',(1.8,0.));
#1707 = CARTESIAN_POINT('',(1.8,-12.99038105676));
#1708 = CARTESIAN_POINT('',(-9.45,-6.495190528383));
#1709 = CARTESIAN_POINT('',(-20.7,-1.836970198721E-15));
#1710 = CARTESIAN_POINT('',(-9.45,6.495190528383));
#1711 = CARTESIAN_POINT('',(1.8,12.990381056767));
#1712 = CARTESIAN_POINT('',(1.8,0.));
#1713 = ( GEOMETRIC_REPRESENTATION_CONTEXT(2) 
PARAMETRIC_REPRESENTATION_CONTEXT() REPRESENTATION_CONTEXT('2D SPACE',''
  ) );
#1714 = ORIENTED_EDGE('',*,*,#1715,.F.);
#1715 = EDGE_CURVE('',#1622,#1683,#1716,.T.);
#1716 = SURFACE_CURVE('',#1717,(#1721,#1727),.PCURVE_S1.);
#1717 = LINE('',#1718,#1719);
#1718 = CARTESIAN_POINT('',(49.971780243021,0.65,0.));
#1719 = VECTOR('',#1720,1.);
#1720 = DIRECTION('',(-0.,-0.,-1.));
#1721 = PCURVE('',#110,#1722);
#1722 = DEFINITIONAL_REPRESENTATION('',(#1723),#1726);
#1723 = B_SPLINE_CURVE_WITH_KNOTS('',1,(#1724,#1725),.UNSPECIFIED.,.F.,
  .F.,(2,2),(-2.693,-1.757),.PIECEWISE_BEZIER_KNOTS.);
#1724 = CARTESIAN_POINT('',(-6.36996083603,-2.693));
#1725 = CARTESIAN_POINT('',(-6.36996083603,-1.757));
#1726 = ( GEOMETRIC_REPRESENTATION_CONTEXT(2) 
PARAMETRIC_REPRESENTATION_CONTEXT() REPRESENTATION_CONTEXT('2D SPACE',''
  ) );
#1727 = PCURVE('',#1728,#1733);
#1728 = PLANE('',#1729);
#1729 = AXIS2_PLACEMENT_3D('',#1730,#1731,#1732);
#1730 = CARTESIAN_POINT('',(50.4,0.65,1.835));
#1731 = DIRECTION('',(0.,-1.,0.));
#1732 = DIRECTION('',(-1.,0.,0.));
#1733 = DEFINITIONAL_REPRESENTATION('',(#1734),#1737);
#1734 = B_SPLINE_CURVE_WITH_KNOTS('',1,(#1735,#1736),.UNSPECIFIED.,.F.,
  .F.,(2,2),(-2.693,-1.757),.PIECEWISE_BEZIER_KNOTS.);
#1735 = CARTESIAN_POINT('',(0.428219756979,-0.858));
#1736 = CARTESIAN_POINT('',(0.428219756979,7.8E-02));
#1737 = ( GEOMETRIC_REPRESENTATION_CONTEXT(2) 
PARAMETRIC_REPRESENTATION_CONTEXT() REPRESENTATION_CONTEXT('2D SPACE',''
  ) );
#1738 = ADVANCED_FACE('',(#1739),#723,.T.);
#1739 = FACE_BOUND('',#1740,.F.);
#1740 = EDGE_LOOP('',(#1741,#1764,#1790,#1791));
#1741 = ORIENTED_EDGE('',*,*,#1742,.F.);
#1742 = EDGE_CURVE('',#1743,#675,#1745,.T.);
#1743 = VERTEX_POINT('',#1744);
#1744 = CARTESIAN_POINT('',(9.383836453955,-18.48108521207,8.));
#1745 = SURFACE_CURVE('',#1746,(#1750,#1757),.PCURVE_S1.);
#1746 = LINE('',#1747,#1748);
#1747 = CARTESIAN_POINT('',(9.383836453955,-18.48108521207,0.));
#1748 = VECTOR('',#1749,1.);
#1749 = DIRECTION('',(0.,0.,-1.));
#1750 = PCURVE('',#723,#1751);
#1751 = DEFINITIONAL_REPRESENTATION('',(#1752),#1756);
#1752 = LINE('',#1753,#1754);
#1753 = CARTESIAN_POINT('',(-1.414254045752,0.));
#1754 = VECTOR('',#1755,1.);
#1755 = DIRECTION('',(-0.,1.));
#1756 = ( GEOMETRIC_REPRESENTATION_CONTEXT(2) 
PARAMETRIC_REPRESENTATION_CONTEXT() REPRESENTATION_CONTEXT('2D SPACE',''
  ) );
#1757 = PCURVE('',#690,#1758);
#1758 = DEFINITIONAL_REPRESENTATION('',(#1759),#1763);
#1759 = LINE('',#1760,#1761);
#1760 = CARTESIAN_POINT('',(24.092677463803,0.));
#1761 = VECTOR('',#1762,1.);
#1762 = DIRECTION('',(0.,1.));
#1763 = ( GEOMETRIC_REPRESENTATION_CONTEXT(2) 
PARAMETRIC_REPRESENTATION_CONTEXT() REPRESENTATION_CONTEXT('2D SPACE',''
  ) );
#1764 = ORIENTED_EDGE('',*,*,#1765,.F.);
#1765 = EDGE_CURVE('',#926,#1743,#1766,.T.);
#1766 = SURFACE_CURVE('',#1767,(#1772,#1779),.PCURVE_S1.);
#1767 = CIRCLE('',#1768,9.5);
#1768 = AXIS2_PLACEMENT_3D('',#1769,#1770,#1771);
#1769 = CARTESIAN_POINT('',(-3.774758283726E-15,-17.,8.));
#1770 = DIRECTION('',(0.,-0.,-1.));
#1771 = DIRECTION('',(-0.987772258311,-0.155903706534,0.));
#1772 = PCURVE('',#723,#1773);
#1773 = DEFINITIONAL_REPRESENTATION('',(#1774),#1778);
#1774 = LINE('',#1775,#1776);
#1775 = CARTESIAN_POINT('',(-4.868931261427,-8.));
#1776 = VECTOR('',#1777,1.);
#1777 = DIRECTION('',(1.,-0.));
#1778 = ( GEOMETRIC_REPRESENTATION_CONTEXT(2) 
PARAMETRIC_REPRESENTATION_CONTEXT() REPRESENTATION_CONTEXT('2D SPACE',''
  ) );
#1779 = PCURVE('',#834,#1780);
#1780 = DEFINITIONAL_REPRESENTATION('',(#1781),#1789);
#1781 = ( BOUNDED_CURVE() B_SPLINE_CURVE(2,(#1782,#1783,#1784,#1785,
#1786,#1787,#1788),.UNSPECIFIED.,.T.,.F.) B_SPLINE_CURVE_WITH_KNOTS((1,2
    ,2,2,2,1),(-2.094395102393,0.,2.094395102393,4.188790204786,
6.28318530718,8.377580409573),.UNSPECIFIED.) CURVE() 
GEOMETRIC_REPRESENTATION_ITEM() RATIONAL_B_SPLINE_CURVE((1.,0.5,1.,0.5,
1.,0.5,1.)) REPRESENTATION_ITEM('') );
#1782 = CARTESIAN_POINT('',(-26.38383645395,-18.48108521207));
#1783 = CARTESIAN_POINT('',(-28.9491512916,-2.227803703908));
#1784 = CARTESIAN_POINT('',(-13.59073919184,-8.132816639879));
#1785 = CARTESIAN_POINT('',(1.76767290791,-14.03782957585));
#1786 = CARTESIAN_POINT('',(-11.02542435419,-24.38609814804));
#1787 = CARTESIAN_POINT('',(-23.8185216163,-34.73436672024));
#1788 = CARTESIAN_POINT('',(-26.38383645395,-18.48108521207));
#1789 = ( GEOMETRIC_REPRESENTATION_CONTEXT(2) 
PARAMETRIC_REPRESENTATION_CONTEXT() REPRESENTATION_CONTEXT('2D SPACE',''
  ) );
#1790 = ORIENTED_EDGE('',*,*,#925,.T.);
#1791 = ORIENTED_EDGE('',*,*,#702,.T.);
#1792 = ADVANCED_FACE('',(#1793),#138,.F.);
#1793 = FACE_BOUND('',#1794,.F.);
#1794 = EDGE_LOOP('',(#1795,#1796,#1797,#1820));
#1795 = ORIENTED_EDGE('',*,*,#122,.F.);
#1796 = ORIENTED_EDGE('',*,*,#998,.T.);
#1797 = ORIENTED_EDGE('',*,*,#1798,.T.);
#1798 = EDGE_CURVE('',#975,#1799,#1801,.T.);
#1799 = VERTEX_POINT('',#1800);
#1800 = CARTESIAN_POINT('',(18.481085212075,9.383836453955,8.));
#1801 = SURFACE_CURVE('',#1802,(#1806,#1813),.PCURVE_S1.);
#1802 = LINE('',#1803,#1804);
#1803 = CARTESIAN_POINT('',(42.5,7.5,8.));
#1804 = VECTOR('',#1805,1.);
#1805 = DIRECTION('',(-0.996938377813,7.819124531863E-02,0.));
#1806 = PCURVE('',#138,#1807);
#1807 = DEFINITIONAL_REPRESENTATION('',(#1808),#1812);
#1808 = LINE('',#1809,#1810);
#1809 = CARTESIAN_POINT('',(0.,-8.));
#1810 = VECTOR('',#1811,1.);
#1811 = DIRECTION('',(1.,0.));
#1812 = ( GEOMETRIC_REPRESENTATION_CONTEXT(2) 
PARAMETRIC_REPRESENTATION_CONTEXT() REPRESENTATION_CONTEXT('2D SPACE',''
  ) );
#1813 = PCURVE('',#834,#1814);
#1814 = DEFINITIONAL_REPRESENTATION('',(#1815),#1819);
#1815 = LINE('',#1816,#1817);
#1816 = CARTESIAN_POINT('',(25.5,7.5));
#1817 = VECTOR('',#1818,1.);
#1818 = DIRECTION('',(-0.996938377813,7.819124531863E-02));
#1819 = ( GEOMETRIC_REPRESENTATION_CONTEXT(2) 
PARAMETRIC_REPRESENTATION_CONTEXT() REPRESENTATION_CONTEXT('2D SPACE',''
  ) );
#1820 = ORIENTED_EDGE('',*,*,#1821,.T.);
#1821 = EDGE_CURVE('',#1799,#123,#1822,.T.);
#1822 = SURFACE_CURVE('',#1823,(#1827,#1834),.PCURVE_S1.);
#1823 = LINE('',#1824,#1825);
#1824 = CARTESIAN_POINT('',(18.481085212075,9.383836453955,0.));
#1825 = VECTOR('',#1826,1.);
#1826 = DIRECTION('',(-0.,-0.,-1.));
#1827 = PCURVE('',#138,#1828);
#1828 = DEFINITIONAL_REPRESENTATION('',(#1829),#1833);
#1829 = LINE('',#1830,#1831);
#1830 = CARTESIAN_POINT('',(24.092677463803,0.));
#1831 = VECTOR('',#1832,1.);
#1832 = DIRECTION('',(0.,1.));
#1833 = ( GEOMETRIC_REPRESENTATION_CONTEXT(2) 
PARAMETRIC_REPRESENTATION_CONTEXT() REPRESENTATION_CONTEXT('2D SPACE',''
  ) );
#1834 = PCURVE('',#171,#1835);
#1835 = DEFINITIONAL_REPRESENTATION('',(#1836),#1840);
#1836 = LINE('',#1837,#1838);
#1837 = CARTESIAN_POINT('',(-1.414254045752,0.));
#1838 = VECTOR('',#1839,1.);
#1839 = DIRECTION('',(-0.,1.));
#1840 = ( GEOMETRIC_REPRESENTATION_CONTEXT(2) 
PARAMETRIC_REPRESENTATION_CONTEXT() REPRESENTATION_CONTEXT('2D SPACE',''
  ) );
#1841 = ADVANCED_FACE('',(#1842),#690,.F.);
#1842 = FACE_BOUND('',#1843,.F.);
#1843 = EDGE_LOOP('',(#1844,#1845,#1868,#1889));
#1844 = ORIENTED_EDGE('',*,*,#674,.F.);
#1845 = ORIENTED_EDGE('',*,*,#1846,.T.);
#1846 = EDGE_CURVE('',#642,#1847,#1849,.T.);
#1847 = VERTEX_POINT('',#1848);
#1848 = CARTESIAN_POINT('',(7.5,-42.5,8.));
#1849 = SURFACE_CURVE('',#1850,(#1854,#1861),.PCURVE_S1.);
#1850 = LINE('',#1851,#1852);
#1851 = CARTESIAN_POINT('',(7.5,-42.5,0.));
#1852 = VECTOR('',#1853,1.);
#1853 = DIRECTION('',(0.,0.,1.));
#1854 = PCURVE('',#690,#1855);
#1855 = DEFINITIONAL_REPRESENTATION('',(#1856),#1860);
#1856 = LINE('',#1857,#1858);
#1857 = CARTESIAN_POINT('',(0.,0.));
#1858 = VECTOR('',#1859,1.);
#1859 = DIRECTION('',(0.,-1.));
#1860 = ( GEOMETRIC_REPRESENTATION_CONTEXT(2) 
PARAMETRIC_REPRESENTATION_CONTEXT() REPRESENTATION_CONTEXT('2D SPACE',''
  ) );
#1861 = PCURVE('',#662,#1862);
#1862 = DEFINITIONAL_REPRESENTATION('',(#1863),#1867);
#1863 = LINE('',#1864,#1865);
#1864 = CARTESIAN_POINT('',(-7.853981633974,0.));
#1865 = VECTOR('',#1866,1.);
#1866 = DIRECTION('',(-0.,-1.));
#1867 = ( GEOMETRIC_REPRESENTATION_CONTEXT(2) 
PARAMETRIC_REPRESENTATION_CONTEXT() REPRESENTATION_CONTEXT('2D SPACE',''
  ) );
#1868 = ORIENTED_EDGE('',*,*,#1869,.T.);
#1869 = EDGE_CURVE('',#1847,#1743,#1870,.T.);
#1870 = SURFACE_CURVE('',#1871,(#1875,#1882),.PCURVE_S1.);
#1871 = LINE('',#1872,#1873);
#1872 = CARTESIAN_POINT('',(7.5,-42.5,8.));
#1873 = VECTOR('',#1874,1.);
#1874 = DIRECTION('',(7.819124531863E-02,0.996938377813,0.));
#1875 = PCURVE('',#690,#1876);
#1876 = DEFINITIONAL_REPRESENTATION('',(#1877),#1881);
#1877 = LINE('',#1878,#1879);
#1878 = CARTESIAN_POINT('',(0.,-8.));
#1879 = VECTOR('',#1880,1.);
#1880 = DIRECTION('',(1.,0.));
#1881 = ( GEOMETRIC_REPRESENTATION_CONTEXT(2) 
PARAMETRIC_REPRESENTATION_CONTEXT() REPRESENTATION_CONTEXT('2D SPACE',''
  ) );
#1882 = PCURVE('',#834,#1883);
#1883 = DEFINITIONAL_REPRESENTATION('',(#1884),#1888);
#1884 = LINE('',#1885,#1886);
#1885 = CARTESIAN_POINT('',(-9.5,-42.5));
#1886 = VECTOR('',#1887,1.);
#1887 = DIRECTION('',(7.819124531863E-02,0.996938377813));
#1888 = ( GEOMETRIC_REPRESENTATION_CONTEXT(2) 
PARAMETRIC_REPRESENTATION_CONTEXT() REPRESENTATION_CONTEXT('2D SPACE',''
  ) );
#1889 = ORIENTED_EDGE('',*,*,#1742,.T.);
#1890 = ADVANCED_FACE('',(#1891),#171,.T.);
#1891 = FACE_BOUND('',#1892,.F.);
#1892 = EDGE_LOOP('',(#1893,#1894,#1922,#1941));
#1893 = ORIENTED_EDGE('',*,*,#1821,.F.);
#1894 = ORIENTED_EDGE('',*,*,#1895,.F.);
#1895 = EDGE_CURVE('',#1896,#1799,#1898,.T.);
#1896 = VERTEX_POINT('',#1897);
#1897 = CARTESIAN_POINT('',(16.463235294118,9.484823859752,8.));
#1898 = SURFACE_CURVE('',#1899,(#1904,#1911),.PCURVE_S1.);
#1899 = CIRCLE('',#1900,9.5);
#1900 = AXIS2_PLACEMENT_3D('',#1901,#1902,#1903);
#1901 = CARTESIAN_POINT('',(17.,0.,8.));
#1902 = DIRECTION('',(0.,0.,-1.));
#1903 = DIRECTION('',(0.155903706534,-0.987772258311,0.));
#1904 = PCURVE('',#171,#1905);
#1905 = DEFINITIONAL_REPRESENTATION('',(#1906),#1910);
#1906 = LINE('',#1907,#1908);
#1907 = CARTESIAN_POINT('',(-4.868931261427,-8.));
#1908 = VECTOR('',#1909,1.);
#1909 = DIRECTION('',(1.,-0.));
#1910 = ( GEOMETRIC_REPRESENTATION_CONTEXT(2) 
PARAMETRIC_REPRESENTATION_CONTEXT() REPRESENTATION_CONTEXT('2D SPACE',''
  ) );
#1911 = PCURVE('',#834,#1912);
#1912 = DEFINITIONAL_REPRESENTATION('',(#1913),#1921);
#1913 = ( BOUNDED_CURVE() B_SPLINE_CURVE(2,(#1914,#1915,#1916,#1917,
#1918,#1919,#1920),.UNSPECIFIED.,.T.,.F.) B_SPLINE_CURVE_WITH_KNOTS((1,2
    ,2,2,2,1),(-2.094395102393,0.,2.094395102393,4.188790204786,
6.28318530718,8.377580409573),.UNSPECIFIED.) CURVE() 
GEOMETRIC_REPRESENTATION_ITEM() RATIONAL_B_SPLINE_CURVE((1.,0.5,1.,0.5,
1.,0.5,1.)) REPRESENTATION_ITEM('') );
#1914 = CARTESIAN_POINT('',(1.481085212075,-9.383836453955));
#1915 = CARTESIAN_POINT('',(-14.77219629609,-11.9491512916));
#1916 = CARTESIAN_POINT('',(-8.867183360121,3.409260808151));
#1917 = CARTESIAN_POINT('',(-2.96217042415,18.76767290791));
#1918 = CARTESIAN_POINT('',(7.386098148046,5.974575645804));
#1919 = CARTESIAN_POINT('',(17.734366720242,-6.818521616302));
#1920 = CARTESIAN_POINT('',(1.481085212075,-9.383836453955));
#1921 = ( GEOMETRIC_REPRESENTATION_CONTEXT(2) 
PARAMETRIC_REPRESENTATION_CONTEXT() REPRESENTATION_CONTEXT('2D SPACE',''
  ) );
#1922 = ORIENTED_EDGE('',*,*,#1923,.T.);
#1923 = EDGE_CURVE('',#1896,#151,#1924,.T.);
#1924 = SURFACE_CURVE('',#1925,(#1929,#1935),.PCURVE_S1.);
#1925 = LINE('',#1926,#1927);
#1926 = CARTESIAN_POINT('',(16.463235294118,9.484823859752,0.));
#1927 = VECTOR('',#1928,1.);
#1928 = DIRECTION('',(-0.,-0.,-1.));
#1929 = PCURVE('',#171,#1930);
#1930 = DEFINITIONAL_REPRESENTATION('',(#1931),#1934);
#1931 = B_SPLINE_CURVE_WITH_KNOTS('',1,(#1932,#1933),.UNSPECIFIED.,.F.,
  .F.,(2,2),(-8.0000006,6.E-07),.PIECEWISE_BEZIER_KNOTS.);
#1932 = CARTESIAN_POINT('',(-1.627327980878,-8.0000006));
#1933 = CARTESIAN_POINT('',(-1.627327980878,6.E-07));
#1934 = ( GEOMETRIC_REPRESENTATION_CONTEXT(2) 
PARAMETRIC_REPRESENTATION_CONTEXT() REPRESENTATION_CONTEXT('2D SPACE',''
  ) );
#1935 = PCURVE('',#200,#1936);
#1936 = DEFINITIONAL_REPRESENTATION('',(#1937),#1940);
#1937 = B_SPLINE_CURVE_WITH_KNOTS('',1,(#1938,#1939),.UNSPECIFIED.,.F.,
  .F.,(2,2),(-8.0000006,6.E-07),.PIECEWISE_BEZIER_KNOTS.);
#1938 = CARTESIAN_POINT('',(-0.522676710515,-8.0000006));
#1939 = CARTESIAN_POINT('',(-0.522676710515,6.E-07));
#1940 = ( GEOMETRIC_REPRESENTATION_CONTEXT(2) 
PARAMETRIC_REPRESENTATION_CONTEXT() REPRESENTATION_CONTEXT('2D SPACE',''
  ) );
#1941 = ORIENTED_EDGE('',*,*,#150,.T.);
#1942 = ADVANCED_FACE('',(#1943,#1992,#2112,#2232,#2352,#2472,#2592),
  #662,.T.);
#1943 = FACE_BOUND('',#1944,.F.);
#1944 = EDGE_LOOP('',(#1945,#1946,#1969,#1991));
#1945 = ORIENTED_EDGE('',*,*,#641,.T.);
#1946 = ORIENTED_EDGE('',*,*,#1947,.T.);
#1947 = EDGE_CURVE('',#614,#1948,#1950,.T.);
#1948 = VERTEX_POINT('',#1949);
#1949 = CARTESIAN_POINT('',(-7.5,-42.5,8.));
#1950 = SURFACE_CURVE('',#1951,(#1955,#1962),.PCURVE_S1.);
#1951 = LINE('',#1952,#1953);
#1952 = CARTESIAN_POINT('',(-7.5,-42.5,0.));
#1953 = VECTOR('',#1954,1.);
#1954 = DIRECTION('',(0.,0.,1.));
#1955 = PCURVE('',#662,#1956);
#1956 = DEFINITIONAL_REPRESENTATION('',(#1957),#1961);
#1957 = LINE('',#1958,#1959);
#1958 = CARTESIAN_POINT('',(-4.712388980385,0.));
#1959 = VECTOR('',#1960,1.);
#1960 = DIRECTION('',(-0.,-1.));
#1961 = ( GEOMETRIC_REPRESENTATION_CONTEXT(2) 
PARAMETRIC_REPRESENTATION_CONTEXT() REPRESENTATION_CONTEXT('2D SPACE',''
  ) );
#1962 = PCURVE('',#629,#1963);
#1963 = DEFINITIONAL_REPRESENTATION('',(#1964),#1968);
#1964 = LINE('',#1965,#1966);
#1965 = CARTESIAN_POINT('',(25.578311124857,0.));
#1966 = VECTOR('',#1967,1.);
#1967 = DIRECTION('',(0.,-1.));
#1968 = ( GEOMETRIC_REPRESENTATION_CONTEXT(2) 
PARAMETRIC_REPRESENTATION_CONTEXT() REPRESENTATION_CONTEXT('2D SPACE',''
  ) );
#1969 = ORIENTED_EDGE('',*,*,#1970,.T.);
#1970 = EDGE_CURVE('',#1948,#1847,#1971,.T.);
#1971 = SURFACE_CURVE('',#1972,(#1977,#1984),.PCURVE_S1.);
#1972 = CIRCLE('',#1973,7.5);
#1973 = AXIS2_PLACEMENT_3D('',#1974,#1975,#1976);
#1974 = CARTESIAN_POINT('',(-9.436895709314E-15,-42.5,8.));
#1975 = DIRECTION('',(0.,0.,1.));
#1976 = DIRECTION('',(-1.,2.22044604925E-16,0.));
#1977 = PCURVE('',#662,#1978);
#1978 = DEFINITIONAL_REPRESENTATION('',(#1979),#1983);
#1979 = LINE('',#1980,#1981);
#1980 = CARTESIAN_POINT('',(-4.712388980385,-8.));
#1981 = VECTOR('',#1982,1.);
#1982 = DIRECTION('',(-1.,0.));
#1983 = ( GEOMETRIC_REPRESENTATION_CONTEXT(2) 
PARAMETRIC_REPRESENTATION_CONTEXT() REPRESENTATION_CONTEXT('2D SPACE',''
  ) );
#1984 = PCURVE('',#834,#1985);
#1985 = DEFINITIONAL_REPRESENTATION('',(#1986),#1990);
#1986 = CIRCLE('',#1987,7.5);
#1987 = AXIS2_PLACEMENT_2D('',#1988,#1989);
#1988 = CARTESIAN_POINT('',(-17.,-42.5));
#1989 = DIRECTION('',(-1.,2.22044604925E-16));
#1990 = ( GEOMETRIC_REPRESENTATION_CONTEXT(2) 
PARAMETRIC_REPRESENTATION_CONTEXT() REPRESENTATION_CONTEXT('2D SPACE',''
  ) );
#1991 = ORIENTED_EDGE('',*,*,#1846,.F.);
#1992 = FACE_BOUND('',#1993,.F.);
#1993 = EDGE_LOOP('',(#1994,#2029,#2055,#2088));
#1994 = ORIENTED_EDGE('',*,*,#1995,.T.);
#1995 = EDGE_CURVE('',#1996,#1998,#2000,.T.);
#1996 = VERTEX_POINT('',#1997);
#1997 = CARTESIAN_POINT('',(0.65,-49.97178024302,7.865));
#1998 = VERTEX_POINT('',#1999);
#1999 = CARTESIAN_POINT('',(-0.65,-49.97178024302,7.865));
#2000 = SURFACE_CURVE('',#2001,(#2006,#2013),.PCURVE_S1.);
#2001 = CIRCLE('',#2002,7.5);
#2002 = AXIS2_PLACEMENT_3D('',#2003,#2004,#2005);
#2003 = CARTESIAN_POINT('',(-9.436895709314E-15,-42.5,7.865));
#2004 = DIRECTION('',(0.,0.,-1.));
#2005 = DIRECTION('',(-2.22044604925E-16,-1.,-0.));
#2006 = PCURVE('',#662,#2007);
#2007 = DEFINITIONAL_REPRESENTATION('',(#2008),#2012);
#2008 = LINE('',#2009,#2010);
#2009 = CARTESIAN_POINT('',(-12.56637061435,-7.865));
#2010 = VECTOR('',#2011,1.);
#2011 = DIRECTION('',(1.,-0.));
#2012 = ( GEOMETRIC_REPRESENTATION_CONTEXT(2) 
PARAMETRIC_REPRESENTATION_CONTEXT() REPRESENTATION_CONTEXT('2D SPACE',''
  ) );
#2013 = PCURVE('',#2014,#2019);
#2014 = PLANE('',#2015);
#2015 = AXIS2_PLACEMENT_3D('',#2016,#2017,#2018);
#2016 = CARTESIAN_POINT('',(-1.070254995739E-14,-48.2,7.865));
#2017 = DIRECTION('',(0.,0.,1.));
#2018 = DIRECTION('',(-2.22044604925E-16,-1.,0.));
#2019 = DEFINITIONAL_REPRESENTATION('',(#2020),#2028);
#2020 = ( BOUNDED_CURVE() B_SPLINE_CURVE(2,(#2021,#2022,#2023,#2024,
#2025,#2026,#2027),.UNSPECIFIED.,.T.,.F.) B_SPLINE_CURVE_WITH_KNOTS((1,2
    ,2,2,2,1),(-2.094395102393,0.,2.094395102393,4.188790204786,
6.28318530718,8.377580409573),.UNSPECIFIED.) CURVE() 
GEOMETRIC_REPRESENTATION_ITEM() RATIONAL_B_SPLINE_CURVE((1.,0.5,1.,0.5,
1.,0.5,1.)) REPRESENTATION_ITEM('') );
#2021 = CARTESIAN_POINT('',(1.8,0.));
#2022 = CARTESIAN_POINT('',(1.8,-12.99038105676));
#2023 = CARTESIAN_POINT('',(-9.45,-6.495190528383));
#2024 = CARTESIAN_POINT('',(-20.7,-1.836970198721E-15));
#2025 = CARTESIAN_POINT('',(-9.45,6.495190528383));
#2026 = CARTESIAN_POINT('',(1.8,12.990381056767));
#2027 = CARTESIAN_POINT('',(1.8,0.));
#2028 = ( GEOMETRIC_REPRESENTATION_CONTEXT(2) 
PARAMETRIC_REPRESENTATION_CONTEXT() REPRESENTATION_CONTEXT('2D SPACE',''
  ) );
#2029 = ORIENTED_EDGE('',*,*,#2030,.T.);
#2030 = EDGE_CURVE('',#1998,#2031,#2033,.T.);
#2031 = VERTEX_POINT('',#2032);
#2032 = CARTESIAN_POINT('',(-0.65,-49.97178024302,7.085));
#2033 = SURFACE_CURVE('',#2034,(#2038,#2044),.PCURVE_S1.);
#2034 = LINE('',#2035,#2036);
#2035 = CARTESIAN_POINT('',(-0.65,-49.97178024302,0.));
#2036 = VECTOR('',#2037,1.);
#2037 = DIRECTION('',(0.,0.,-1.));
#2038 = PCURVE('',#662,#2039);
#2039 = DEFINITIONAL_REPRESENTATION('',(#2040),#2043);
#2040 = B_SPLINE_CURVE_WITH_KNOTS('',1,(#2041,#2042),.UNSPECIFIED.,.F.,
  .F.,(2,2),(-7.943,-7.007),.PIECEWISE_BEZIER_KNOTS.);
#2041 = CARTESIAN_POINT('',(-6.196409778329,-7.943));
#2042 = CARTESIAN_POINT('',(-6.196409778329,-7.007));
#2043 = ( GEOMETRIC_REPRESENTATION_CONTEXT(2) 
PARAMETRIC_REPRESENTATION_CONTEXT() REPRESENTATION_CONTEXT('2D SPACE',''
  ) );
#2044 = PCURVE('',#2045,#2050);
#2045 = PLANE('',#2046);
#2046 = AXIS2_PLACEMENT_3D('',#2047,#2048,#2049);
#2047 = CARTESIAN_POINT('',(-0.65,-46.,7.085));
#2048 = DIRECTION('',(1.,-2.22044604925E-16,0.));
#2049 = DIRECTION('',(-2.22044604925E-16,-1.,0.));
#2050 = DEFINITIONAL_REPRESENTATION('',(#2051),#2054);
#2051 = B_SPLINE_CURVE_WITH_KNOTS('',1,(#2052,#2053),.UNSPECIFIED.,.F.,
  .F.,(2,2),(-7.943,-7.007),.PIECEWISE_BEZIER_KNOTS.);
#2052 = CARTESIAN_POINT('',(3.971780243021,-0.858));
#2053 = CARTESIAN_POINT('',(3.971780243021,7.8E-02));
#2054 = ( GEOMETRIC_REPRESENTATION_CONTEXT(2) 
PARAMETRIC_REPRESENTATION_CONTEXT() REPRESENTATION_CONTEXT('2D SPACE',''
  ) );
#2055 = ORIENTED_EDGE('',*,*,#2056,.F.);
#2056 = EDGE_CURVE('',#2057,#2031,#2059,.T.);
#2057 = VERTEX_POINT('',#2058);
#2058 = CARTESIAN_POINT('',(0.65,-49.97178024302,7.085));
#2059 = SURFACE_CURVE('',#2060,(#2065,#2072),.PCURVE_S1.);
#2060 = CIRCLE('',#2061,7.5);
#2061 = AXIS2_PLACEMENT_3D('',#2062,#2063,#2064);
#2062 = CARTESIAN_POINT('',(-9.436895709314E-15,-42.5,7.085));
#2063 = DIRECTION('',(0.,0.,-1.));
#2064 = DIRECTION('',(-2.22044604925E-16,-1.,-0.));
#2065 = PCURVE('',#662,#2066);
#2066 = DEFINITIONAL_REPRESENTATION('',(#2067),#2071);
#2067 = LINE('',#2068,#2069);
#2068 = CARTESIAN_POINT('',(-12.56637061435,-7.085));
#2069 = VECTOR('',#2070,1.);
#2070 = DIRECTION('',(1.,-0.));
#2071 = ( GEOMETRIC_REPRESENTATION_CONTEXT(2) 
PARAMETRIC_REPRESENTATION_CONTEXT() REPRESENTATION_CONTEXT('2D SPACE',''
  ) );
#2072 = PCURVE('',#2073,#2078);
#2073 = PLANE('',#2074);
#2074 = AXIS2_PLACEMENT_3D('',#2075,#2076,#2077);
#2075 = CARTESIAN_POINT('',(-1.070254995739E-14,-48.2,7.085));
#2076 = DIRECTION('',(0.,0.,1.));
#2077 = DIRECTION('',(-2.22044604925E-16,-1.,0.));
#2078 = DEFINITIONAL_REPRESENTATION('',(#2079),#2087);
#2079 = ( BOUNDED_CURVE() B_SPLINE_CURVE(2,(#2080,#2081,#2082,#2083,
#2084,#2085,#2086),.UNSPECIFIED.,.T.,.F.) B_SPLINE_CURVE_WITH_KNOTS((1,2
    ,2,2,2,1),(-2.094395102393,0.,2.094395102393,4.188790204786,
6.28318530718,8.377580409573),.UNSPECIFIED.) CURVE() 
GEOMETRIC_REPRESENTATION_ITEM() RATIONAL_B_SPLINE_CURVE((1.,0.5,1.,0.5,
1.,0.5,1.)) REPRESENTATION_ITEM('') );
#2080 = CARTESIAN_POINT('',(1.8,0.));
#2081 = CARTESIAN_POINT('',(1.8,-12.99038105676));
#2082 = CARTESIAN_POINT('',(-9.45,-6.495190528383));
#2083 = CARTESIAN_POINT('',(-20.7,-1.836970198721E-15));
#2084 = CARTESIAN_POINT('',(-9.45,6.495190528383));
#2085 = CARTESIAN_POINT('',(1.8,12.990381056767));
#2086 = CARTESIAN_POINT('',(1.8,0.));
#2087 = ( GEOMETRIC_REPRESENTATION_CONTEXT(2) 
PARAMETRIC_REPRESENTATION_CONTEXT() REPRESENTATION_CONTEXT('2D SPACE',''
  ) );
#2088 = ORIENTED_EDGE('',*,*,#2089,.F.);
#2089 = EDGE_CURVE('',#1996,#2057,#2090,.T.);
#2090 = SURFACE_CURVE('',#2091,(#2095,#2101),.PCURVE_S1.);
#2091 = LINE('',#2092,#2093);
#2092 = CARTESIAN_POINT('',(0.65,-49.97178024302,0.));
#2093 = VECTOR('',#2094,1.);
#2094 = DIRECTION('',(0.,0.,-1.));
#2095 = PCURVE('',#662,#2096);
#2096 = DEFINITIONAL_REPRESENTATION('',(#2097),#2100);
#2097 = B_SPLINE_CURVE_WITH_KNOTS('',1,(#2098,#2099),.UNSPECIFIED.,.F.,
  .F.,(2,2),(-7.943,-7.007),.PIECEWISE_BEZIER_KNOTS.);
#2098 = CARTESIAN_POINT('',(-6.36996083603,-7.943));
#2099 = CARTESIAN_POINT('',(-6.36996083603,-7.007));
#2100 = ( GEOMETRIC_REPRESENTATION_CONTEXT(2) 
PARAMETRIC_REPRESENTATION_CONTEXT() REPRESENTATION_CONTEXT('2D SPACE',''
  ) );
#2101 = PCURVE('',#2102,#2107);
#2102 = PLANE('',#2103);
#2103 = AXIS2_PLACEMENT_3D('',#2104,#2105,#2106);
#2104 = CARTESIAN_POINT('',(0.65,-50.4,7.085));
#2105 = DIRECTION('',(-1.,2.22044604925E-16,0.));
#2106 = DIRECTION('',(2.22044604925E-16,1.,0.));
#2107 = DEFINITIONAL_REPRESENTATION('',(#2108),#2111);
#2108 = B_SPLINE_CURVE_WITH_KNOTS('',1,(#2109,#2110),.UNSPECIFIED.,.F.,
  .F.,(2,2),(-7.943,-7.007),.PIECEWISE_BEZIER_KNOTS.);
#2109 = CARTESIAN_POINT('',(0.428219756979,-0.858));
#2110 = CARTESIAN_POINT('',(0.428219756979,7.8E-02));
#2111 = ( GEOMETRIC_REPRESENTATION_CONTEXT(2) 
PARAMETRIC_REPRESENTATION_CONTEXT() REPRESENTATION_CONTEXT('2D SPACE',''
  ) );
#2112 = FACE_BOUND('',#2113,.F.);
#2113 = EDGE_LOOP('',(#2114,#2149,#2175,#2208));
#2114 = ORIENTED_EDGE('',*,*,#2115,.T.);
#2115 = EDGE_CURVE('',#2116,#2118,#2120,.T.);
#2116 = VERTEX_POINT('',#2117);
#2117 = CARTESIAN_POINT('',(0.65,-49.97178024302,6.815));
#2118 = VERTEX_POINT('',#2119);
#2119 = CARTESIAN_POINT('',(-0.65,-49.97178024302,6.815));
#2120 = SURFACE_CURVE('',#2121,(#2126,#2133),.PCURVE_S1.);
#2121 = CIRCLE('',#2122,7.5);
#2122 = AXIS2_PLACEMENT_3D('',#2123,#2124,#2125);
#2123 = CARTESIAN_POINT('',(-9.436895709314E-15,-42.5,6.815));
#2124 = DIRECTION('',(0.,0.,-1.));
#2125 = DIRECTION('',(-2.22044604925E-16,-1.,-0.));
#2126 = PCURVE('',#662,#2127);
#2127 = DEFINITIONAL_REPRESENTATION('',(#2128),#2132);
#2128 = LINE('',#2129,#2130);
#2129 = CARTESIAN_POINT('',(-12.56637061435,-6.815));
#2130 = VECTOR('',#2131,1.);
#2131 = DIRECTION('',(1.,-0.));
#2132 = ( GEOMETRIC_REPRESENTATION_CONTEXT(2) 
PARAMETRIC_REPRESENTATION_CONTEXT() REPRESENTATION_CONTEXT('2D SPACE',''
  ) );
#2133 = PCURVE('',#2134,#2139);
#2134 = PLANE('',#2135);
#2135 = AXIS2_PLACEMENT_3D('',#2136,#2137,#2138);
#2136 = CARTESIAN_POINT('',(-1.070254995739E-14,-48.2,6.815));
#2137 = DIRECTION('',(0.,0.,1.));
#2138 = DIRECTION('',(-2.22044604925E-16,-1.,0.));
#2139 = DEFINITIONAL_REPRESENTATION('',(#2140),#2148);
#2140 = ( BOUNDED_CURVE() B_SPLINE_CURVE(2,(#2141,#2142,#2143,#2144,
#2145,#2146,#2147),.UNSPECIFIED.,.T.,.F.) B_SPLINE_CURVE_WITH_KNOTS((1,2
    ,2,2,2,1),(-2.094395102393,0.,2.094395102393,4.188790204786,
6.28318530718,8.377580409573),.UNSPECIFIED.) CURVE() 
GEOMETRIC_REPRESENTATION_ITEM() RATIONAL_B_SPLINE_CURVE((1.,0.5,1.,0.5,
1.,0.5,1.)) REPRESENTATION_ITEM('') );
#2141 = CARTESIAN_POINT('',(1.8,0.));
#2142 = CARTESIAN_POINT('',(1.8,-12.99038105676));
#2143 = CARTESIAN_POINT('',(-9.45,-6.495190528383));
#2144 = CARTESIAN_POINT('',(-20.7,-1.836970198721E-15));
#2145 = CARTESIAN_POINT('',(-9.45,6.495190528383));
#2146 = CARTESIAN_POINT('',(1.8,12.990381056767));
#2147 = CARTESIAN_POINT('',(1.8,0.));
#2148 = ( GEOMETRIC_REPRESENTATION_CONTEXT(2) 
PARAMETRIC_REPRESENTATION_CONTEXT() REPRESENTATION_CONTEXT('2D SPACE',''
  ) );
#2149 = ORIENTED_EDGE('',*,*,#2150,.T.);
#2150 = EDGE_CURVE('',#2118,#2151,#2153,.T.);
#2151 = VERTEX_POINT('',#2152);
#2152 = CARTESIAN_POINT('',(-0.65,-49.97178024302,6.035));
#2153 = SURFACE_CURVE('',#2154,(#2158,#2164),.PCURVE_S1.);
#2154 = LINE('',#2155,#2156);
#2155 = CARTESIAN_POINT('',(-0.65,-49.97178024302,0.));
#2156 = VECTOR('',#2157,1.);
#2157 = DIRECTION('',(0.,0.,-1.));
#2158 = PCURVE('',#662,#2159);
#2159 = DEFINITIONAL_REPRESENTATION('',(#2160),#2163);
#2160 = B_SPLINE_CURVE_WITH_KNOTS('',1,(#2161,#2162),.UNSPECIFIED.,.F.,
  .F.,(2,2),(-6.893,-5.957),.PIECEWISE_BEZIER_KNOTS.);
#2161 = CARTESIAN_POINT('',(-6.196409778329,-6.893));
#2162 = CARTESIAN_POINT('',(-6.196409778329,-5.957));
#2163 = ( GEOMETRIC_REPRESENTATION_CONTEXT(2) 
PARAMETRIC_REPRESENTATION_CONTEXT() REPRESENTATION_CONTEXT('2D SPACE',''
  ) );
#2164 = PCURVE('',#2165,#2170);
#2165 = PLANE('',#2166);
#2166 = AXIS2_PLACEMENT_3D('',#2167,#2168,#2169);
#2167 = CARTESIAN_POINT('',(-0.65,-46.,6.035));
#2168 = DIRECTION('',(1.,-2.22044604925E-16,0.));
#2169 = DIRECTION('',(-2.22044604925E-16,-1.,0.));
#2170 = DEFINITIONAL_REPRESENTATION('',(#2171),#2174);
#2171 = B_SPLINE_CURVE_WITH_KNOTS('',1,(#2172,#2173),.UNSPECIFIED.,.F.,
  .F.,(2,2),(-6.893,-5.957),.PIECEWISE_BEZIER_KNOTS.);
#2172 = CARTESIAN_POINT('',(3.971780243021,-0.858));
#2173 = CARTESIAN_POINT('',(3.971780243021,7.8E-02));
#2174 = ( GEOMETRIC_REPRESENTATION_CONTEXT(2) 
PARAMETRIC_REPRESENTATION_CONTEXT() REPRESENTATION_CONTEXT('2D SPACE',''
  ) );
#2175 = ORIENTED_EDGE('',*,*,#2176,.F.);
#2176 = EDGE_CURVE('',#2177,#2151,#2179,.T.);
#2177 = VERTEX_POINT('',#2178);
#2178 = CARTESIAN_POINT('',(0.65,-49.97178024302,6.035));
#2179 = SURFACE_CURVE('',#2180,(#2185,#2192),.PCURVE_S1.);
#2180 = CIRCLE('',#2181,7.5);
#2181 = AXIS2_PLACEMENT_3D('',#2182,#2183,#2184);
#2182 = CARTESIAN_POINT('',(-9.436895709314E-15,-42.5,6.035));
#2183 = DIRECTION('',(0.,0.,-1.));
#2184 = DIRECTION('',(-2.22044604925E-16,-1.,-0.));
#2185 = PCURVE('',#662,#2186);
#2186 = DEFINITIONAL_REPRESENTATION('',(#2187),#2191);
#2187 = LINE('',#2188,#2189);
#2188 = CARTESIAN_POINT('',(-12.56637061435,-6.035));
#2189 = VECTOR('',#2190,1.);
#2190 = DIRECTION('',(1.,-0.));
#2191 = ( GEOMETRIC_REPRESENTATION_CONTEXT(2) 
PARAMETRIC_REPRESENTATION_CONTEXT() REPRESENTATION_CONTEXT('2D SPACE',''
  ) );
#2192 = PCURVE('',#2193,#2198);
#2193 = PLANE('',#2194);
#2194 = AXIS2_PLACEMENT_3D('',#2195,#2196,#2197);
#2195 = CARTESIAN_POINT('',(-1.070254995739E-14,-48.2,6.035));
#2196 = DIRECTION('',(0.,0.,1.));
#2197 = DIRECTION('',(-2.22044604925E-16,-1.,0.));
#2198 = DEFINITIONAL_REPRESENTATION('',(#2199),#2207);
#2199 = ( BOUNDED_CURVE() B_SPLINE_CURVE(2,(#2200,#2201,#2202,#2203,
#2204,#2205,#2206),.UNSPECIFIED.,.T.,.F.) B_SPLINE_CURVE_WITH_KNOTS((1,2
    ,2,2,2,1),(-2.094395102393,0.,2.094395102393,4.188790204786,
6.28318530718,8.377580409573),.UNSPECIFIED.) CURVE() 
GEOMETRIC_REPRESENTATION_ITEM() RATIONAL_B_SPLINE_CURVE((1.,0.5,1.,0.5,
1.,0.5,1.)) REPRESENTATION_ITEM('') );
#2200 = CARTESIAN_POINT('',(1.8,0.));
#2201 = CARTESIAN_POINT('',(1.8,-12.99038105676));
#2202 = CARTESIAN_POINT('',(-9.45,-6.495190528383));
#2203 = CARTESIAN_POINT('',(-20.7,-1.836970198721E-15));
#2204 = CARTESIAN_POINT('',(-9.45,6.495190528383));
#2205 = CARTESIAN_POINT('',(1.8,12.990381056767));
#2206 = CARTESIAN_POINT('',(1.8,0.));
#2207 = ( GEOMETRIC_REPRESENTATION_CONTEXT(2) 
PARAMETRIC_REPRESENTATION_CONTEXT() REPRESENTATION_CONTEXT('2D SPACE',''
  ) );
#2208 = ORIENTED_EDGE('',*,*,#2209,.F.);
#2209 = EDGE_CURVE('',#2116,#2177,#2210,.T.);
#2210 = SURFACE_CURVE('',#2211,(#2215,#2221),.PCURVE_S1.);
#2211 = LINE('',#2212,#2213);
#2212 = CARTESIAN_POINT('',(0.65,-49.97178024302,0.));
#2213 = VECTOR('',#2214,1.);
#2214 = DIRECTION('',(0.,0.,-1.));
#2215 = PCURVE('',#662,#2216);
#2216 = DEFINITIONAL_REPRESENTATION('',(#2217),#2220);
#2217 = B_SPLINE_CURVE_WITH_KNOTS('',1,(#2218,#2219),.UNSPECIFIED.,.F.,
  .F.,(2,2),(-6.893,-5.957),.PIECEWISE_BEZIER_KNOTS.);
#2218 = CARTESIAN_POINT('',(-6.36996083603,-6.893));
#2219 = CARTESIAN_POINT('',(-6.36996083603,-5.957));
#2220 = ( GEOMETRIC_REPRESENTATION_CONTEXT(2) 
PARAMETRIC_REPRESENTATION_CONTEXT() REPRESENTATION_CONTEXT('2D SPACE',''
  ) );
#2221 = PCURVE('',#2222,#2227);
#2222 = PLANE('',#2223);
#2223 = AXIS2_PLACEMENT_3D('',#2224,#2225,#2226);
#2224 = CARTESIAN_POINT('',(0.65,-50.4,6.035));
#2225 = DIRECTION('',(-1.,2.22044604925E-16,0.));
#2226 = DIRECTION('',(2.22044604925E-16,1.,0.));
#2227 = DEFINITIONAL_REPRESENTATION('',(#2228),#2231);
#2228 = B_SPLINE_CURVE_WITH_KNOTS('',1,(#2229,#2230),.UNSPECIFIED.,.F.,
  .F.,(2,2),(-6.893,-5.957),.PIECEWISE_BEZIER_KNOTS.);
#2229 = CARTESIAN_POINT('',(0.428219756979,-0.858));
#2230 = CARTESIAN_POINT('',(0.428219756979,7.8E-02));
#2231 = ( GEOMETRIC_REPRESENTATION_CONTEXT(2) 
PARAMETRIC_REPRESENTATION_CONTEXT() REPRESENTATION_CONTEXT('2D SPACE',''
  ) );
#2232 = FACE_BOUND('',#2233,.F.);
#2233 = EDGE_LOOP('',(#2234,#2269,#2295,#2328));
#2234 = ORIENTED_EDGE('',*,*,#2235,.T.);
#2235 = EDGE_CURVE('',#2236,#2238,#2240,.T.);
#2236 = VERTEX_POINT('',#2237);
#2237 = CARTESIAN_POINT('',(0.65,-49.97178024302,5.765));
#2238 = VERTEX_POINT('',#2239);
#2239 = CARTESIAN_POINT('',(-0.65,-49.97178024302,5.765));
#2240 = SURFACE_CURVE('',#2241,(#2246,#2253),.PCURVE_S1.);
#2241 = CIRCLE('',#2242,7.5);
#2242 = AXIS2_PLACEMENT_3D('',#2243,#2244,#2245);
#2243 = CARTESIAN_POINT('',(-9.436895709314E-15,-42.5,5.765));
#2244 = DIRECTION('',(0.,0.,-1.));
#2245 = DIRECTION('',(-2.22044604925E-16,-1.,-0.));
#2246 = PCURVE('',#662,#2247);
#2247 = DEFINITIONAL_REPRESENTATION('',(#2248),#2252);
#2248 = LINE('',#2249,#2250);
#2249 = CARTESIAN_POINT('',(-12.56637061435,-5.765));
#2250 = VECTOR('',#2251,1.);
#2251 = DIRECTION('',(1.,-0.));
#2252 = ( GEOMETRIC_REPRESENTATION_CONTEXT(2) 
PARAMETRIC_REPRESENTATION_CONTEXT() REPRESENTATION_CONTEXT('2D SPACE',''
  ) );
#2253 = PCURVE('',#2254,#2259);
#2254 = PLANE('',#2255);
#2255 = AXIS2_PLACEMENT_3D('',#2256,#2257,#2258);
#2256 = CARTESIAN_POINT('',(-1.070254995739E-14,-48.2,5.765));
#2257 = DIRECTION('',(0.,0.,1.));
#2258 = DIRECTION('',(-2.22044604925E-16,-1.,0.));
#2259 = DEFINITIONAL_REPRESENTATION('',(#2260),#2268);
#2260 = ( BOUNDED_CURVE() B_SPLINE_CURVE(2,(#2261,#2262,#2263,#2264,
#2265,#2266,#2267),.UNSPECIFIED.,.T.,.F.) B_SPLINE_CURVE_WITH_KNOTS((1,2
    ,2,2,2,1),(-2.094395102393,0.,2.094395102393,4.188790204786,
6.28318530718,8.377580409573),.UNSPECIFIED.) CURVE() 
GEOMETRIC_REPRESENTATION_ITEM() RATIONAL_B_SPLINE_CURVE((1.,0.5,1.,0.5,
1.,0.5,1.)) REPRESENTATION_ITEM('') );
#2261 = CARTESIAN_POINT('',(1.8,0.));
#2262 = CARTESIAN_POINT('',(1.8,-12.99038105676));
#2263 = CARTESIAN_POINT('',(-9.45,-6.495190528383));
#2264 = CARTESIAN_POINT('',(-20.7,-1.836970198721E-15));
#2265 = CARTESIAN_POINT('',(-9.45,6.495190528383));
#2266 = CARTESIAN_POINT('',(1.8,12.990381056767));
#2267 = CARTESIAN_POINT('',(1.8,0.));
#2268 = ( GEOMETRIC_REPRESENTATION_CONTEXT(2) 
PARAMETRIC_REPRESENTATION_CONTEXT() REPRESENTATION_CONTEXT('2D SPACE',''
  ) );
#2269 = ORIENTED_EDGE('',*,*,#2270,.T.);
#2270 = EDGE_CURVE('',#2238,#2271,#2273,.T.);
#2271 = VERTEX_POINT('',#2272);
#2272 = CARTESIAN_POINT('',(-0.65,-49.97178024302,4.985));
#2273 = SURFACE_CURVE('',#2274,(#2278,#2284),.PCURVE_S1.);
#2274 = LINE('',#2275,#2276);
#2275 = CARTESIAN_POINT('',(-0.65,-49.97178024302,0.));
#2276 = VECTOR('',#2277,1.);
#2277 = DIRECTION('',(0.,0.,-1.));
#2278 = PCURVE('',#662,#2279);
#2279 = DEFINITIONAL_REPRESENTATION('',(#2280),#2283);
#2280 = B_SPLINE_CURVE_WITH_KNOTS('',1,(#2281,#2282),.UNSPECIFIED.,.F.,
  .F.,(2,2),(-5.843,-4.907),.PIECEWISE_BEZIER_KNOTS.);
#2281 = CARTESIAN_POINT('',(-6.196409778329,-5.843));
#2282 = CARTESIAN_POINT('',(-6.196409778329,-4.907));
#2283 = ( GEOMETRIC_REPRESENTATION_CONTEXT(2) 
PARAMETRIC_REPRESENTATION_CONTEXT() REPRESENTATION_CONTEXT('2D SPACE',''
  ) );
#2284 = PCURVE('',#2285,#2290);
#2285 = PLANE('',#2286);
#2286 = AXIS2_PLACEMENT_3D('',#2287,#2288,#2289);
#2287 = CARTESIAN_POINT('',(-0.65,-46.,4.985));
#2288 = DIRECTION('',(1.,-2.22044604925E-16,0.));
#2289 = DIRECTION('',(-2.22044604925E-16,-1.,0.));
#2290 = DEFINITIONAL_REPRESENTATION('',(#2291),#2294);
#2291 = B_SPLINE_CURVE_WITH_KNOTS('',1,(#2292,#2293),.UNSPECIFIED.,.F.,
  .F.,(2,2),(-5.843,-4.907),.PIECEWISE_BEZIER_KNOTS.);
#2292 = CARTESIAN_POINT('',(3.971780243021,-0.858));
#2293 = CARTESIAN_POINT('',(3.971780243021,7.8E-02));
#2294 = ( GEOMETRIC_REPRESENTATION_CONTEXT(2) 
PARAMETRIC_REPRESENTATION_CONTEXT() REPRESENTATION_CONTEXT('2D SPACE',''
  ) );
#2295 = ORIENTED_EDGE('',*,*,#2296,.F.);
#2296 = EDGE_CURVE('',#2297,#2271,#2299,.T.);
#2297 = VERTEX_POINT('',#2298);
#2298 = CARTESIAN_POINT('',(0.65,-49.97178024302,4.985));
#2299 = SURFACE_CURVE('',#2300,(#2305,#2312),.PCURVE_S1.);
#2300 = CIRCLE('',#2301,7.5);
#2301 = AXIS2_PLACEMENT_3D('',#2302,#2303,#2304);
#2302 = CARTESIAN_POINT('',(-9.436895709314E-15,-42.5,4.985));
#2303 = DIRECTION('',(0.,0.,-1.));
#2304 = DIRECTION('',(-2.22044604925E-16,-1.,-0.));
#2305 = PCURVE('',#662,#2306);
#2306 = DEFINITIONAL_REPRESENTATION('',(#2307),#2311);
#2307 = LINE('',#2308,#2309);
#2308 = CARTESIAN_POINT('',(-12.56637061435,-4.985));
#2309 = VECTOR('',#2310,1.);
#2310 = DIRECTION('',(1.,-0.));
#2311 = ( GEOMETRIC_REPRESENTATION_CONTEXT(2) 
PARAMETRIC_REPRESENTATION_CONTEXT() REPRESENTATION_CONTEXT('2D SPACE',''
  ) );
#2312 = PCURVE('',#2313,#2318);
#2313 = PLANE('',#2314);
#2314 = AXIS2_PLACEMENT_3D('',#2315,#2316,#2317);
#2315 = CARTESIAN_POINT('',(-1.070254995739E-14,-48.2,4.985));
#2316 = DIRECTION('',(0.,0.,1.));
#2317 = DIRECTION('',(-2.22044604925E-16,-1.,0.));
#2318 = DEFINITIONAL_REPRESENTATION('',(#2319),#2327);
#2319 = ( BOUNDED_CURVE() B_SPLINE_CURVE(2,(#2320,#2321,#2322,#2323,
#2324,#2325,#2326),.UNSPECIFIED.,.T.,.F.) B_SPLINE_CURVE_WITH_KNOTS((1,2
    ,2,2,2,1),(-2.094395102393,0.,2.094395102393,4.188790204786,
6.28318530718,8.377580409573),.UNSPECIFIED.) CURVE() 
GEOMETRIC_REPRESENTATION_ITEM() RATIONAL_B_SPLINE_CURVE((1.,0.5,1.,0.5,
1.,0.5,1.)) REPRESENTATION_ITEM('') );
#2320 = CARTESIAN_POINT('',(1.8,0.));
#2321 = CARTESIAN_POINT('',(1.8,-12.99038105676));
#2322 = CARTESIAN_POINT('',(-9.45,-6.495190528383));
#2323 = CARTESIAN_POINT('',(-20.7,-1.836970198721E-15));
#2324 = CARTESIAN_POINT('',(-9.45,6.495190528383));
#2325 = CARTESIAN_POINT('',(1.8,12.990381056767));
#2326 = CARTESIAN_POINT('',(1.8,0.));
#2327 = ( GEOMETRIC_REPRESENTATION_CONTEXT(2) 
PARAMETRIC_REPRESENTATION_CONTEXT() REPRESENTATION_CONTEXT('2D SPACE',''
  ) );
#2328 = ORIENTED_EDGE('',*,*,#2329,.F.);
#2329 = EDGE_CURVE('',#2236,#2297,#2330,.T.);
#2330 = SURFACE_CURVE('',#2331,(#2335,#2341),.PCURVE_S1.);
#2331 = LINE('',#2332,#2333);
#2332 = CARTESIAN_POINT('',(0.65,-49.97178024302,0.));
#2333 = VECTOR('',#2334,1.);
#2334 = DIRECTION('',(0.,0.,-1.));
#2335 = PCURVE('',#662,#2336);
#2336 = DEFINITIONAL_REPRESENTATION('',(#2337),#2340);
#2337 = B_SPLINE_CURVE_WITH_KNOTS('',1,(#2338,#2339),.UNSPECIFIED.,.F.,
  .F.,(2,2),(-5.843,-4.907),.PIECEWISE_BEZIER_KNOTS.);
#2338 = CARTESIAN_POINT('',(-6.36996083603,-5.843));
#2339 = CARTESIAN_POINT('',(-6.36996083603,-4.907));
#2340 = ( GEOMETRIC_REPRESENTATION_CONTEXT(2) 
PARAMETRIC_REPRESENTATION_CONTEXT() REPRESENTATION_CONTEXT('2D SPACE',''
  ) );
#2341 = PCURVE('',#2342,#2347);
#2342 = PLANE('',#2343);
#2343 = AXIS2_PLACEMENT_3D('',#2344,#2345,#2346);
#2344 = CARTESIAN_POINT('',(0.65,-50.4,4.985));
#2345 = DIRECTION('',(-1.,2.22044604925E-16,0.));
#2346 = DIRECTION('',(2.22044604925E-16,1.,0.));
#2347 = DEFINITIONAL_REPRESENTATION('',(#2348),#2351);
#2348 = B_SPLINE_CURVE_WITH_KNOTS('',1,(#2349,#2350),.UNSPECIFIED.,.F.,
  .F.,(2,2),(-5.843,-4.907),.PIECEWISE_BEZIER_KNOTS.);
#2349 = CARTESIAN_POINT('',(0.428219756979,-0.858));
#2350 = CARTESIAN_POINT('',(0.428219756979,7.8E-02));
#2351 = ( GEOMETRIC_REPRESENTATION_CONTEXT(2) 
PARAMETRIC_REPRESENTATION_CONTEXT() REPRESENTATION_CONTEXT('2D SPACE',''
  ) );
#2352 = FACE_BOUND('',#2353,.F.);
#2353 = EDGE_LOOP('',(#2354,#2389,#2415,#2448));
#2354 = ORIENTED_EDGE('',*,*,#2355,.T.);
#2355 = EDGE_CURVE('',#2356,#2358,#2360,.T.);
#2356 = VERTEX_POINT('',#2357);
#2357 = CARTESIAN_POINT('',(0.65,-49.97178024302,4.715));
#2358 = VERTEX_POINT('',#2359);
#2359 = CARTESIAN_POINT('',(-0.65,-49.97178024302,4.715));
#2360 = SURFACE_CURVE('',#2361,(#2366,#2373),.PCURVE_S1.);
#2361 = CIRCLE('',#2362,7.5);
#2362 = AXIS2_PLACEMENT_3D('',#2363,#2364,#2365);
#2363 = CARTESIAN_POINT('',(-9.436895709314E-15,-42.5,4.715));
#2364 = DIRECTION('',(0.,0.,-1.));
#2365 = DIRECTION('',(-2.22044604925E-16,-1.,-0.));
#2366 = PCURVE('',#662,#2367);
#2367 = DEFINITIONAL_REPRESENTATION('',(#2368),#2372);
#2368 = LINE('',#2369,#2370);
#2369 = CARTESIAN_POINT('',(-12.56637061435,-4.715));
#2370 = VECTOR('',#2371,1.);
#2371 = DIRECTION('',(1.,-0.));
#2372 = ( GEOMETRIC_REPRESENTATION_CONTEXT(2) 
PARAMETRIC_REPRESENTATION_CONTEXT() REPRESENTATION_CONTEXT('2D SPACE',''
  ) );
#2373 = PCURVE('',#2374,#2379);
#2374 = PLANE('',#2375);
#2375 = AXIS2_PLACEMENT_3D('',#2376,#2377,#2378);
#2376 = CARTESIAN_POINT('',(-1.070254995739E-14,-48.2,4.715));
#2377 = DIRECTION('',(0.,0.,1.));
#2378 = DIRECTION('',(-2.22044604925E-16,-1.,0.));
#2379 = DEFINITIONAL_REPRESENTATION('',(#2380),#2388);
#2380 = ( BOUNDED_CURVE() B_SPLINE_CURVE(2,(#2381,#2382,#2383,#2384,
#2385,#2386,#2387),.UNSPECIFIED.,.T.,.F.) B_SPLINE_CURVE_WITH_KNOTS((1,2
    ,2,2,2,1),(-2.094395102393,0.,2.094395102393,4.188790204786,
6.28318530718,8.377580409573),.UNSPECIFIED.) CURVE() 
GEOMETRIC_REPRESENTATION_ITEM() RATIONAL_B_SPLINE_CURVE((1.,0.5,1.,0.5,
1.,0.5,1.)) REPRESENTATION_ITEM('') );
#2381 = CARTESIAN_POINT('',(1.8,0.));
#2382 = CARTESIAN_POINT('',(1.8,-12.99038105676));
#2383 = CARTESIAN_POINT('',(-9.45,-6.495190528383));
#2384 = CARTESIAN_POINT('',(-20.7,-1.836970198721E-15));
#2385 = CARTESIAN_POINT('',(-9.45,6.495190528383));
#2386 = CARTESIAN_POINT('',(1.8,12.990381056767));
#2387 = CARTESIAN_POINT('',(1.8,0.));
#2388 = ( GEOMETRIC_REPRESENTATION_CONTEXT(2) 
PARAMETRIC_REPRESENTATION_CONTEXT() REPRESENTATION_CONTEXT('2D SPACE',''
  ) );
#2389 = ORIENTED_EDGE('',*,*,#2390,.T.);
#2390 = EDGE_CURVE('',#2358,#2391,#2393,.T.);
#2391 = VERTEX_POINT('',#2392);
#2392 = CARTESIAN_POINT('',(-0.65,-49.97178024302,3.935));
#2393 = SURFACE_CURVE('',#2394,(#2398,#2404),.PCURVE_S1.);
#2394 = LINE('',#2395,#2396);
#2395 = CARTESIAN_POINT('',(-0.65,-49.97178024302,0.));
#2396 = VECTOR('',#2397,1.);
#2397 = DIRECTION('',(0.,0.,-1.));
#2398 = PCURVE('',#662,#2399);
#2399 = DEFINITIONAL_REPRESENTATION('',(#2400),#2403);
#2400 = B_SPLINE_CURVE_WITH_KNOTS('',1,(#2401,#2402),.UNSPECIFIED.,.F.,
  .F.,(2,2),(-4.793,-3.857),.PIECEWISE_BEZIER_KNOTS.);
#2401 = CARTESIAN_POINT('',(-6.196409778329,-4.793));
#2402 = CARTESIAN_POINT('',(-6.196409778329,-3.857));
#2403 = ( GEOMETRIC_REPRESENTATION_CONTEXT(2) 
PARAMETRIC_REPRESENTATION_CONTEXT() REPRESENTATION_CONTEXT('2D SPACE',''
  ) );
#2404 = PCURVE('',#2405,#2410);
#2405 = PLANE('',#2406);
#2406 = AXIS2_PLACEMENT_3D('',#2407,#2408,#2409);
#2407 = CARTESIAN_POINT('',(-0.65,-46.,3.935));
#2408 = DIRECTION('',(1.,-2.22044604925E-16,0.));
#2409 = DIRECTION('',(-2.22044604925E-16,-1.,0.));
#2410 = DEFINITIONAL_REPRESENTATION('',(#2411),#2414);
#2411 = B_SPLINE_CURVE_WITH_KNOTS('',1,(#2412,#2413),.UNSPECIFIED.,.F.,
  .F.,(2,2),(-4.793,-3.857),.PIECEWISE_BEZIER_KNOTS.);
#2412 = CARTESIAN_POINT('',(3.971780243021,-0.858));
#2413 = CARTESIAN_POINT('',(3.971780243021,7.8E-02));
#2414 = ( GEOMETRIC_REPRESENTATION_CONTEXT(2) 
PARAMETRIC_REPRESENTATION_CONTEXT() REPRESENTATION_CONTEXT('2D SPACE',''
  ) );
#2415 = ORIENTED_EDGE('',*,*,#2416,.F.);
#2416 = EDGE_CURVE('',#2417,#2391,#2419,.T.);
#2417 = VERTEX_POINT('',#2418);
#2418 = CARTESIAN_POINT('',(0.65,-49.97178024302,3.935));
#2419 = SURFACE_CURVE('',#2420,(#2425,#2432),.PCURVE_S1.);
#2420 = CIRCLE('',#2421,7.5);
#2421 = AXIS2_PLACEMENT_3D('',#2422,#2423,#2424);
#2422 = CARTESIAN_POINT('',(-9.436895709314E-15,-42.5,3.935));
#2423 = DIRECTION('',(0.,0.,-1.));
#2424 = DIRECTION('',(-2.22044604925E-16,-1.,-0.));
#2425 = PCURVE('',#662,#2426);
#2426 = DEFINITIONAL_REPRESENTATION('',(#2427),#2431);
#2427 = LINE('',#2428,#2429);
#2428 = CARTESIAN_POINT('',(-12.56637061435,-3.935));
#2429 = VECTOR('',#2430,1.);
#2430 = DIRECTION('',(1.,-0.));
#2431 = ( GEOMETRIC_REPRESENTATION_CONTEXT(2) 
PARAMETRIC_REPRESENTATION_CONTEXT() REPRESENTATION_CONTEXT('2D SPACE',''
  ) );
#2432 = PCURVE('',#2433,#2438);
#2433 = PLANE('',#2434);
#2434 = AXIS2_PLACEMENT_3D('',#2435,#2436,#2437);
#2435 = CARTESIAN_POINT('',(-1.070254995739E-14,-48.2,3.935));
#2436 = DIRECTION('',(0.,0.,1.));
#2437 = DIRECTION('',(-2.22044604925E-16,-1.,0.));
#2438 = DEFINITIONAL_REPRESENTATION('',(#2439),#2447);
#2439 = ( BOUNDED_CURVE() B_SPLINE_CURVE(2,(#2440,#2441,#2442,#2443,
#2444,#2445,#2446),.UNSPECIFIED.,.T.,.F.) B_SPLINE_CURVE_WITH_KNOTS((1,2
    ,2,2,2,1),(-2.094395102393,0.,2.094395102393,4.188790204786,
6.28318530718,8.377580409573),.UNSPECIFIED.) CURVE() 
GEOMETRIC_REPRESENTATION_ITEM() RATIONAL_B_SPLINE_CURVE((1.,0.5,1.,0.5,
1.,0.5,1.)) REPRESENTATION_ITEM('') );
#2440 = CARTESIAN_POINT('',(1.8,0.));
#2441 = CARTESIAN_POINT('',(1.8,-12.99038105676));
#2442 = CARTESIAN_POINT('',(-9.45,-6.495190528383));
#2443 = CARTESIAN_POINT('',(-20.7,-1.836970198721E-15));
#2444 = CARTESIAN_POINT('',(-9.45,6.495190528383));
#2445 = CARTESIAN_POINT('',(1.8,12.990381056767));
#2446 = CARTESIAN_POINT('',(1.8,0.));
#2447 = ( GEOMETRIC_REPRESENTATION_CONTEXT(2) 
PARAMETRIC_REPRESENTATION_CONTEXT() REPRESENTATION_CONTEXT('2D SPACE',''
  ) );
#2448 = ORIENTED_EDGE('',*,*,#2449,.F.);
#2449 = EDGE_CURVE('',#2356,#2417,#2450,.T.);
#2450 = SURFACE_CURVE('',#2451,(#2455,#2461),.PCURVE_S1.);
#2451 = LINE('',#2452,#2453);
#2452 = CARTESIAN_POINT('',(0.65,-49.97178024302,0.));
#2453 = VECTOR('',#2454,1.);
#2454 = DIRECTION('',(0.,0.,-1.));
#2455 = PCURVE('',#662,#2456);
#2456 = DEFINITIONAL_REPRESENTATION('',(#2457),#2460);
#2457 = B_SPLINE_CURVE_WITH_KNOTS('',1,(#2458,#2459),.UNSPECIFIED.,.F.,
  .F.,(2,2),(-4.793,-3.857),.PIECEWISE_BEZIER_KNOTS.);
#2458 = CARTESIAN_POINT('',(-6.36996083603,-4.793));
#2459 = CARTESIAN_POINT('',(-6.36996083603,-3.857));
#2460 = ( GEOMETRIC_REPRESENTATION_CONTEXT(2) 
PARAMETRIC_REPRESENTATION_CONTEXT() REPRESENTATION_CONTEXT('2D SPACE',''
  ) );
#2461 = PCURVE('',#2462,#2467);
#2462 = PLANE('',#2463);
#2463 = AXIS2_PLACEMENT_3D('',#2464,#2465,#2466);
#2464 = CARTESIAN_POINT('',(0.65,-50.4,3.935));
#2465 = DIRECTION('',(-1.,2.22044604925E-16,0.));
#2466 = DIRECTION('',(2.22044604925E-16,1.,0.));
#2467 = DEFINITIONAL_REPRESENTATION('',(#2468),#2471);
#2468 = B_SPLINE_CURVE_WITH_KNOTS('',1,(#2469,#2470),.UNSPECIFIED.,.F.,
  .F.,(2,2),(-4.793,-3.857),.PIECEWISE_BEZIER_KNOTS.);
#2469 = CARTESIAN_POINT('',(0.428219756979,-0.858));
#2470 = CARTESIAN_POINT('',(0.428219756979,7.8E-02));
#2471 = ( GEOMETRIC_REPRESENTATION_CONTEXT(2) 
PARAMETRIC_REPRESENTATION_CONTEXT() REPRESENTATION_CONTEXT('2D SPACE',''
  ) );
#2472 = FACE_BOUND('',#2473,.F.);
#2473 = EDGE_LOOP('',(#2474,#2509,#2535,#2568));
#2474 = ORIENTED_EDGE('',*,*,#2475,.T.);
#2475 = EDGE_CURVE('',#2476,#2478,#2480,.T.);
#2476 = VERTEX_POINT('',#2477);
#2477 = CARTESIAN_POINT('',(0.65,-49.97178024302,3.665));
#2478 = VERTEX_POINT('',#2479);
#2479 = CARTESIAN_POINT('',(-0.65,-49.97178024302,3.665));
#2480 = SURFACE_CURVE('',#2481,(#2486,#2493),.PCURVE_S1.);
#2481 = CIRCLE('',#2482,7.5);
#2482 = AXIS2_PLACEMENT_3D('',#2483,#2484,#2485);
#2483 = CARTESIAN_POINT('',(-9.436895709314E-15,-42.5,3.665));
#2484 = DIRECTION('',(0.,0.,-1.));
#2485 = DIRECTION('',(-2.22044604925E-16,-1.,-0.));
#2486 = PCURVE('',#662,#2487);
#2487 = DEFINITIONAL_REPRESENTATION('',(#2488),#2492);
#2488 = LINE('',#2489,#2490);
#2489 = CARTESIAN_POINT('',(-12.56637061435,-3.665));
#2490 = VECTOR('',#2491,1.);
#2491 = DIRECTION('',(1.,-0.));
#2492 = ( GEOMETRIC_REPRESENTATION_CONTEXT(2) 
PARAMETRIC_REPRESENTATION_CONTEXT() REPRESENTATION_CONTEXT('2D SPACE',''
  ) );
#2493 = PCURVE('',#2494,#2499);
#2494 = PLANE('',#2495);
#2495 = AXIS2_PLACEMENT_3D('',#2496,#2497,#2498);
#2496 = CARTESIAN_POINT('',(-1.070254995739E-14,-48.2,3.665));
#2497 = DIRECTION('',(0.,0.,1.));
#2498 = DIRECTION('',(-2.22044604925E-16,-1.,0.));
#2499 = DEFINITIONAL_REPRESENTATION('',(#2500),#2508);
#2500 = ( BOUNDED_CURVE() B_SPLINE_CURVE(2,(#2501,#2502,#2503,#2504,
#2505,#2506,#2507),.UNSPECIFIED.,.T.,.F.) B_SPLINE_CURVE_WITH_KNOTS((1,2
    ,2,2,2,1),(-2.094395102393,0.,2.094395102393,4.188790204786,
6.28318530718,8.377580409573),.UNSPECIFIED.) CURVE() 
GEOMETRIC_REPRESENTATION_ITEM() RATIONAL_B_SPLINE_CURVE((1.,0.5,1.,0.5,
1.,0.5,1.)) REPRESENTATION_ITEM('') );
#2501 = CARTESIAN_POINT('',(1.8,0.));
#2502 = CARTESIAN_POINT('',(1.8,-12.99038105676));
#2503 = CARTESIAN_POINT('',(-9.45,-6.495190528383));
#2504 = CARTESIAN_POINT('',(-20.7,-1.836970198721E-15));
#2505 = CARTESIAN_POINT('',(-9.45,6.495190528383));
#2506 = CARTESIAN_POINT('',(1.8,12.990381056767));
#2507 = CARTESIAN_POINT('',(1.8,0.));
#2508 = ( GEOMETRIC_REPRESENTATION_CONTEXT(2) 
PARAMETRIC_REPRESENTATION_CONTEXT() REPRESENTATION_CONTEXT('2D SPACE',''
  ) );
#2509 = ORIENTED_EDGE('',*,*,#2510,.T.);
#2510 = EDGE_CURVE('',#2478,#2511,#2513,.T.);
#2511 = VERTEX_POINT('',#2512);
#2512 = CARTESIAN_POINT('',(-0.65,-49.97178024302,2.885));
#2513 = SURFACE_CURVE('',#2514,(#2518,#2524),.PCURVE_S1.);
#2514 = LINE('',#2515,#2516);
#2515 = CARTESIAN_POINT('',(-0.65,-49.97178024302,0.));
#2516 = VECTOR('',#2517,1.);
#2517 = DIRECTION('',(0.,0.,-1.));
#2518 = PCURVE('',#662,#2519);
#2519 = DEFINITIONAL_REPRESENTATION('',(#2520),#2523);
#2520 = B_SPLINE_CURVE_WITH_KNOTS('',1,(#2521,#2522),.UNSPECIFIED.,.F.,
  .F.,(2,2),(-3.743,-2.807),.PIECEWISE_BEZIER_KNOTS.);
#2521 = CARTESIAN_POINT('',(-6.196409778329,-3.743));
#2522 = CARTESIAN_POINT('',(-6.196409778329,-2.807));
#2523 = ( GEOMETRIC_REPRESENTATION_CONTEXT(2) 
PARAMETRIC_REPRESENTATION_CONTEXT() REPRESENTATION_CONTEXT('2D SPACE',''
  ) );
#2524 = PCURVE('',#2525,#2530);
#2525 = PLANE('',#2526);
#2526 = AXIS2_PLACEMENT_3D('',#2527,#2528,#2529);
#2527 = CARTESIAN_POINT('',(-0.65,-46.,2.885));
#2528 = DIRECTION('',(1.,-2.22044604925E-16,0.));
#2529 = DIRECTION('',(-2.22044604925E-16,-1.,0.));
#2530 = DEFINITIONAL_REPRESENTATION('',(#2531),#2534);
#2531 = B_SPLINE_CURVE_WITH_KNOTS('',1,(#2532,#2533),.UNSPECIFIED.,.F.,
  .F.,(2,2),(-3.743,-2.807),.PIECEWISE_BEZIER_KNOTS.);
#2532 = CARTESIAN_POINT('',(3.971780243021,-0.858));
#2533 = CARTESIAN_POINT('',(3.971780243021,7.8E-02));
#2534 = ( GEOMETRIC_REPRESENTATION_CONTEXT(2) 
PARAMETRIC_REPRESENTATION_CONTEXT() REPRESENTATION_CONTEXT('2D SPACE',''
  ) );
#2535 = ORIENTED_EDGE('',*,*,#2536,.F.);
#2536 = EDGE_CURVE('',#2537,#2511,#2539,.T.);
#2537 = VERTEX_POINT('',#2538);
#2538 = CARTESIAN_POINT('',(0.65,-49.97178024302,2.885));
#2539 = SURFACE_CURVE('',#2540,(#2545,#2552),.PCURVE_S1.);
#2540 = CIRCLE('',#2541,7.5);
#2541 = AXIS2_PLACEMENT_3D('',#2542,#2543,#2544);
#2542 = CARTESIAN_POINT('',(-9.436895709314E-15,-42.5,2.885));
#2543 = DIRECTION('',(0.,0.,-1.));
#2544 = DIRECTION('',(-2.22044604925E-16,-1.,-0.));
#2545 = PCURVE('',#662,#2546);
#2546 = DEFINITIONAL_REPRESENTATION('',(#2547),#2551);
#2547 = LINE('',#2548,#2549);
#2548 = CARTESIAN_POINT('',(-12.56637061435,-2.885));
#2549 = VECTOR('',#2550,1.);
#2550 = DIRECTION('',(1.,-0.));
#2551 = ( GEOMETRIC_REPRESENTATION_CONTEXT(2) 
PARAMETRIC_REPRESENTATION_CONTEXT() REPRESENTATION_CONTEXT('2D SPACE',''
  ) );
#2552 = PCURVE('',#2553,#2558);
#2553 = PLANE('',#2554);
#2554 = AXIS2_PLACEMENT_3D('',#2555,#2556,#2557);
#2555 = CARTESIAN_POINT('',(-1.070254995739E-14,-48.2,2.885));
#2556 = DIRECTION('',(0.,0.,1.));
#2557 = DIRECTION('',(-2.22044604925E-16,-1.,0.));
#2558 = DEFINITIONAL_REPRESENTATION('',(#2559),#2567);
#2559 = ( BOUNDED_CURVE() B_SPLINE_CURVE(2,(#2560,#2561,#2562,#2563,
#2564,#2565,#2566),.UNSPECIFIED.,.T.,.F.) B_SPLINE_CURVE_WITH_KNOTS((1,2
    ,2,2,2,1),(-2.094395102393,0.,2.094395102393,4.188790204786,
6.28318530718,8.377580409573),.UNSPECIFIED.) CURVE() 
GEOMETRIC_REPRESENTATION_ITEM() RATIONAL_B_SPLINE_CURVE((1.,0.5,1.,0.5,
1.,0.5,1.)) REPRESENTATION_ITEM('') );
#2560 = CARTESIAN_POINT('',(1.8,0.));
#2561 = CARTESIAN_POINT('',(1.8,-12.99038105676));
#2562 = CARTESIAN_POINT('',(-9.45,-6.495190528383));
#2563 = CARTESIAN_POINT('',(-20.7,-1.836970198721E-15));
#2564 = CARTESIAN_POINT('',(-9.45,6.495190528383));
#2565 = CARTESIAN_POINT('',(1.8,12.990381056767));
#2566 = CARTESIAN_POINT('',(1.8,0.));
#2567 = ( GEOMETRIC_REPRESENTATION_CONTEXT(2) 
PARAMETRIC_REPRESENTATION_CONTEXT() REPRESENTATION_CONTEXT('2D SPACE',''
  ) );
#2568 = ORIENTED_EDGE('',*,*,#2569,.F.);
#2569 = EDGE_CURVE('',#2476,#2537,#2570,.T.);
#2570 = SURFACE_CURVE('',#2571,(#2575,#2581),.PCURVE_S1.);
#2571 = LINE('',#2572,#2573);
#2572 = CARTESIAN_POINT('',(0.65,-49.97178024302,0.));
#2573 = VECTOR('',#2574,1.);
#2574 = DIRECTION('',(0.,0.,-1.));
#2575 = PCURVE('',#662,#2576);
#2576 = DEFINITIONAL_REPRESENTATION('',(#2577),#2580);
#2577 = B_SPLINE_CURVE_WITH_KNOTS('',1,(#2578,#2579),.UNSPECIFIED.,.F.,
  .F.,(2,2),(-3.743,-2.807),.PIECEWISE_BEZIER_KNOTS.);
#2578 = CARTESIAN_POINT('',(-6.36996083603,-3.743));
#2579 = CARTESIAN_POINT('',(-6.36996083603,-2.807));
#2580 = ( GEOMETRIC_REPRESENTATION_CONTEXT(2) 
PARAMETRIC_REPRESENTATION_CONTEXT() REPRESENTATION_CONTEXT('2D SPACE',''
  ) );
#2581 = PCURVE('',#2582,#2587);
#2582 = PLANE('',#2583);
#2583 = AXIS2_PLACEMENT_3D('',#2584,#2585,#2586);
#2584 = CARTESIAN_POINT('',(0.65,-50.4,2.885));
#2585 = DIRECTION('',(-1.,2.22044604925E-16,0.));
#2586 = DIRECTION('',(2.22044604925E-16,1.,0.));
#2587 = DEFINITIONAL_REPRESENTATION('',(#2588),#2591);
#2588 = B_SPLINE_CURVE_WITH_KNOTS('',1,(#2589,#2590),.UNSPECIFIED.,.F.,
  .F.,(2,2),(-3.743,-2.807),.PIECEWISE_BEZIER_KNOTS.);
#2589 = CARTESIAN_POINT('',(0.428219756979,-0.858));
#2590 = CARTESIAN_POINT('',(0.428219756979,7.8E-02));
#2591 = ( GEOMETRIC_REPRESENTATION_CONTEXT(2) 
PARAMETRIC_REPRESENTATION_CONTEXT() REPRESENTATION_CONTEXT('2D SPACE',''
  ) );
#2592 = FACE_BOUND('',#2593,.F.);
#2593 = EDGE_LOOP('',(#2594,#2629,#2655,#2688));
#2594 = ORIENTED_EDGE('',*,*,#2595,.T.);
#2595 = EDGE_CURVE('',#2596,#2598,#2600,.T.);
#2596 = VERTEX_POINT('',#2597);
#2597 = CARTESIAN_POINT('',(0.65,-49.97178024302,2.615));
#2598 = VERTEX_POINT('',#2599);
#2599 = CARTESIAN_POINT('',(-0.65,-49.97178024302,2.615));
#2600 = SURFACE_CURVE('',#2601,(#2606,#2613),.PCURVE_S1.);
#2601 = CIRCLE('',#2602,7.5);
#2602 = AXIS2_PLACEMENT_3D('',#2603,#2604,#2605);
#2603 = CARTESIAN_POINT('',(-9.436895709314E-15,-42.5,2.615));
#2604 = DIRECTION('',(0.,0.,-1.));
#2605 = DIRECTION('',(-2.22044604925E-16,-1.,-0.));
#2606 = PCURVE('',#662,#2607);
#2607 = DEFINITIONAL_REPRESENTATION('',(#2608),#2612);
#2608 = LINE('',#2609,#2610);
#2609 = CARTESIAN_POINT('',(-12.56637061435,-2.615));
#2610 = VECTOR('',#2611,1.);
#2611 = DIRECTION('',(1.,-0.));
#2612 = ( GEOMETRIC_REPRESENTATION_CONTEXT(2) 
PARAMETRIC_REPRESENTATION_CONTEXT() REPRESENTATION_CONTEXT('2D SPACE',''
  ) );
#2613 = PCURVE('',#2614,#2619);
#2614 = PLANE('',#2615);
#2615 = AXIS2_PLACEMENT_3D('',#2616,#2617,#2618);
#2616 = CARTESIAN_POINT('',(-1.070254995739E-14,-48.2,2.615));
#2617 = DIRECTION('',(0.,0.,1.));
#2618 = DIRECTION('',(-2.22044604925E-16,-1.,0.));
#2619 = DEFINITIONAL_REPRESENTATION('',(#2620),#2628);
#2620 = ( BOUNDED_CURVE() B_SPLINE_CURVE(2,(#2621,#2622,#2623,#2624,
#2625,#2626,#2627),.UNSPECIFIED.,.T.,.F.) B_SPLINE_CURVE_WITH_KNOTS((1,2
    ,2,2,2,1),(-2.094395102393,0.,2.094395102393,4.188790204786,
6.28318530718,8.377580409573),.UNSPECIFIED.) CURVE() 
GEOMETRIC_REPRESENTATION_ITEM() RATIONAL_B_SPLINE_CURVE((1.,0.5,1.,0.5,
1.,0.5,1.)) REPRESENTATION_ITEM('') );
#2621 = CARTESIAN_POINT('',(1.8,0.));
#2622 = CARTESIAN_POINT('',(1.8,-12.99038105676));
#2623 = CARTESIAN_POINT('',(-9.45,-6.495190528383));
#2624 = CARTESIAN_POINT('',(-20.7,-1.836970198721E-15));
#2625 = CARTESIAN_POINT('',(-9.45,6.495190528383));
#2626 = CARTESIAN_POINT('',(1.8,12.990381056767));
#2627 = CARTESIAN_POINT('',(1.8,0.));
#2628 = ( GEOMETRIC_REPRESENTATION_CONTEXT(2) 
PARAMETRIC_REPRESENTATION_CONTEXT() REPRESENTATION_CONTEXT('2D SPACE',''
  ) );
#2629 = ORIENTED_EDGE('',*,*,#2630,.T.);
#2630 = EDGE_CURVE('',#2598,#2631,#2633,.T.);
#2631 = VERTEX_POINT('',#2632);
#2632 = CARTESIAN_POINT('',(-0.65,-49.97178024302,1.835));
#2633 = SURFACE_CURVE('',#2634,(#2638,#2644),.PCURVE_S1.);
#2634 = LINE('',#2635,#2636);
#2635 = CARTESIAN_POINT('',(-0.65,-49.97178024302,0.));
#2636 = VECTOR('',#2637,1.);
#2637 = DIRECTION('',(0.,0.,-1.));
#2638 = PCURVE('',#662,#2639);
#2639 = DEFINITIONAL_REPRESENTATION('',(#2640),#2643);
#2640 = B_SPLINE_CURVE_WITH_KNOTS('',1,(#2641,#2642),.UNSPECIFIED.,.F.,
  .F.,(2,2),(-2.693,-1.757),.PIECEWISE_BEZIER_KNOTS.);
#2641 = CARTESIAN_POINT('',(-6.196409778329,-2.693));
#2642 = CARTESIAN_POINT('',(-6.196409778329,-1.757));
#2643 = ( GEOMETRIC_REPRESENTATION_CONTEXT(2) 
PARAMETRIC_REPRESENTATION_CONTEXT() REPRESENTATION_CONTEXT('2D SPACE',''
  ) );
#2644 = PCURVE('',#2645,#2650);
#2645 = PLANE('',#2646);
#2646 = AXIS2_PLACEMENT_3D('',#2647,#2648,#2649);
#2647 = CARTESIAN_POINT('',(-0.65,-46.,1.835));
#2648 = DIRECTION('',(1.,-2.22044604925E-16,0.));
#2649 = DIRECTION('',(-2.22044604925E-16,-1.,0.));
#2650 = DEFINITIONAL_REPRESENTATION('',(#2651),#2654);
#2651 = B_SPLINE_CURVE_WITH_KNOTS('',1,(#2652,#2653),.UNSPECIFIED.,.F.,
  .F.,(2,2),(-2.693,-1.757),.PIECEWISE_BEZIER_KNOTS.);
#2652 = CARTESIAN_POINT('',(3.971780243021,-0.858));
#2653 = CARTESIAN_POINT('',(3.971780243021,7.8E-02));
#2654 = ( GEOMETRIC_REPRESENTATION_CONTEXT(2) 
PARAMETRIC_REPRESENTATION_CONTEXT() REPRESENTATION_CONTEXT('2D SPACE',''
  ) );
#2655 = ORIENTED_EDGE('',*,*,#2656,.F.);
#2656 = EDGE_CURVE('',#2657,#2631,#2659,.T.);
#2657 = VERTEX_POINT('',#2658);
#2658 = CARTESIAN_POINT('',(0.65,-49.97178024302,1.835));
#2659 = SURFACE_CURVE('',#2660,(#2665,#2672),.PCURVE_S1.);
#2660 = CIRCLE('',#2661,7.5);
#2661 = AXIS2_PLACEMENT_3D('',#2662,#2663,#2664);
#2662 = CARTESIAN_POINT('',(-9.436895709314E-15,-42.5,1.835));
#2663 = DIRECTION('',(0.,0.,-1.));
#2664 = DIRECTION('',(-2.22044604925E-16,-1.,-0.));
#2665 = PCURVE('',#662,#2666);
#2666 = DEFINITIONAL_REPRESENTATION('',(#2667),#2671);
#2667 = LINE('',#2668,#2669);
#2668 = CARTESIAN_POINT('',(-12.56637061435,-1.835));
#2669 = VECTOR('',#2670,1.);
#2670 = DIRECTION('',(1.,-0.));
#2671 = ( GEOMETRIC_REPRESENTATION_CONTEXT(2) 
PARAMETRIC_REPRESENTATION_CONTEXT() REPRESENTATION_CONTEXT('2D SPACE',''
  ) );
#2672 = PCURVE('',#2673,#2678);
#2673 = PLANE('',#2674);
#2674 = AXIS2_PLACEMENT_3D('',#2675,#2676,#2677);
#2675 = CARTESIAN_POINT('',(-1.070254995739E-14,-48.2,1.835));
#2676 = DIRECTION('',(0.,0.,1.));
#2677 = DIRECTION('',(-2.22044604925E-16,-1.,0.));
#2678 = DEFINITIONAL_REPRESENTATION('',(#2679),#2687);
#2679 = ( BOUNDED_CURVE() B_SPLINE_CURVE(2,(#2680,#2681,#2682,#2683,
#2684,#2685,#2686),.UNSPECIFIED.,.T.,.F.) B_SPLINE_CURVE_WITH_KNOTS((1,2
    ,2,2,2,1),(-2.094395102393,0.,2.094395102393,4.188790204786,
6.28318530718,8.377580409573),.UNSPECIFIED.) CURVE() 
GEOMETRIC_REPRESENTATION_ITEM() RATIONAL_B_SPLINE_CURVE((1.,0.5,1.,0.5,
1.,0.5,1.)) REPRESENTATION_ITEM('') );
#2680 = CARTESIAN_POINT('',(1.8,0.));
#2681 = CARTESIAN_POINT('',(1.8,-12.99038105676));
#2682 = CARTESIAN_POINT('',(-9.45,-6.495190528383));
#2683 = CARTESIAN_POINT('',(-20.7,-1.836970198721E-15));
#2684 = CARTESIAN_POINT('',(-9.45,6.495190528383));
#2685 = CARTESIAN_POINT('',(1.8,12.990381056767));
#2686 = CARTESIAN_POINT('',(1.8,0.));
#2687 = ( GEOMETRIC_REPRESENTATION_CONTEXT(2) 
PARAMETRIC_REPRESENTATION_CONTEXT() REPRESENTATION_CONTEXT('2D SPACE',''
  ) );
#2688 = ORIENTED_EDGE('',*,*,#2689,.F.);
#2689 = EDGE_CURVE('',#2596,#2657,#2690,.T.);
#2690 = SURFACE_CURVE('',#2691,(#2695,#2701),.PCURVE_S1.);
#2691 = LINE('',#2692,#2693);
#2692 = CARTESIAN_POINT('',(0.65,-49.97178024302,0.));
#2693 = VECTOR('',#2694,1.);
#2694 = DIRECTION('',(0.,0.,-1.));
#2695 = PCURVE('',#662,#2696);
#2696 = DEFINITIONAL_REPRESENTATION('',(#2697),#2700);
#2697 = B_SPLINE_CURVE_WITH_KNOTS('',1,(#2698,#2699),.UNSPECIFIED.,.F.,
  .F.,(2,2),(-2.693,-1.757),.PIECEWISE_BEZIER_KNOTS.);
#2698 = CARTESIAN_POINT('',(-6.36996083603,-2.693));
#2699 = CARTESIAN_POINT('',(-6.36996083603,-1.757));
#2700 = ( GEOMETRIC_REPRESENTATION_CONTEXT(2) 
PARAMETRIC_REPRESENTATION_CONTEXT() REPRESENTATION_CONTEXT('2D SPACE',''
  ) );
#2701 = PCURVE('',#2702,#2707);
#2702 = PLANE('',#2703);
#2703 = AXIS2_PLACEMENT_3D('',#2704,#2705,#2706);
#2704 = CARTESIAN_POINT('',(0.65,-50.4,1.835));
#2705 = DIRECTION('',(-1.,2.22044604925E-16,0.));
#2706 = DIRECTION('',(2.22044604925E-16,1.,0.));
#2707 = DEFINITIONAL_REPRESENTATION('',(#2708),#2711);
#2708 = B_SPLINE_CURVE_WITH_KNOTS('',1,(#2709,#2710),.UNSPECIFIED.,.F.,
  .F.,(2,2),(-2.693,-1.757),.PIECEWISE_BEZIER_KNOTS.);
#2709 = CARTESIAN_POINT('',(0.428219756979,-0.858));
#2710 = CARTESIAN_POINT('',(0.428219756979,7.8E-02));
#2711 = ( GEOMETRIC_REPRESENTATION_CONTEXT(2) 
PARAMETRIC_REPRESENTATION_CONTEXT() REPRESENTATION_CONTEXT('2D SPACE',''
  ) );
#2712 = ADVANCED_FACE('',(#2713),#200,.T.);
#2713 = FACE_BOUND('',#2714,.F.);
#2714 = EDGE_LOOP('',(#2715,#2716,#2717,#2741));
#2715 = ORIENTED_EDGE('',*,*,#183,.F.);
#2716 = ORIENTED_EDGE('',*,*,#1923,.F.);
#2717 = ORIENTED_EDGE('',*,*,#2718,.T.);
#2718 = EDGE_CURVE('',#1896,#2719,#2721,.T.);
#2719 = VERTEX_POINT('',#2720);
#2720 = CARTESIAN_POINT('',(9.484823859752,16.463235294118,8.));
#2721 = SURFACE_CURVE('',#2722,(#2727,#2734),.PCURVE_S1.);
#2722 = CIRCLE('',#2723,19.);
#2723 = AXIS2_PLACEMENT_3D('',#2724,#2725,#2726);
#2724 = CARTESIAN_POINT('',(0.,0.,8.));
#2725 = DIRECTION('',(0.,0.,1.));
#2726 = DIRECTION('',(1.,0.,0.));
#2727 = PCURVE('',#200,#2728);
#2728 = DEFINITIONAL_REPRESENTATION('',(#2729),#2733);
#2729 = LINE('',#2730,#2731);
#2730 = CARTESIAN_POINT('',(-0.,-8.));
#2731 = VECTOR('',#2732,1.);
#2732 = DIRECTION('',(-1.,0.));
#2733 = ( GEOMETRIC_REPRESENTATION_CONTEXT(2) 
PARAMETRIC_REPRESENTATION_CONTEXT() REPRESENTATION_CONTEXT('2D SPACE',''
  ) );
#2734 = PCURVE('',#834,#2735);
#2735 = DEFINITIONAL_REPRESENTATION('',(#2736),#2740);
#2736 = CIRCLE('',#2737,19.);
#2737 = AXIS2_PLACEMENT_2D('',#2738,#2739);
#2738 = CARTESIAN_POINT('',(-17.,-1.879594466024E-16));
#2739 = DIRECTION('',(1.,0.));
#2740 = ( GEOMETRIC_REPRESENTATION_CONTEXT(2) 
PARAMETRIC_REPRESENTATION_CONTEXT() REPRESENTATION_CONTEXT('2D SPACE',''
  ) );
#2741 = ORIENTED_EDGE('',*,*,#2742,.T.);
#2742 = EDGE_CURVE('',#2719,#184,#2743,.T.);
#2743 = SURFACE_CURVE('',#2744,(#2748,#2754),.PCURVE_S1.);
#2744 = LINE('',#2745,#2746);
#2745 = CARTESIAN_POINT('',(9.484823859752,16.463235294118,0.));
#2746 = VECTOR('',#2747,1.);
#2747 = DIRECTION('',(-0.,-0.,-1.));
#2748 = PCURVE('',#200,#2749);
#2749 = DEFINITIONAL_REPRESENTATION('',(#2750),#2753);
#2750 = B_SPLINE_CURVE_WITH_KNOTS('',1,(#2751,#2752),.UNSPECIFIED.,.F.,
  .F.,(2,2),(-8.0000006,6.E-07),.PIECEWISE_BEZIER_KNOTS.);
#2751 = CARTESIAN_POINT('',(-1.04811961628,-8.0000006));
#2752 = CARTESIAN_POINT('',(-1.04811961628,6.E-07));
#2753 = ( GEOMETRIC_REPRESENTATION_CONTEXT(2) 
PARAMETRIC_REPRESENTATION_CONTEXT() REPRESENTATION_CONTEXT('2D SPACE',''
  ) );
#2754 = PCURVE('',#233,#2755);
#2755 = DEFINITIONAL_REPRESENTATION('',(#2756),#2759);
#2756 = B_SPLINE_CURVE_WITH_KNOTS('',1,(#2757,#2758),.UNSPECIFIED.,.F.,
  .F.,(2,2),(-8.0000006,6.E-07),.PIECEWISE_BEZIER_KNOTS.);
#2757 = CARTESIAN_POINT('',(-4.655857326302,-8.0000006));
#2758 = CARTESIAN_POINT('',(-4.655857326302,6.E-07));
#2759 = ( GEOMETRIC_REPRESENTATION_CONTEXT(2) 
PARAMETRIC_REPRESENTATION_CONTEXT() REPRESENTATION_CONTEXT('2D SPACE',''
  ) );
#2760 = ADVANCED_FACE('',(#2761),#629,.F.);
#2761 = FACE_BOUND('',#2762,.F.);
#2762 = EDGE_LOOP('',(#2763,#2764,#2787,#2808));
#2763 = ORIENTED_EDGE('',*,*,#613,.F.);
#2764 = ORIENTED_EDGE('',*,*,#2765,.F.);
#2765 = EDGE_CURVE('',#2766,#581,#2768,.T.);
#2766 = VERTEX_POINT('',#2767);
#2767 = CARTESIAN_POINT('',(-9.383836453955,-18.48108521207,8.));
#2768 = SURFACE_CURVE('',#2769,(#2773,#2780),.PCURVE_S1.);
#2769 = LINE('',#2770,#2771);
#2770 = CARTESIAN_POINT('',(-9.383836453955,-18.48108521207,0.));
#2771 = VECTOR('',#2772,1.);
#2772 = DIRECTION('',(0.,0.,-1.));
#2773 = PCURVE('',#629,#2774);
#2774 = DEFINITIONAL_REPRESENTATION('',(#2775),#2779);
#2775 = LINE('',#2776,#2777);
#2776 = CARTESIAN_POINT('',(1.485633661054,0.));
#2777 = VECTOR('',#2778,1.);
#2778 = DIRECTION('',(0.,1.));
#2779 = ( GEOMETRIC_REPRESENTATION_CONTEXT(2) 
PARAMETRIC_REPRESENTATION_CONTEXT() REPRESENTATION_CONTEXT('2D SPACE',''
  ) );
#2780 = PCURVE('',#601,#2781);
#2781 = DEFINITIONAL_REPRESENTATION('',(#2782),#2786);
#2782 = LINE('',#2783,#2784);
#2783 = CARTESIAN_POINT('',(-4.868931261427,0.));
#2784 = VECTOR('',#2785,1.);
#2785 = DIRECTION('',(-0.,1.));
#2786 = ( GEOMETRIC_REPRESENTATION_CONTEXT(2) 
PARAMETRIC_REPRESENTATION_CONTEXT() REPRESENTATION_CONTEXT('2D SPACE',''
  ) );
#2787 = ORIENTED_EDGE('',*,*,#2788,.T.);
#2788 = EDGE_CURVE('',#2766,#1948,#2789,.T.);
#2789 = SURFACE_CURVE('',#2790,(#2794,#2801),.PCURVE_S1.);
#2790 = LINE('',#2791,#2792);
#2791 = CARTESIAN_POINT('',(-9.5,-17.,8.));
#2792 = VECTOR('',#2793,1.);
#2793 = DIRECTION('',(7.819124531863E-02,-0.996938377813,0.));
#2794 = PCURVE('',#629,#2795);
#2795 = DEFINITIONAL_REPRESENTATION('',(#2796),#2800);
#2796 = LINE('',#2797,#2798);
#2797 = CARTESIAN_POINT('',(0.,-8.));
#2798 = VECTOR('',#2799,1.);
#2799 = DIRECTION('',(1.,0.));
#2800 = ( GEOMETRIC_REPRESENTATION_CONTEXT(2) 
PARAMETRIC_REPRESENTATION_CONTEXT() REPRESENTATION_CONTEXT('2D SPACE',''
  ) );
#2801 = PCURVE('',#834,#2802);
#2802 = DEFINITIONAL_REPRESENTATION('',(#2803),#2807);
#2803 = LINE('',#2804,#2805);
#2804 = CARTESIAN_POINT('',(-26.5,-17.));
#2805 = VECTOR('',#2806,1.);
#2806 = DIRECTION('',(7.819124531863E-02,-0.996938377813));
#2807 = ( GEOMETRIC_REPRESENTATION_CONTEXT(2) 
PARAMETRIC_REPRESENTATION_CONTEXT() REPRESENTATION_CONTEXT('2D SPACE',''
  ) );
#2808 = ORIENTED_EDGE('',*,*,#1947,.F.);
#2809 = ADVANCED_FACE('',(#2810),#233,.T.);
#2810 = FACE_BOUND('',#2811,.F.);
#2811 = EDGE_LOOP('',(#2812,#2813,#2841,#2862));
#2812 = ORIENTED_EDGE('',*,*,#2742,.F.);
#2813 = ORIENTED_EDGE('',*,*,#2814,.F.);
#2814 = EDGE_CURVE('',#2815,#2719,#2817,.T.);
#2815 = VERTEX_POINT('',#2816);
#2816 = CARTESIAN_POINT('',(9.383836453955,18.481085212075,8.));
#2817 = SURFACE_CURVE('',#2818,(#2823,#2830),.PCURVE_S1.);
#2818 = CIRCLE('',#2819,9.5);
#2819 = AXIS2_PLACEMENT_3D('',#2820,#2821,#2822);
#2820 = CARTESIAN_POINT('',(1.887379141863E-15,17.,8.));
#2821 = DIRECTION('',(0.,0.,-1.));
#2822 = DIRECTION('',(0.987772258311,0.155903706534,0.));
#2823 = PCURVE('',#233,#2824);
#2824 = DEFINITIONAL_REPRESENTATION('',(#2825),#2829);
#2825 = LINE('',#2826,#2827);
#2826 = CARTESIAN_POINT('',(-4.868931261427,-8.));
#2827 = VECTOR('',#2828,1.);
#2828 = DIRECTION('',(1.,-0.));
#2829 = ( GEOMETRIC_REPRESENTATION_CONTEXT(2) 
PARAMETRIC_REPRESENTATION_CONTEXT() REPRESENTATION_CONTEXT('2D SPACE',''
  ) );
#2830 = PCURVE('',#834,#2831);
#2831 = DEFINITIONAL_REPRESENTATION('',(#2832),#2840);
#2832 = ( BOUNDED_CURVE() B_SPLINE_CURVE(2,(#2833,#2834,#2835,#2836,
#2837,#2838,#2839),.UNSPECIFIED.,.T.,.F.) B_SPLINE_CURVE_WITH_KNOTS((1,2
    ,2,2,2,1),(-2.094395102393,0.,2.094395102393,4.188790204786,
6.28318530718,8.377580409573),.UNSPECIFIED.) CURVE() 
GEOMETRIC_REPRESENTATION_ITEM() RATIONAL_B_SPLINE_CURVE((1.,0.5,1.,0.5,
1.,0.5,1.)) REPRESENTATION_ITEM('') );
#2833 = CARTESIAN_POINT('',(-7.616163546045,18.481085212075));
#2834 = CARTESIAN_POINT('',(-5.050848708392,2.227803703908));
#2835 = CARTESIAN_POINT('',(-20.40926080815,8.132816639879));
#2836 = CARTESIAN_POINT('',(-35.76767290791,14.03782957585));
#2837 = CARTESIAN_POINT('',(-22.9745756458,24.386098148046));
#2838 = CARTESIAN_POINT('',(-10.18147838369,34.734366720242));
#2839 = CARTESIAN_POINT('',(-7.616163546045,18.481085212075));
#2840 = ( GEOMETRIC_REPRESENTATION_CONTEXT(2) 
PARAMETRIC_REPRESENTATION_CONTEXT() REPRESENTATION_CONTEXT('2D SPACE',''
  ) );
#2841 = ORIENTED_EDGE('',*,*,#2842,.T.);
#2842 = EDGE_CURVE('',#2815,#213,#2843,.T.);
#2843 = SURFACE_CURVE('',#2844,(#2848,#2855),.PCURVE_S1.);
#2844 = LINE('',#2845,#2846);
#2845 = CARTESIAN_POINT('',(9.383836453955,18.481085212075,0.));
#2846 = VECTOR('',#2847,1.);
#2847 = DIRECTION('',(0.,-0.,-1.));
#2848 = PCURVE('',#233,#2849);
#2849 = DEFINITIONAL_REPRESENTATION('',(#2850),#2854);
#2850 = LINE('',#2851,#2852);
#2851 = CARTESIAN_POINT('',(-4.868931261427,0.));
#2852 = VECTOR('',#2853,1.);
#2853 = DIRECTION('',(-0.,1.));
#2854 = ( GEOMETRIC_REPRESENTATION_CONTEXT(2) 
PARAMETRIC_REPRESENTATION_CONTEXT() REPRESENTATION_CONTEXT('2D SPACE',''
  ) );
#2855 = PCURVE('',#261,#2856);
#2856 = DEFINITIONAL_REPRESENTATION('',(#2857),#2861);
#2857 = LINE('',#2858,#2859);
#2858 = CARTESIAN_POINT('',(1.485633661054,0.));
#2859 = VECTOR('',#2860,1.);
#2860 = DIRECTION('',(0.,1.));
#2861 = ( GEOMETRIC_REPRESENTATION_CONTEXT(2) 
PARAMETRIC_REPRESENTATION_CONTEXT() REPRESENTATION_CONTEXT('2D SPACE',''
  ) );
#2862 = ORIENTED_EDGE('',*,*,#212,.T.);
#2863 = ADVANCED_FACE('',(#2864),#601,.T.);
#2864 = FACE_BOUND('',#2865,.F.);
#2865 = EDGE_LOOP('',(#2866,#2887,#2913,#2914));
#2866 = ORIENTED_EDGE('',*,*,#2867,.F.);
#2867 = EDGE_CURVE('',#2868,#552,#2870,.T.);
#2868 = VERTEX_POINT('',#2869);
#2869 = CARTESIAN_POINT('',(-9.484823859752,-16.46323529411,8.));
#2870 = SURFACE_CURVE('',#2871,(#2875,#2881),.PCURVE_S1.);
#2871 = LINE('',#2872,#2873);
#2872 = CARTESIAN_POINT('',(-9.484823859752,-16.46323529411,0.));
#2873 = VECTOR('',#2874,1.);
#2874 = DIRECTION('',(-0.,-0.,-1.));
#2875 = PCURVE('',#601,#2876);
#2876 = DEFINITIONAL_REPRESENTATION('',(#2877),#2880);
#2877 = B_SPLINE_CURVE_WITH_KNOTS('',1,(#2878,#2879),.UNSPECIFIED.,.F.,
  .F.,(2,2),(-8.0000006,6.E-07),.PIECEWISE_BEZIER_KNOTS.);
#2878 = CARTESIAN_POINT('',(-4.655857326302,-8.0000006));
#2879 = CARTESIAN_POINT('',(-4.655857326302,6.E-07));
#2880 = ( GEOMETRIC_REPRESENTATION_CONTEXT(2) 
PARAMETRIC_REPRESENTATION_CONTEXT() REPRESENTATION_CONTEXT('2D SPACE',''
  ) );
#2881 = PCURVE('',#568,#2882);
#2882 = DEFINITIONAL_REPRESENTATION('',(#2883),#2886);
#2883 = B_SPLINE_CURVE_WITH_KNOTS('',1,(#2884,#2885),.UNSPECIFIED.,.F.,
  .F.,(2,2),(-8.0000006,6.E-07),.PIECEWISE_BEZIER_KNOTS.);
#2884 = CARTESIAN_POINT('',(-4.189712269869,-8.0000006));
#2885 = CARTESIAN_POINT('',(-4.189712269869,6.E-07));
#2886 = ( GEOMETRIC_REPRESENTATION_CONTEXT(2) 
PARAMETRIC_REPRESENTATION_CONTEXT() REPRESENTATION_CONTEXT('2D SPACE',''
  ) );
#2887 = ORIENTED_EDGE('',*,*,#2888,.F.);
#2888 = EDGE_CURVE('',#2766,#2868,#2889,.T.);
#2889 = SURFACE_CURVE('',#2890,(#2895,#2902),.PCURVE_S1.);
#2890 = CIRCLE('',#2891,9.5);
#2891 = AXIS2_PLACEMENT_3D('',#2892,#2893,#2894);
#2892 = CARTESIAN_POINT('',(-3.774758283726E-15,-17.,8.));
#2893 = DIRECTION('',(0.,-0.,-1.));
#2894 = DIRECTION('',(-0.987772258311,-0.155903706534,0.));
#2895 = PCURVE('',#601,#2896);
#2896 = DEFINITIONAL_REPRESENTATION('',(#2897),#2901);
#2897 = LINE('',#2898,#2899);
#2898 = CARTESIAN_POINT('',(-4.868931261427,-8.));
#2899 = VECTOR('',#2900,1.);
#2900 = DIRECTION('',(1.,-0.));
#2901 = ( GEOMETRIC_REPRESENTATION_CONTEXT(2) 
PARAMETRIC_REPRESENTATION_CONTEXT() REPRESENTATION_CONTEXT('2D SPACE',''
  ) );
#2902 = PCURVE('',#834,#2903);
#2903 = DEFINITIONAL_REPRESENTATION('',(#2904),#2912);
#2904 = ( BOUNDED_CURVE() B_SPLINE_CURVE(2,(#2905,#2906,#2907,#2908,
#2909,#2910,#2911),.UNSPECIFIED.,.T.,.F.) B_SPLINE_CURVE_WITH_KNOTS((1,2
    ,2,2,2,1),(-2.094395102393,0.,2.094395102393,4.188790204786,
6.28318530718,8.377580409573),.UNSPECIFIED.) CURVE() 
GEOMETRIC_REPRESENTATION_ITEM() RATIONAL_B_SPLINE_CURVE((1.,0.5,1.,0.5,
1.,0.5,1.)) REPRESENTATION_ITEM('') );
#2905 = CARTESIAN_POINT('',(-26.38383645395,-18.48108521207));
#2906 = CARTESIAN_POINT('',(-28.9491512916,-2.227803703908));
#2907 = CARTESIAN_POINT('',(-13.59073919184,-8.132816639879));
#2908 = CARTESIAN_POINT('',(1.76767290791,-14.03782957585));
#2909 = CARTESIAN_POINT('',(-11.02542435419,-24.38609814804));
#2910 = CARTESIAN_POINT('',(-23.8185216163,-34.73436672024));
#2911 = CARTESIAN_POINT('',(-26.38383645395,-18.48108521207));
#2912 = ( GEOMETRIC_REPRESENTATION_CONTEXT(2) 
PARAMETRIC_REPRESENTATION_CONTEXT() REPRESENTATION_CONTEXT('2D SPACE',''
  ) );
#2913 = ORIENTED_EDGE('',*,*,#2765,.T.);
#2914 = ORIENTED_EDGE('',*,*,#580,.T.);
#2915 = ADVANCED_FACE('',(#2916),#261,.F.);
#2916 = FACE_BOUND('',#2917,.F.);
#2917 = EDGE_LOOP('',(#2918,#2919,#2920,#2943));
#2918 = ORIENTED_EDGE('',*,*,#245,.F.);
#2919 = ORIENTED_EDGE('',*,*,#2842,.F.);
#2920 = ORIENTED_EDGE('',*,*,#2921,.T.);
#2921 = EDGE_CURVE('',#2815,#2922,#2924,.T.);
#2922 = VERTEX_POINT('',#2923);
#2923 = CARTESIAN_POINT('',(7.5,42.5,8.));
#2924 = SURFACE_CURVE('',#2925,(#2929,#2936),.PCURVE_S1.);
#2925 = LINE('',#2926,#2927);
#2926 = CARTESIAN_POINT('',(9.5,17.,8.));
#2927 = VECTOR('',#2928,1.);
#2928 = DIRECTION('',(-7.819124531863E-02,0.996938377813,0.));
#2929 = PCURVE('',#261,#2930);
#2930 = DEFINITIONAL_REPRESENTATION('',(#2931),#2935);
#2931 = LINE('',#2932,#2933);
#2932 = CARTESIAN_POINT('',(0.,-8.));
#2933 = VECTOR('',#2934,1.);
#2934 = DIRECTION('',(1.,0.));
#2935 = ( GEOMETRIC_REPRESENTATION_CONTEXT(2) 
PARAMETRIC_REPRESENTATION_CONTEXT() REPRESENTATION_CONTEXT('2D SPACE',''
  ) );
#2936 = PCURVE('',#834,#2937);
#2937 = DEFINITIONAL_REPRESENTATION('',(#2938),#2942);
#2938 = LINE('',#2939,#2940);
#2939 = CARTESIAN_POINT('',(-7.5,17.));
#2940 = VECTOR('',#2941,1.);
#2941 = DIRECTION('',(-7.819124531863E-02,0.996938377813));
#2942 = ( GEOMETRIC_REPRESENTATION_CONTEXT(2) 
PARAMETRIC_REPRESENTATION_CONTEXT() REPRESENTATION_CONTEXT('2D SPACE',''
  ) );
#2943 = ORIENTED_EDGE('',*,*,#2944,.F.);
#2944 = EDGE_CURVE('',#246,#2922,#2945,.T.);
#2945 = SURFACE_CURVE('',#2946,(#2950,#2957),.PCURVE_S1.);
#2946 = LINE('',#2947,#2948);
#2947 = CARTESIAN_POINT('',(7.5,42.5,0.));
#2948 = VECTOR('',#2949,1.);
#2949 = DIRECTION('',(0.,0.,1.));
#2950 = PCURVE('',#261,#2951);
#2951 = DEFINITIONAL_REPRESENTATION('',(#2952),#2956);
#2952 = LINE('',#2953,#2954);
#2953 = CARTESIAN_POINT('',(25.578311124857,0.));
#2954 = VECTOR('',#2955,1.);
#2955 = DIRECTION('',(0.,-1.));
#2956 = ( GEOMETRIC_REPRESENTATION_CONTEXT(2) 
PARAMETRIC_REPRESENTATION_CONTEXT() REPRESENTATION_CONTEXT('2D SPACE',''
  ) );
#2957 = PCURVE('',#294,#2958);
#2958 = DEFINITIONAL_REPRESENTATION('',(#2959),#2963);
#2959 = LINE('',#2960,#2961);
#2960 = CARTESIAN_POINT('',(-4.712388980385,0.));
#2961 = VECTOR('',#2962,1.);
#2962 = DIRECTION('',(-0.,-1.));
#2963 = ( GEOMETRIC_REPRESENTATION_CONTEXT(2) 
PARAMETRIC_REPRESENTATION_CONTEXT() REPRESENTATION_CONTEXT('2D SPACE',''
  ) );
#2964 = ADVANCED_FACE('',(#2965),#568,.T.);
#2965 = FACE_BOUND('',#2966,.F.);
#2966 = EDGE_LOOP('',(#2967,#2968,#2989,#3011));
#2967 = ORIENTED_EDGE('',*,*,#551,.F.);
#2968 = ORIENTED_EDGE('',*,*,#2969,.F.);
#2969 = EDGE_CURVE('',#2970,#519,#2972,.T.);
#2970 = VERTEX_POINT('',#2971);
#2971 = CARTESIAN_POINT('',(-16.46323529411,-9.484823859752,8.));
#2972 = SURFACE_CURVE('',#2973,(#2977,#2983),.PCURVE_S1.);
#2973 = LINE('',#2974,#2975);
#2974 = CARTESIAN_POINT('',(-16.46323529411,-9.484823859752,0.));
#2975 = VECTOR('',#2976,1.);
#2976 = DIRECTION('',(-0.,-0.,-1.));
#2977 = PCURVE('',#568,#2978);
#2978 = DEFINITIONAL_REPRESENTATION('',(#2979),#2982);
#2979 = B_SPLINE_CURVE_WITH_KNOTS('',1,(#2980,#2981),.UNSPECIFIED.,.F.,
  .F.,(2,2),(-8.0000006,6.E-07),.PIECEWISE_BEZIER_KNOTS.);
#2980 = CARTESIAN_POINT('',(-3.664269364105,-8.0000006));
#2981 = CARTESIAN_POINT('',(-3.664269364105,6.E-07));
#2982 = ( GEOMETRIC_REPRESENTATION_CONTEXT(2) 
PARAMETRIC_REPRESENTATION_CONTEXT() REPRESENTATION_CONTEXT('2D SPACE',''
  ) );
#2983 = PCURVE('',#539,#2984);
#2984 = DEFINITIONAL_REPRESENTATION('',(#2985),#2988);
#2985 = B_SPLINE_CURVE_WITH_KNOTS('',1,(#2986,#2987),.UNSPECIFIED.,.F.,
  .F.,(2,2),(-8.0000006,6.E-07),.PIECEWISE_BEZIER_KNOTS.);
#2986 = CARTESIAN_POINT('',(-1.627327980878,-8.0000006));
#2987 = CARTESIAN_POINT('',(-1.627327980878,6.E-07));
#2988 = ( GEOMETRIC_REPRESENTATION_CONTEXT(2) 
PARAMETRIC_REPRESENTATION_CONTEXT() REPRESENTATION_CONTEXT('2D SPACE',''
  ) );
#2989 = ORIENTED_EDGE('',*,*,#2990,.T.);
#2990 = EDGE_CURVE('',#2970,#2868,#2991,.T.);
#2991 = SURFACE_CURVE('',#2992,(#2997,#3004),.PCURVE_S1.);
#2992 = CIRCLE('',#2993,19.);
#2993 = AXIS2_PLACEMENT_3D('',#2994,#2995,#2996);
#2994 = CARTESIAN_POINT('',(0.,0.,8.));
#2995 = DIRECTION('',(0.,0.,1.));
#2996 = DIRECTION('',(1.,0.,0.));
#2997 = PCURVE('',#568,#2998);
#2998 = DEFINITIONAL_REPRESENTATION('',(#2999),#3003);
#2999 = LINE('',#3000,#3001);
#3000 = CARTESIAN_POINT('',(-0.,-8.));
#3001 = VECTOR('',#3002,1.);
#3002 = DIRECTION('',(-1.,0.));
#3003 = ( GEOMETRIC_REPRESENTATION_CONTEXT(2) 
PARAMETRIC_REPRESENTATION_CONTEXT() REPRESENTATION_CONTEXT('2D SPACE',''
  ) );
#3004 = PCURVE('',#834,#3005);
#3005 = DEFINITIONAL_REPRESENTATION('',(#3006),#3010);
#3006 = CIRCLE('',#3007,19.);
#3007 = AXIS2_PLACEMENT_2D('',#3008,#3009);
#3008 = CARTESIAN_POINT('',(-17.,-1.879594466024E-16));
#3009 = DIRECTION('',(1.,0.));
#3010 = ( GEOMETRIC_REPRESENTATION_CONTEXT(2) 
PARAMETRIC_REPRESENTATION_CONTEXT() REPRESENTATION_CONTEXT('2D SPACE',''
  ) );
#3011 = ORIENTED_EDGE('',*,*,#2867,.T.);
#3012 = ADVANCED_FACE('',(#3013,#3062,#3182,#3302,#3422,#3542,#3662),
  #294,.T.);
#3013 = FACE_BOUND('',#3014,.F.);
#3014 = EDGE_LOOP('',(#3015,#3016,#3017,#3041));
#3015 = ORIENTED_EDGE('',*,*,#273,.T.);
#3016 = ORIENTED_EDGE('',*,*,#2944,.T.);
#3017 = ORIENTED_EDGE('',*,*,#3018,.T.);
#3018 = EDGE_CURVE('',#2922,#3019,#3021,.T.);
#3019 = VERTEX_POINT('',#3020);
#3020 = CARTESIAN_POINT('',(-7.5,42.5,8.));
#3021 = SURFACE_CURVE('',#3022,(#3027,#3034),.PCURVE_S1.);
#3022 = CIRCLE('',#3023,7.5);
#3023 = AXIS2_PLACEMENT_3D('',#3024,#3025,#3026);
#3024 = CARTESIAN_POINT('',(4.718447854657E-15,42.5,8.));
#3025 = DIRECTION('',(-0.,0.,1.));
#3026 = DIRECTION('',(1.,-1.110223024625E-16,0.));
#3027 = PCURVE('',#294,#3028);
#3028 = DEFINITIONAL_REPRESENTATION('',(#3029),#3033);
#3029 = LINE('',#3030,#3031);
#3030 = CARTESIAN_POINT('',(-4.712388980385,-8.));
#3031 = VECTOR('',#3032,1.);
#3032 = DIRECTION('',(-1.,0.));
#3033 = ( GEOMETRIC_REPRESENTATION_CONTEXT(2) 
PARAMETRIC_REPRESENTATION_CONTEXT() REPRESENTATION_CONTEXT('2D SPACE',''
  ) );
#3034 = PCURVE('',#834,#3035);
#3035 = DEFINITIONAL_REPRESENTATION('',(#3036),#3040);
#3036 = CIRCLE('',#3037,7.5);
#3037 = AXIS2_PLACEMENT_2D('',#3038,#3039);
#3038 = CARTESIAN_POINT('',(-17.,42.5));
#3039 = DIRECTION('',(1.,-1.110223024625E-16));
#3040 = ( GEOMETRIC_REPRESENTATION_CONTEXT(2) 
PARAMETRIC_REPRESENTATION_CONTEXT() REPRESENTATION_CONTEXT('2D SPACE',''
  ) );
#3041 = ORIENTED_EDGE('',*,*,#3042,.F.);
#3042 = EDGE_CURVE('',#274,#3019,#3043,.T.);
#3043 = SURFACE_CURVE('',#3044,(#3048,#3055),.PCURVE_S1.);
#3044 = LINE('',#3045,#3046);
#3045 = CARTESIAN_POINT('',(-7.5,42.5,0.));
#3046 = VECTOR('',#3047,1.);
#3047 = DIRECTION('',(0.,0.,1.));
#3048 = PCURVE('',#294,#3049);
#3049 = DEFINITIONAL_REPRESENTATION('',(#3050),#3054);
#3050 = LINE('',#3051,#3052);
#3051 = CARTESIAN_POINT('',(-7.853981633974,0.));
#3052 = VECTOR('',#3053,1.);
#3053 = DIRECTION('',(-0.,-1.));
#3054 = ( GEOMETRIC_REPRESENTATION_CONTEXT(2) 
PARAMETRIC_REPRESENTATION_CONTEXT() REPRESENTATION_CONTEXT('2D SPACE',''
  ) );
#3055 = PCURVE('',#322,#3056);
#3056 = DEFINITIONAL_REPRESENTATION('',(#3057),#3061);
#3057 = LINE('',#3058,#3059);
#3058 = CARTESIAN_POINT('',(0.,0.));
#3059 = VECTOR('',#3060,1.);
#3060 = DIRECTION('',(0.,-1.));
#3061 = ( GEOMETRIC_REPRESENTATION_CONTEXT(2) 
PARAMETRIC_REPRESENTATION_CONTEXT() REPRESENTATION_CONTEXT('2D SPACE',''
  ) );
#3062 = FACE_BOUND('',#3063,.F.);
#3063 = EDGE_LOOP('',(#3064,#3099,#3125,#3158));
#3064 = ORIENTED_EDGE('',*,*,#3065,.T.);
#3065 = EDGE_CURVE('',#3066,#3068,#3070,.T.);
#3066 = VERTEX_POINT('',#3067);
#3067 = CARTESIAN_POINT('',(-0.65,49.971780243021,7.865));
#3068 = VERTEX_POINT('',#3069);
#3069 = CARTESIAN_POINT('',(0.65,49.971780243021,7.865));
#3070 = SURFACE_CURVE('',#3071,(#3076,#3083),.PCURVE_S1.);
#3071 = CIRCLE('',#3072,7.5);
#3072 = AXIS2_PLACEMENT_3D('',#3073,#3074,#3075);
#3073 = CARTESIAN_POINT('',(4.718447854657E-15,42.5,7.865));
#3074 = DIRECTION('',(0.,0.,-1.));
#3075 = DIRECTION('',(1.110223024625E-16,1.,0.));
#3076 = PCURVE('',#294,#3077);
#3077 = DEFINITIONAL_REPRESENTATION('',(#3078),#3082);
#3078 = LINE('',#3079,#3080);
#3079 = CARTESIAN_POINT('',(-12.56637061435,-7.865));
#3080 = VECTOR('',#3081,1.);
#3081 = DIRECTION('',(1.,-0.));
#3082 = ( GEOMETRIC_REPRESENTATION_CONTEXT(2) 
PARAMETRIC_REPRESENTATION_CONTEXT() REPRESENTATION_CONTEXT('2D SPACE',''
  ) );
#3083 = PCURVE('',#3084,#3089);
#3084 = PLANE('',#3085);
#3085 = AXIS2_PLACEMENT_3D('',#3086,#3087,#3088);
#3086 = CARTESIAN_POINT('',(5.351274978693E-15,48.2,7.865));
#3087 = DIRECTION('',(0.,0.,1.));
#3088 = DIRECTION('',(1.110223024625E-16,1.,0.));
#3089 = DEFINITIONAL_REPRESENTATION('',(#3090),#3098);
#3090 = ( BOUNDED_CURVE() B_SPLINE_CURVE(2,(#3091,#3092,#3093,#3094,
#3095,#3096,#3097),.UNSPECIFIED.,.T.,.F.) B_SPLINE_CURVE_WITH_KNOTS((1,2
    ,2,2,2,1),(-2.094395102393,0.,2.094395102393,4.188790204786,
6.28318530718,8.377580409573),.UNSPECIFIED.) CURVE() 
GEOMETRIC_REPRESENTATION_ITEM() RATIONAL_B_SPLINE_CURVE((1.,0.5,1.,0.5,
1.,0.5,1.)) REPRESENTATION_ITEM('') );
#3091 = CARTESIAN_POINT('',(1.8,0.));
#3092 = CARTESIAN_POINT('',(1.8,-12.99038105676));
#3093 = CARTESIAN_POINT('',(-9.45,-6.495190528383));
#3094 = CARTESIAN_POINT('',(-20.7,-1.836970198721E-15));
#3095 = CARTESIAN_POINT('',(-9.45,6.495190528383));
#3096 = CARTESIAN_POINT('',(1.8,12.990381056767));
#3097 = CARTESIAN_POINT('',(1.8,0.));
#3098 = ( GEOMETRIC_REPRESENTATION_CONTEXT(2) 
PARAMETRIC_REPRESENTATION_CONTEXT() REPRESENTATION_CONTEXT('2D SPACE',''
  ) );
#3099 = ORIENTED_EDGE('',*,*,#3100,.T.);
#3100 = EDGE_CURVE('',#3068,#3101,#3103,.T.);
#3101 = VERTEX_POINT('',#3102);
#3102 = CARTESIAN_POINT('',(0.65,49.971780243021,7.085));
#3103 = SURFACE_CURVE('',#3104,(#3108,#3114),.PCURVE_S1.);
#3104 = LINE('',#3105,#3106);
#3105 = CARTESIAN_POINT('',(0.65,49.971780243021,0.));
#3106 = VECTOR('',#3107,1.);
#3107 = DIRECTION('',(0.,-0.,-1.));
#3108 = PCURVE('',#294,#3109);
#3109 = DEFINITIONAL_REPRESENTATION('',(#3110),#3113);
#3110 = B_SPLINE_CURVE_WITH_KNOTS('',1,(#3111,#3112),.UNSPECIFIED.,.F.,
  .F.,(2,2),(-7.943,-7.007),.PIECEWISE_BEZIER_KNOTS.);
#3111 = CARTESIAN_POINT('',(-6.196409778329,-7.943));
#3112 = CARTESIAN_POINT('',(-6.196409778329,-7.007));
#3113 = ( GEOMETRIC_REPRESENTATION_CONTEXT(2) 
PARAMETRIC_REPRESENTATION_CONTEXT() REPRESENTATION_CONTEXT('2D SPACE',''
  ) );
#3114 = PCURVE('',#3115,#3120);
#3115 = PLANE('',#3116);
#3116 = AXIS2_PLACEMENT_3D('',#3117,#3118,#3119);
#3117 = CARTESIAN_POINT('',(0.65,46.,7.085));
#3118 = DIRECTION('',(-1.,1.110223024625E-16,0.));
#3119 = DIRECTION('',(1.110223024625E-16,1.,0.));
#3120 = DEFINITIONAL_REPRESENTATION('',(#3121),#3124);
#3121 = B_SPLINE_CURVE_WITH_KNOTS('',1,(#3122,#3123),.UNSPECIFIED.,.F.,
  .F.,(2,2),(-7.943,-7.007),.PIECEWISE_BEZIER_KNOTS.);
#3122 = CARTESIAN_POINT('',(3.971780243021,-0.858));
#3123 = CARTESIAN_POINT('',(3.971780243021,7.8E-02));
#3124 = ( GEOMETRIC_REPRESENTATION_CONTEXT(2) 
PARAMETRIC_REPRESENTATION_CONTEXT() REPRESENTATION_CONTEXT('2D SPACE',''
  ) );
#3125 = ORIENTED_EDGE('',*,*,#3126,.F.);
#3126 = EDGE_CURVE('',#3127,#3101,#3129,.T.);
#3127 = VERTEX_POINT('',#3128);
#3128 = CARTESIAN_POINT('',(-0.65,49.971780243021,7.085));
#3129 = SURFACE_CURVE('',#3130,(#3135,#3142),.PCURVE_S1.);
#3130 = CIRCLE('',#3131,7.5);
#3131 = AXIS2_PLACEMENT_3D('',#3132,#3133,#3134);
#3132 = CARTESIAN_POINT('',(4.718447854657E-15,42.5,7.085));
#3133 = DIRECTION('',(0.,0.,-1.));
#3134 = DIRECTION('',(1.110223024625E-16,1.,0.));
#3135 = PCURVE('',#294,#3136);
#3136 = DEFINITIONAL_REPRESENTATION('',(#3137),#3141);
#3137 = LINE('',#3138,#3139);
#3138 = CARTESIAN_POINT('',(-12.56637061435,-7.085));
#3139 = VECTOR('',#3140,1.);
#3140 = DIRECTION('',(1.,-0.));
#3141 = ( GEOMETRIC_REPRESENTATION_CONTEXT(2) 
PARAMETRIC_REPRESENTATION_CONTEXT() REPRESENTATION_CONTEXT('2D SPACE',''
  ) );
#3142 = PCURVE('',#3143,#3148);
#3143 = PLANE('',#3144);
#3144 = AXIS2_PLACEMENT_3D('',#3145,#3146,#3147);
#3145 = CARTESIAN_POINT('',(5.351274978693E-15,48.2,7.085));
#3146 = DIRECTION('',(0.,0.,1.));
#3147 = DIRECTION('',(1.110223024625E-16,1.,0.));
#3148 = DEFINITIONAL_REPRESENTATION('',(#3149),#3157);
#3149 = ( BOUNDED_CURVE() B_SPLINE_CURVE(2,(#3150,#3151,#3152,#3153,
#3154,#3155,#3156),.UNSPECIFIED.,.T.,.F.) B_SPLINE_CURVE_WITH_KNOTS((1,2
    ,2,2,2,1),(-2.094395102393,0.,2.094395102393,4.188790204786,
6.28318530718,8.377580409573),.UNSPECIFIED.) CURVE() 
GEOMETRIC_REPRESENTATION_ITEM() RATIONAL_B_SPLINE_CURVE((1.,0.5,1.,0.5,
1.,0.5,1.)) REPRESENTATION_ITEM('') );
#3150 = CARTESIAN_POINT('',(1.8,0.));
#3151 = CARTESIAN_POINT('',(1.8,-12.99038105676));
#3152 = CARTESIAN_POINT('',(-9.45,-6.495190528383));
#3153 = CARTESIAN_POINT('',(-20.7,-1.836970198721E-15));
#3154 = CARTESIAN_POINT('',(-9.45,6.495190528383));
#3155 = CARTESIAN_POINT('',(1.8,12.990381056767));
#3156 = CARTESIAN_POINT('',(1.8,0.));
#3157 = ( GEOMETRIC_REPRESENTATION_CONTEXT(2) 
PARAMETRIC_REPRESENTATION_CONTEXT() REPRESENTATION_CONTEXT('2D SPACE',''
  ) );
#3158 = ORIENTED_EDGE('',*,*,#3159,.F.);
#3159 = EDGE_CURVE('',#3066,#3127,#3160,.T.);
#3160 = SURFACE_CURVE('',#3161,(#3165,#3171),.PCURVE_S1.);
#3161 = LINE('',#3162,#3163);
#3162 = CARTESIAN_POINT('',(-0.65,49.971780243021,0.));
#3163 = VECTOR('',#3164,1.);
#3164 = DIRECTION('',(0.,-0.,-1.));
#3165 = PCURVE('',#294,#3166);
#3166 = DEFINITIONAL_REPRESENTATION('',(#3167),#3170);
#3167 = B_SPLINE_CURVE_WITH_KNOTS('',1,(#3168,#3169),.UNSPECIFIED.,.F.,
  .F.,(2,2),(-7.943,-7.007),.PIECEWISE_BEZIER_KNOTS.);
#3168 = CARTESIAN_POINT('',(-6.36996083603,-7.943));
#3169 = CARTESIAN_POINT('',(-6.36996083603,-7.007));
#3170 = ( GEOMETRIC_REPRESENTATION_CONTEXT(2) 
PARAMETRIC_REPRESENTATION_CONTEXT() REPRESENTATION_CONTEXT('2D SPACE',''
  ) );
#3171 = PCURVE('',#3172,#3177);
#3172 = PLANE('',#3173);
#3173 = AXIS2_PLACEMENT_3D('',#3174,#3175,#3176);
#3174 = CARTESIAN_POINT('',(-0.65,50.4,7.085));
#3175 = DIRECTION('',(1.,-1.110223024625E-16,0.));
#3176 = DIRECTION('',(-1.110223024625E-16,-1.,0.));
#3177 = DEFINITIONAL_REPRESENTATION('',(#3178),#3181);
#3178 = B_SPLINE_CURVE_WITH_KNOTS('',1,(#3179,#3180),.UNSPECIFIED.,.F.,
  .F.,(2,2),(-7.943,-7.007),.PIECEWISE_BEZIER_KNOTS.);
#3179 = CARTESIAN_POINT('',(0.428219756979,-0.858));
#3180 = CARTESIAN_POINT('',(0.428219756979,7.8E-02));
#3181 = ( GEOMETRIC_REPRESENTATION_CONTEXT(2) 
PARAMETRIC_REPRESENTATION_CONTEXT() REPRESENTATION_CONTEXT('2D SPACE',''
  ) );
#3182 = FACE_BOUND('',#3183,.F.);
#3183 = EDGE_LOOP('',(#3184,#3219,#3245,#3278));
#3184 = ORIENTED_EDGE('',*,*,#3185,.T.);
#3185 = EDGE_CURVE('',#3186,#3188,#3190,.T.);
#3186 = VERTEX_POINT('',#3187);
#3187 = CARTESIAN_POINT('',(-0.65,49.971780243021,6.815));
#3188 = VERTEX_POINT('',#3189);
#3189 = CARTESIAN_POINT('',(0.65,49.971780243021,6.815));
#3190 = SURFACE_CURVE('',#3191,(#3196,#3203),.PCURVE_S1.);
#3191 = CIRCLE('',#3192,7.5);
#3192 = AXIS2_PLACEMENT_3D('',#3193,#3194,#3195);
#3193 = CARTESIAN_POINT('',(4.718447854657E-15,42.5,6.815));
#3194 = DIRECTION('',(0.,0.,-1.));
#3195 = DIRECTION('',(1.110223024625E-16,1.,0.));
#3196 = PCURVE('',#294,#3197);
#3197 = DEFINITIONAL_REPRESENTATION('',(#3198),#3202);
#3198 = LINE('',#3199,#3200);
#3199 = CARTESIAN_POINT('',(-12.56637061435,-6.815));
#3200 = VECTOR('',#3201,1.);
#3201 = DIRECTION('',(1.,-0.));
#3202 = ( GEOMETRIC_REPRESENTATION_CONTEXT(2) 
PARAMETRIC_REPRESENTATION_CONTEXT() REPRESENTATION_CONTEXT('2D SPACE',''
  ) );
#3203 = PCURVE('',#3204,#3209);
#3204 = PLANE('',#3205);
#3205 = AXIS2_PLACEMENT_3D('',#3206,#3207,#3208);
#3206 = CARTESIAN_POINT('',(5.351274978693E-15,48.2,6.815));
#3207 = DIRECTION('',(0.,0.,1.));
#3208 = DIRECTION('',(1.110223024625E-16,1.,0.));
#3209 = DEFINITIONAL_REPRESENTATION('',(#3210),#3218);
#3210 = ( BOUNDED_CURVE() B_SPLINE_CURVE(2,(#3211,#3212,#3213,#3214,
#3215,#3216,#3217),.UNSPECIFIED.,.T.,.F.) B_SPLINE_CURVE_WITH_KNOTS((1,2
    ,2,2,2,1),(-2.094395102393,0.,2.094395102393,4.188790204786,
6.28318530718,8.377580409573),.UNSPECIFIED.) CURVE() 
GEOMETRIC_REPRESENTATION_ITEM() RATIONAL_B_SPLINE_CURVE((1.,0.5,1.,0.5,
1.,0.5,1.)) REPRESENTATION_ITEM('') );
#3211 = CARTESIAN_POINT('',(1.8,0.));
#3212 = CARTESIAN_POINT('',(1.8,-12.99038105676));
#3213 = CARTESIAN_POINT('',(-9.45,-6.495190528383));
#3214 = CARTESIAN_POINT('',(-20.7,-1.836970198721E-15));
#3215 = CARTESIAN_POINT('',(-9.45,6.495190528383));
#3216 = CARTESIAN_POINT('',(1.8,12.990381056767));
#3217 = CARTESIAN_POINT('',(1.8,0.));
#3218 = ( GEOMETRIC_REPRESENTATION_CONTEXT(2) 
PARAMETRIC_REPRESENTATION_CONTEXT() REPRESENTATION_CONTEXT('2D SPACE',''
  ) );
#3219 = ORIENTED_EDGE('',*,*,#3220,.T.);
#3220 = EDGE_CURVE('',#3188,#3221,#3223,.T.);
#3221 = VERTEX_POINT('',#3222);
#3222 = CARTESIAN_POINT('',(0.65,49.971780243021,6.035));
#3223 = SURFACE_CURVE('',#3224,(#3228,#3234),.PCURVE_S1.);
#3224 = LINE('',#3225,#3226);
#3225 = CARTESIAN_POINT('',(0.65,49.971780243021,0.));
#3226 = VECTOR('',#3227,1.);
#3227 = DIRECTION('',(0.,-0.,-1.));
#3228 = PCURVE('',#294,#3229);
#3229 = DEFINITIONAL_REPRESENTATION('',(#3230),#3233);
#3230 = B_SPLINE_CURVE_WITH_KNOTS('',1,(#3231,#3232),.UNSPECIFIED.,.F.,
  .F.,(2,2),(-6.893,-5.957),.PIECEWISE_BEZIER_KNOTS.);
#3231 = CARTESIAN_POINT('',(-6.196409778329,-6.893));
#3232 = CARTESIAN_POINT('',(-6.196409778329,-5.957));
#3233 = ( GEOMETRIC_REPRESENTATION_CONTEXT(2) 
PARAMETRIC_REPRESENTATION_CONTEXT() REPRESENTATION_CONTEXT('2D SPACE',''
  ) );
#3234 = PCURVE('',#3235,#3240);
#3235 = PLANE('',#3236);
#3236 = AXIS2_PLACEMENT_3D('',#3237,#3238,#3239);
#3237 = CARTESIAN_POINT('',(0.65,46.,6.035));
#3238 = DIRECTION('',(-1.,1.110223024625E-16,0.));
#3239 = DIRECTION('',(1.110223024625E-16,1.,0.));
#3240 = DEFINITIONAL_REPRESENTATION('',(#3241),#3244);
#3241 = B_SPLINE_CURVE_WITH_KNOTS('',1,(#3242,#3243),.UNSPECIFIED.,.F.,
  .F.,(2,2),(-6.893,-5.957),.PIECEWISE_BEZIER_KNOTS.);
#3242 = CARTESIAN_POINT('',(3.971780243021,-0.858));
#3243 = CARTESIAN_POINT('',(3.971780243021,7.8E-02));
#3244 = ( GEOMETRIC_REPRESENTATION_CONTEXT(2) 
PARAMETRIC_REPRESENTATION_CONTEXT() REPRESENTATION_CONTEXT('2D SPACE',''
  ) );
#3245 = ORIENTED_EDGE('',*,*,#3246,.F.);
#3246 = EDGE_CURVE('',#3247,#3221,#3249,.T.);
#3247 = VERTEX_POINT('',#3248);
#3248 = CARTESIAN_POINT('',(-0.65,49.971780243021,6.035));
#3249 = SURFACE_CURVE('',#3250,(#3255,#3262),.PCURVE_S1.);
#3250 = CIRCLE('',#3251,7.5);
#3251 = AXIS2_PLACEMENT_3D('',#3252,#3253,#3254);
#3252 = CARTESIAN_POINT('',(4.718447854657E-15,42.5,6.035));
#3253 = DIRECTION('',(0.,0.,-1.));
#3254 = DIRECTION('',(1.110223024625E-16,1.,0.));
#3255 = PCURVE('',#294,#3256);
#3256 = DEFINITIONAL_REPRESENTATION('',(#3257),#3261);
#3257 = LINE('',#3258,#3259);
#3258 = CARTESIAN_POINT('',(-12.56637061435,-6.035));
#3259 = VECTOR('',#3260,1.);
#3260 = DIRECTION('',(1.,-0.));
#3261 = ( GEOMETRIC_REPRESENTATION_CONTEXT(2) 
PARAMETRIC_REPRESENTATION_CONTEXT() REPRESENTATION_CONTEXT('2D SPACE',''
  ) );
#3262 = PCURVE('',#3263,#3268);
#3263 = PLANE('',#3264);
#3264 = AXIS2_PLACEMENT_3D('',#3265,#3266,#3267);
#3265 = CARTESIAN_POINT('',(5.351274978693E-15,48.2,6.035));
#3266 = DIRECTION('',(0.,0.,1.));
#3267 = DIRECTION('',(1.110223024625E-16,1.,0.));
#3268 = DEFINITIONAL_REPRESENTATION('',(#3269),#3277);
#3269 = ( BOUNDED_CURVE() B_SPLINE_CURVE(2,(#3270,#3271,#3272,#3273,
#3274,#3275,#3276),.UNSPECIFIED.,.T.,.F.) B_SPLINE_CURVE_WITH_KNOTS((1,2
    ,2,2,2,1),(-2.094395102393,0.,2.094395102393,4.188790204786,
6.28318530718,8.377580409573),.UNSPECIFIED.) CURVE() 
GEOMETRIC_REPRESENTATION_ITEM() RATIONAL_B_SPLINE_CURVE((1.,0.5,1.,0.5,
1.,0.5,1.)) REPRESENTATION_ITEM('') );
#3270 = CARTESIAN_POINT('',(1.8,0.));
#3271 = CARTESIAN_POINT('',(1.8,-12.99038105676));
#3272 = CARTESIAN_POINT('',(-9.45,-6.495190528383));
#3273 = CARTESIAN_POINT('',(-20.7,-1.836970198721E-15));
#3274 = CARTESIAN_POINT('',(-9.45,6.495190528383));
#3275 = CARTESIAN_POINT('',(1.8,12.990381056767));
#3276 = CARTESIAN_POINT('',(1.8,0.));
#3277 = ( GEOMETRIC_REPRESENTATION_CONTEXT(2) 
PARAMETRIC_REPRESENTATION_CONTEXT() REPRESENTATION_CONTEXT('2D SPACE',''
  ) );
#3278 = ORIENTED_EDGE('',*,*,#3279,.F.);
#3279 = EDGE_CURVE('',#3186,#3247,#3280,.T.);
#3280 = SURFACE_CURVE('',#3281,(#3285,#3291),.PCURVE_S1.);
#3281 = LINE('',#3282,#3283);
#3282 = CARTESIAN_POINT('',(-0.65,49.971780243021,0.));
#3283 = VECTOR('',#3284,1.);
#3284 = DIRECTION('',(0.,-0.,-1.));
#3285 = PCURVE('',#294,#3286);
#3286 = DEFINITIONAL_REPRESENTATION('',(#3287),#3290);
#3287 = B_SPLINE_CURVE_WITH_KNOTS('',1,(#3288,#3289),.UNSPECIFIED.,.F.,
  .F.,(2,2),(-6.893,-5.957),.PIECEWISE_BEZIER_KNOTS.);
#3288 = CARTESIAN_POINT('',(-6.36996083603,-6.893));
#3289 = CARTESIAN_POINT('',(-6.36996083603,-5.957));
#3290 = ( GEOMETRIC_REPRESENTATION_CONTEXT(2) 
PARAMETRIC_REPRESENTATION_CONTEXT() REPRESENTATION_CONTEXT('2D SPACE',''
  ) );
#3291 = PCURVE('',#3292,#3297);
#3292 = PLANE('',#3293);
#3293 = AXIS2_PLACEMENT_3D('',#3294,#3295,#3296);
#3294 = CARTESIAN_POINT('',(-0.65,50.4,6.035));
#3295 = DIRECTION('',(1.,-1.110223024625E-16,0.));
#3296 = DIRECTION('',(-1.110223024625E-16,-1.,0.));
#3297 = DEFINITIONAL_REPRESENTATION('',(#3298),#3301);
#3298 = B_SPLINE_CURVE_WITH_KNOTS('',1,(#3299,#3300),.UNSPECIFIED.,.F.,
  .F.,(2,2),(-6.893,-5.957),.PIECEWISE_BEZIER_KNOTS.);
#3299 = CARTESIAN_POINT('',(0.428219756979,-0.858));
#3300 = CARTESIAN_POINT('',(0.428219756979,7.8E-02));
#3301 = ( GEOMETRIC_REPRESENTATION_CONTEXT(2) 
PARAMETRIC_REPRESENTATION_CONTEXT() REPRESENTATION_CONTEXT('2D SPACE',''
  ) );
#3302 = FACE_BOUND('',#3303,.F.);
#3303 = EDGE_LOOP('',(#3304,#3339,#3365,#3398));
#3304 = ORIENTED_EDGE('',*,*,#3305,.T.);
#3305 = EDGE_CURVE('',#3306,#3308,#3310,.T.);
#3306 = VERTEX_POINT('',#3307);
#3307 = CARTESIAN_POINT('',(-0.65,49.971780243021,5.765));
#3308 = VERTEX_POINT('',#3309);
#3309 = CARTESIAN_POINT('',(0.65,49.971780243021,5.765));
#3310 = SURFACE_CURVE('',#3311,(#3316,#3323),.PCURVE_S1.);
#3311 = CIRCLE('',#3312,7.5);
#3312 = AXIS2_PLACEMENT_3D('',#3313,#3314,#3315);
#3313 = CARTESIAN_POINT('',(4.718447854657E-15,42.5,5.765));
#3314 = DIRECTION('',(0.,0.,-1.));
#3315 = DIRECTION('',(1.110223024625E-16,1.,0.));
#3316 = PCURVE('',#294,#3317);
#3317 = DEFINITIONAL_REPRESENTATION('',(#3318),#3322);
#3318 = LINE('',#3319,#3320);
#3319 = CARTESIAN_POINT('',(-12.56637061435,-5.765));
#3320 = VECTOR('',#3321,1.);
#3321 = DIRECTION('',(1.,-0.));
#3322 = ( GEOMETRIC_REPRESENTATION_CONTEXT(2) 
PARAMETRIC_REPRESENTATION_CONTEXT() REPRESENTATION_CONTEXT('2D SPACE',''
  ) );
#3323 = PCURVE('',#3324,#3329);
#3324 = PLANE('',#3325);
#3325 = AXIS2_PLACEMENT_3D('',#3326,#3327,#3328);
#3326 = CARTESIAN_POINT('',(5.351274978693E-15,48.2,5.765));
#3327 = DIRECTION('',(0.,0.,1.));
#3328 = DIRECTION('',(1.110223024625E-16,1.,0.));
#3329 = DEFINITIONAL_REPRESENTATION('',(#3330),#3338);
#3330 = ( BOUNDED_CURVE() B_SPLINE_CURVE(2,(#3331,#3332,#3333,#3334,
#3335,#3336,#3337),.UNSPECIFIED.,.T.,.F.) B_SPLINE_CURVE_WITH_KNOTS((1,2
    ,2,2,2,1),(-2.094395102393,0.,2.094395102393,4.188790204786,
6.28318530718,8.377580409573),.UNSPECIFIED.) CURVE() 
GEOMETRIC_REPRESENTATION_ITEM() RATIONAL_B_SPLINE_CURVE((1.,0.5,1.,0.5,
1.,0.5,1.)) REPRESENTATION_ITEM('') );
#3331 = CARTESIAN_POINT('',(1.8,0.));
#3332 = CARTESIAN_POINT('',(1.8,-12.99038105676));
#3333 = CARTESIAN_POINT('',(-9.45,-6.495190528383));
#3334 = CARTESIAN_POINT('',(-20.7,-1.836970198721E-15));
#3335 = CARTESIAN_POINT('',(-9.45,6.495190528383));
#3336 = CARTESIAN_POINT('',(1.8,12.990381056767));
#3337 = CARTESIAN_POINT('',(1.8,0.));
#3338 = ( GEOMETRIC_REPRESENTATION_CONTEXT(2) 
PARAMETRIC_REPRESENTATION_CONTEXT() REPRESENTATION_CONTEXT('2D SPACE',''
  ) );
#3339 = ORIENTED_EDGE('',*,*,#3340,.T.);
#3340 = EDGE_CURVE('',#3308,#3341,#3343,.T.);
#3341 = VERTEX_POINT('',#3342);
#3342 = CARTESIAN_POINT('',(0.65,49.971780243021,4.985));
#3343 = SURFACE_CURVE('',#3344,(#3348,#3354),.PCURVE_S1.);
#3344 = LINE('',#3345,#3346);
#3345 = CARTESIAN_POINT('',(0.65,49.971780243021,0.));
#3346 = VECTOR('',#3347,1.);
#3347 = DIRECTION('',(0.,-0.,-1.));
#3348 = PCURVE('',#294,#3349);
#3349 = DEFINITIONAL_REPRESENTATION('',(#3350),#3353);
#3350 = B_SPLINE_CURVE_WITH_KNOTS('',1,(#3351,#3352),.UNSPECIFIED.,.F.,
  .F.,(2,2),(-5.843,-4.907),.PIECEWISE_BEZIER_KNOTS.);
#3351 = CARTESIAN_POINT('',(-6.196409778329,-5.843));
#3352 = CARTESIAN_POINT('',(-6.196409778329,-4.907));
#3353 = ( GEOMETRIC_REPRESENTATION_CONTEXT(2) 
PARAMETRIC_REPRESENTATION_CONTEXT() REPRESENTATION_CONTEXT('2D SPACE',''
  ) );
#3354 = PCURVE('',#3355,#3360);
#3355 = PLANE('',#3356);
#3356 = AXIS2_PLACEMENT_3D('',#3357,#3358,#3359);
#3357 = CARTESIAN_POINT('',(0.65,46.,4.985));
#3358 = DIRECTION('',(-1.,1.110223024625E-16,0.));
#3359 = DIRECTION('',(1.110223024625E-16,1.,0.));
#3360 = DEFINITIONAL_REPRESENTATION('',(#3361),#3364);
#3361 = B_SPLINE_CURVE_WITH_KNOTS('',1,(#3362,#3363),.UNSPECIFIED.,.F.,
  .F.,(2,2),(-5.843,-4.907),.PIECEWISE_BEZIER_KNOTS.);
#3362 = CARTESIAN_POINT('',(3.971780243021,-0.858));
#3363 = CARTESIAN_POINT('',(3.971780243021,7.8E-02));
#3364 = ( GEOMETRIC_REPRESENTATION_CONTEXT(2) 
PARAMETRIC_REPRESENTATION_CONTEXT() REPRESENTATION_CONTEXT('2D SPACE',''
  ) );
#3365 = ORIENTED_EDGE('',*,*,#3366,.F.);
#3366 = EDGE_CURVE('',#3367,#3341,#3369,.T.);
#3367 = VERTEX_POINT('',#3368);
#3368 = CARTESIAN_POINT('',(-0.65,49.971780243021,4.985));
#3369 = SURFACE_CURVE('',#3370,(#3375,#3382),.PCURVE_S1.);
#3370 = CIRCLE('',#3371,7.5);
#3371 = AXIS2_PLACEMENT_3D('',#3372,#3373,#3374);
#3372 = CARTESIAN_POINT('',(4.718447854657E-15,42.5,4.985));
#3373 = DIRECTION('',(0.,0.,-1.));
#3374 = DIRECTION('',(1.110223024625E-16,1.,0.));
#3375 = PCURVE('',#294,#3376);
#3376 = DEFINITIONAL_REPRESENTATION('',(#3377),#3381);
#3377 = LINE('',#3378,#3379);
#3378 = CARTESIAN_POINT('',(-12.56637061435,-4.985));
#3379 = VECTOR('',#3380,1.);
#3380 = DIRECTION('',(1.,-0.));
#3381 = ( GEOMETRIC_REPRESENTATION_CONTEXT(2) 
PARAMETRIC_REPRESENTATION_CONTEXT() REPRESENTATION_CONTEXT('2D SPACE',''
  ) );
#3382 = PCURVE('',#3383,#3388);
#3383 = PLANE('',#3384);
#3384 = AXIS2_PLACEMENT_3D('',#3385,#3386,#3387);
#3385 = CARTESIAN_POINT('',(5.351274978693E-15,48.2,4.985));
#3386 = DIRECTION('',(0.,0.,1.));
#3387 = DIRECTION('',(1.110223024625E-16,1.,0.));
#3388 = DEFINITIONAL_REPRESENTATION('',(#3389),#3397);
#3389 = ( BOUNDED_CURVE() B_SPLINE_CURVE(2,(#3390,#3391,#3392,#3393,
#3394,#3395,#3396),.UNSPECIFIED.,.T.,.F.) B_SPLINE_CURVE_WITH_KNOTS((1,2
    ,2,2,2,1),(-2.094395102393,0.,2.094395102393,4.188790204786,
6.28318530718,8.377580409573),.UNSPECIFIED.) CURVE() 
GEOMETRIC_REPRESENTATION_ITEM() RATIONAL_B_SPLINE_CURVE((1.,0.5,1.,0.5,
1.,0.5,1.)) REPRESENTATION_ITEM('') );
#3390 = CARTESIAN_POINT('',(1.8,0.));
#3391 = CARTESIAN_POINT('',(1.8,-12.99038105676));
#3392 = CARTESIAN_POINT('',(-9.45,-6.495190528383));
#3393 = CARTESIAN_POINT('',(-20.7,-1.836970198721E-15));
#3394 = CARTESIAN_POINT('',(-9.45,6.495190528383));
#3395 = CARTESIAN_POINT('',(1.8,12.990381056767));
#3396 = CARTESIAN_POINT('',(1.8,0.));
#3397 = ( GEOMETRIC_REPRESENTATION_CONTEXT(2) 
PARAMETRIC_REPRESENTATION_CONTEXT() REPRESENTATION_CONTEXT('2D SPACE',''
  ) );
#3398 = ORIENTED_EDGE('',*,*,#3399,.F.);
#3399 = EDGE_CURVE('',#3306,#3367,#3400,.T.);
#3400 = SURFACE_CURVE('',#3401,(#3405,#3411),.PCURVE_S1.);
#3401 = LINE('',#3402,#3403);
#3402 = CARTESIAN_POINT('',(-0.65,49.971780243021,0.));
#3403 = VECTOR('',#3404,1.);
#3404 = DIRECTION('',(0.,-0.,-1.));
#3405 = PCURVE('',#294,#3406);
#3406 = DEFINITIONAL_REPRESENTATION('',(#3407),#3410);
#3407 = B_SPLINE_CURVE_WITH_KNOTS('',1,(#3408,#3409),.UNSPECIFIED.,.F.,
  .F.,(2,2),(-5.843,-4.907),.PIECEWISE_BEZIER_KNOTS.);
#3408 = CARTESIAN_POINT('',(-6.36996083603,-5.843));
#3409 = CARTESIAN_POINT('',(-6.36996083603,-4.907));
#3410 = ( GEOMETRIC_REPRESENTATION_CONTEXT(2) 
PARAMETRIC_REPRESENTATION_CONTEXT() REPRESENTATION_CONTEXT('2D SPACE',''
  ) );
#3411 = PCURVE('',#3412,#3417);
#3412 = PLANE('',#3413);
#3413 = AXIS2_PLACEMENT_3D('',#3414,#3415,#3416);
#3414 = CARTESIAN_POINT('',(-0.65,50.4,4.985));
#3415 = DIRECTION('',(1.,-1.110223024625E-16,0.));
#3416 = DIRECTION('',(-1.110223024625E-16,-1.,0.));
#3417 = DEFINITIONAL_REPRESENTATION('',(#3418),#3421);
#3418 = B_SPLINE_CURVE_WITH_KNOTS('',1,(#3419,#3420),.UNSPECIFIED.,.F.,
  .F.,(2,2),(-5.843,-4.907),.PIECEWISE_BEZIER_KNOTS.);
#3419 = CARTESIAN_POINT('',(0.428219756979,-0.858));
#3420 = CARTESIAN_POINT('',(0.428219756979,7.8E-02));
#3421 = ( GEOMETRIC_REPRESENTATION_CONTEXT(2) 
PARAMETRIC_REPRESENTATION_CONTEXT() REPRESENTATION_CONTEXT('2D SPACE',''
  ) );
#3422 = FACE_BOUND('',#3423,.F.);
#3423 = EDGE_LOOP('',(#3424,#3459,#3485,#3518));
#3424 = ORIENTED_EDGE('',*,*,#3425,.T.);
#3425 = EDGE_CURVE('',#3426,#3428,#3430,.T.);
#3426 = VERTEX_POINT('',#3427);
#3427 = CARTESIAN_POINT('',(-0.65,49.971780243021,4.715));
#3428 = VERTEX_POINT('',#3429);
#3429 = CARTESIAN_POINT('',(0.65,49.971780243021,4.715));
#3430 = SURFACE_CURVE('',#3431,(#3436,#3443),.PCURVE_S1.);
#3431 = CIRCLE('',#3432,7.5);
#3432 = AXIS2_PLACEMENT_3D('',#3433,#3434,#3435);
#3433 = CARTESIAN_POINT('',(4.718447854657E-15,42.5,4.715));
#3434 = DIRECTION('',(0.,0.,-1.));
#3435 = DIRECTION('',(1.110223024625E-16,1.,0.));
#3436 = PCURVE('',#294,#3437);
#3437 = DEFINITIONAL_REPRESENTATION('',(#3438),#3442);
#3438 = LINE('',#3439,#3440);
#3439 = CARTESIAN_POINT('',(-12.56637061435,-4.715));
#3440 = VECTOR('',#3441,1.);
#3441 = DIRECTION('',(1.,-0.));
#3442 = ( GEOMETRIC_REPRESENTATION_CONTEXT(2) 
PARAMETRIC_REPRESENTATION_CONTEXT() REPRESENTATION_CONTEXT('2D SPACE',''
  ) );
#3443 = PCURVE('',#3444,#3449);
#3444 = PLANE('',#3445);
#3445 = AXIS2_PLACEMENT_3D('',#3446,#3447,#3448);
#3446 = CARTESIAN_POINT('',(5.351274978693E-15,48.2,4.715));
#3447 = DIRECTION('',(0.,0.,1.));
#3448 = DIRECTION('',(1.110223024625E-16,1.,0.));
#3449 = DEFINITIONAL_REPRESENTATION('',(#3450),#3458);
#3450 = ( BOUNDED_CURVE() B_SPLINE_CURVE(2,(#3451,#3452,#3453,#3454,
#3455,#3456,#3457),.UNSPECIFIED.,.T.,.F.) B_SPLINE_CURVE_WITH_KNOTS((1,2
    ,2,2,2,1),(-2.094395102393,0.,2.094395102393,4.188790204786,
6.28318530718,8.377580409573),.UNSPECIFIED.) CURVE() 
GEOMETRIC_REPRESENTATION_ITEM() RATIONAL_B_SPLINE_CURVE((1.,0.5,1.,0.5,
1.,0.5,1.)) REPRESENTATION_ITEM('') );
#3451 = CARTESIAN_POINT('',(1.8,0.));
#3452 = CARTESIAN_POINT('',(1.8,-12.99038105676));
#3453 = CARTESIAN_POINT('',(-9.45,-6.495190528383));
#3454 = CARTESIAN_POINT('',(-20.7,-1.836970198721E-15));
#3455 = CARTESIAN_POINT('',(-9.45,6.495190528383));
#3456 = CARTESIAN_POINT('',(1.8,12.990381056767));
#3457 = CARTESIAN_POINT('',(1.8,0.));
#3458 = ( GEOMETRIC_REPRESENTATION_CONTEXT(2) 
PARAMETRIC_REPRESENTATION_CONTEXT() REPRESENTATION_CONTEXT('2D SPACE',''
  ) );
#3459 = ORIENTED_EDGE('',*,*,#3460,.T.);
#3460 = EDGE_CURVE('',#3428,#3461,#3463,.T.);
#3461 = VERTEX_POINT('',#3462);
#3462 = CARTESIAN_POINT('',(0.65,49.971780243021,3.935));
#3463 = SURFACE_CURVE('',#3464,(#3468,#3474),.PCURVE_S1.);
#3464 = LINE('',#3465,#3466);
#3465 = CARTESIAN_POINT('',(0.65,49.971780243021,0.));
#3466 = VECTOR('',#3467,1.);
#3467 = DIRECTION('',(0.,-0.,-1.));
#3468 = PCURVE('',#294,#3469);
#3469 = DEFINITIONAL_REPRESENTATION('',(#3470),#3473);
#3470 = B_SPLINE_CURVE_WITH_KNOTS('',1,(#3471,#3472),.UNSPECIFIED.,.F.,
  .F.,(2,2),(-4.793,-3.857),.PIECEWISE_BEZIER_KNOTS.);
#3471 = CARTESIAN_POINT('',(-6.196409778329,-4.793));
#3472 = CARTESIAN_POINT('',(-6.196409778329,-3.857));
#3473 = ( GEOMETRIC_REPRESENTATION_CONTEXT(2) 
PARAMETRIC_REPRESENTATION_CONTEXT() REPRESENTATION_CONTEXT('2D SPACE',''
  ) );
#3474 = PCURVE('',#3475,#3480);
#3475 = PLANE('',#3476);
#3476 = AXIS2_PLACEMENT_3D('',#3477,#3478,#3479);
#3477 = CARTESIAN_POINT('',(0.65,46.,3.935));
#3478 = DIRECTION('',(-1.,1.110223024625E-16,0.));
#3479 = DIRECTION('',(1.110223024625E-16,1.,0.));
#3480 = DEFINITIONAL_REPRESENTATION('',(#3481),#3484);
#3481 = B_SPLINE_CURVE_WITH_KNOTS('',1,(#3482,#3483),.UNSPECIFIED.,.F.,
  .F.,(2,2),(-4.793,-3.857),.PIECEWISE_BEZIER_KNOTS.);
#3482 = CARTESIAN_POINT('',(3.971780243021,-0.858));
#3483 = CARTESIAN_POINT('',(3.971780243021,7.8E-02));
#3484 = ( GEOMETRIC_REPRESENTATION_CONTEXT(2) 
PARAMETRIC_REPRESENTATION_CONTEXT() REPRESENTATION_CONTEXT('2D SPACE',''
  ) );
#3485 = ORIENTED_EDGE('',*,*,#3486,.F.);
#3486 = EDGE_CURVE('',#3487,#3461,#3489,.T.);
#3487 = VERTEX_POINT('',#3488);
#3488 = CARTESIAN_POINT('',(-0.65,49.971780243021,3.935));
#3489 = SURFACE_CURVE('',#3490,(#3495,#3502),.PCURVE_S1.);
#3490 = CIRCLE('',#3491,7.5);
#3491 = AXIS2_PLACEMENT_3D('',#3492,#3493,#3494);
#3492 = CARTESIAN_POINT('',(4.718447854657E-15,42.5,3.935));
#3493 = DIRECTION('',(0.,0.,-1.));
#3494 = DIRECTION('',(1.110223024625E-16,1.,0.));
#3495 = PCURVE('',#294,#3496);
#3496 = DEFINITIONAL_REPRESENTATION('',(#3497),#3501);
#3497 = LINE('',#3498,#3499);
#3498 = CARTESIAN_POINT('',(-12.56637061435,-3.935));
#3499 = VECTOR('',#3500,1.);
#3500 = DIRECTION('',(1.,-0.));
#3501 = ( GEOMETRIC_REPRESENTATION_CONTEXT(2) 
PARAMETRIC_REPRESENTATION_CONTEXT() REPRESENTATION_CONTEXT('2D SPACE',''
  ) );
#3502 = PCURVE('',#3503,#3508);
#3503 = PLANE('',#3504);
#3504 = AXIS2_PLACEMENT_3D('',#3505,#3506,#3507);
#3505 = CARTESIAN_POINT('',(5.351274978693E-15,48.2,3.935));
#3506 = DIRECTION('',(0.,0.,1.));
#3507 = DIRECTION('',(1.110223024625E-16,1.,0.));
#3508 = DEFINITIONAL_REPRESENTATION('',(#3509),#3517);
#3509 = ( BOUNDED_CURVE() B_SPLINE_CURVE(2,(#3510,#3511,#3512,#3513,
#3514,#3515,#3516),.UNSPECIFIED.,.T.,.F.) B_SPLINE_CURVE_WITH_KNOTS((1,2
    ,2,2,2,1),(-2.094395102393,0.,2.094395102393,4.188790204786,
6.28318530718,8.377580409573),.UNSPECIFIED.) CURVE() 
GEOMETRIC_REPRESENTATION_ITEM() RATIONAL_B_SPLINE_CURVE((1.,0.5,1.,0.5,
1.,0.5,1.)) REPRESENTATION_ITEM('') );
#3510 = CARTESIAN_POINT('',(1.8,0.));
#3511 = CARTESIAN_POINT('',(1.8,-12.99038105676));
#3512 = CARTESIAN_POINT('',(-9.45,-6.495190528383));
#3513 = CARTESIAN_POINT('',(-20.7,-1.836970198721E-15));
#3514 = CARTESIAN_POINT('',(-9.45,6.495190528383));
#3515 = CARTESIAN_POINT('',(1.8,12.990381056767));
#3516 = CARTESIAN_POINT('',(1.8,0.));
#3517 = ( GEOMETRIC_REPRESENTATION_CONTEXT(2) 
PARAMETRIC_REPRESENTATION_CONTEXT() REPRESENTATION_CONTEXT('2D SPACE',''
  ) );
#3518 = ORIENTED_EDGE('',*,*,#3519,.F.);
#3519 = EDGE_CURVE('',#3426,#3487,#3520,.T.);
#3520 = SURFACE_CURVE('',#3521,(#3525,#3531),.PCURVE_S1.);
#3521 = LINE('',#3522,#3523);
#3522 = CARTESIAN_POINT('',(-0.65,49.971780243021,0.));
#3523 = VECTOR('',#3524,1.);
#3524 = DIRECTION('',(0.,-0.,-1.));
#3525 = PCURVE('',#294,#3526);
#3526 = DEFINITIONAL_REPRESENTATION('',(#3527),#3530);
#3527 = B_SPLINE_CURVE_WITH_KNOTS('',1,(#3528,#3529),.UNSPECIFIED.,.F.,
  .F.,(2,2),(-4.793,-3.857),.PIECEWISE_BEZIER_KNOTS.);
#3528 = CARTESIAN_POINT('',(-6.36996083603,-4.793));
#3529 = CARTESIAN_POINT('',(-6.36996083603,-3.857));
#3530 = ( GEOMETRIC_REPRESENTATION_CONTEXT(2) 
PARAMETRIC_REPRESENTATION_CONTEXT() REPRESENTATION_CONTEXT('2D SPACE',''
  ) );
#3531 = PCURVE('',#3532,#3537);
#3532 = PLANE('',#3533);
#3533 = AXIS2_PLACEMENT_3D('',#3534,#3535,#3536);
#3534 = CARTESIAN_POINT('',(-0.65,50.4,3.935));
#3535 = DIRECTION('',(1.,-1.110223024625E-16,0.));
#3536 = DIRECTION('',(-1.110223024625E-16,-1.,0.));
#3537 = DEFINITIONAL_REPRESENTATION('',(#3538),#3541);
#3538 = B_SPLINE_CURVE_WITH_KNOTS('',1,(#3539,#3540),.UNSPECIFIED.,.F.,
  .F.,(2,2),(-4.793,-3.857),.PIECEWISE_BEZIER_KNOTS.);
#3539 = CARTESIAN_POINT('',(0.428219756979,-0.858));
#3540 = CARTESIAN_POINT('',(0.428219756979,7.8E-02));
#3541 = ( GEOMETRIC_REPRESENTATION_CONTEXT(2) 
PARAMETRIC_REPRESENTATION_CONTEXT() REPRESENTATION_CONTEXT('2D SPACE',''
  ) );
#3542 = FACE_BOUND('',#3543,.F.);
#3543 = EDGE_LOOP('',(#3544,#3579,#3605,#3638));
#3544 = ORIENTED_EDGE('',*,*,#3545,.T.);
#3545 = EDGE_CURVE('',#3546,#3548,#3550,.T.);
#3546 = VERTEX_POINT('',#3547);
#3547 = CARTESIAN_POINT('',(-0.65,49.971780243021,3.665));
#3548 = VERTEX_POINT('',#3549);
#3549 = CARTESIAN_POINT('',(0.65,49.971780243021,3.665));
#3550 = SURFACE_CURVE('',#3551,(#3556,#3563),.PCURVE_S1.);
#3551 = CIRCLE('',#3552,7.5);
#3552 = AXIS2_PLACEMENT_3D('',#3553,#3554,#3555);
#3553 = CARTESIAN_POINT('',(4.718447854657E-15,42.5,3.665));
#3554 = DIRECTION('',(0.,0.,-1.));
#3555 = DIRECTION('',(1.110223024625E-16,1.,0.));
#3556 = PCURVE('',#294,#3557);
#3557 = DEFINITIONAL_REPRESENTATION('',(#3558),#3562);
#3558 = LINE('',#3559,#3560);
#3559 = CARTESIAN_POINT('',(-12.56637061435,-3.665));
#3560 = VECTOR('',#3561,1.);
#3561 = DIRECTION('',(1.,-0.));
#3562 = ( GEOMETRIC_REPRESENTATION_CONTEXT(2) 
PARAMETRIC_REPRESENTATION_CONTEXT() REPRESENTATION_CONTEXT('2D SPACE',''
  ) );
#3563 = PCURVE('',#3564,#3569);
#3564 = PLANE('',#3565);
#3565 = AXIS2_PLACEMENT_3D('',#3566,#3567,#3568);
#3566 = CARTESIAN_POINT('',(5.351274978693E-15,48.2,3.665));
#3567 = DIRECTION('',(0.,0.,1.));
#3568 = DIRECTION('',(1.110223024625E-16,1.,0.));
#3569 = DEFINITIONAL_REPRESENTATION('',(#3570),#3578);
#3570 = ( BOUNDED_CURVE() B_SPLINE_CURVE(2,(#3571,#3572,#3573,#3574,
#3575,#3576,#3577),.UNSPECIFIED.,.T.,.F.) B_SPLINE_CURVE_WITH_KNOTS((1,2
    ,2,2,2,1),(-2.094395102393,0.,2.094395102393,4.188790204786,
6.28318530718,8.377580409573),.UNSPECIFIED.) CURVE() 
GEOMETRIC_REPRESENTATION_ITEM() RATIONAL_B_SPLINE_CURVE((1.,0.5,1.,0.5,
1.,0.5,1.)) REPRESENTATION_ITEM('') );
#3571 = CARTESIAN_POINT('',(1.8,0.));
#3572 = CARTESIAN_POINT('',(1.8,-12.99038105676));
#3573 = CARTESIAN_POINT('',(-9.45,-6.495190528383));
#3574 = CARTESIAN_POINT('',(-20.7,-1.836970198721E-15));
#3575 = CARTESIAN_POINT('',(-9.45,6.495190528383));
#3576 = CARTESIAN_POINT('',(1.8,12.990381056767));
#3577 = CARTESIAN_POINT('',(1.8,0.));
#3578 = ( GEOMETRIC_REPRESENTATION_CONTEXT(2) 
PARAMETRIC_REPRESENTATION_CONTEXT() REPRESENTATION_CONTEXT('2D SPACE',''
  ) );
#3579 = ORIENTED_EDGE('',*,*,#3580,.T.);
#3580 = EDGE_CURVE('',#3548,#3581,#3583,.T.);
#3581 = VERTEX_POINT('',#3582);
#3582 = CARTESIAN_POINT('',(0.65,49.971780243021,2.885));
#3583 = SURFACE_CURVE('',#3584,(#3588,#3594),.PCURVE_S1.);
#3584 = LINE('',#3585,#3586);
#3585 = CARTESIAN_POINT('',(0.65,49.971780243021,0.));
#3586 = VECTOR('',#3587,1.);
#3587 = DIRECTION('',(0.,-0.,-1.));
#3588 = PCURVE('',#294,#3589);
#3589 = DEFINITIONAL_REPRESENTATION('',(#3590),#3593);
#3590 = B_SPLINE_CURVE_WITH_KNOTS('',1,(#3591,#3592),.UNSPECIFIED.,.F.,
  .F.,(2,2),(-3.743,-2.807),.PIECEWISE_BEZIER_KNOTS.);
#3591 = CARTESIAN_POINT('',(-6.196409778329,-3.743));
#3592 = CARTESIAN_POINT('',(-6.196409778329,-2.807));
#3593 = ( GEOMETRIC_REPRESENTATION_CONTEXT(2) 
PARAMETRIC_REPRESENTATION_CONTEXT() REPRESENTATION_CONTEXT('2D SPACE',''
  ) );
#3594 = PCURVE('',#3595,#3600);
#3595 = PLANE('',#3596);
#3596 = AXIS2_PLACEMENT_3D('',#3597,#3598,#3599);
#3597 = CARTESIAN_POINT('',(0.65,46.,2.885));
#3598 = DIRECTION('',(-1.,1.110223024625E-16,0.));
#3599 = DIRECTION('',(1.110223024625E-16,1.,0.));
#3600 = DEFINITIONAL_REPRESENTATION('',(#3601),#3604);
#3601 = B_SPLINE_CURVE_WITH_KNOTS('',1,(#3602,#3603),.UNSPECIFIED.,.F.,
  .F.,(2,2),(-3.743,-2.807),.PIECEWISE_BEZIER_KNOTS.);
#3602 = CARTESIAN_POINT('',(3.971780243021,-0.858));
#3603 = CARTESIAN_POINT('',(3.971780243021,7.8E-02));
#3604 = ( GEOMETRIC_REPRESENTATION_CONTEXT(2) 
PARAMETRIC_REPRESENTATION_CONTEXT() REPRESENTATION_CONTEXT('2D SPACE',''
  ) );
#3605 = ORIENTED_EDGE('',*,*,#3606,.F.);
#3606 = EDGE_CURVE('',#3607,#3581,#3609,.T.);
#3607 = VERTEX_POINT('',#3608);
#3608 = CARTESIAN_POINT('',(-0.65,49.971780243021,2.885));
#3609 = SURFACE_CURVE('',#3610,(#3615,#3622),.PCURVE_S1.);
#3610 = CIRCLE('',#3611,7.5);
#3611 = AXIS2_PLACEMENT_3D('',#3612,#3613,#3614);
#3612 = CARTESIAN_POINT('',(4.718447854657E-15,42.5,2.885));
#3613 = DIRECTION('',(0.,0.,-1.));
#3614 = DIRECTION('',(1.110223024625E-16,1.,0.));
#3615 = PCURVE('',#294,#3616);
#3616 = DEFINITIONAL_REPRESENTATION('',(#3617),#3621);
#3617 = LINE('',#3618,#3619);
#3618 = CARTESIAN_POINT('',(-12.56637061435,-2.885));
#3619 = VECTOR('',#3620,1.);
#3620 = DIRECTION('',(1.,-0.));
#3621 = ( GEOMETRIC_REPRESENTATION_CONTEXT(2) 
PARAMETRIC_REPRESENTATION_CONTEXT() REPRESENTATION_CONTEXT('2D SPACE',''
  ) );
#3622 = PCURVE('',#3623,#3628);
#3623 = PLANE('',#3624);
#3624 = AXIS2_PLACEMENT_3D('',#3625,#3626,#3627);
#3625 = CARTESIAN_POINT('',(5.351274978693E-15,48.2,2.885));
#3626 = DIRECTION('',(0.,0.,1.));
#3627 = DIRECTION('',(1.110223024625E-16,1.,0.));
#3628 = DEFINITIONAL_REPRESENTATION('',(#3629),#3637);
#3629 = ( BOUNDED_CURVE() B_SPLINE_CURVE(2,(#3630,#3631,#3632,#3633,
#3634,#3635,#3636),.UNSPECIFIED.,.T.,.F.) B_SPLINE_CURVE_WITH_KNOTS((1,2
    ,2,2,2,1),(-2.094395102393,0.,2.094395102393,4.188790204786,
6.28318530718,8.377580409573),.UNSPECIFIED.) CURVE() 
GEOMETRIC_REPRESENTATION_ITEM() RATIONAL_B_SPLINE_CURVE((1.,0.5,1.,0.5,
1.,0.5,1.)) REPRESENTATION_ITEM('') );
#3630 = CARTESIAN_POINT('',(1.8,0.));
#3631 = CARTESIAN_POINT('',(1.8,-12.99038105676));
#3632 = CARTESIAN_POINT('',(-9.45,-6.495190528383));
#3633 = CARTESIAN_POINT('',(-20.7,-1.836970198721E-15));
#3634 = CARTESIAN_POINT('',(-9.45,6.495190528383));
#3635 = CARTESIAN_POINT('',(1.8,12.990381056767));
#3636 = CARTESIAN_POINT('',(1.8,0.));
#3637 = ( GEOMETRIC_REPRESENTATION_CONTEXT(2) 
PARAMETRIC_REPRESENTATION_CONTEXT() REPRESENTATION_CONTEXT('2D SPACE',''
  ) );
#3638 = ORIENTED_EDGE('',*,*,#3639,.F.);
#3639 = EDGE_CURVE('',#3546,#3607,#3640,.T.);
#3640 = SURFACE_CURVE('',#3641,(#3645,#3651),.PCURVE_S1.);
#3641 = LINE('',#3642,#3643);
#3642 = CARTESIAN_POINT('',(-0.65,49.971780243021,0.));
#3643 = VECTOR('',#3644,1.);
#3644 = DIRECTION('',(0.,-0.,-1.));
#3645 = PCURVE('',#294,#3646);
#3646 = DEFINITIONAL_REPRESENTATION('',(#3647),#3650);
#3647 = B_SPLINE_CURVE_WITH_KNOTS('',1,(#3648,#3649),.UNSPECIFIED.,.F.,
  .F.,(2,2),(-3.743,-2.807),.PIECEWISE_BEZIER_KNOTS.);
#3648 = CARTESIAN_POINT('',(-6.36996083603,-3.743));
#3649 = CARTESIAN_POINT('',(-6.36996083603,-2.807));
#3650 = ( GEOMETRIC_REPRESENTATION_CONTEXT(2) 
PARAMETRIC_REPRESENTATION_CONTEXT() REPRESENTATION_CONTEXT('2D SPACE',''
  ) );
#3651 = PCURVE('',#3652,#3657);
#3652 = PLANE('',#3653);
#3653 = AXIS2_PLACEMENT_3D('',#3654,#3655,#3656);
#3654 = CARTESIAN_POINT('',(-0.65,50.4,2.885));
#3655 = DIRECTION('',(1.,-1.110223024625E-16,0.));
#3656 = DIRECTION('',(-1.110223024625E-16,-1.,0.));
#3657 = DEFINITIONAL_REPRESENTATION('',(#3658),#3661);
#3658 = B_SPLINE_CURVE_WITH_KNOTS('',1,(#3659,#3660),.UNSPECIFIED.,.F.,
  .F.,(2,2),(-3.743,-2.807),.PIECEWISE_BEZIER_KNOTS.);
#3659 = CARTESIAN_POINT('',(0.428219756979,-0.858));
#3660 = CARTESIAN_POINT('',(0.428219756979,7.8E-02));
#3661 = ( GEOMETRIC_REPRESENTATION_CONTEXT(2) 
PARAMETRIC_REPRESENTATION_CONTEXT() REPRESENTATION_CONTEXT('2D SPACE',''
  ) );
#3662 = FACE_BOUND('',#3663,.F.);
#3663 = EDGE_LOOP('',(#3664,#3699,#3725,#3758));
#3664 = ORIENTED_EDGE('',*,*,#3665,.T.);
#3665 = EDGE_CURVE('',#3666,#3668,#3670,.T.);
#3666 = VERTEX_POINT('',#3667);
#3667 = CARTESIAN_POINT('',(-0.65,49.971780243021,2.615));
#3668 = VERTEX_POINT('',#3669);
#3669 = CARTESIAN_POINT('',(0.65,49.971780243021,2.615));
#3670 = SURFACE_CURVE('',#3671,(#3676,#3683),.PCURVE_S1.);
#3671 = CIRCLE('',#3672,7.5);
#3672 = AXIS2_PLACEMENT_3D('',#3673,#3674,#3675);
#3673 = CARTESIAN_POINT('',(4.718447854657E-15,42.5,2.615));
#3674 = DIRECTION('',(0.,0.,-1.));
#3675 = DIRECTION('',(1.110223024625E-16,1.,0.));
#3676 = PCURVE('',#294,#3677);
#3677 = DEFINITIONAL_REPRESENTATION('',(#3678),#3682);
#3678 = LINE('',#3679,#3680);
#3679 = CARTESIAN_POINT('',(-12.56637061435,-2.615));
#3680 = VECTOR('',#3681,1.);
#3681 = DIRECTION('',(1.,-0.));
#3682 = ( GEOMETRIC_REPRESENTATION_CONTEXT(2) 
PARAMETRIC_REPRESENTATION_CONTEXT() REPRESENTATION_CONTEXT('2D SPACE',''
  ) );
#3683 = PCURVE('',#3684,#3689);
#3684 = PLANE('',#3685);
#3685 = AXIS2_PLACEMENT_3D('',#3686,#3687,#3688);
#3686 = CARTESIAN_POINT('',(5.351274978693E-15,48.2,2.615));
#3687 = DIRECTION('',(0.,0.,1.));
#3688 = DIRECTION('',(1.110223024625E-16,1.,0.));
#3689 = DEFINITIONAL_REPRESENTATION('',(#3690),#3698);
#3690 = ( BOUNDED_CURVE() B_SPLINE_CURVE(2,(#3691,#3692,#3693,#3694,
#3695,#3696,#3697),.UNSPECIFIED.,.T.,.F.) B_SPLINE_CURVE_WITH_KNOTS((1,2
    ,2,2,2,1),(-2.094395102393,0.,2.094395102393,4.188790204786,
6.28318530718,8.377580409573),.UNSPECIFIED.) CURVE() 
GEOMETRIC_REPRESENTATION_ITEM() RATIONAL_B_SPLINE_CURVE((1.,0.5,1.,0.5,
1.,0.5,1.)) REPRESENTATION_ITEM('') );
#3691 = CARTESIAN_POINT('',(1.8,0.));
#3692 = CARTESIAN_POINT('',(1.8,-12.99038105676));
#3693 = CARTESIAN_POINT('',(-9.45,-6.495190528383));
#3694 = CARTESIAN_POINT('',(-20.7,-1.836970198721E-15));
#3695 = CARTESIAN_POINT('',(-9.45,6.495190528383));
#3696 = CARTESIAN_POINT('',(1.8,12.990381056767));
#3697 = CARTESIAN_POINT('',(1.8,0.));
#3698 = ( GEOMETRIC_REPRESENTATION_CONTEXT(2) 
PARAMETRIC_REPRESENTATION_CONTEXT() REPRESENTATION_CONTEXT('2D SPACE',''
  ) );
#3699 = ORIENTED_EDGE('',*,*,#3700,.T.);
#3700 = EDGE_CURVE('',#3668,#3701,#3703,.T.);
#3701 = VERTEX_POINT('',#3702);
#3702 = CARTESIAN_POINT('',(0.65,49.971780243021,1.835));
#3703 = SURFACE_CURVE('',#3704,(#3708,#3714),.PCURVE_S1.);
#3704 = LINE('',#3705,#3706);
#3705 = CARTESIAN_POINT('',(0.65,49.971780243021,0.));
#3706 = VECTOR('',#3707,1.);
#3707 = DIRECTION('',(0.,-0.,-1.));
#3708 = PCURVE('',#294,#3709);
#3709 = DEFINITIONAL_REPRESENTATION('',(#3710),#3713);
#3710 = B_SPLINE_CURVE_WITH_KNOTS('',1,(#3711,#3712),.UNSPECIFIED.,.F.,
  .F.,(2,2),(-2.693,-1.757),.PIECEWISE_BEZIER_KNOTS.);
#3711 = CARTESIAN_POINT('',(-6.196409778329,-2.693));
#3712 = CARTESIAN_POINT('',(-6.196409778329,-1.757));
#3713 = ( GEOMETRIC_REPRESENTATION_CONTEXT(2) 
PARAMETRIC_REPRESENTATION_CONTEXT() REPRESENTATION_CONTEXT('2D SPACE',''
  ) );
#3714 = PCURVE('',#3715,#3720);
#3715 = PLANE('',#3716);
#3716 = AXIS2_PLACEMENT_3D('',#3717,#3718,#3719);
#3717 = CARTESIAN_POINT('',(0.65,46.,1.835));
#3718 = DIRECTION('',(-1.,1.110223024625E-16,0.));
#3719 = DIRECTION('',(1.110223024625E-16,1.,0.));
#3720 = DEFINITIONAL_REPRESENTATION('',(#3721),#3724);
#3721 = B_SPLINE_CURVE_WITH_KNOTS('',1,(#3722,#3723),.UNSPECIFIED.,.F.,
  .F.,(2,2),(-2.693,-1.757),.PIECEWISE_BEZIER_KNOTS.);
#3722 = CARTESIAN_POINT('',(3.971780243021,-0.858));
#3723 = CARTESIAN_POINT('',(3.971780243021,7.8E-02));
#3724 = ( GEOMETRIC_REPRESENTATION_CONTEXT(2) 
PARAMETRIC_REPRESENTATION_CONTEXT() REPRESENTATION_CONTEXT('2D SPACE',''
  ) );
#3725 = ORIENTED_EDGE('',*,*,#3726,.F.);
#3726 = EDGE_CURVE('',#3727,#3701,#3729,.T.);
#3727 = VERTEX_POINT('',#3728);
#3728 = CARTESIAN_POINT('',(-0.65,49.971780243021,1.835));
#3729 = SURFACE_CURVE('',#3730,(#3735,#3742),.PCURVE_S1.);
#3730 = CIRCLE('',#3731,7.5);
#3731 = AXIS2_PLACEMENT_3D('',#3732,#3733,#3734);
#3732 = CARTESIAN_POINT('',(4.718447854657E-15,42.5,1.835));
#3733 = DIRECTION('',(0.,0.,-1.));
#3734 = DIRECTION('',(1.110223024625E-16,1.,0.));
#3735 = PCURVE('',#294,#3736);
#3736 = DEFINITIONAL_REPRESENTATION('',(#3737),#3741);
#3737 = LINE('',#3738,#3739);
#3738 = CARTESIAN_POINT('',(-12.56637061435,-1.835));
#3739 = VECTOR('',#3740,1.);
#3740 = DIRECTION('',(1.,-0.));
#3741 = ( GEOMETRIC_REPRESENTATION_CONTEXT(2) 
PARAMETRIC_REPRESENTATION_CONTEXT() REPRESENTATION_CONTEXT('2D SPACE',''
  ) );
#3742 = PCURVE('',#3743,#3748);
#3743 = PLANE('',#3744);
#3744 = AXIS2_PLACEMENT_3D('',#3745,#3746,#3747);
#3745 = CARTESIAN_POINT('',(5.351274978693E-15,48.2,1.835));
#3746 = DIRECTION('',(0.,0.,1.));
#3747 = DIRECTION('',(1.110223024625E-16,1.,0.));
#3748 = DEFINITIONAL_REPRESENTATION('',(#3749),#3757);
#3749 = ( BOUNDED_CURVE() B_SPLINE_CURVE(2,(#3750,#3751,#3752,#3753,
#3754,#3755,#3756),.UNSPECIFIED.,.T.,.F.) B_SPLINE_CURVE_WITH_KNOTS((1,2
    ,2,2,2,1),(-2.094395102393,0.,2.094395102393,4.188790204786,
6.28318530718,8.377580409573),.UNSPECIFIED.) CURVE() 
GEOMETRIC_REPRESENTATION_ITEM() RATIONAL_B_SPLINE_CURVE((1.,0.5,1.,0.5,
1.,0.5,1.)) REPRESENTATION_ITEM('') );
#3750 = CARTESIAN_POINT('',(1.8,0.));
#3751 = CARTESIAN_POINT('',(1.8,-12.99038105676));
#3752 = CARTESIAN_POINT('',(-9.45,-6.495190528383));
#3753 = CARTESIAN_POINT('',(-20.7,-1.836970198721E-15));
#3754 = CARTESIAN_POINT('',(-9.45,6.495190528383));
#3755 = CARTESIAN_POINT('',(1.8,12.990381056767));
#3756 = CARTESIAN_POINT('',(1.8,0.));
#3757 = ( GEOMETRIC_REPRESENTATION_CONTEXT(2) 
PARAMETRIC_REPRESENTATION_CONTEXT() REPRESENTATION_CONTEXT('2D SPACE',''
  ) );
#3758 = ORIENTED_EDGE('',*,*,#3759,.F.);
#3759 = EDGE_CURVE('',#3666,#3727,#3760,.T.);
#3760 = SURFACE_CURVE('',#3761,(#3765,#3771),.PCURVE_S1.);
#3761 = LINE('',#3762,#3763);
#3762 = CARTESIAN_POINT('',(-0.65,49.971780243021,0.));
#3763 = VECTOR('',#3764,1.);
#3764 = DIRECTION('',(0.,-0.,-1.));
#3765 = PCURVE('',#294,#3766);
#3766 = DEFINITIONAL_REPRESENTATION('',(#3767),#3770);
#3767 = B_SPLINE_CURVE_WITH_KNOTS('',1,(#3768,#3769),.UNSPECIFIED.,.F.,
  .F.,(2,2),(-2.693,-1.757),.PIECEWISE_BEZIER_KNOTS.);
#3768 = CARTESIAN_POINT('',(-6.36996083603,-2.693));
#3769 = CARTESIAN_POINT('',(-6.36996083603,-1.757));
#3770 = ( GEOMETRIC_REPRESENTATION_CONTEXT(2) 
PARAMETRIC_REPRESENTATION_CONTEXT() REPRESENTATION_CONTEXT('2D SPACE',''
  ) );
#3771 = PCURVE('',#3772,#3777);
#3772 = PLANE('',#3773);
#3773 = AXIS2_PLACEMENT_3D('',#3774,#3775,#3776);
#3774 = CARTESIAN_POINT('',(-0.65,50.4,1.835));
#3775 = DIRECTION('',(1.,-1.110223024625E-16,0.));
#3776 = DIRECTION('',(-1.110223024625E-16,-1.,0.));
#3777 = DEFINITIONAL_REPRESENTATION('',(#3778),#3781);
#3778 = B_SPLINE_CURVE_WITH_KNOTS('',1,(#3779,#3780),.UNSPECIFIED.,.F.,
  .F.,(2,2),(-2.693,-1.757),.PIECEWISE_BEZIER_KNOTS.);
#3779 = CARTESIAN_POINT('',(0.428219756979,-0.858));
#3780 = CARTESIAN_POINT('',(0.428219756979,7.8E-02));
#3781 = ( GEOMETRIC_REPRESENTATION_CONTEXT(2) 
PARAMETRIC_REPRESENTATION_CONTEXT() REPRESENTATION_CONTEXT('2D SPACE',''
  ) );
#3782 = ADVANCED_FACE('',(#3783),#539,.T.);
#3783 = FACE_BOUND('',#3784,.F.);
#3784 = EDGE_LOOP('',(#3785,#3808,#3834,#3835));
#3785 = ORIENTED_EDGE('',*,*,#3786,.F.);
#3786 = EDGE_CURVE('',#3787,#491,#3789,.T.);
#3787 = VERTEX_POINT('',#3788);
#3788 = CARTESIAN_POINT('',(-18.48108521207,-9.383836453955,8.));
#3789 = SURFACE_CURVE('',#3790,(#3794,#3801),.PCURVE_S1.);
#3790 = LINE('',#3791,#3792);
#3791 = CARTESIAN_POINT('',(-18.48108521207,-9.383836453955,0.));
#3792 = VECTOR('',#3793,1.);
#3793 = DIRECTION('',(0.,0.,-1.));
#3794 = PCURVE('',#539,#3795);
#3795 = DEFINITIONAL_REPRESENTATION('',(#3796),#3800);
#3796 = LINE('',#3797,#3798);
#3797 = CARTESIAN_POINT('',(-1.414254045752,0.));
#3798 = VECTOR('',#3799,1.);
#3799 = DIRECTION('',(-0.,1.));
#3800 = ( GEOMETRIC_REPRESENTATION_CONTEXT(2) 
PARAMETRIC_REPRESENTATION_CONTEXT() REPRESENTATION_CONTEXT('2D SPACE',''
  ) );
#3801 = PCURVE('',#506,#3802);
#3802 = DEFINITIONAL_REPRESENTATION('',(#3803),#3807);
#3803 = LINE('',#3804,#3805);
#3804 = CARTESIAN_POINT('',(24.092677463803,0.));
#3805 = VECTOR('',#3806,1.);
#3806 = DIRECTION('',(0.,1.));
#3807 = ( GEOMETRIC_REPRESENTATION_CONTEXT(2) 
PARAMETRIC_REPRESENTATION_CONTEXT() REPRESENTATION_CONTEXT('2D SPACE',''
  ) );
#3808 = ORIENTED_EDGE('',*,*,#3809,.F.);
#3809 = EDGE_CURVE('',#2970,#3787,#3810,.T.);
#3810 = SURFACE_CURVE('',#3811,(#3816,#3823),.PCURVE_S1.);
#3811 = CIRCLE('',#3812,9.5);
#3812 = AXIS2_PLACEMENT_3D('',#3813,#3814,#3815);
#3813 = CARTESIAN_POINT('',(-17.,2.081899558551E-15,8.));
#3814 = DIRECTION('',(-0.,0.,-1.));
#3815 = DIRECTION('',(-0.155903706534,0.987772258311,0.));
#3816 = PCURVE('',#539,#3817);
#3817 = DEFINITIONAL_REPRESENTATION('',(#3818),#3822);
#3818 = LINE('',#3819,#3820);
#3819 = CARTESIAN_POINT('',(-4.868931261427,-8.));
#3820 = VECTOR('',#3821,1.);
#3821 = DIRECTION('',(1.,-0.));
#3822 = ( GEOMETRIC_REPRESENTATION_CONTEXT(2) 
PARAMETRIC_REPRESENTATION_CONTEXT() REPRESENTATION_CONTEXT('2D SPACE',''
  ) );
#3823 = PCURVE('',#834,#3824);
#3824 = DEFINITIONAL_REPRESENTATION('',(#3825),#3833);
#3825 = ( BOUNDED_CURVE() B_SPLINE_CURVE(2,(#3826,#3827,#3828,#3829,
#3830,#3831,#3832),.UNSPECIFIED.,.T.,.F.) B_SPLINE_CURVE_WITH_KNOTS((1,2
    ,2,2,2,1),(-2.094395102393,0.,2.094395102393,4.188790204786,
6.28318530718,8.377580409573),.UNSPECIFIED.) CURVE() 
GEOMETRIC_REPRESENTATION_ITEM() RATIONAL_B_SPLINE_CURVE((1.,0.5,1.,0.5,
1.,0.5,1.)) REPRESENTATION_ITEM('') );
#3826 = CARTESIAN_POINT('',(-35.48108521207,9.383836453955));
#3827 = CARTESIAN_POINT('',(-19.2278037039,11.949151291608));
#3828 = CARTESIAN_POINT('',(-25.13281663987,-3.409260808151));
#3829 = CARTESIAN_POINT('',(-31.03782957585,-18.76767290791));
#3830 = CARTESIAN_POINT('',(-41.38609814804,-5.974575645804));
#3831 = CARTESIAN_POINT('',(-51.73436672024,6.818521616302));
#3832 = CARTESIAN_POINT('',(-35.48108521207,9.383836453955));
#3833 = ( GEOMETRIC_REPRESENTATION_CONTEXT(2) 
PARAMETRIC_REPRESENTATION_CONTEXT() REPRESENTATION_CONTEXT('2D SPACE',''
  ) );
#3834 = ORIENTED_EDGE('',*,*,#2969,.T.);
#3835 = ORIENTED_EDGE('',*,*,#518,.T.);
#3836 = ADVANCED_FACE('',(#3837),#322,.F.);
#3837 = FACE_BOUND('',#3838,.F.);
#3838 = EDGE_LOOP('',(#3839,#3840,#3841,#3864));
#3839 = ORIENTED_EDGE('',*,*,#306,.F.);
#3840 = ORIENTED_EDGE('',*,*,#3042,.T.);
#3841 = ORIENTED_EDGE('',*,*,#3842,.T.);
#3842 = EDGE_CURVE('',#3019,#3843,#3845,.T.);
#3843 = VERTEX_POINT('',#3844);
#3844 = CARTESIAN_POINT('',(-9.383836453955,18.481085212075,8.));
#3845 = SURFACE_CURVE('',#3846,(#3850,#3857),.PCURVE_S1.);
#3846 = LINE('',#3847,#3848);
#3847 = CARTESIAN_POINT('',(-7.5,42.5,8.));
#3848 = VECTOR('',#3849,1.);
#3849 = DIRECTION('',(-7.819124531863E-02,-0.996938377813,0.));
#3850 = PCURVE('',#322,#3851);
#3851 = DEFINITIONAL_REPRESENTATION('',(#3852),#3856);
#3852 = LINE('',#3853,#3854);
#3853 = CARTESIAN_POINT('',(0.,-8.));
#3854 = VECTOR('',#3855,1.);
#3855 = DIRECTION('',(1.,0.));
#3856 = ( GEOMETRIC_REPRESENTATION_CONTEXT(2) 
PARAMETRIC_REPRESENTATION_CONTEXT() REPRESENTATION_CONTEXT('2D SPACE',''
  ) );
#3857 = PCURVE('',#834,#3858);
#3858 = DEFINITIONAL_REPRESENTATION('',(#3859),#3863);
#3859 = LINE('',#3860,#3861);
#3860 = CARTESIAN_POINT('',(-24.5,42.5));
#3861 = VECTOR('',#3862,1.);
#3862 = DIRECTION('',(-7.819124531863E-02,-0.996938377813));
#3863 = ( GEOMETRIC_REPRESENTATION_CONTEXT(2) 
PARAMETRIC_REPRESENTATION_CONTEXT() REPRESENTATION_CONTEXT('2D SPACE',''
  ) );
#3864 = ORIENTED_EDGE('',*,*,#3865,.T.);
#3865 = EDGE_CURVE('',#3843,#307,#3866,.T.);
#3866 = SURFACE_CURVE('',#3867,(#3871,#3878),.PCURVE_S1.);
#3867 = LINE('',#3868,#3869);
#3868 = CARTESIAN_POINT('',(-9.383836453955,18.481085212075,0.));
#3869 = VECTOR('',#3870,1.);
#3870 = DIRECTION('',(0.,-0.,-1.));
#3871 = PCURVE('',#322,#3872);
#3872 = DEFINITIONAL_REPRESENTATION('',(#3873),#3877);
#3873 = LINE('',#3874,#3875);
#3874 = CARTESIAN_POINT('',(24.092677463803,0.));
#3875 = VECTOR('',#3876,1.);
#3876 = DIRECTION('',(-0.,1.));
#3877 = ( GEOMETRIC_REPRESENTATION_CONTEXT(2) 
PARAMETRIC_REPRESENTATION_CONTEXT() REPRESENTATION_CONTEXT('2D SPACE',''
  ) );
#3878 = PCURVE('',#355,#3879);
#3879 = DEFINITIONAL_REPRESENTATION('',(#3880),#3884);
#3880 = LINE('',#3881,#3882);
#3881 = CARTESIAN_POINT('',(-1.414254045752,0.));
#3882 = VECTOR('',#3883,1.);
#3883 = DIRECTION('',(-0.,1.));
#3884 = ( GEOMETRIC_REPRESENTATION_CONTEXT(2) 
PARAMETRIC_REPRESENTATION_CONTEXT() REPRESENTATION_CONTEXT('2D SPACE',''
  ) );
#3885 = ADVANCED_FACE('',(#3886),#506,.F.);
#3886 = FACE_BOUND('',#3887,.F.);
#3887 = EDGE_LOOP('',(#3888,#3889,#3912,#3933));
#3888 = ORIENTED_EDGE('',*,*,#490,.F.);
#3889 = ORIENTED_EDGE('',*,*,#3890,.T.);
#3890 = EDGE_CURVE('',#458,#3891,#3893,.T.);
#3891 = VERTEX_POINT('',#3892);
#3892 = CARTESIAN_POINT('',(-42.5,-7.5,8.));
#3893 = SURFACE_CURVE('',#3894,(#3898,#3905),.PCURVE_S1.);
#3894 = LINE('',#3895,#3896);
#3895 = CARTESIAN_POINT('',(-42.5,-7.5,0.));
#3896 = VECTOR('',#3897,1.);
#3897 = DIRECTION('',(0.,0.,1.));
#3898 = PCURVE('',#506,#3899);
#3899 = DEFINITIONAL_REPRESENTATION('',(#3900),#3904);
#3900 = LINE('',#3901,#3902);
#3901 = CARTESIAN_POINT('',(0.,0.));
#3902 = VECTOR('',#3903,1.);
#3903 = DIRECTION('',(0.,-1.));
#3904 = ( GEOMETRIC_REPRESENTATION_CONTEXT(2) 
PARAMETRIC_REPRESENTATION_CONTEXT() REPRESENTATION_CONTEXT('2D SPACE',''
  ) );
#3905 = PCURVE('',#478,#3906);
#3906 = DEFINITIONAL_REPRESENTATION('',(#3907),#3911);
#3907 = LINE('',#3908,#3909);
#3908 = CARTESIAN_POINT('',(-7.853981633974,0.));
#3909 = VECTOR('',#3910,1.);
#3910 = DIRECTION('',(-0.,-1.));
#3911 = ( GEOMETRIC_REPRESENTATION_CONTEXT(2) 
PARAMETRIC_REPRESENTATION_CONTEXT() REPRESENTATION_CONTEXT('2D SPACE',''
  ) );
#3912 = ORIENTED_EDGE('',*,*,#3913,.T.);
#3913 = EDGE_CURVE('',#3891,#3787,#3914,.T.);
#3914 = SURFACE_CURVE('',#3915,(#3919,#3926),.PCURVE_S1.);
#3915 = LINE('',#3916,#3917);
#3916 = CARTESIAN_POINT('',(-42.5,-7.5,8.));
#3917 = VECTOR('',#3918,1.);
#3918 = DIRECTION('',(0.996938377813,-7.819124531863E-02,0.));
#3919 = PCURVE('',#506,#3920);
#3920 = DEFINITIONAL_REPRESENTATION('',(#3921),#3925);
#3921 = LINE('',#3922,#3923);
#3922 = CARTESIAN_POINT('',(0.,-8.));
#3923 = VECTOR('',#3924,1.);
#3924 = DIRECTION('',(1.,0.));
#3925 = ( GEOMETRIC_REPRESENTATION_CONTEXT(2) 
PARAMETRIC_REPRESENTATION_CONTEXT() REPRESENTATION_CONTEXT('2D SPACE',''
  ) );
#3926 = PCURVE('',#834,#3927);
#3927 = DEFINITIONAL_REPRESENTATION('',(#3928),#3932);
#3928 = LINE('',#3929,#3930);
#3929 = CARTESIAN_POINT('',(-59.5,-7.5));
#3930 = VECTOR('',#3931,1.);
#3931 = DIRECTION('',(0.996938377813,-7.819124531863E-02));
#3932 = ( GEOMETRIC_REPRESENTATION_CONTEXT(2) 
PARAMETRIC_REPRESENTATION_CONTEXT() REPRESENTATION_CONTEXT('2D SPACE',''
  ) );
#3933 = ORIENTED_EDGE('',*,*,#3786,.T.);
#3934 = ADVANCED_FACE('',(#3935),#355,.T.);
#3935 = FACE_BOUND('',#3936,.F.);
#3936 = EDGE_LOOP('',(#3937,#3938,#3966,#3985));
#3937 = ORIENTED_EDGE('',*,*,#3865,.F.);
#3938 = ORIENTED_EDGE('',*,*,#3939,.F.);
#3939 = EDGE_CURVE('',#3940,#3843,#3942,.T.);
#3940 = VERTEX_POINT('',#3941);
#3941 = CARTESIAN_POINT('',(-9.484823859752,16.463235294118,8.));
#3942 = SURFACE_CURVE('',#3943,(#3948,#3955),.PCURVE_S1.);
#3943 = CIRCLE('',#3944,9.5);
#3944 = AXIS2_PLACEMENT_3D('',#3945,#3946,#3947);
#3945 = CARTESIAN_POINT('',(1.887379141863E-15,17.,8.));
#3946 = DIRECTION('',(0.,0.,-1.));
#3947 = DIRECTION('',(0.987772258311,0.155903706534,0.));
#3948 = PCURVE('',#355,#3949);
#3949 = DEFINITIONAL_REPRESENTATION('',(#3950),#3954);
#3950 = LINE('',#3951,#3952);
#3951 = CARTESIAN_POINT('',(-4.868931261427,-8.));
#3952 = VECTOR('',#3953,1.);
#3953 = DIRECTION('',(1.,-0.));
#3954 = ( GEOMETRIC_REPRESENTATION_CONTEXT(2) 
PARAMETRIC_REPRESENTATION_CONTEXT() REPRESENTATION_CONTEXT('2D SPACE',''
  ) );
#3955 = PCURVE('',#834,#3956);
#3956 = DEFINITIONAL_REPRESENTATION('',(#3957),#3965);
#3957 = ( BOUNDED_CURVE() B_SPLINE_CURVE(2,(#3958,#3959,#3960,#3961,
#3962,#3963,#3964),.UNSPECIFIED.,.T.,.F.) B_SPLINE_CURVE_WITH_KNOTS((1,2
    ,2,2,2,1),(-2.094395102393,0.,2.094395102393,4.188790204786,
6.28318530718,8.377580409573),.UNSPECIFIED.) CURVE() 
GEOMETRIC_REPRESENTATION_ITEM() RATIONAL_B_SPLINE_CURVE((1.,0.5,1.,0.5,
1.,0.5,1.)) REPRESENTATION_ITEM('') );
#3958 = CARTESIAN_POINT('',(-7.616163546045,18.481085212075));
#3959 = CARTESIAN_POINT('',(-5.050848708392,2.227803703908));
#3960 = CARTESIAN_POINT('',(-20.40926080815,8.132816639879));
#3961 = CARTESIAN_POINT('',(-35.76767290791,14.03782957585));
#3962 = CARTESIAN_POINT('',(-22.9745756458,24.386098148046));
#3963 = CARTESIAN_POINT('',(-10.18147838369,34.734366720242));
#3964 = CARTESIAN_POINT('',(-7.616163546045,18.481085212075));
#3965 = ( GEOMETRIC_REPRESENTATION_CONTEXT(2) 
PARAMETRIC_REPRESENTATION_CONTEXT() REPRESENTATION_CONTEXT('2D SPACE',''
  ) );
#3966 = ORIENTED_EDGE('',*,*,#3967,.T.);
#3967 = EDGE_CURVE('',#3940,#335,#3968,.T.);
#3968 = SURFACE_CURVE('',#3969,(#3973,#3979),.PCURVE_S1.);
#3969 = LINE('',#3970,#3971);
#3970 = CARTESIAN_POINT('',(-9.484823859752,16.463235294118,0.));
#3971 = VECTOR('',#3972,1.);
#3972 = DIRECTION('',(-0.,-0.,-1.));
#3973 = PCURVE('',#355,#3974);
#3974 = DEFINITIONAL_REPRESENTATION('',(#3975),#3978);
#3975 = B_SPLINE_CURVE_WITH_KNOTS('',1,(#3976,#3977),.UNSPECIFIED.,.F.,
  .F.,(2,2),(-8.0000006,6.E-07),.PIECEWISE_BEZIER_KNOTS.);
#3976 = CARTESIAN_POINT('',(-1.627327980878,-8.0000006));
#3977 = CARTESIAN_POINT('',(-1.627327980878,6.E-07));
#3978 = ( GEOMETRIC_REPRESENTATION_CONTEXT(2) 
PARAMETRIC_REPRESENTATION_CONTEXT() REPRESENTATION_CONTEXT('2D SPACE',''
  ) );
#3979 = PCURVE('',#384,#3980);
#3980 = DEFINITIONAL_REPRESENTATION('',(#3981),#3984);
#3981 = B_SPLINE_CURVE_WITH_KNOTS('',1,(#3982,#3983),.UNSPECIFIED.,.F.,
  .F.,(2,2),(-8.0000006,6.E-07),.PIECEWISE_BEZIER_KNOTS.);
#3982 = CARTESIAN_POINT('',(-2.09347303731,-8.0000006));
#3983 = CARTESIAN_POINT('',(-2.09347303731,6.E-07));
#3984 = ( GEOMETRIC_REPRESENTATION_CONTEXT(2) 
PARAMETRIC_REPRESENTATION_CONTEXT() REPRESENTATION_CONTEXT('2D SPACE',''
  ) );
#3985 = ORIENTED_EDGE('',*,*,#334,.T.);
#3986 = ADVANCED_FACE('',(#3987,#4036,#4156,#4276,#4396,#4516,#4636),
  #478,.T.);
#3987 = FACE_BOUND('',#3988,.F.);
#3988 = EDGE_LOOP('',(#3989,#3990,#4013,#4035));
#3989 = ORIENTED_EDGE('',*,*,#457,.T.);
#3990 = ORIENTED_EDGE('',*,*,#3991,.T.);
#3991 = EDGE_CURVE('',#430,#3992,#3994,.T.);
#3992 = VERTEX_POINT('',#3993);
#3993 = CARTESIAN_POINT('',(-42.5,7.5,8.));
#3994 = SURFACE_CURVE('',#3995,(#3999,#4006),.PCURVE_S1.);
#3995 = LINE('',#3996,#3997);
#3996 = CARTESIAN_POINT('',(-42.5,7.5,0.));
#3997 = VECTOR('',#3998,1.);
#3998 = DIRECTION('',(0.,0.,1.));
#3999 = PCURVE('',#478,#4000);
#4000 = DEFINITIONAL_REPRESENTATION('',(#4001),#4005);
#4001 = LINE('',#4002,#4003);
#4002 = CARTESIAN_POINT('',(-4.712388980385,0.));
#4003 = VECTOR('',#4004,1.);
#4004 = DIRECTION('',(-0.,-1.));
#4005 = ( GEOMETRIC_REPRESENTATION_CONTEXT(2) 
PARAMETRIC_REPRESENTATION_CONTEXT() REPRESENTATION_CONTEXT('2D SPACE',''
  ) );
#4006 = PCURVE('',#445,#4007);
#4007 = DEFINITIONAL_REPRESENTATION('',(#4008),#4012);
#4008 = LINE('',#4009,#4010);
#4009 = CARTESIAN_POINT('',(25.578311124857,0.));
#4010 = VECTOR('',#4011,1.);
#4011 = DIRECTION('',(0.,-1.));
#4012 = ( GEOMETRIC_REPRESENTATION_CONTEXT(2) 
PARAMETRIC_REPRESENTATION_CONTEXT() REPRESENTATION_CONTEXT('2D SPACE',''
  ) );
#4013 = ORIENTED_EDGE('',*,*,#4014,.T.);
#4014 = EDGE_CURVE('',#3992,#3891,#4015,.T.);
#4015 = SURFACE_CURVE('',#4016,(#4021,#4028),.PCURVE_S1.);
#4016 = CIRCLE('',#4017,7.5);
#4017 = AXIS2_PLACEMENT_3D('',#4018,#4019,#4020);
#4018 = CARTESIAN_POINT('',(-42.5,5.204748896376E-15,8.));
#4019 = DIRECTION('',(0.,-0.,1.));
#4020 = DIRECTION('',(1.224646799147E-16,1.,0.));
#4021 = PCURVE('',#478,#4022);
#4022 = DEFINITIONAL_REPRESENTATION('',(#4023),#4027);
#4023 = LINE('',#4024,#4025);
#4024 = CARTESIAN_POINT('',(-4.712388980385,-8.));
#4025 = VECTOR('',#4026,1.);
#4026 = DIRECTION('',(-1.,0.));
#4027 = ( GEOMETRIC_REPRESENTATION_CONTEXT(2) 
PARAMETRIC_REPRESENTATION_CONTEXT() REPRESENTATION_CONTEXT('2D SPACE',''
  ) );
#4028 = PCURVE('',#834,#4029);
#4029 = DEFINITIONAL_REPRESENTATION('',(#4030),#4034);
#4030 = CIRCLE('',#4031,7.5);
#4031 = AXIS2_PLACEMENT_2D('',#4032,#4033);
#4032 = CARTESIAN_POINT('',(-59.5,5.016789449774E-15));
#4033 = DIRECTION('',(1.224646799147E-16,1.));
#4034 = ( GEOMETRIC_REPRESENTATION_CONTEXT(2) 
PARAMETRIC_REPRESENTATION_CONTEXT() REPRESENTATION_CONTEXT('2D SPACE',''
  ) );
#4035 = ORIENTED_EDGE('',*,*,#3890,.F.);
#4036 = FACE_BOUND('',#4037,.F.);
#4037 = EDGE_LOOP('',(#4038,#4073,#4099,#4132));
#4038 = ORIENTED_EDGE('',*,*,#4039,.T.);
#4039 = EDGE_CURVE('',#4040,#4042,#4044,.T.);
#4040 = VERTEX_POINT('',#4041);
#4041 = CARTESIAN_POINT('',(-49.97178024302,-0.65,7.865));
#4042 = VERTEX_POINT('',#4043);
#4043 = CARTESIAN_POINT('',(-49.97178024302,0.65,7.865));
#4044 = SURFACE_CURVE('',#4045,(#4050,#4057),.PCURVE_S1.);
#4045 = CIRCLE('',#4046,7.5);
#4046 = AXIS2_PLACEMENT_3D('',#4047,#4048,#4049);
#4047 = CARTESIAN_POINT('',(-42.5,5.204748896376E-15,7.865));
#4048 = DIRECTION('',(0.,0.,-1.));
#4049 = DIRECTION('',(-1.,1.224646799147E-16,0.));
#4050 = PCURVE('',#478,#4051);
#4051 = DEFINITIONAL_REPRESENTATION('',(#4052),#4056);
#4052 = LINE('',#4053,#4054);
#4053 = CARTESIAN_POINT('',(-12.56637061435,-7.865));
#4054 = VECTOR('',#4055,1.);
#4055 = DIRECTION('',(1.,-0.));
#4056 = ( GEOMETRIC_REPRESENTATION_CONTEXT(2) 
PARAMETRIC_REPRESENTATION_CONTEXT() REPRESENTATION_CONTEXT('2D SPACE',''
  ) );
#4057 = PCURVE('',#4058,#4063);
#4058 = PLANE('',#4059);
#4059 = AXIS2_PLACEMENT_3D('',#4060,#4061,#4062);
#4060 = CARTESIAN_POINT('',(-48.2,5.90279757189E-15,7.865));
#4061 = DIRECTION('',(0.,0.,1.));
#4062 = DIRECTION('',(-1.,1.224646799147E-16,0.));
#4063 = DEFINITIONAL_REPRESENTATION('',(#4064),#4072);
#4064 = ( BOUNDED_CURVE() B_SPLINE_CURVE(2,(#4065,#4066,#4067,#4068,
#4069,#4070,#4071),.UNSPECIFIED.,.T.,.F.) B_SPLINE_CURVE_WITH_KNOTS((1,2
    ,2,2,2,1),(-2.094395102393,0.,2.094395102393,4.188790204786,
6.28318530718,8.377580409573),.UNSPECIFIED.) CURVE() 
GEOMETRIC_REPRESENTATION_ITEM() RATIONAL_B_SPLINE_CURVE((1.,0.5,1.,0.5,
1.,0.5,1.)) REPRESENTATION_ITEM('') );
#4065 = CARTESIAN_POINT('',(1.8,9.310691592376E-32));
#4066 = CARTESIAN_POINT('',(1.8,-12.99038105676));
#4067 = CARTESIAN_POINT('',(-9.45,-6.495190528383));
#4068 = CARTESIAN_POINT('',(-20.7,-1.836970198721E-15));
#4069 = CARTESIAN_POINT('',(-9.45,6.495190528383));
#4070 = CARTESIAN_POINT('',(1.8,12.990381056767));
#4071 = CARTESIAN_POINT('',(1.8,9.310691592376E-32));
#4072 = ( GEOMETRIC_REPRESENTATION_CONTEXT(2) 
PARAMETRIC_REPRESENTATION_CONTEXT() REPRESENTATION_CONTEXT('2D SPACE',''
  ) );
#4073 = ORIENTED_EDGE('',*,*,#4074,.T.);
#4074 = EDGE_CURVE('',#4042,#4075,#4077,.T.);
#4075 = VERTEX_POINT('',#4076);
#4076 = CARTESIAN_POINT('',(-49.97178024302,0.65,7.085));
#4077 = SURFACE_CURVE('',#4078,(#4082,#4088),.PCURVE_S1.);
#4078 = LINE('',#4079,#4080);
#4079 = CARTESIAN_POINT('',(-49.97178024302,0.65,0.));
#4080 = VECTOR('',#4081,1.);
#4081 = DIRECTION('',(0.,0.,-1.));
#4082 = PCURVE('',#478,#4083);
#4083 = DEFINITIONAL_REPRESENTATION('',(#4084),#4087);
#4084 = B_SPLINE_CURVE_WITH_KNOTS('',1,(#4085,#4086),.UNSPECIFIED.,.F.,
  .F.,(2,2),(-7.943,-7.007),.PIECEWISE_BEZIER_KNOTS.);
#4085 = CARTESIAN_POINT('',(-6.196409778329,-7.943));
#4086 = CARTESIAN_POINT('',(-6.196409778329,-7.007));
#4087 = ( GEOMETRIC_REPRESENTATION_CONTEXT(2) 
PARAMETRIC_REPRESENTATION_CONTEXT() REPRESENTATION_CONTEXT('2D SPACE',''
  ) );
#4088 = PCURVE('',#4089,#4094);
#4089 = PLANE('',#4090);
#4090 = AXIS2_PLACEMENT_3D('',#4091,#4092,#4093);
#4091 = CARTESIAN_POINT('',(-46.,0.65,7.085));
#4092 = DIRECTION('',(-1.224646799147E-16,-1.,0.));
#4093 = DIRECTION('',(-1.,1.224646799147E-16,0.));
#4094 = DEFINITIONAL_REPRESENTATION('',(#4095),#4098);
#4095 = B_SPLINE_CURVE_WITH_KNOTS('',1,(#4096,#4097),.UNSPECIFIED.,.F.,
  .F.,(2,2),(-7.943,-7.007),.PIECEWISE_BEZIER_KNOTS.);
#4096 = CARTESIAN_POINT('',(3.971780243021,-0.858));
#4097 = CARTESIAN_POINT('',(3.971780243021,7.8E-02));
#4098 = ( GEOMETRIC_REPRESENTATION_CONTEXT(2) 
PARAMETRIC_REPRESENTATION_CONTEXT() REPRESENTATION_CONTEXT('2D SPACE',''
  ) );
#4099 = ORIENTED_EDGE('',*,*,#4100,.F.);
#4100 = EDGE_CURVE('',#4101,#4075,#4103,.T.);
#4101 = VERTEX_POINT('',#4102);
#4102 = CARTESIAN_POINT('',(-49.97178024302,-0.65,7.085));
#4103 = SURFACE_CURVE('',#4104,(#4109,#4116),.PCURVE_S1.);
#4104 = CIRCLE('',#4105,7.5);
#4105 = AXIS2_PLACEMENT_3D('',#4106,#4107,#4108);
#4106 = CARTESIAN_POINT('',(-42.5,5.204748896376E-15,7.085));
#4107 = DIRECTION('',(0.,0.,-1.));
#4108 = DIRECTION('',(-1.,1.224646799147E-16,0.));
#4109 = PCURVE('',#478,#4110);
#4110 = DEFINITIONAL_REPRESENTATION('',(#4111),#4115);
#4111 = LINE('',#4112,#4113);
#4112 = CARTESIAN_POINT('',(-12.56637061435,-7.085));
#4113 = VECTOR('',#4114,1.);
#4114 = DIRECTION('',(1.,-0.));
#4115 = ( GEOMETRIC_REPRESENTATION_CONTEXT(2) 
PARAMETRIC_REPRESENTATION_CONTEXT() REPRESENTATION_CONTEXT('2D SPACE',''
  ) );
#4116 = PCURVE('',#4117,#4122);
#4117 = PLANE('',#4118);
#4118 = AXIS2_PLACEMENT_3D('',#4119,#4120,#4121);
#4119 = CARTESIAN_POINT('',(-48.2,5.90279757189E-15,7.085));
#4120 = DIRECTION('',(0.,0.,1.));
#4121 = DIRECTION('',(-1.,1.224646799147E-16,0.));
#4122 = DEFINITIONAL_REPRESENTATION('',(#4123),#4131);
#4123 = ( BOUNDED_CURVE() B_SPLINE_CURVE(2,(#4124,#4125,#4126,#4127,
#4128,#4129,#4130),.UNSPECIFIED.,.T.,.F.) B_SPLINE_CURVE_WITH_KNOTS((1,2
    ,2,2,2,1),(-2.094395102393,0.,2.094395102393,4.188790204786,
6.28318530718,8.377580409573),.UNSPECIFIED.) CURVE() 
GEOMETRIC_REPRESENTATION_ITEM() RATIONAL_B_SPLINE_CURVE((1.,0.5,1.,0.5,
1.,0.5,1.)) REPRESENTATION_ITEM('') );
#4124 = CARTESIAN_POINT('',(1.8,9.310691592376E-32));
#4125 = CARTESIAN_POINT('',(1.8,-12.99038105676));
#4126 = CARTESIAN_POINT('',(-9.45,-6.495190528383));
#4127 = CARTESIAN_POINT('',(-20.7,-1.836970198721E-15));
#4128 = CARTESIAN_POINT('',(-9.45,6.495190528383));
#4129 = CARTESIAN_POINT('',(1.8,12.990381056767));
#4130 = CARTESIAN_POINT('',(1.8,9.310691592376E-32));
#4131 = ( GEOMETRIC_REPRESENTATION_CONTEXT(2) 
PARAMETRIC_REPRESENTATION_CONTEXT() REPRESENTATION_CONTEXT('2D SPACE',''
  ) );
#4132 = ORIENTED_EDGE('',*,*,#4133,.F.);
#4133 = EDGE_CURVE('',#4040,#4101,#4134,.T.);
#4134 = SURFACE_CURVE('',#4135,(#4139,#4145),.PCURVE_S1.);
#4135 = LINE('',#4136,#4137);
#4136 = CARTESIAN_POINT('',(-49.97178024302,-0.65,0.));
#4137 = VECTOR('',#4138,1.);
#4138 = DIRECTION('',(0.,0.,-1.));
#4139 = PCURVE('',#478,#4140);
#4140 = DEFINITIONAL_REPRESENTATION('',(#4141),#4144);
#4141 = B_SPLINE_CURVE_WITH_KNOTS('',1,(#4142,#4143),.UNSPECIFIED.,.F.,
  .F.,(2,2),(-7.943,-7.007),.PIECEWISE_BEZIER_KNOTS.);
#4142 = CARTESIAN_POINT('',(-6.36996083603,-7.943));
#4143 = CARTESIAN_POINT('',(-6.36996083603,-7.007));
#4144 = ( GEOMETRIC_REPRESENTATION_CONTEXT(2) 
PARAMETRIC_REPRESENTATION_CONTEXT() REPRESENTATION_CONTEXT('2D SPACE',''
  ) );
#4145 = PCURVE('',#4146,#4151);
#4146 = PLANE('',#4147);
#4147 = AXIS2_PLACEMENT_3D('',#4148,#4149,#4150);
#4148 = CARTESIAN_POINT('',(-50.4,-0.65,7.085));
#4149 = DIRECTION('',(1.224646799147E-16,1.,0.));
#4150 = DIRECTION('',(1.,-1.224646799147E-16,0.));
#4151 = DEFINITIONAL_REPRESENTATION('',(#4152),#4155);
#4152 = B_SPLINE_CURVE_WITH_KNOTS('',1,(#4153,#4154),.UNSPECIFIED.,.F.,
  .F.,(2,2),(-7.943,-7.007),.PIECEWISE_BEZIER_KNOTS.);
#4153 = CARTESIAN_POINT('',(0.428219756979,-0.858));
#4154 = CARTESIAN_POINT('',(0.428219756979,7.8E-02));
#4155 = ( GEOMETRIC_REPRESENTATION_CONTEXT(2) 
PARAMETRIC_REPRESENTATION_CONTEXT() REPRESENTATION_CONTEXT('2D SPACE',''
  ) );
#4156 = FACE_BOUND('',#4157,.F.);
#4157 = EDGE_LOOP('',(#4158,#4193,#4219,#4252));
#4158 = ORIENTED_EDGE('',*,*,#4159,.T.);
#4159 = EDGE_CURVE('',#4160,#4162,#4164,.T.);
#4160 = VERTEX_POINT('',#4161);
#4161 = CARTESIAN_POINT('',(-49.97178024302,-0.65,6.815));
#4162 = VERTEX_POINT('',#4163);
#4163 = CARTESIAN_POINT('',(-49.97178024302,0.65,6.815));
#4164 = SURFACE_CURVE('',#4165,(#4170,#4177),.PCURVE_S1.);
#4165 = CIRCLE('',#4166,7.5);
#4166 = AXIS2_PLACEMENT_3D('',#4167,#4168,#4169);
#4167 = CARTESIAN_POINT('',(-42.5,5.204748896376E-15,6.815));
#4168 = DIRECTION('',(0.,0.,-1.));
#4169 = DIRECTION('',(-1.,1.224646799147E-16,0.));
#4170 = PCURVE('',#478,#4171);
#4171 = DEFINITIONAL_REPRESENTATION('',(#4172),#4176);
#4172 = LINE('',#4173,#4174);
#4173 = CARTESIAN_POINT('',(-12.56637061435,-6.815));
#4174 = VECTOR('',#4175,1.);
#4175 = DIRECTION('',(1.,-0.));
#4176 = ( GEOMETRIC_REPRESENTATION_CONTEXT(2) 
PARAMETRIC_REPRESENTATION_CONTEXT() REPRESENTATION_CONTEXT('2D SPACE',''
  ) );
#4177 = PCURVE('',#4178,#4183);
#4178 = PLANE('',#4179);
#4179 = AXIS2_PLACEMENT_3D('',#4180,#4181,#4182);
#4180 = CARTESIAN_POINT('',(-48.2,5.90279757189E-15,6.815));
#4181 = DIRECTION('',(0.,0.,1.));
#4182 = DIRECTION('',(-1.,1.224646799147E-16,0.));
#4183 = DEFINITIONAL_REPRESENTATION('',(#4184),#4192);
#4184 = ( BOUNDED_CURVE() B_SPLINE_CURVE(2,(#4185,#4186,#4187,#4188,
#4189,#4190,#4191),.UNSPECIFIED.,.T.,.F.) B_SPLINE_CURVE_WITH_KNOTS((1,2
    ,2,2,2,1),(-2.094395102393,0.,2.094395102393,4.188790204786,
6.28318530718,8.377580409573),.UNSPECIFIED.) CURVE() 
GEOMETRIC_REPRESENTATION_ITEM() RATIONAL_B_SPLINE_CURVE((1.,0.5,1.,0.5,
1.,0.5,1.)) REPRESENTATION_ITEM('') );
#4185 = CARTESIAN_POINT('',(1.8,9.310691592376E-32));
#4186 = CARTESIAN_POINT('',(1.8,-12.99038105676));
#4187 = CARTESIAN_POINT('',(-9.45,-6.495190528383));
#4188 = CARTESIAN_POINT('',(-20.7,-1.836970198721E-15));
#4189 = CARTESIAN_POINT('',(-9.45,6.495190528383));
#4190 = CARTESIAN_POINT('',(1.8,12.990381056767));
#4191 = CARTESIAN_POINT('',(1.8,9.310691592376E-32));
#4192 = ( GEOMETRIC_REPRESENTATION_CONTEXT(2) 
PARAMETRIC_REPRESENTATION_CONTEXT() REPRESENTATION_CONTEXT('2D SPACE',''
  ) );
#4193 = ORIENTED_EDGE('',*,*,#4194,.T.);
#4194 = EDGE_CURVE('',#4162,#4195,#4197,.T.);
#4195 = VERTEX_POINT('',#4196);
#4196 = CARTESIAN_POINT('',(-49.97178024302,0.65,6.035));
#4197 = SURFACE_CURVE('',#4198,(#4202,#4208),.PCURVE_S1.);
#4198 = LINE('',#4199,#4200);
#4199 = CARTESIAN_POINT('',(-49.97178024302,0.65,0.));
#4200 = VECTOR('',#4201,1.);
#4201 = DIRECTION('',(0.,0.,-1.));
#4202 = PCURVE('',#478,#4203);
#4203 = DEFINITIONAL_REPRESENTATION('',(#4204),#4207);
#4204 = B_SPLINE_CURVE_WITH_KNOTS('',1,(#4205,#4206),.UNSPECIFIED.,.F.,
  .F.,(2,2),(-6.893,-5.957),.PIECEWISE_BEZIER_KNOTS.);
#4205 = CARTESIAN_POINT('',(-6.196409778329,-6.893));
#4206 = CARTESIAN_POINT('',(-6.196409778329,-5.957));
#4207 = ( GEOMETRIC_REPRESENTATION_CONTEXT(2) 
PARAMETRIC_REPRESENTATION_CONTEXT() REPRESENTATION_CONTEXT('2D SPACE',''
  ) );
#4208 = PCURVE('',#4209,#4214);
#4209 = PLANE('',#4210);
#4210 = AXIS2_PLACEMENT_3D('',#4211,#4212,#4213);
#4211 = CARTESIAN_POINT('',(-46.,0.65,6.035));
#4212 = DIRECTION('',(-1.224646799147E-16,-1.,0.));
#4213 = DIRECTION('',(-1.,1.224646799147E-16,0.));
#4214 = DEFINITIONAL_REPRESENTATION('',(#4215),#4218);
#4215 = B_SPLINE_CURVE_WITH_KNOTS('',1,(#4216,#4217),.UNSPECIFIED.,.F.,
  .F.,(2,2),(-6.893,-5.957),.PIECEWISE_BEZIER_KNOTS.);
#4216 = CARTESIAN_POINT('',(3.971780243021,-0.858));
#4217 = CARTESIAN_POINT('',(3.971780243021,7.8E-02));
#4218 = ( GEOMETRIC_REPRESENTATION_CONTEXT(2) 
PARAMETRIC_REPRESENTATION_CONTEXT() REPRESENTATION_CONTEXT('2D SPACE',''
  ) );
#4219 = ORIENTED_EDGE('',*,*,#4220,.F.);
#4220 = EDGE_CURVE('',#4221,#4195,#4223,.T.);
#4221 = VERTEX_POINT('',#4222);
#4222 = CARTESIAN_POINT('',(-49.97178024302,-0.65,6.035));
#4223 = SURFACE_CURVE('',#4224,(#4229,#4236),.PCURVE_S1.);
#4224 = CIRCLE('',#4225,7.5);
#4225 = AXIS2_PLACEMENT_3D('',#4226,#4227,#4228);
#4226 = CARTESIAN_POINT('',(-42.5,5.204748896376E-15,6.035));
#4227 = DIRECTION('',(0.,0.,-1.));
#4228 = DIRECTION('',(-1.,1.224646799147E-16,0.));
#4229 = PCURVE('',#478,#4230);
#4230 = DEFINITIONAL_REPRESENTATION('',(#4231),#4235);
#4231 = LINE('',#4232,#4233);
#4232 = CARTESIAN_POINT('',(-12.56637061435,-6.035));
#4233 = VECTOR('',#4234,1.);
#4234 = DIRECTION('',(1.,-0.));
#4235 = ( GEOMETRIC_REPRESENTATION_CONTEXT(2) 
PARAMETRIC_REPRESENTATION_CONTEXT() REPRESENTATION_CONTEXT('2D SPACE',''
  ) );
#4236 = PCURVE('',#4237,#4242);
#4237 = PLANE('',#4238);
#4238 = AXIS2_PLACEMENT_3D('',#4239,#4240,#4241);
#4239 = CARTESIAN_POINT('',(-48.2,5.90279757189E-15,6.035));
#4240 = DIRECTION('',(0.,0.,1.));
#4241 = DIRECTION('',(-1.,1.224646799147E-16,0.));
#4242 = DEFINITIONAL_REPRESENTATION('',(#4243),#4251);
#4243 = ( BOUNDED_CURVE() B_SPLINE_CURVE(2,(#4244,#4245,#4246,#4247,
#4248,#4249,#4250),.UNSPECIFIED.,.T.,.F.) B_SPLINE_CURVE_WITH_KNOTS((1,2
    ,2,2,2,1),(-2.094395102393,0.,2.094395102393,4.188790204786,
6.28318530718,8.377580409573),.UNSPECIFIED.) CURVE() 
GEOMETRIC_REPRESENTATION_ITEM() RATIONAL_B_SPLINE_CURVE((1.,0.5,1.,0.5,
1.,0.5,1.)) REPRESENTATION_ITEM('') );
#4244 = CARTESIAN_POINT('',(1.8,9.310691592376E-32));
#4245 = CARTESIAN_POINT('',(1.8,-12.99038105676));
#4246 = CARTESIAN_POINT('',(-9.45,-6.495190528383));
#4247 = CARTESIAN_POINT('',(-20.7,-1.836970198721E-15));
#4248 = CARTESIAN_POINT('',(-9.45,6.495190528383));
#4249 = CARTESIAN_POINT('',(1.8,12.990381056767));
#4250 = CARTESIAN_POINT('',(1.8,9.310691592376E-32));
#4251 = ( GEOMETRIC_REPRESENTATION_CONTEXT(2) 
PARAMETRIC_REPRESENTATION_CONTEXT() REPRESENTATION_CONTEXT('2D SPACE',''
  ) );
#4252 = ORIENTED_EDGE('',*,*,#4253,.F.);
#4253 = EDGE_CURVE('',#4160,#4221,#4254,.T.);
#4254 = SURFACE_CURVE('',#4255,(#4259,#4265),.PCURVE_S1.);
#4255 = LINE('',#4256,#4257);
#4256 = CARTESIAN_POINT('',(-49.97178024302,-0.65,0.));
#4257 = VECTOR('',#4258,1.);
#4258 = DIRECTION('',(0.,0.,-1.));
#4259 = PCURVE('',#478,#4260);
#4260 = DEFINITIONAL_REPRESENTATION('',(#4261),#4264);
#4261 = B_SPLINE_CURVE_WITH_KNOTS('',1,(#4262,#4263),.UNSPECIFIED.,.F.,
  .F.,(2,2),(-6.893,-5.957),.PIECEWISE_BEZIER_KNOTS.);
#4262 = CARTESIAN_POINT('',(-6.36996083603,-6.893));
#4263 = CARTESIAN_POINT('',(-6.36996083603,-5.957));
#4264 = ( GEOMETRIC_REPRESENTATION_CONTEXT(2) 
PARAMETRIC_REPRESENTATION_CONTEXT() REPRESENTATION_CONTEXT('2D SPACE',''
  ) );
#4265 = PCURVE('',#4266,#4271);
#4266 = PLANE('',#4267);
#4267 = AXIS2_PLACEMENT_3D('',#4268,#4269,#4270);
#4268 = CARTESIAN_POINT('',(-50.4,-0.65,6.035));
#4269 = DIRECTION('',(1.224646799147E-16,1.,0.));
#4270 = DIRECTION('',(1.,-1.224646799147E-16,0.));
#4271 = DEFINITIONAL_REPRESENTATION('',(#4272),#4275);
#4272 = B_SPLINE_CURVE_WITH_KNOTS('',1,(#4273,#4274),.UNSPECIFIED.,.F.,
  .F.,(2,2),(-6.893,-5.957),.PIECEWISE_BEZIER_KNOTS.);
#4273 = CARTESIAN_POINT('',(0.428219756979,-0.858));
#4274 = CARTESIAN_POINT('',(0.428219756979,7.8E-02));
#4275 = ( GEOMETRIC_REPRESENTATION_CONTEXT(2) 
PARAMETRIC_REPRESENTATION_CONTEXT() REPRESENTATION_CONTEXT('2D SPACE',''
  ) );
#4276 = FACE_BOUND('',#4277,.F.);
#4277 = EDGE_LOOP('',(#4278,#4313,#4339,#4372));
#4278 = ORIENTED_EDGE('',*,*,#4279,.T.);
#4279 = EDGE_CURVE('',#4280,#4282,#4284,.T.);
#4280 = VERTEX_POINT('',#4281);
#4281 = CARTESIAN_POINT('',(-49.97178024302,-0.65,5.765));
#4282 = VERTEX_POINT('',#4283);
#4283 = CARTESIAN_POINT('',(-49.97178024302,0.65,5.765));
#4284 = SURFACE_CURVE('',#4285,(#4290,#4297),.PCURVE_S1.);
#4285 = CIRCLE('',#4286,7.5);
#4286 = AXIS2_PLACEMENT_3D('',#4287,#4288,#4289);
#4287 = CARTESIAN_POINT('',(-42.5,5.204748896376E-15,5.765));
#4288 = DIRECTION('',(0.,0.,-1.));
#4289 = DIRECTION('',(-1.,1.224646799147E-16,0.));
#4290 = PCURVE('',#478,#4291);
#4291 = DEFINITIONAL_REPRESENTATION('',(#4292),#4296);
#4292 = LINE('',#4293,#4294);
#4293 = CARTESIAN_POINT('',(-12.56637061435,-5.765));
#4294 = VECTOR('',#4295,1.);
#4295 = DIRECTION('',(1.,-0.));
#4296 = ( GEOMETRIC_REPRESENTATION_CONTEXT(2) 
PARAMETRIC_REPRESENTATION_CONTEXT() REPRESENTATION_CONTEXT('2D SPACE',''
  ) );
#4297 = PCURVE('',#4298,#4303);
#4298 = PLANE('',#4299);
#4299 = AXIS2_PLACEMENT_3D('',#4300,#4301,#4302);
#4300 = CARTESIAN_POINT('',(-48.2,5.90279757189E-15,5.765));
#4301 = DIRECTION('',(0.,0.,1.));
#4302 = DIRECTION('',(-1.,1.224646799147E-16,0.));
#4303 = DEFINITIONAL_REPRESENTATION('',(#4304),#4312);
#4304 = ( BOUNDED_CURVE() B_SPLINE_CURVE(2,(#4305,#4306,#4307,#4308,
#4309,#4310,#4311),.UNSPECIFIED.,.T.,.F.) B_SPLINE_CURVE_WITH_KNOTS((1,2
    ,2,2,2,1),(-2.094395102393,0.,2.094395102393,4.188790204786,
6.28318530718,8.377580409573),.UNSPECIFIED.) CURVE() 
GEOMETRIC_REPRESENTATION_ITEM() RATIONAL_B_SPLINE_CURVE((1.,0.5,1.,0.5,
1.,0.5,1.)) REPRESENTATION_ITEM('') );
#4305 = CARTESIAN_POINT('',(1.8,9.310691592376E-32));
#4306 = CARTESIAN_POINT('',(1.8,-12.99038105676));
#4307 = CARTESIAN_POINT('',(-9.45,-6.495190528383));
#4308 = CARTESIAN_POINT('',(-20.7,-1.836970198721E-15));
#4309 = CARTESIAN_POINT('',(-9.45,6.495190528383));
#4310 = CARTESIAN_POINT('',(1.8,12.990381056767));
#4311 = CARTESIAN_POINT('',(1.8,9.310691592376E-32));
#4312 = ( GEOMETRIC_REPRESENTATION_CONTEXT(2) 
PARAMETRIC_REPRESENTATION_CONTEXT() REPRESENTATION_CONTEXT('2D SPACE',''
  ) );
#4313 = ORIENTED_EDGE('',*,*,#4314,.T.);
#4314 = EDGE_CURVE('',#4282,#4315,#4317,.T.);
#4315 = VERTEX_POINT('',#4316);
#4316 = CARTESIAN_POINT('',(-49.97178024302,0.65,4.985));
#4317 = SURFACE_CURVE('',#4318,(#4322,#4328),.PCURVE_S1.);
#4318 = LINE('',#4319,#4320);
#4319 = CARTESIAN_POINT('',(-49.97178024302,0.65,0.));
#4320 = VECTOR('',#4321,1.);
#4321 = DIRECTION('',(0.,0.,-1.));
#4322 = PCURVE('',#478,#4323);
#4323 = DEFINITIONAL_REPRESENTATION('',(#4324),#4327);
#4324 = B_SPLINE_CURVE_WITH_KNOTS('',1,(#4325,#4326),.UNSPECIFIED.,.F.,
  .F.,(2,2),(-5.843,-4.907),.PIECEWISE_BEZIER_KNOTS.);
#4325 = CARTESIAN_POINT('',(-6.196409778329,-5.843));
#4326 = CARTESIAN_POINT('',(-6.196409778329,-4.907));
#4327 = ( GEOMETRIC_REPRESENTATION_CONTEXT(2) 
PARAMETRIC_REPRESENTATION_CONTEXT() REPRESENTATION_CONTEXT('2D SPACE',''
  ) );
#4328 = PCURVE('',#4329,#4334);
#4329 = PLANE('',#4330);
#4330 = AXIS2_PLACEMENT_3D('',#4331,#4332,#4333);
#4331 = CARTESIAN_POINT('',(-46.,0.65,4.985));
#4332 = DIRECTION('',(-1.224646799147E-16,-1.,0.));
#4333 = DIRECTION('',(-1.,1.224646799147E-16,0.));
#4334 = DEFINITIONAL_REPRESENTATION('',(#4335),#4338);
#4335 = B_SPLINE_CURVE_WITH_KNOTS('',1,(#4336,#4337),.UNSPECIFIED.,.F.,
  .F.,(2,2),(-5.843,-4.907),.PIECEWISE_BEZIER_KNOTS.);
#4336 = CARTESIAN_POINT('',(3.971780243021,-0.858));
#4337 = CARTESIAN_POINT('',(3.971780243021,7.8E-02));
#4338 = ( GEOMETRIC_REPRESENTATION_CONTEXT(2) 
PARAMETRIC_REPRESENTATION_CONTEXT() REPRESENTATION_CONTEXT('2D SPACE',''
  ) );
#4339 = ORIENTED_EDGE('',*,*,#4340,.F.);
#4340 = EDGE_CURVE('',#4341,#4315,#4343,.T.);
#4341 = VERTEX_POINT('',#4342);
#4342 = CARTESIAN_POINT('',(-49.97178024302,-0.65,4.985));
#4343 = SURFACE_CURVE('',#4344,(#4349,#4356),.PCURVE_S1.);
#4344 = CIRCLE('',#4345,7.5);
#4345 = AXIS2_PLACEMENT_3D('',#4346,#4347,#4348);
#4346 = CARTESIAN_POINT('',(-42.5,5.204748896376E-15,4.985));
#4347 = DIRECTION('',(0.,0.,-1.));
#4348 = DIRECTION('',(-1.,1.224646799147E-16,0.));
#4349 = PCURVE('',#478,#4350);
#4350 = DEFINITIONAL_REPRESENTATION('',(#4351),#4355);
#4351 = LINE('',#4352,#4353);
#4352 = CARTESIAN_POINT('',(-12.56637061435,-4.985));
#4353 = VECTOR('',#4354,1.);
#4354 = DIRECTION('',(1.,-0.));
#4355 = ( GEOMETRIC_REPRESENTATION_CONTEXT(2) 
PARAMETRIC_REPRESENTATION_CONTEXT() REPRESENTATION_CONTEXT('2D SPACE',''
  ) );
#4356 = PCURVE('',#4357,#4362);
#4357 = PLANE('',#4358);
#4358 = AXIS2_PLACEMENT_3D('',#4359,#4360,#4361);
#4359 = CARTESIAN_POINT('',(-48.2,5.90279757189E-15,4.985));
#4360 = DIRECTION('',(0.,0.,1.));
#4361 = DIRECTION('',(-1.,1.224646799147E-16,0.));
#4362 = DEFINITIONAL_REPRESENTATION('',(#4363),#4371);
#4363 = ( BOUNDED_CURVE() B_SPLINE_CURVE(2,(#4364,#4365,#4366,#4367,
#4368,#4369,#4370),.UNSPECIFIED.,.T.,.F.) B_SPLINE_CURVE_WITH_KNOTS((1,2
    ,2,2,2,1),(-2.094395102393,0.,2.094395102393,4.188790204786,
6.28318530718,8.377580409573),.UNSPECIFIED.) CURVE() 
GEOMETRIC_REPRESENTATION_ITEM() RATIONAL_B_SPLINE_CURVE((1.,0.5,1.,0.5,
1.,0.5,1.)) REPRESENTATION_ITEM('') );
#4364 = CARTESIAN_POINT('',(1.8,9.310691592376E-32));
#4365 = CARTESIAN_POINT('',(1.8,-12.99038105676));
#4366 = CARTESIAN_POINT('',(-9.45,-6.495190528383));
#4367 = CARTESIAN_POINT('',(-20.7,-1.836970198721E-15));
#4368 = CARTESIAN_POINT('',(-9.45,6.495190528383));
#4369 = CARTESIAN_POINT('',(1.8,12.990381056767));
#4370 = CARTESIAN_POINT('',(1.8,9.310691592376E-32));
#4371 = ( GEOMETRIC_REPRESENTATION_CONTEXT(2) 
PARAMETRIC_REPRESENTATION_CONTEXT() REPRESENTATION_CONTEXT('2D SPACE',''
  ) );
#4372 = ORIENTED_EDGE('',*,*,#4373,.F.);
#4373 = EDGE_CURVE('',#4280,#4341,#4374,.T.);
#4374 = SURFACE_CURVE('',#4375,(#4379,#4385),.PCURVE_S1.);
#4375 = LINE('',#4376,#4377);
#4376 = CARTESIAN_POINT('',(-49.97178024302,-0.65,0.));
#4377 = VECTOR('',#4378,1.);
#4378 = DIRECTION('',(0.,0.,-1.));
#4379 = PCURVE('',#478,#4380);
#4380 = DEFINITIONAL_REPRESENTATION('',(#4381),#4384);
#4381 = B_SPLINE_CURVE_WITH_KNOTS('',1,(#4382,#4383),.UNSPECIFIED.,.F.,
  .F.,(2,2),(-5.843,-4.907),.PIECEWISE_BEZIER_KNOTS.);
#4382 = CARTESIAN_POINT('',(-6.36996083603,-5.843));
#4383 = CARTESIAN_POINT('',(-6.36996083603,-4.907));
#4384 = ( GEOMETRIC_REPRESENTATION_CONTEXT(2) 
PARAMETRIC_REPRESENTATION_CONTEXT() REPRESENTATION_CONTEXT('2D SPACE',''
  ) );
#4385 = PCURVE('',#4386,#4391);
#4386 = PLANE('',#4387);
#4387 = AXIS2_PLACEMENT_3D('',#4388,#4389,#4390);
#4388 = CARTESIAN_POINT('',(-50.4,-0.65,4.985));
#4389 = DIRECTION('',(1.224646799147E-16,1.,0.));
#4390 = DIRECTION('',(1.,-1.224646799147E-16,0.));
#4391 = DEFINITIONAL_REPRESENTATION('',(#4392),#4395);
#4392 = B_SPLINE_CURVE_WITH_KNOTS('',1,(#4393,#4394),.UNSPECIFIED.,.F.,
  .F.,(2,2),(-5.843,-4.907),.PIECEWISE_BEZIER_KNOTS.);
#4393 = CARTESIAN_POINT('',(0.428219756979,-0.858));
#4394 = CARTESIAN_POINT('',(0.428219756979,7.8E-02));
#4395 = ( GEOMETRIC_REPRESENTATION_CONTEXT(2) 
PARAMETRIC_REPRESENTATION_CONTEXT() REPRESENTATION_CONTEXT('2D SPACE',''
  ) );
#4396 = FACE_BOUND('',#4397,.F.);
#4397 = EDGE_LOOP('',(#4398,#4433,#4459,#4492));
#4398 = ORIENTED_EDGE('',*,*,#4399,.T.);
#4399 = EDGE_CURVE('',#4400,#4402,#4404,.T.);
#4400 = VERTEX_POINT('',#4401);
#4401 = CARTESIAN_POINT('',(-49.97178024302,-0.65,4.715));
#4402 = VERTEX_POINT('',#4403);
#4403 = CARTESIAN_POINT('',(-49.97178024302,0.65,4.715));
#4404 = SURFACE_CURVE('',#4405,(#4410,#4417),.PCURVE_S1.);
#4405 = CIRCLE('',#4406,7.5);
#4406 = AXIS2_PLACEMENT_3D('',#4407,#4408,#4409);
#4407 = CARTESIAN_POINT('',(-42.5,5.204748896376E-15,4.715));
#4408 = DIRECTION('',(0.,0.,-1.));
#4409 = DIRECTION('',(-1.,1.224646799147E-16,0.));
#4410 = PCURVE('',#478,#4411);
#4411 = DEFINITIONAL_REPRESENTATION('',(#4412),#4416);
#4412 = LINE('',#4413,#4414);
#4413 = CARTESIAN_POINT('',(-12.56637061435,-4.715));
#4414 = VECTOR('',#4415,1.);
#4415 = DIRECTION('',(1.,-0.));
#4416 = ( GEOMETRIC_REPRESENTATION_CONTEXT(2) 
PARAMETRIC_REPRESENTATION_CONTEXT() REPRESENTATION_CONTEXT('2D SPACE',''
  ) );
#4417 = PCURVE('',#4418,#4423);
#4418 = PLANE('',#4419);
#4419 = AXIS2_PLACEMENT_3D('',#4420,#4421,#4422);
#4420 = CARTESIAN_POINT('',(-48.2,5.90279757189E-15,4.715));
#4421 = DIRECTION('',(0.,0.,1.));
#4422 = DIRECTION('',(-1.,1.224646799147E-16,0.));
#4423 = DEFINITIONAL_REPRESENTATION('',(#4424),#4432);
#4424 = ( BOUNDED_CURVE() B_SPLINE_CURVE(2,(#4425,#4426,#4427,#4428,
#4429,#4430,#4431),.UNSPECIFIED.,.T.,.F.) B_SPLINE_CURVE_WITH_KNOTS((1,2
    ,2,2,2,1),(-2.094395102393,0.,2.094395102393,4.188790204786,
6.28318530718,8.377580409573),.UNSPECIFIED.) CURVE() 
GEOMETRIC_REPRESENTATION_ITEM() RATIONAL_B_SPLINE_CURVE((1.,0.5,1.,0.5,
1.,0.5,1.)) REPRESENTATION_ITEM('') );
#4425 = CARTESIAN_POINT('',(1.8,9.310691592376E-32));
#4426 = CARTESIAN_POINT('',(1.8,-12.99038105676));
#4427 = CARTESIAN_POINT('',(-9.45,-6.495190528383));
#4428 = CARTESIAN_POINT('',(-20.7,-1.836970198721E-15));
#4429 = CARTESIAN_POINT('',(-9.45,6.495190528383));
#4430 = CARTESIAN_POINT('',(1.8,12.990381056767));
#4431 = CARTESIAN_POINT('',(1.8,9.310691592376E-32));
#4432 = ( GEOMETRIC_REPRESENTATION_CONTEXT(2) 
PARAMETRIC_REPRESENTATION_CONTEXT() REPRESENTATION_CONTEXT('2D SPACE',''
  ) );
#4433 = ORIENTED_EDGE('',*,*,#4434,.T.);
#4434 = EDGE_CURVE('',#4402,#4435,#4437,.T.);
#4435 = VERTEX_POINT('',#4436);
#4436 = CARTESIAN_POINT('',(-49.97178024302,0.65,3.935));
#4437 = SURFACE_CURVE('',#4438,(#4442,#4448),.PCURVE_S1.);
#4438 = LINE('',#4439,#4440);
#4439 = CARTESIAN_POINT('',(-49.97178024302,0.65,0.));
#4440 = VECTOR('',#4441,1.);
#4441 = DIRECTION('',(0.,0.,-1.));
#4442 = PCURVE('',#478,#4443);
#4443 = DEFINITIONAL_REPRESENTATION('',(#4444),#4447);
#4444 = B_SPLINE_CURVE_WITH_KNOTS('',1,(#4445,#4446),.UNSPECIFIED.,.F.,
  .F.,(2,2),(-4.793,-3.857),.PIECEWISE_BEZIER_KNOTS.);
#4445 = CARTESIAN_POINT('',(-6.196409778329,-4.793));
#4446 = CARTESIAN_POINT('',(-6.196409778329,-3.857));
#4447 = ( GEOMETRIC_REPRESENTATION_CONTEXT(2) 
PARAMETRIC_REPRESENTATION_CONTEXT() REPRESENTATION_CONTEXT('2D SPACE',''
  ) );
#4448 = PCURVE('',#4449,#4454);
#4449 = PLANE('',#4450);
#4450 = AXIS2_PLACEMENT_3D('',#4451,#4452,#4453);
#4451 = CARTESIAN_POINT('',(-46.,0.65,3.935));
#4452 = DIRECTION('',(-1.224646799147E-16,-1.,0.));
#4453 = DIRECTION('',(-1.,1.224646799147E-16,0.));
#4454 = DEFINITIONAL_REPRESENTATION('',(#4455),#4458);
#4455 = B_SPLINE_CURVE_WITH_KNOTS('',1,(#4456,#4457),.UNSPECIFIED.,.F.,
  .F.,(2,2),(-4.793,-3.857),.PIECEWISE_BEZIER_KNOTS.);
#4456 = CARTESIAN_POINT('',(3.971780243021,-0.858));
#4457 = CARTESIAN_POINT('',(3.971780243021,7.8E-02));
#4458 = ( GEOMETRIC_REPRESENTATION_CONTEXT(2) 
PARAMETRIC_REPRESENTATION_CONTEXT() REPRESENTATION_CONTEXT('2D SPACE',''
  ) );
#4459 = ORIENTED_EDGE('',*,*,#4460,.F.);
#4460 = EDGE_CURVE('',#4461,#4435,#4463,.T.);
#4461 = VERTEX_POINT('',#4462);
#4462 = CARTESIAN_POINT('',(-49.97178024302,-0.65,3.935));
#4463 = SURFACE_CURVE('',#4464,(#4469,#4476),.PCURVE_S1.);
#4464 = CIRCLE('',#4465,7.5);
#4465 = AXIS2_PLACEMENT_3D('',#4466,#4467,#4468);
#4466 = CARTESIAN_POINT('',(-42.5,5.204748896376E-15,3.935));
#4467 = DIRECTION('',(0.,0.,-1.));
#4468 = DIRECTION('',(-1.,1.224646799147E-16,0.));
#4469 = PCURVE('',#478,#4470);
#4470 = DEFINITIONAL_REPRESENTATION('',(#4471),#4475);
#4471 = LINE('',#4472,#4473);
#4472 = CARTESIAN_POINT('',(-12.56637061435,-3.935));
#4473 = VECTOR('',#4474,1.);
#4474 = DIRECTION('',(1.,-0.));
#4475 = ( GEOMETRIC_REPRESENTATION_CONTEXT(2) 
PARAMETRIC_REPRESENTATION_CONTEXT() REPRESENTATION_CONTEXT('2D SPACE',''
  ) );
#4476 = PCURVE('',#4477,#4482);
#4477 = PLANE('',#4478);
#4478 = AXIS2_PLACEMENT_3D('',#4479,#4480,#4481);
#4479 = CARTESIAN_POINT('',(-48.2,5.90279757189E-15,3.935));
#4480 = DIRECTION('',(0.,0.,1.));
#4481 = DIRECTION('',(-1.,1.224646799147E-16,0.));
#4482 = DEFINITIONAL_REPRESENTATION('',(#4483),#4491);
#4483 = ( BOUNDED_CURVE() B_SPLINE_CURVE(2,(#4484,#4485,#4486,#4487,
#4488,#4489,#4490),.UNSPECIFIED.,.T.,.F.) B_SPLINE_CURVE_WITH_KNOTS((1,2
    ,2,2,2,1),(-2.094395102393,0.,2.094395102393,4.188790204786,
6.28318530718,8.377580409573),.UNSPECIFIED.) CURVE() 
GEOMETRIC_REPRESENTATION_ITEM() RATIONAL_B_SPLINE_CURVE((1.,0.5,1.,0.5,
1.,0.5,1.)) REPRESENTATION_ITEM('') );
#4484 = CARTESIAN_POINT('',(1.8,9.310691592376E-32));
#4485 = CARTESIAN_POINT('',(1.8,-12.99038105676));
#4486 = CARTESIAN_POINT('',(-9.45,-6.495190528383));
#4487 = CARTESIAN_POINT('',(-20.7,-1.836970198721E-15));
#4488 = CARTESIAN_POINT('',(-9.45,6.495190528383));
#4489 = CARTESIAN_POINT('',(1.8,12.990381056767));
#4490 = CARTESIAN_POINT('',(1.8,9.310691592376E-32));
#4491 = ( GEOMETRIC_REPRESENTATION_CONTEXT(2) 
PARAMETRIC_REPRESENTATION_CONTEXT() REPRESENTATION_CONTEXT('2D SPACE',''
  ) );
#4492 = ORIENTED_EDGE('',*,*,#4493,.F.);
#4493 = EDGE_CURVE('',#4400,#4461,#4494,.T.);
#4494 = SURFACE_CURVE('',#4495,(#4499,#4505),.PCURVE_S1.);
#4495 = LINE('',#4496,#4497);
#4496 = CARTESIAN_POINT('',(-49.97178024302,-0.65,0.));
#4497 = VECTOR('',#4498,1.);
#4498 = DIRECTION('',(0.,0.,-1.));
#4499 = PCURVE('',#478,#4500);
#4500 = DEFINITIONAL_REPRESENTATION('',(#4501),#4504);
#4501 = B_SPLINE_CURVE_WITH_KNOTS('',1,(#4502,#4503),.UNSPECIFIED.,.F.,
  .F.,(2,2),(-4.793,-3.857),.PIECEWISE_BEZIER_KNOTS.);
#4502 = CARTESIAN_POINT('',(-6.36996083603,-4.793));
#4503 = CARTESIAN_POINT('',(-6.36996083603,-3.857));
#4504 = ( GEOMETRIC_REPRESENTATION_CONTEXT(2) 
PARAMETRIC_REPRESENTATION_CONTEXT() REPRESENTATION_CONTEXT('2D SPACE',''
  ) );
#4505 = PCURVE('',#4506,#4511);
#4506 = PLANE('',#4507);
#4507 = AXIS2_PLACEMENT_3D('',#4508,#4509,#4510);
#4508 = CARTESIAN_POINT('',(-50.4,-0.65,3.935));
#4509 = DIRECTION('',(1.224646799147E-16,1.,0.));
#4510 = DIRECTION('',(1.,-1.224646799147E-16,0.));
#4511 = DEFINITIONAL_REPRESENTATION('',(#4512),#4515);
#4512 = B_SPLINE_CURVE_WITH_KNOTS('',1,(#4513,#4514),.UNSPECIFIED.,.F.,
  .F.,(2,2),(-4.793,-3.857),.PIECEWISE_BEZIER_KNOTS.);
#4513 = CARTESIAN_POINT('',(0.428219756979,-0.858));
#4514 = CARTESIAN_POINT('',(0.428219756979,7.8E-02));
#4515 = ( GEOMETRIC_REPRESENTATION_CONTEXT(2) 
PARAMETRIC_REPRESENTATION_CONTEXT() REPRESENTATION_CONTEXT('2D SPACE',''
  ) );
#4516 = FACE_BOUND('',#4517,.F.);
#4517 = EDGE_LOOP('',(#4518,#4553,#4579,#4612));
#4518 = ORIENTED_EDGE('',*,*,#4519,.T.);
#4519 = EDGE_CURVE('',#4520,#4522,#4524,.T.);
#4520 = VERTEX_POINT('',#4521);
#4521 = CARTESIAN_POINT('',(-49.97178024302,-0.65,3.665));
#4522 = VERTEX_POINT('',#4523);
#4523 = CARTESIAN_POINT('',(-49.97178024302,0.65,3.665));
#4524 = SURFACE_CURVE('',#4525,(#4530,#4537),.PCURVE_S1.);
#4525 = CIRCLE('',#4526,7.5);
#4526 = AXIS2_PLACEMENT_3D('',#4527,#4528,#4529);
#4527 = CARTESIAN_POINT('',(-42.5,5.204748896376E-15,3.665));
#4528 = DIRECTION('',(0.,0.,-1.));
#4529 = DIRECTION('',(-1.,1.224646799147E-16,0.));
#4530 = PCURVE('',#478,#4531);
#4531 = DEFINITIONAL_REPRESENTATION('',(#4532),#4536);
#4532 = LINE('',#4533,#4534);
#4533 = CARTESIAN_POINT('',(-12.56637061435,-3.665));
#4534 = VECTOR('',#4535,1.);
#4535 = DIRECTION('',(1.,-0.));
#4536 = ( GEOMETRIC_REPRESENTATION_CONTEXT(2) 
PARAMETRIC_REPRESENTATION_CONTEXT() REPRESENTATION_CONTEXT('2D SPACE',''
  ) );
#4537 = PCURVE('',#4538,#4543);
#4538 = PLANE('',#4539);
#4539 = AXIS2_PLACEMENT_3D('',#4540,#4541,#4542);
#4540 = CARTESIAN_POINT('',(-48.2,5.90279757189E-15,3.665));
#4541 = DIRECTION('',(0.,0.,1.));
#4542 = DIRECTION('',(-1.,1.224646799147E-16,0.));
#4543 = DEFINITIONAL_REPRESENTATION('',(#4544),#4552);
#4544 = ( BOUNDED_CURVE() B_SPLINE_CURVE(2,(#4545,#4546,#4547,#4548,
#4549,#4550,#4551),.UNSPECIFIED.,.T.,.F.) B_SPLINE_CURVE_WITH_KNOTS((1,2
    ,2,2,2,1),(-2.094395102393,0.,2.094395102393,4.188790204786,
6.28318530718,8.377580409573),.UNSPECIFIED.) CURVE() 
GEOMETRIC_REPRESENTATION_ITEM() RATIONAL_B_SPLINE_CURVE((1.,0.5,1.,0.5,
1.,0.5,1.)) REPRESENTATION_ITEM('') );
#4545 = CARTESIAN_POINT('',(1.8,9.310691592376E-32));
#4546 = CARTESIAN_POINT('',(1.8,-12.99038105676));
#4547 = CARTESIAN_POINT('',(-9.45,-6.495190528383));
#4548 = CARTESIAN_POINT('',(-20.7,-1.836970198721E-15));
#4549 = CARTESIAN_POINT('',(-9.45,6.495190528383));
#4550 = CARTESIAN_POINT('',(1.8,12.990381056767));
#4551 = CARTESIAN_POINT('',(1.8,9.310691592376E-32));
#4552 = ( GEOMETRIC_REPRESENTATION_CONTEXT(2) 
PARAMETRIC_REPRESENTATION_CONTEXT() REPRESENTATION_CONTEXT('2D SPACE',''
  ) );
#4553 = ORIENTED_EDGE('',*,*,#4554,.T.);
#4554 = EDGE_CURVE('',#4522,#4555,#4557,.T.);
#4555 = VERTEX_POINT('',#4556);
#4556 = CARTESIAN_POINT('',(-49.97178024302,0.65,2.885));
#4557 = SURFACE_CURVE('',#4558,(#4562,#4568),.PCURVE_S1.);
#4558 = LINE('',#4559,#4560);
#4559 = CARTESIAN_POINT('',(-49.97178024302,0.65,0.));
#4560 = VECTOR('',#4561,1.);
#4561 = DIRECTION('',(0.,0.,-1.));
#4562 = PCURVE('',#478,#4563);
#4563 = DEFINITIONAL_REPRESENTATION('',(#4564),#4567);
#4564 = B_SPLINE_CURVE_WITH_KNOTS('',1,(#4565,#4566),.UNSPECIFIED.,.F.,
  .F.,(2,2),(-3.743,-2.807),.PIECEWISE_BEZIER_KNOTS.);
#4565 = CARTESIAN_POINT('',(-6.196409778329,-3.743));
#4566 = CARTESIAN_POINT('',(-6.196409778329,-2.807));
#4567 = ( GEOMETRIC_REPRESENTATION_CONTEXT(2) 
PARAMETRIC_REPRESENTATION_CONTEXT() REPRESENTATION_CONTEXT('2D SPACE',''
  ) );
#4568 = PCURVE('',#4569,#4574);
#4569 = PLANE('',#4570);
#4570 = AXIS2_PLACEMENT_3D('',#4571,#4572,#4573);
#4571 = CARTESIAN_POINT('',(-46.,0.65,2.885));
#4572 = DIRECTION('',(-1.224646799147E-16,-1.,0.));
#4573 = DIRECTION('',(-1.,1.224646799147E-16,0.));
#4574 = DEFINITIONAL_REPRESENTATION('',(#4575),#4578);
#4575 = B_SPLINE_CURVE_WITH_KNOTS('',1,(#4576,#4577),.UNSPECIFIED.,.F.,
  .F.,(2,2),(-3.743,-2.807),.PIECEWISE_BEZIER_KNOTS.);
#4576 = CARTESIAN_POINT('',(3.971780243021,-0.858));
#4577 = CARTESIAN_POINT('',(3.971780243021,7.8E-02));
#4578 = ( GEOMETRIC_REPRESENTATION_CONTEXT(2) 
PARAMETRIC_REPRESENTATION_CONTEXT() REPRESENTATION_CONTEXT('2D SPACE',''
  ) );
#4579 = ORIENTED_EDGE('',*,*,#4580,.F.);
#4580 = EDGE_CURVE('',#4581,#4555,#4583,.T.);
#4581 = VERTEX_POINT('',#4582);
#4582 = CARTESIAN_POINT('',(-49.97178024302,-0.65,2.885));
#4583 = SURFACE_CURVE('',#4584,(#4589,#4596),.PCURVE_S1.);
#4584 = CIRCLE('',#4585,7.5);
#4585 = AXIS2_PLACEMENT_3D('',#4586,#4587,#4588);
#4586 = CARTESIAN_POINT('',(-42.5,5.204748896376E-15,2.885));
#4587 = DIRECTION('',(0.,0.,-1.));
#4588 = DIRECTION('',(-1.,1.224646799147E-16,0.));
#4589 = PCURVE('',#478,#4590);
#4590 = DEFINITIONAL_REPRESENTATION('',(#4591),#4595);
#4591 = LINE('',#4592,#4593);
#4592 = CARTESIAN_POINT('',(-12.56637061435,-2.885));
#4593 = VECTOR('',#4594,1.);
#4594 = DIRECTION('',(1.,-0.));
#4595 = ( GEOMETRIC_REPRESENTATION_CONTEXT(2) 
PARAMETRIC_REPRESENTATION_CONTEXT() REPRESENTATION_CONTEXT('2D SPACE',''
  ) );
#4596 = PCURVE('',#4597,#4602);
#4597 = PLANE('',#4598);
#4598 = AXIS2_PLACEMENT_3D('',#4599,#4600,#4601);
#4599 = CARTESIAN_POINT('',(-48.2,5.90279757189E-15,2.885));
#4600 = DIRECTION('',(0.,0.,1.));
#4601 = DIRECTION('',(-1.,1.224646799147E-16,0.));
#4602 = DEFINITIONAL_REPRESENTATION('',(#4603),#4611);
#4603 = ( BOUNDED_CURVE() B_SPLINE_CURVE(2,(#4604,#4605,#4606,#4607,
#4608,#4609,#4610),.UNSPECIFIED.,.T.,.F.) B_SPLINE_CURVE_WITH_KNOTS((1,2
    ,2,2,2,1),(-2.094395102393,0.,2.094395102393,4.188790204786,
6.28318530718,8.377580409573),.UNSPECIFIED.) CURVE() 
GEOMETRIC_REPRESENTATION_ITEM() RATIONAL_B_SPLINE_CURVE((1.,0.5,1.,0.5,
1.,0.5,1.)) REPRESENTATION_ITEM('') );
#4604 = CARTESIAN_POINT('',(1.8,9.310691592376E-32));
#4605 = CARTESIAN_POINT('',(1.8,-12.99038105676));
#4606 = CARTESIAN_POINT('',(-9.45,-6.495190528383));
#4607 = CARTESIAN_POINT('',(-20.7,-1.836970198721E-15));
#4608 = CARTESIAN_POINT('',(-9.45,6.495190528383));
#4609 = CARTESIAN_POINT('',(1.8,12.990381056767));
#4610 = CARTESIAN_POINT('',(1.8,9.310691592376E-32));
#4611 = ( GEOMETRIC_REPRESENTATION_CONTEXT(2) 
PARAMETRIC_REPRESENTATION_CONTEXT() REPRESENTATION_CONTEXT('2D SPACE',''
  ) );
#4612 = ORIENTED_EDGE('',*,*,#4613,.F.);
#4613 = EDGE_CURVE('',#4520,#4581,#4614,.T.);
#4614 = SURFACE_CURVE('',#4615,(#4619,#4625),.PCURVE_S1.);
#4615 = LINE('',#4616,#4617);
#4616 = CARTESIAN_POINT('',(-49.97178024302,-0.65,0.));
#4617 = VECTOR('',#4618,1.);
#4618 = DIRECTION('',(0.,0.,-1.));
#4619 = PCURVE('',#478,#4620);
#4620 = DEFINITIONAL_REPRESENTATION('',(#4621),#4624);
#4621 = B_SPLINE_CURVE_WITH_KNOTS('',1,(#4622,#4623),.UNSPECIFIED.,.F.,
  .F.,(2,2),(-3.743,-2.807),.PIECEWISE_BEZIER_KNOTS.);
#4622 = CARTESIAN_POINT('',(-6.36996083603,-3.743));
#4623 = CARTESIAN_POINT('',(-6.36996083603,-2.807));
#4624 = ( GEOMETRIC_REPRESENTATION_CONTEXT(2) 
PARAMETRIC_REPRESENTATION_CONTEXT() REPRESENTATION_CONTEXT('2D SPACE',''
  ) );
#4625 = PCURVE('',#4626,#4631);
#4626 = PLANE('',#4627);
#4627 = AXIS2_PLACEMENT_3D('',#4628,#4629,#4630);
#4628 = CARTESIAN_POINT('',(-50.4,-0.65,2.885));
#4629 = DIRECTION('',(1.224646799147E-16,1.,0.));
#4630 = DIRECTION('',(1.,-1.224646799147E-16,0.));
#4631 = DEFINITIONAL_REPRESENTATION('',(#4632),#4635);
#4632 = B_SPLINE_CURVE_WITH_KNOTS('',1,(#4633,#4634),.UNSPECIFIED.,.F.,
  .F.,(2,2),(-3.743,-2.807),.PIECEWISE_BEZIER_KNOTS.);
#4633 = CARTESIAN_POINT('',(0.428219756979,-0.858));
#4634 = CARTESIAN_POINT('',(0.428219756979,7.8E-02));
#4635 = ( GEOMETRIC_REPRESENTATION_CONTEXT(2) 
PARAMETRIC_REPRESENTATION_CONTEXT() REPRESENTATION_CONTEXT('2D SPACE',''
  ) );
#4636 = FACE_BOUND('',#4637,.F.);
#4637 = EDGE_LOOP('',(#4638,#4673,#4699,#4732));
#4638 = ORIENTED_EDGE('',*,*,#4639,.T.);
#4639 = EDGE_CURVE('',#4640,#4642,#4644,.T.);
#4640 = VERTEX_POINT('',#4641);
#4641 = CARTESIAN_POINT('',(-49.97178024302,-0.65,2.615));
#4642 = VERTEX_POINT('',#4643);
#4643 = CARTESIAN_POINT('',(-49.97178024302,0.65,2.615));
#4644 = SURFACE_CURVE('',#4645,(#4650,#4657),.PCURVE_S1.);
#4645 = CIRCLE('',#4646,7.5);
#4646 = AXIS2_PLACEMENT_3D('',#4647,#4648,#4649);
#4647 = CARTESIAN_POINT('',(-42.5,5.204748896376E-15,2.615));
#4648 = DIRECTION('',(0.,0.,-1.));
#4649 = DIRECTION('',(-1.,1.224646799147E-16,0.));
#4650 = PCURVE('',#478,#4651);
#4651 = DEFINITIONAL_REPRESENTATION('',(#4652),#4656);
#4652 = LINE('',#4653,#4654);
#4653 = CARTESIAN_POINT('',(-12.56637061435,-2.615));
#4654 = VECTOR('',#4655,1.);
#4655 = DIRECTION('',(1.,-0.));
#4656 = ( GEOMETRIC_REPRESENTATION_CONTEXT(2) 
PARAMETRIC_REPRESENTATION_CONTEXT() REPRESENTATION_CONTEXT('2D SPACE',''
  ) );
#4657 = PCURVE('',#4658,#4663);
#4658 = PLANE('',#4659);
#4659 = AXIS2_PLACEMENT_3D('',#4660,#4661,#4662);
#4660 = CARTESIAN_POINT('',(-48.2,5.90279757189E-15,2.615));
#4661 = DIRECTION('',(0.,0.,1.));
#4662 = DIRECTION('',(-1.,1.224646799147E-16,0.));
#4663 = DEFINITIONAL_REPRESENTATION('',(#4664),#4672);
#4664 = ( BOUNDED_CURVE() B_SPLINE_CURVE(2,(#4665,#4666,#4667,#4668,
#4669,#4670,#4671),.UNSPECIFIED.,.T.,.F.) B_SPLINE_CURVE_WITH_KNOTS((1,2
    ,2,2,2,1),(-2.094395102393,0.,2.094395102393,4.188790204786,
6.28318530718,8.377580409573),.UNSPECIFIED.) CURVE() 
GEOMETRIC_REPRESENTATION_ITEM() RATIONAL_B_SPLINE_CURVE((1.,0.5,1.,0.5,
1.,0.5,1.)) REPRESENTATION_ITEM('') );
#4665 = CARTESIAN_POINT('',(1.8,9.310691592376E-32));
#4666 = CARTESIAN_POINT('',(1.8,-12.99038105676));
#4667 = CARTESIAN_POINT('',(-9.45,-6.495190528383));
#4668 = CARTESIAN_POINT('',(-20.7,-1.836970198721E-15));
#4669 = CARTESIAN_POINT('',(-9.45,6.495190528383));
#4670 = CARTESIAN_POINT('',(1.8,12.990381056767));
#4671 = CARTESIAN_POINT('',(1.8,9.310691592376E-32));
#4672 = ( GEOMETRIC_REPRESENTATION_CONTEXT(2) 
PARAMETRIC_REPRESENTATION_CONTEXT() REPRESENTATION_CONTEXT('2D SPACE',''
  ) );
#4673 = ORIENTED_EDGE('',*,*,#4674,.T.);
#4674 = EDGE_CURVE('',#4642,#4675,#4677,.T.);
#4675 = VERTEX_POINT('',#4676);
#4676 = CARTESIAN_POINT('',(-49.97178024302,0.65,1.835));
#4677 = SURFACE_CURVE('',#4678,(#4682,#4688),.PCURVE_S1.);
#4678 = LINE('',#4679,#4680);
#4679 = CARTESIAN_POINT('',(-49.97178024302,0.65,0.));
#4680 = VECTOR('',#4681,1.);
#4681 = DIRECTION('',(0.,0.,-1.));
#4682 = PCURVE('',#478,#4683);
#4683 = DEFINITIONAL_REPRESENTATION('',(#4684),#4687);
#4684 = B_SPLINE_CURVE_WITH_KNOTS('',1,(#4685,#4686),.UNSPECIFIED.,.F.,
  .F.,(2,2),(-2.693,-1.757),.PIECEWISE_BEZIER_KNOTS.);
#4685 = CARTESIAN_POINT('',(-6.196409778329,-2.693));
#4686 = CARTESIAN_POINT('',(-6.196409778329,-1.757));
#4687 = ( GEOMETRIC_REPRESENTATION_CONTEXT(2) 
PARAMETRIC_REPRESENTATION_CONTEXT() REPRESENTATION_CONTEXT('2D SPACE',''
  ) );
#4688 = PCURVE('',#4689,#4694);
#4689 = PLANE('',#4690);
#4690 = AXIS2_PLACEMENT_3D('',#4691,#4692,#4693);
#4691 = CARTESIAN_POINT('',(-46.,0.65,1.835));
#4692 = DIRECTION('',(-1.224646799147E-16,-1.,0.));
#4693 = DIRECTION('',(-1.,1.224646799147E-16,0.));
#4694 = DEFINITIONAL_REPRESENTATION('',(#4695),#4698);
#4695 = B_SPLINE_CURVE_WITH_KNOTS('',1,(#4696,#4697),.UNSPECIFIED.,.F.,
  .F.,(2,2),(-2.693,-1.757),.PIECEWISE_BEZIER_KNOTS.);
#4696 = CARTESIAN_POINT('',(3.971780243021,-0.858));
#4697 = CARTESIAN_POINT('',(3.971780243021,7.8E-02));
#4698 = ( GEOMETRIC_REPRESENTATION_CONTEXT(2) 
PARAMETRIC_REPRESENTATION_CONTEXT() REPRESENTATION_CONTEXT('2D SPACE',''
  ) );
#4699 = ORIENTED_EDGE('',*,*,#4700,.F.);
#4700 = EDGE_CURVE('',#4701,#4675,#4703,.T.);
#4701 = VERTEX_POINT('',#4702);
#4702 = CARTESIAN_POINT('',(-49.97178024302,-0.65,1.835));
#4703 = SURFACE_CURVE('',#4704,(#4709,#4716),.PCURVE_S1.);
#4704 = CIRCLE('',#4705,7.5);
#4705 = AXIS2_PLACEMENT_3D('',#4706,#4707,#4708);
#4706 = CARTESIAN_POINT('',(-42.5,5.204748896376E-15,1.835));
#4707 = DIRECTION('',(0.,0.,-1.));
#4708 = DIRECTION('',(-1.,1.224646799147E-16,0.));
#4709 = PCURVE('',#478,#4710);
#4710 = DEFINITIONAL_REPRESENTATION('',(#4711),#4715);
#4711 = LINE('',#4712,#4713);
#4712 = CARTESIAN_POINT('',(-12.56637061435,-1.835));
#4713 = VECTOR('',#4714,1.);
#4714 = DIRECTION('',(1.,-0.));
#4715 = ( GEOMETRIC_REPRESENTATION_CONTEXT(2) 
PARAMETRIC_REPRESENTATION_CONTEXT() REPRESENTATION_CONTEXT('2D SPACE',''
  ) );
#4716 = PCURVE('',#4717,#4722);
#4717 = PLANE('',#4718);
#4718 = AXIS2_PLACEMENT_3D('',#4719,#4720,#4721);
#4719 = CARTESIAN_POINT('',(-48.2,5.90279757189E-15,1.835));
#4720 = DIRECTION('',(0.,0.,1.));
#4721 = DIRECTION('',(-1.,1.224646799147E-16,0.));
#4722 = DEFINITIONAL_REPRESENTATION('',(#4723),#4731);
#4723 = ( BOUNDED_CURVE() B_SPLINE_CURVE(2,(#4724,#4725,#4726,#4727,
#4728,#4729,#4730),.UNSPECIFIED.,.T.,.F.) B_SPLINE_CURVE_WITH_KNOTS((1,2
    ,2,2,2,1),(-2.094395102393,0.,2.094395102393,4.188790204786,
6.28318530718,8.377580409573),.UNSPECIFIED.) CURVE() 
GEOMETRIC_REPRESENTATION_ITEM() RATIONAL_B_SPLINE_CURVE((1.,0.5,1.,0.5,
1.,0.5,1.)) REPRESENTATION_ITEM('') );
#4724 = CARTESIAN_POINT('',(1.8,9.310691592376E-32));
#4725 = CARTESIAN_POINT('',(1.8,-12.99038105676));
#4726 = CARTESIAN_POINT('',(-9.45,-6.495190528383));
#4727 = CARTESIAN_POINT('',(-20.7,-1.836970198721E-15));
#4728 = CARTESIAN_POINT('',(-9.45,6.495190528383));
#4729 = CARTESIAN_POINT('',(1.8,12.990381056767));
#4730 = CARTESIAN_POINT('',(1.8,9.310691592376E-32));
#4731 = ( GEOMETRIC_REPRESENTATION_CONTEXT(2) 
PARAMETRIC_REPRESENTATION_CONTEXT() REPRESENTATION_CONTEXT('2D SPACE',''
  ) );
#4732 = ORIENTED_EDGE('',*,*,#4733,.F.);
#4733 = EDGE_CURVE('',#4640,#4701,#4734,.T.);
#4734 = SURFACE_CURVE('',#4735,(#4739,#4745),.PCURVE_S1.);
#4735 = LINE('',#4736,#4737);
#4736 = CARTESIAN_POINT('',(-49.97178024302,-0.65,0.));
#4737 = VECTOR('',#4738,1.);
#4738 = DIRECTION('',(0.,0.,-1.));
#4739 = PCURVE('',#478,#4740);
#4740 = DEFINITIONAL_REPRESENTATION('',(#4741),#4744);
#4741 = B_SPLINE_CURVE_WITH_KNOTS('',1,(#4742,#4743),.UNSPECIFIED.,.F.,
  .F.,(2,2),(-2.693,-1.757),.PIECEWISE_BEZIER_KNOTS.);
#4742 = CARTESIAN_POINT('',(-6.36996083603,-2.693));
#4743 = CARTESIAN_POINT('',(-6.36996083603,-1.757));
#4744 = ( GEOMETRIC_REPRESENTATION_CONTEXT(2) 
PARAMETRIC_REPRESENTATION_CONTEXT() REPRESENTATION_CONTEXT('2D SPACE',''
  ) );
#4745 = PCURVE('',#4746,#4751);
#4746 = PLANE('',#4747);
#4747 = AXIS2_PLACEMENT_3D('',#4748,#4749,#4750);
#4748 = CARTESIAN_POINT('',(-50.4,-0.65,1.835));
#4749 = DIRECTION('',(1.224646799147E-16,1.,0.));
#4750 = DIRECTION('',(1.,-1.224646799147E-16,0.));
#4751 = DEFINITIONAL_REPRESENTATION('',(#4752),#4755);
#4752 = B_SPLINE_CURVE_WITH_KNOTS('',1,(#4753,#4754),.UNSPECIFIED.,.F.,
  .F.,(2,2),(-2.693,-1.757),.PIECEWISE_BEZIER_KNOTS.);
#4753 = CARTESIAN_POINT('',(0.428219756979,-0.858));
#4754 = CARTESIAN_POINT('',(0.428219756979,7.8E-02));
#4755 = ( GEOMETRIC_REPRESENTATION_CONTEXT(2) 
PARAMETRIC_REPRESENTATION_CONTEXT() REPRESENTATION_CONTEXT('2D SPACE',''
  ) );
#4756 = ADVANCED_FACE('',(#4757),#384,.T.);
#4757 = FACE_BOUND('',#4758,.F.);
#4758 = EDGE_LOOP('',(#4759,#4760,#4761,#4785));
#4759 = ORIENTED_EDGE('',*,*,#367,.F.);
#4760 = ORIENTED_EDGE('',*,*,#3967,.F.);
#4761 = ORIENTED_EDGE('',*,*,#4762,.T.);
#4762 = EDGE_CURVE('',#3940,#4763,#4765,.T.);
#4763 = VERTEX_POINT('',#4764);
#4764 = CARTESIAN_POINT('',(-16.46323529411,9.484823859752,8.));
#4765 = SURFACE_CURVE('',#4766,(#4771,#4778),.PCURVE_S1.);
#4766 = CIRCLE('',#4767,19.);
#4767 = AXIS2_PLACEMENT_3D('',#4768,#4769,#4770);
#4768 = CARTESIAN_POINT('',(0.,0.,8.));
#4769 = DIRECTION('',(0.,0.,1.));
#4770 = DIRECTION('',(1.,0.,0.));
#4771 = PCURVE('',#384,#4772);
#4772 = DEFINITIONAL_REPRESENTATION('',(#4773),#4777);
#4773 = LINE('',#4774,#4775);
#4774 = CARTESIAN_POINT('',(-0.,-8.));
#4775 = VECTOR('',#4776,1.);
#4776 = DIRECTION('',(-1.,0.));
#4777 = ( GEOMETRIC_REPRESENTATION_CONTEXT(2) 
PARAMETRIC_REPRESENTATION_CONTEXT() REPRESENTATION_CONTEXT('2D SPACE',''
  ) );
#4778 = PCURVE('',#834,#4779);
#4779 = DEFINITIONAL_REPRESENTATION('',(#4780),#4784);
#4780 = CIRCLE('',#4781,19.);
#4781 = AXIS2_PLACEMENT_2D('',#4782,#4783);
#4782 = CARTESIAN_POINT('',(-17.,-1.879594466024E-16));
#4783 = DIRECTION('',(1.,0.));
#4784 = ( GEOMETRIC_REPRESENTATION_CONTEXT(2) 
PARAMETRIC_REPRESENTATION_CONTEXT() REPRESENTATION_CONTEXT('2D SPACE',''
  ) );
#4785 = ORIENTED_EDGE('',*,*,#4786,.T.);
#4786 = EDGE_CURVE('',#4763,#368,#4787,.T.);
#4787 = SURFACE_CURVE('',#4788,(#4792,#4798),.PCURVE_S1.);
#4788 = LINE('',#4789,#4790);
#4789 = CARTESIAN_POINT('',(-16.46323529411,9.484823859752,0.));
#4790 = VECTOR('',#4791,1.);
#4791 = DIRECTION('',(-0.,-0.,-1.));
#4792 = PCURVE('',#384,#4793);
#4793 = DEFINITIONAL_REPRESENTATION('',(#4794),#4797);
#4794 = B_SPLINE_CURVE_WITH_KNOTS('',1,(#4795,#4796),.UNSPECIFIED.,.F.,
  .F.,(2,2),(-8.0000006,6.E-07),.PIECEWISE_BEZIER_KNOTS.);
#4795 = CARTESIAN_POINT('',(-2.618915943074,-8.0000006));
#4796 = CARTESIAN_POINT('',(-2.618915943074,6.E-07));
#4797 = ( GEOMETRIC_REPRESENTATION_CONTEXT(2) 
PARAMETRIC_REPRESENTATION_CONTEXT() REPRESENTATION_CONTEXT('2D SPACE',''
  ) );
#4798 = PCURVE('',#417,#4799);
#4799 = DEFINITIONAL_REPRESENTATION('',(#4800),#4803);
#4800 = B_SPLINE_CURVE_WITH_KNOTS('',1,(#4801,#4802),.UNSPECIFIED.,.F.,
  .F.,(2,2),(-8.0000006,6.E-07),.PIECEWISE_BEZIER_KNOTS.);
#4801 = CARTESIAN_POINT('',(-4.655857326302,-8.0000006));
#4802 = CARTESIAN_POINT('',(-4.655857326302,6.E-07));
#4803 = ( GEOMETRIC_REPRESENTATION_CONTEXT(2) 
PARAMETRIC_REPRESENTATION_CONTEXT() REPRESENTATION_CONTEXT('2D SPACE',''
  ) );
#4804 = ADVANCED_FACE('',(#4805),#445,.F.);
#4805 = FACE_BOUND('',#4806,.F.);
#4806 = EDGE_LOOP('',(#4807,#4808,#4831,#4852));
#4807 = ORIENTED_EDGE('',*,*,#429,.F.);
#4808 = ORIENTED_EDGE('',*,*,#4809,.F.);
#4809 = EDGE_CURVE('',#4810,#397,#4812,.T.);
#4810 = VERTEX_POINT('',#4811);
#4811 = CARTESIAN_POINT('',(-18.48108521207,9.383836453955,8.));
#4812 = SURFACE_CURVE('',#4813,(#4817,#4824),.PCURVE_S1.);
#4813 = LINE('',#4814,#4815);
#4814 = CARTESIAN_POINT('',(-18.48108521207,9.383836453955,0.));
#4815 = VECTOR('',#4816,1.);
#4816 = DIRECTION('',(0.,0.,-1.));
#4817 = PCURVE('',#445,#4818);
#4818 = DEFINITIONAL_REPRESENTATION('',(#4819),#4823);
#4819 = LINE('',#4820,#4821);
#4820 = CARTESIAN_POINT('',(1.485633661054,0.));
#4821 = VECTOR('',#4822,1.);
#4822 = DIRECTION('',(-0.,1.));
#4823 = ( GEOMETRIC_REPRESENTATION_CONTEXT(2) 
PARAMETRIC_REPRESENTATION_CONTEXT() REPRESENTATION_CONTEXT('2D SPACE',''
  ) );
#4824 = PCURVE('',#417,#4825);
#4825 = DEFINITIONAL_REPRESENTATION('',(#4826),#4830);
#4826 = LINE('',#4827,#4828);
#4827 = CARTESIAN_POINT('',(-4.868931261427,0.));
#4828 = VECTOR('',#4829,1.);
#4829 = DIRECTION('',(-0.,1.));
#4830 = ( GEOMETRIC_REPRESENTATION_CONTEXT(2) 
PARAMETRIC_REPRESENTATION_CONTEXT() REPRESENTATION_CONTEXT('2D SPACE',''
  ) );
#4831 = ORIENTED_EDGE('',*,*,#4832,.T.);
#4832 = EDGE_CURVE('',#4810,#3992,#4833,.T.);
#4833 = SURFACE_CURVE('',#4834,(#4838,#4845),.PCURVE_S1.);
#4834 = LINE('',#4835,#4836);
#4835 = CARTESIAN_POINT('',(-17.,9.5,8.));
#4836 = VECTOR('',#4837,1.);
#4837 = DIRECTION('',(-0.996938377813,-7.819124531863E-02,0.));
#4838 = PCURVE('',#445,#4839);
#4839 = DEFINITIONAL_REPRESENTATION('',(#4840),#4844);
#4840 = LINE('',#4841,#4842);
#4841 = CARTESIAN_POINT('',(0.,-8.));
#4842 = VECTOR('',#4843,1.);
#4843 = DIRECTION('',(1.,0.));
#4844 = ( GEOMETRIC_REPRESENTATION_CONTEXT(2) 
PARAMETRIC_REPRESENTATION_CONTEXT() REPRESENTATION_CONTEXT('2D SPACE',''
  ) );
#4845 = PCURVE('',#834,#4846);
#4846 = DEFINITIONAL_REPRESENTATION('',(#4847),#4851);
#4847 = LINE('',#4848,#4849);
#4848 = CARTESIAN_POINT('',(-34.,9.5));
#4849 = VECTOR('',#4850,1.);
#4850 = DIRECTION('',(-0.996938377813,-7.819124531863E-02));
#4851 = ( GEOMETRIC_REPRESENTATION_CONTEXT(2) 
PARAMETRIC_REPRESENTATION_CONTEXT() REPRESENTATION_CONTEXT('2D SPACE',''
  ) );
#4852 = ORIENTED_EDGE('',*,*,#3991,.F.);
#4853 = ADVANCED_FACE('',(#4854),#417,.T.);
#4854 = FACE_BOUND('',#4855,.F.);
#4855 = EDGE_LOOP('',(#4856,#4857,#4883,#4884));
#4856 = ORIENTED_EDGE('',*,*,#4786,.F.);
#4857 = ORIENTED_EDGE('',*,*,#4858,.F.);
#4858 = EDGE_CURVE('',#4810,#4763,#4859,.T.);
#4859 = SURFACE_CURVE('',#4860,(#4865,#4872),.PCURVE_S1.);
#4860 = CIRCLE('',#4861,9.5);
#4861 = AXIS2_PLACEMENT_3D('',#4862,#4863,#4864);
#4862 = CARTESIAN_POINT('',(-17.,2.081899558551E-15,8.));
#4863 = DIRECTION('',(-0.,0.,-1.));
#4864 = DIRECTION('',(-0.155903706534,0.987772258311,0.));
#4865 = PCURVE('',#417,#4866);
#4866 = DEFINITIONAL_REPRESENTATION('',(#4867),#4871);
#4867 = LINE('',#4868,#4869);
#4868 = CARTESIAN_POINT('',(-4.868931261427,-8.));
#4869 = VECTOR('',#4870,1.);
#4870 = DIRECTION('',(1.,-0.));
#4871 = ( GEOMETRIC_REPRESENTATION_CONTEXT(2) 
PARAMETRIC_REPRESENTATION_CONTEXT() REPRESENTATION_CONTEXT('2D SPACE',''
  ) );
#4872 = PCURVE('',#834,#4873);
#4873 = DEFINITIONAL_REPRESENTATION('',(#4874),#4882);
#4874 = ( BOUNDED_CURVE() B_SPLINE_CURVE(2,(#4875,#4876,#4877,#4878,
#4879,#4880,#4881),.UNSPECIFIED.,.T.,.F.) B_SPLINE_CURVE_WITH_KNOTS((1,2
    ,2,2,2,1),(-2.094395102393,0.,2.094395102393,4.188790204786,
6.28318530718,8.377580409573),.UNSPECIFIED.) CURVE() 
GEOMETRIC_REPRESENTATION_ITEM() RATIONAL_B_SPLINE_CURVE((1.,0.5,1.,0.5,
1.,0.5,1.)) REPRESENTATION_ITEM('') );
#4875 = CARTESIAN_POINT('',(-35.48108521207,9.383836453955));
#4876 = CARTESIAN_POINT('',(-19.2278037039,11.949151291608));
#4877 = CARTESIAN_POINT('',(-25.13281663987,-3.409260808151));
#4878 = CARTESIAN_POINT('',(-31.03782957585,-18.76767290791));
#4879 = CARTESIAN_POINT('',(-41.38609814804,-5.974575645804));
#4880 = CARTESIAN_POINT('',(-51.73436672024,6.818521616302));
#4881 = CARTESIAN_POINT('',(-35.48108521207,9.383836453955));
#4882 = ( GEOMETRIC_REPRESENTATION_CONTEXT(2) 
PARAMETRIC_REPRESENTATION_CONTEXT() REPRESENTATION_CONTEXT('2D SPACE',''
  ) );
#4883 = ORIENTED_EDGE('',*,*,#4809,.T.);
#4884 = ORIENTED_EDGE('',*,*,#396,.T.);
#4885 = ADVANCED_FACE('',(#4886),#781,.F.);
#4886 = FACE_BOUND('',#4887,.T.);
#4887 = EDGE_LOOP('',(#4888,#4911,#4938,#4939));
#4888 = ORIENTED_EDGE('',*,*,#4889,.T.);
#4889 = EDGE_CURVE('',#765,#4890,#4892,.T.);
#4890 = VERTEX_POINT('',#4891);
#4891 = CARTESIAN_POINT('',(9.75,0.,4.5));
#4892 = SEAM_CURVE('',#4893,(#4897,#4904),.PCURVE_S1.);
#4893 = LINE('',#4894,#4895);
#4894 = CARTESIAN_POINT('',(9.75,0.,0.));
#4895 = VECTOR('',#4896,1.);
#4896 = DIRECTION('',(0.,0.,1.));
#4897 = PCURVE('',#781,#4898);
#4898 = DEFINITIONAL_REPRESENTATION('',(#4899),#4903);
#4899 = LINE('',#4900,#4901);
#4900 = CARTESIAN_POINT('',(-0.,0.));
#4901 = VECTOR('',#4902,1.);
#4902 = DIRECTION('',(-0.,-1.));
#4903 = ( GEOMETRIC_REPRESENTATION_CONTEXT(2) 
PARAMETRIC_REPRESENTATION_CONTEXT() REPRESENTATION_CONTEXT('2D SPACE',''
  ) );
#4904 = PCURVE('',#781,#4905);
#4905 = DEFINITIONAL_REPRESENTATION('',(#4906),#4910);
#4906 = LINE('',#4907,#4908);
#4907 = CARTESIAN_POINT('',(-6.28318530718,0.));
#4908 = VECTOR('',#4909,1.);
#4909 = DIRECTION('',(-0.,-1.));
#4910 = ( GEOMETRIC_REPRESENTATION_CONTEXT(2) 
PARAMETRIC_REPRESENTATION_CONTEXT() REPRESENTATION_CONTEXT('2D SPACE',''
  ) );
#4911 = ORIENTED_EDGE('',*,*,#4912,.T.);
#4912 = EDGE_CURVE('',#4890,#4890,#4913,.T.);
#4913 = SURFACE_CURVE('',#4914,(#4919,#4926),.PCURVE_S1.);
#4914 = CIRCLE('',#4915,9.75);
#4915 = AXIS2_PLACEMENT_3D('',#4916,#4917,#4918);
#4916 = CARTESIAN_POINT('',(0.,0.,4.5));
#4917 = DIRECTION('',(0.,0.,1.));
#4918 = DIRECTION('',(1.,0.,0.));
#4919 = PCURVE('',#781,#4920);
#4920 = DEFINITIONAL_REPRESENTATION('',(#4921),#4925);
#4921 = LINE('',#4922,#4923);
#4922 = CARTESIAN_POINT('',(-0.,-4.5));
#4923 = VECTOR('',#4924,1.);
#4924 = DIRECTION('',(-1.,0.));
#4925 = ( GEOMETRIC_REPRESENTATION_CONTEXT(2) 
PARAMETRIC_REPRESENTATION_CONTEXT() REPRESENTATION_CONTEXT('2D SPACE',''
  ) );
#4926 = PCURVE('',#4927,#4932);
#4927 = PLANE('',#4928);
#4928 = AXIS2_PLACEMENT_3D('',#4929,#4930,#4931);
#4929 = CARTESIAN_POINT('',(-2.503322897097E-16,1.056018195569E-15,4.5)
  );
#4930 = DIRECTION('',(0.,0.,1.));
#4931 = DIRECTION('',(1.,0.,-0.));
#4932 = DEFINITIONAL_REPRESENTATION('',(#4933),#4937);
#4933 = CIRCLE('',#4934,9.75);
#4934 = AXIS2_PLACEMENT_2D('',#4935,#4936);
#4935 = CARTESIAN_POINT('',(2.503322897097E-16,-1.056018195569E-15));
#4936 = DIRECTION('',(1.,0.));
#4937 = ( GEOMETRIC_REPRESENTATION_CONTEXT(2) 
PARAMETRIC_REPRESENTATION_CONTEXT() REPRESENTATION_CONTEXT('2D SPACE',''
  ) );
#4938 = ORIENTED_EDGE('',*,*,#4889,.F.);
#4939 = ORIENTED_EDGE('',*,*,#764,.F.);
#4940 = ADVANCED_FACE('',(#4941,#4967,#5002,#5037,#5072,#6042),#834,.T.
  );
#4941 = FACE_BOUND('',#4942,.T.);
#4942 = EDGE_LOOP('',(#4943,#4944,#4945,#4946,#4947,#4948,#4949,#4950,
    #4951,#4952,#4953,#4954,#4955,#4956,#4957,#4958,#4959,#4960,#4961,
    #4962,#4963,#4964,#4965,#4966));
#4943 = ORIENTED_EDGE('',*,*,#817,.F.);
#4944 = ORIENTED_EDGE('',*,*,#877,.T.);
#4945 = ORIENTED_EDGE('',*,*,#974,.T.);
#4946 = ORIENTED_EDGE('',*,*,#1798,.T.);
#4947 = ORIENTED_EDGE('',*,*,#1895,.F.);
#4948 = ORIENTED_EDGE('',*,*,#2718,.T.);
#4949 = ORIENTED_EDGE('',*,*,#2814,.F.);
#4950 = ORIENTED_EDGE('',*,*,#2921,.T.);
#4951 = ORIENTED_EDGE('',*,*,#3018,.T.);
#4952 = ORIENTED_EDGE('',*,*,#3842,.T.);
#4953 = ORIENTED_EDGE('',*,*,#3939,.F.);
#4954 = ORIENTED_EDGE('',*,*,#4762,.T.);
#4955 = ORIENTED_EDGE('',*,*,#4858,.F.);
#4956 = ORIENTED_EDGE('',*,*,#4832,.T.);
#4957 = ORIENTED_EDGE('',*,*,#4014,.T.);
#4958 = ORIENTED_EDGE('',*,*,#3913,.T.);
#4959 = ORIENTED_EDGE('',*,*,#3809,.F.);
#4960 = ORIENTED_EDGE('',*,*,#2990,.T.);
#4961 = ORIENTED_EDGE('',*,*,#2888,.F.);
#4962 = ORIENTED_EDGE('',*,*,#2788,.T.);
#4963 = ORIENTED_EDGE('',*,*,#1970,.T.);
#4964 = ORIENTED_EDGE('',*,*,#1869,.T.);
#4965 = ORIENTED_EDGE('',*,*,#1765,.F.);
#4966 = ORIENTED_EDGE('',*,*,#946,.T.);
#4967 = FACE_BOUND('',#4968,.T.);
#4968 = EDGE_LOOP('',(#4969));
#4969 = ORIENTED_EDGE('',*,*,#4970,.T.);
#4970 = EDGE_CURVE('',#4971,#4971,#4973,.T.);
#4971 = VERTEX_POINT('',#4972);
#4972 = CARTESIAN_POINT('',(-29.15,-5.3,8.));
#4973 = SURFACE_CURVE('',#4974,(#4979,#4990),.PCURVE_S1.);
#4974 = CIRCLE('',#4975,0.85);
#4975 = AXIS2_PLACEMENT_3D('',#4976,#4977,#4978);
#4976 = CARTESIAN_POINT('',(-30.,-5.3,8.));
#4977 = DIRECTION('',(0.,0.,-1.));
#4978 = DIRECTION('',(1.,0.,0.));
#4979 = PCURVE('',#834,#4980);
#4980 = DEFINITIONAL_REPRESENTATION('',(#4981),#4989);
#4981 = ( BOUNDED_CURVE() B_SPLINE_CURVE(2,(#4982,#4983,#4984,#4985,
#4986,#4987,#4988),.UNSPECIFIED.,.T.,.F.) B_SPLINE_CURVE_WITH_KNOTS((1,2
    ,2,2,2,1),(-2.094395102393,0.,2.094395102393,4.188790204786,
6.28318530718,8.377580409573),.UNSPECIFIED.) CURVE() 
GEOMETRIC_REPRESENTATION_ITEM() RATIONAL_B_SPLINE_CURVE((1.,0.5,1.,0.5,
1.,0.5,1.)) REPRESENTATION_ITEM('') );
#4982 = CARTESIAN_POINT('',(-46.15,-5.3));
#4983 = CARTESIAN_POINT('',(-46.15,-6.772243186434));
#4984 = CARTESIAN_POINT('',(-47.425,-6.036121593217));
#4985 = CARTESIAN_POINT('',(-48.7,-5.3));
#4986 = CARTESIAN_POINT('',(-47.425,-4.563878406783));
#4987 = CARTESIAN_POINT('',(-46.15,-3.827756813566));
#4988 = CARTESIAN_POINT('',(-46.15,-5.3));
#4989 = ( GEOMETRIC_REPRESENTATION_CONTEXT(2) 
PARAMETRIC_REPRESENTATION_CONTEXT() REPRESENTATION_CONTEXT('2D SPACE',''
  ) );
#4990 = PCURVE('',#4991,#4996);
#4991 = CYLINDRICAL_SURFACE('',#4992,0.85);
#4992 = AXIS2_PLACEMENT_3D('',#4993,#4994,#4995);
#4993 = CARTESIAN_POINT('',(-30.,-5.3,2.2));
#4994 = DIRECTION('',(-0.,-0.,-1.));
#4995 = DIRECTION('',(1.,0.,0.));
#4996 = DEFINITIONAL_REPRESENTATION('',(#4997),#5001);
#4997 = LINE('',#4998,#4999);
#4998 = CARTESIAN_POINT('',(-6.28318530718,-5.8));
#4999 = VECTOR('',#5000,1.);
#5000 = DIRECTION('',(1.,-0.));
#5001 = ( GEOMETRIC_REPRESENTATION_CONTEXT(2) 
PARAMETRIC_REPRESENTATION_CONTEXT() REPRESENTATION_CONTEXT('2D SPACE',''
  ) );
#5002 = FACE_BOUND('',#5003,.T.);
#5003 = EDGE_LOOP('',(#5004));
#5004 = ORIENTED_EDGE('',*,*,#5005,.T.);
#5005 = EDGE_CURVE('',#5006,#5006,#5008,.T.);
#5006 = VERTEX_POINT('',#5007);
#5007 = CARTESIAN_POINT('',(6.15,-30.,8.));
#5008 = SURFACE_CURVE('',#5009,(#5014,#5025),.PCURVE_S1.);
#5009 = CIRCLE('',#5010,0.85);
#5010 = AXIS2_PLACEMENT_3D('',#5011,#5012,#5013);
#5011 = CARTESIAN_POINT('',(5.3,-30.,8.));
#5012 = DIRECTION('',(0.,0.,-1.));
#5013 = DIRECTION('',(1.,0.,0.));
#5014 = PCURVE('',#834,#5015);
#5015 = DEFINITIONAL_REPRESENTATION('',(#5016),#5024);
#5016 = ( BOUNDED_CURVE() B_SPLINE_CURVE(2,(#5017,#5018,#5019,#5020,
#5021,#5022,#5023),.UNSPECIFIED.,.T.,.F.) B_SPLINE_CURVE_WITH_KNOTS((1,2
    ,2,2,2,1),(-2.094395102393,0.,2.094395102393,4.188790204786,
6.28318530718,8.377580409573),.UNSPECIFIED.) CURVE() 
GEOMETRIC_REPRESENTATION_ITEM() RATIONAL_B_SPLINE_CURVE((1.,0.5,1.,0.5,
1.,0.5,1.)) REPRESENTATION_ITEM('') );
#5017 = CARTESIAN_POINT('',(-10.85,-30.));
#5018 = CARTESIAN_POINT('',(-10.85,-31.47224318643));
#5019 = CARTESIAN_POINT('',(-12.125,-30.73612159321));
#5020 = CARTESIAN_POINT('',(-13.4,-30.));
#5021 = CARTESIAN_POINT('',(-12.125,-29.26387840678));
#5022 = CARTESIAN_POINT('',(-10.85,-28.52775681356));
#5023 = CARTESIAN_POINT('',(-10.85,-30.));
#5024 = ( GEOMETRIC_REPRESENTATION_CONTEXT(2) 
PARAMETRIC_REPRESENTATION_CONTEXT() REPRESENTATION_CONTEXT('2D SPACE',''
  ) );
#5025 = PCURVE('',#5026,#5031);
#5026 = CYLINDRICAL_SURFACE('',#5027,0.85);
#5027 = AXIS2_PLACEMENT_3D('',#5028,#5029,#5030);
#5028 = CARTESIAN_POINT('',(5.3,-30.,2.2));
#5029 = DIRECTION('',(-0.,-0.,-1.));
#5030 = DIRECTION('',(1.,0.,0.));
#5031 = DEFINITIONAL_REPRESENTATION('',(#5032),#5036);
#5032 = LINE('',#5033,#5034);
#5033 = CARTESIAN_POINT('',(-6.28318530718,-5.8));
#5034 = VECTOR('',#5035,1.);
#5035 = DIRECTION('',(1.,-0.));
#5036 = ( GEOMETRIC_REPRESENTATION_CONTEXT(2) 
PARAMETRIC_REPRESENTATION_CONTEXT() REPRESENTATION_CONTEXT('2D SPACE',''
  ) );
#5037 = FACE_BOUND('',#5038,.T.);
#5038 = EDGE_LOOP('',(#5039));
#5039 = ORIENTED_EDGE('',*,*,#5040,.T.);
#5040 = EDGE_CURVE('',#5041,#5041,#5043,.T.);
#5041 = VERTEX_POINT('',#5042);
#5042 = CARTESIAN_POINT('',(-4.45,30.,8.));
#5043 = SURFACE_CURVE('',#5044,(#5049,#5060),.PCURVE_S1.);
#5044 = CIRCLE('',#5045,0.85);
#5045 = AXIS2_PLACEMENT_3D('',#5046,#5047,#5048);
#5046 = CARTESIAN_POINT('',(-5.3,30.,8.));
#5047 = DIRECTION('',(0.,0.,-1.));
#5048 = DIRECTION('',(1.,0.,0.));
#5049 = PCURVE('',#834,#5050);
#5050 = DEFINITIONAL_REPRESENTATION('',(#5051),#5059);
#5051 = ( BOUNDED_CURVE() B_SPLINE_CURVE(2,(#5052,#5053,#5054,#5055,
#5056,#5057,#5058),.UNSPECIFIED.,.T.,.F.) B_SPLINE_CURVE_WITH_KNOTS((1,2
    ,2,2,2,1),(-2.094395102393,0.,2.094395102393,4.188790204786,
6.28318530718,8.377580409573),.UNSPECIFIED.) CURVE() 
GEOMETRIC_REPRESENTATION_ITEM() RATIONAL_B_SPLINE_CURVE((1.,0.5,1.,0.5,
1.,0.5,1.)) REPRESENTATION_ITEM('') );
#5052 = CARTESIAN_POINT('',(-21.45,30.));
#5053 = CARTESIAN_POINT('',(-21.45,28.527756813566));
#5054 = CARTESIAN_POINT('',(-22.725,29.263878406783));
#5055 = CARTESIAN_POINT('',(-24.,30.));
#5056 = CARTESIAN_POINT('',(-22.725,30.736121593217));
#5057 = CARTESIAN_POINT('',(-21.45,31.472243186434));
#5058 = CARTESIAN_POINT('',(-21.45,30.));
#5059 = ( GEOMETRIC_REPRESENTATION_CONTEXT(2) 
PARAMETRIC_REPRESENTATION_CONTEXT() REPRESENTATION_CONTEXT('2D SPACE',''
  ) );
#5060 = PCURVE('',#5061,#5066);
#5061 = CYLINDRICAL_SURFACE('',#5062,0.85);
#5062 = AXIS2_PLACEMENT_3D('',#5063,#5064,#5065);
#5063 = CARTESIAN_POINT('',(-5.3,30.,2.2));
#5064 = DIRECTION('',(-0.,-0.,-1.));
#5065 = DIRECTION('',(1.,0.,0.));
#5066 = DEFINITIONAL_REPRESENTATION('',(#5067),#5071);
#5067 = LINE('',#5068,#5069);
#5068 = CARTESIAN_POINT('',(-6.28318530718,-5.8));
#5069 = VECTOR('',#5070,1.);
#5070 = DIRECTION('',(1.,-0.));
#5071 = ( GEOMETRIC_REPRESENTATION_CONTEXT(2) 
PARAMETRIC_REPRESENTATION_CONTEXT() REPRESENTATION_CONTEXT('2D SPACE',''
  ) );
#5072 = FACE_BOUND('',#5073,.T.);
#5073 = EDGE_LOOP('',(#5074,#5103,#5132,#5159,#5192,#5219,#5252,#5285,
    #5318,#5345,#5374,#5401,#5434,#5461,#5494,#5527,#5560,#5587,#5616,
    #5643,#5676,#5703,#5736,#5769,#5802,#5829,#5858,#5885,#5918,#5945,
    #5978,#6011));
#5074 = ORIENTED_EDGE('',*,*,#5075,.T.);
#5075 = EDGE_CURVE('',#5076,#5078,#5080,.T.);
#5076 = VERTEX_POINT('',#5077);
#5077 = CARTESIAN_POINT('',(18.239434466947,7.852789453573,8.));
#5078 = VERTEX_POINT('',#5079);
#5079 = CARTESIAN_POINT('',(28.233414746491,7.06894786302,8.));
#5080 = SURFACE_CURVE('',#5081,(#5085,#5092),.PCURVE_S1.);
#5081 = LINE('',#5082,#5083);
#5082 = CARTESIAN_POINT('',(30.059858616737,6.925697363393,8.));
#5083 = VECTOR('',#5084,1.);
#5084 = DIRECTION('',(0.996938377813,-7.819124531863E-02,0.));
#5085 = PCURVE('',#834,#5086);
#5086 = DEFINITIONAL_REPRESENTATION('',(#5087),#5091);
#5087 = LINE('',#5088,#5089);
#5088 = CARTESIAN_POINT('',(13.059858616737,6.925697363393));
#5089 = VECTOR('',#5090,1.);
#5090 = DIRECTION('',(0.996938377813,-7.819124531863E-02));
#5091 = ( GEOMETRIC_REPRESENTATION_CONTEXT(2) 
PARAMETRIC_REPRESENTATION_CONTEXT() REPRESENTATION_CONTEXT('2D SPACE',''
  ) );
#5092 = PCURVE('',#5093,#5098);
#5093 = PLANE('',#5094);
#5094 = AXIS2_PLACEMENT_3D('',#5095,#5096,#5097);
#5095 = CARTESIAN_POINT('',(42.5,5.95,1.6));
#5096 = DIRECTION('',(-7.819124531863E-02,-0.996938377813,0.));
#5097 = DIRECTION('',(-0.996938377813,7.819124531863E-02,0.));
#5098 = DEFINITIONAL_REPRESENTATION('',(#5099),#5102);
#5099 = B_SPLINE_CURVE_WITH_KNOTS('',1,(#5100,#5101),.UNSPECIFIED.,.F.,
  .F.,(2,2),(-11.856724962,12.478345362287),.PIECEWISE_BEZIER_KNOTS.);
#5100 = CARTESIAN_POINT('',(24.335070324291,-6.4));
#5101 = CARTESIAN_POINT('',(0.,-6.4));
#5102 = ( GEOMETRIC_REPRESENTATION_CONTEXT(2) 
PARAMETRIC_REPRESENTATION_CONTEXT() REPRESENTATION_CONTEXT('2D SPACE',''
  ) );
#5103 = ORIENTED_EDGE('',*,*,#5104,.T.);
#5104 = EDGE_CURVE('',#5078,#5105,#5107,.T.);
#5105 = VERTEX_POINT('',#5106);
#5106 = CARTESIAN_POINT('',(32.020769433868,6.771900436559,8.));
#5107 = SURFACE_CURVE('',#5108,(#5113,#5120),.PCURVE_S1.);
#5108 = CIRCLE('',#5109,2.5);
#5109 = AXIS2_PLACEMENT_3D('',#5110,#5111,#5112);
#5110 = CARTESIAN_POINT('',(30.,5.3,8.));
#5111 = DIRECTION('',(0.,0.,1.));
#5112 = DIRECTION('',(-0.706634101404,0.707579145208,0.));
#5113 = PCURVE('',#834,#5114);
#5114 = DEFINITIONAL_REPRESENTATION('',(#5115),#5119);
#5115 = CIRCLE('',#5116,2.5);
#5116 = AXIS2_PLACEMENT_2D('',#5117,#5118);
#5117 = CARTESIAN_POINT('',(13.,5.3));
#5118 = DIRECTION('',(-0.706634101404,0.707579145208));
#5119 = ( GEOMETRIC_REPRESENTATION_CONTEXT(2) 
PARAMETRIC_REPRESENTATION_CONTEXT() REPRESENTATION_CONTEXT('2D SPACE',''
  ) );
#5120 = PCURVE('',#5121,#5126);
#5121 = CYLINDRICAL_SURFACE('',#5122,2.5);
#5122 = AXIS2_PLACEMENT_3D('',#5123,#5124,#5125);
#5123 = CARTESIAN_POINT('',(30.,5.3,1.6));
#5124 = DIRECTION('',(-0.,-0.,-1.));
#5125 = DIRECTION('',(1.,0.,0.));
#5126 = DEFINITIONAL_REPRESENTATION('',(#5127),#5131);
#5127 = LINE('',#5128,#5129);
#5128 = CARTESIAN_POINT('',(-2.35552624326,-6.4));
#5129 = VECTOR('',#5130,1.);
#5130 = DIRECTION('',(-1.,0.));
#5131 = ( GEOMETRIC_REPRESENTATION_CONTEXT(2) 
PARAMETRIC_REPRESENTATION_CONTEXT() REPRESENTATION_CONTEXT('2D SPACE',''
  ) );
#5132 = ORIENTED_EDGE('',*,*,#5133,.T.);
#5133 = EDGE_CURVE('',#5105,#5134,#5136,.T.);
#5134 = VERTEX_POINT('',#5135);
#5135 = CARTESIAN_POINT('',(42.5,5.95,8.));
#5136 = SURFACE_CURVE('',#5137,(#5141,#5148),.PCURVE_S1.);
#5137 = LINE('',#5138,#5139);
#5138 = CARTESIAN_POINT('',(30.059858616737,6.925697363393,8.));
#5139 = VECTOR('',#5140,1.);
#5140 = DIRECTION('',(0.996938377813,-7.819124531863E-02,0.));
#5141 = PCURVE('',#834,#5142);
#5142 = DEFINITIONAL_REPRESENTATION('',(#5143),#5147);
#5143 = LINE('',#5144,#5145);
#5144 = CARTESIAN_POINT('',(13.059858616737,6.925697363393));
#5145 = VECTOR('',#5146,1.);
#5146 = DIRECTION('',(0.996938377813,-7.819124531863E-02));
#5147 = ( GEOMETRIC_REPRESENTATION_CONTEXT(2) 
PARAMETRIC_REPRESENTATION_CONTEXT() REPRESENTATION_CONTEXT('2D SPACE',''
  ) );
#5148 = PCURVE('',#5149,#5154);
#5149 = PLANE('',#5150);
#5150 = AXIS2_PLACEMENT_3D('',#5151,#5152,#5153);
#5151 = CARTESIAN_POINT('',(42.5,5.95,1.6));
#5152 = DIRECTION('',(-7.819124531863E-02,-0.996938377813,0.));
#5153 = DIRECTION('',(-0.996938377813,7.819124531863E-02,0.));
#5154 = DEFINITIONAL_REPRESENTATION('',(#5155),#5158);
#5155 = B_SPLINE_CURVE_WITH_KNOTS('',1,(#5156,#5157),.UNSPECIFIED.,.F.,
  .F.,(2,2),(-11.856724962,12.478345362287),.PIECEWISE_BEZIER_KNOTS.);
#5156 = CARTESIAN_POINT('',(24.335070324291,-6.4));
#5157 = CARTESIAN_POINT('',(0.,-6.4));
#5158 = ( GEOMETRIC_REPRESENTATION_CONTEXT(2) 
PARAMETRIC_REPRESENTATION_CONTEXT() REPRESENTATION_CONTEXT('2D SPACE',''
  ) );
#5159 = ORIENTED_EDGE('',*,*,#5160,.T.);
#5160 = EDGE_CURVE('',#5134,#5161,#5163,.T.);
#5161 = VERTEX_POINT('',#5162);
#5162 = CARTESIAN_POINT('',(42.5,-5.95,8.));
#5163 = SURFACE_CURVE('',#5164,(#5169,#5180),.PCURVE_S1.);
#5164 = CIRCLE('',#5165,5.95);
#5165 = AXIS2_PLACEMENT_3D('',#5166,#5167,#5168);
#5166 = CARTESIAN_POINT('',(42.5,0.,8.));
#5167 = DIRECTION('',(0.,0.,-1.));
#5168 = DIRECTION('',(1.,0.,0.));
#5169 = PCURVE('',#834,#5170);
#5170 = DEFINITIONAL_REPRESENTATION('',(#5171),#5179);
#5171 = ( BOUNDED_CURVE() B_SPLINE_CURVE(2,(#5172,#5173,#5174,#5175,
#5176,#5177,#5178),.UNSPECIFIED.,.T.,.F.) B_SPLINE_CURVE_WITH_KNOTS((1,2
    ,2,2,2,1),(-2.094395102393,0.,2.094395102393,4.188790204786,
6.28318530718,8.377580409573),.UNSPECIFIED.) CURVE() 
GEOMETRIC_REPRESENTATION_ITEM() RATIONAL_B_SPLINE_CURVE((1.,0.5,1.,0.5,
1.,0.5,1.)) REPRESENTATION_ITEM('') );
#5172 = CARTESIAN_POINT('',(31.45,-1.879594466024E-16));
#5173 = CARTESIAN_POINT('',(31.45,-10.30570230503));
#5174 = CARTESIAN_POINT('',(22.525,-5.152851152517));
#5175 = CARTESIAN_POINT('',(13.6,-1.645289137588E-15));
#5176 = CARTESIAN_POINT('',(22.525,5.152851152517));
#5177 = CARTESIAN_POINT('',(31.45,10.305702305035));
#5178 = CARTESIAN_POINT('',(31.45,-1.879594466024E-16));
#5179 = ( GEOMETRIC_REPRESENTATION_CONTEXT(2) 
PARAMETRIC_REPRESENTATION_CONTEXT() REPRESENTATION_CONTEXT('2D SPACE',''
  ) );
#5180 = PCURVE('',#5181,#5186);
#5181 = CYLINDRICAL_SURFACE('',#5182,5.95);
#5182 = AXIS2_PLACEMENT_3D('',#5183,#5184,#5185);
#5183 = CARTESIAN_POINT('',(42.5,0.,1.6));
#5184 = DIRECTION('',(-0.,-0.,-1.));
#5185 = DIRECTION('',(1.,0.,0.));
#5186 = DEFINITIONAL_REPRESENTATION('',(#5187),#5191);
#5187 = LINE('',#5188,#5189);
#5188 = CARTESIAN_POINT('',(-12.56637061435,-6.4));
#5189 = VECTOR('',#5190,1.);
#5190 = DIRECTION('',(1.,-0.));
#5191 = ( GEOMETRIC_REPRESENTATION_CONTEXT(2) 
PARAMETRIC_REPRESENTATION_CONTEXT() REPRESENTATION_CONTEXT('2D SPACE',''
  ) );
#5192 = ORIENTED_EDGE('',*,*,#5193,.T.);
#5193 = EDGE_CURVE('',#5161,#5194,#5196,.T.);
#5194 = VERTEX_POINT('',#5195);
#5195 = CARTESIAN_POINT('',(18.239434466947,-7.852789453573,8.));
#5196 = SURFACE_CURVE('',#5197,(#5201,#5208),.PCURVE_S1.);
#5197 = LINE('',#5198,#5199);
#5198 = CARTESIAN_POINT('',(17.309858616737,-7.925697363393,8.));
#5199 = VECTOR('',#5200,1.);
#5200 = DIRECTION('',(-0.996938377813,-7.819124531863E-02,0.));
#5201 = PCURVE('',#834,#5202);
#5202 = DEFINITIONAL_REPRESENTATION('',(#5203),#5207);
#5203 = LINE('',#5204,#5205);
#5204 = CARTESIAN_POINT('',(0.309858616737,-7.925697363393));
#5205 = VECTOR('',#5206,1.);
#5206 = DIRECTION('',(-0.996938377813,-7.819124531863E-02));
#5207 = ( GEOMETRIC_REPRESENTATION_CONTEXT(2) 
PARAMETRIC_REPRESENTATION_CONTEXT() REPRESENTATION_CONTEXT('2D SPACE',''
  ) );
#5208 = PCURVE('',#5209,#5214);
#5209 = PLANE('',#5210);
#5210 = AXIS2_PLACEMENT_3D('',#5211,#5212,#5213);
#5211 = CARTESIAN_POINT('',(17.,-7.95,1.6));
#5212 = DIRECTION('',(-7.819124531863E-02,0.996938377813,0.));
#5213 = DIRECTION('',(0.996938377813,7.819124531863E-02,0.));
#5214 = DEFINITIONAL_REPRESENTATION('',(#5215),#5218);
#5215 = B_SPLINE_CURVE_WITH_KNOTS('',1,(#5216,#5217),.UNSPECIFIED.,.F.,
  .F.,(2,2),(-25.26750092471,-0.932430600425),.PIECEWISE_BEZIER_KNOTS.);
#5216 = CARTESIAN_POINT('',(25.578311124857,-6.4));
#5217 = CARTESIAN_POINT('',(1.243240800566,-6.4));
#5218 = ( GEOMETRIC_REPRESENTATION_CONTEXT(2) 
PARAMETRIC_REPRESENTATION_CONTEXT() REPRESENTATION_CONTEXT('2D SPACE',''
  ) );
#5219 = ORIENTED_EDGE('',*,*,#5220,.T.);
#5220 = EDGE_CURVE('',#5194,#5221,#5223,.T.);
#5221 = VERTEX_POINT('',#5222);
#5222 = CARTESIAN_POINT('',(14.551691176471,-7.563615795678,8.));
#5223 = SURFACE_CURVE('',#5224,(#5229,#5240),.PCURVE_S1.);
#5224 = CIRCLE('',#5225,7.95);
#5225 = AXIS2_PLACEMENT_3D('',#5226,#5227,#5228);
#5226 = CARTESIAN_POINT('',(17.,0.,8.));
#5227 = DIRECTION('',(0.,0.,-1.));
#5228 = DIRECTION('',(1.,0.,0.));
#5229 = PCURVE('',#834,#5230);
#5230 = DEFINITIONAL_REPRESENTATION('',(#5231),#5239);
#5231 = ( BOUNDED_CURVE() B_SPLINE_CURVE(2,(#5232,#5233,#5234,#5235,
#5236,#5237,#5238),.UNSPECIFIED.,.T.,.F.) B_SPLINE_CURVE_WITH_KNOTS((1,2
    ,2,2,2,1),(-2.094395102393,0.,2.094395102393,4.188790204786,
6.28318530718,8.377580409573),.UNSPECIFIED.) CURVE() 
GEOMETRIC_REPRESENTATION_ITEM() RATIONAL_B_SPLINE_CURVE((1.,0.5,1.,0.5,
1.,0.5,1.)) REPRESENTATION_ITEM('') );
#5232 = CARTESIAN_POINT('',(7.95,-1.879594466024E-16));
#5233 = CARTESIAN_POINT('',(7.95,-13.76980392017));
#5234 = CARTESIAN_POINT('',(-3.975,-6.884901960086));
#5235 = CARTESIAN_POINT('',(-15.9,-2.135147857247E-15));
#5236 = CARTESIAN_POINT('',(-3.975,6.884901960086));
#5237 = CARTESIAN_POINT('',(7.95,13.769803920173));
#5238 = CARTESIAN_POINT('',(7.95,-1.879594466024E-16));
#5239 = ( GEOMETRIC_REPRESENTATION_CONTEXT(2) 
PARAMETRIC_REPRESENTATION_CONTEXT() REPRESENTATION_CONTEXT('2D SPACE',''
  ) );
#5240 = PCURVE('',#5241,#5246);
#5241 = CYLINDRICAL_SURFACE('',#5242,7.95);
#5242 = AXIS2_PLACEMENT_3D('',#5243,#5244,#5245);
#5243 = CARTESIAN_POINT('',(17.,0.,1.6));
#5244 = DIRECTION('',(-0.,-0.,-1.));
#5245 = DIRECTION('',(1.,0.,0.));
#5246 = DEFINITIONAL_REPRESENTATION('',(#5247),#5251);
#5247 = LINE('',#5248,#5249);
#5248 = CARTESIAN_POINT('',(-6.28318530718,-6.4));
#5249 = VECTOR('',#5250,1.);
#5250 = DIRECTION('',(1.,-0.));
#5251 = ( GEOMETRIC_REPRESENTATION_CONTEXT(2) 
PARAMETRIC_REPRESENTATION_CONTEXT() REPRESENTATION_CONTEXT('2D SPACE',''
  ) );
#5252 = ORIENTED_EDGE('',*,*,#5253,.T.);
#5253 = EDGE_CURVE('',#5221,#5254,#5256,.T.);
#5254 = VERTEX_POINT('',#5255);
#5255 = CARTESIAN_POINT('',(7.563615795678,-14.55169117647,8.));
#5256 = SURFACE_CURVE('',#5257,(#5262,#5273),.PCURVE_S1.);
#5257 = CIRCLE('',#5258,16.4);
#5258 = AXIS2_PLACEMENT_3D('',#5259,#5260,#5261);
#5259 = CARTESIAN_POINT('',(0.,0.,8.));
#5260 = DIRECTION('',(0.,0.,-1.));
#5261 = DIRECTION('',(1.,0.,0.));
#5262 = PCURVE('',#834,#5263);
#5263 = DEFINITIONAL_REPRESENTATION('',(#5264),#5272);
#5264 = ( BOUNDED_CURVE() B_SPLINE_CURVE(2,(#5265,#5266,#5267,#5268,
#5269,#5270,#5271),.UNSPECIFIED.,.T.,.F.) B_SPLINE_CURVE_WITH_KNOTS((1,2
    ,2,2,2,1),(-2.094395102393,0.,2.094395102393,4.188790204786,
6.28318530718,8.377580409573),.UNSPECIFIED.) CURVE() 
GEOMETRIC_REPRESENTATION_ITEM() RATIONAL_B_SPLINE_CURVE((1.,0.5,1.,0.5,
1.,0.5,1.)) REPRESENTATION_ITEM('') );
#5265 = CARTESIAN_POINT('',(-0.6,-1.879594466024E-16));
#5266 = CARTESIAN_POINT('',(-0.6,-28.40563324413));
#5267 = CARTESIAN_POINT('',(-25.2,-14.20281662206));
#5268 = CARTESIAN_POINT('',(-49.8,-4.204800947806E-15));
#5269 = CARTESIAN_POINT('',(-25.2,14.202816622065));
#5270 = CARTESIAN_POINT('',(-0.6,28.40563324413));
#5271 = CARTESIAN_POINT('',(-0.6,-1.879594466024E-16));
#5272 = ( GEOMETRIC_REPRESENTATION_CONTEXT(2) 
PARAMETRIC_REPRESENTATION_CONTEXT() REPRESENTATION_CONTEXT('2D SPACE',''
  ) );
#5273 = PCURVE('',#5274,#5279);
#5274 = CYLINDRICAL_SURFACE('',#5275,16.4);
#5275 = AXIS2_PLACEMENT_3D('',#5276,#5277,#5278);
#5276 = CARTESIAN_POINT('',(0.,0.,1.6));
#5277 = DIRECTION('',(-0.,-0.,-1.));
#5278 = DIRECTION('',(1.,0.,0.));
#5279 = DEFINITIONAL_REPRESENTATION('',(#5280),#5284);
#5280 = LINE('',#5281,#5282);
#5281 = CARTESIAN_POINT('',(-6.28318530718,-6.4));
#5282 = VECTOR('',#5283,1.);
#5283 = DIRECTION('',(1.,-0.));
#5284 = ( GEOMETRIC_REPRESENTATION_CONTEXT(2) 
PARAMETRIC_REPRESENTATION_CONTEXT() REPRESENTATION_CONTEXT('2D SPACE',''
  ) );
#5285 = ORIENTED_EDGE('',*,*,#5286,.T.);
#5286 = EDGE_CURVE('',#5254,#5287,#5289,.T.);
#5287 = VERTEX_POINT('',#5288);
#5288 = CARTESIAN_POINT('',(7.852789453573,-18.23943446694,8.));
#5289 = SURFACE_CURVE('',#5290,(#5295,#5306),.PCURVE_S1.);
#5290 = CIRCLE('',#5291,7.95);
#5291 = AXIS2_PLACEMENT_3D('',#5292,#5293,#5294);
#5292 = CARTESIAN_POINT('',(-3.774758283726E-15,-17.,8.));
#5293 = DIRECTION('',(0.,0.,-1.));
#5294 = DIRECTION('',(-2.22044604925E-16,-1.,-0.));
#5295 = PCURVE('',#834,#5296);
#5296 = DEFINITIONAL_REPRESENTATION('',(#5297),#5305);
#5297 = ( BOUNDED_CURVE() B_SPLINE_CURVE(2,(#5298,#5299,#5300,#5301,
#5302,#5303,#5304),.UNSPECIFIED.,.T.,.F.) B_SPLINE_CURVE_WITH_KNOTS((1,2
    ,2,2,2,1),(-2.094395102393,0.,2.094395102393,4.188790204786,
6.28318530718,8.377580409573),.UNSPECIFIED.) CURVE() 
GEOMETRIC_REPRESENTATION_ITEM() RATIONAL_B_SPLINE_CURVE((1.,0.5,1.,0.5,
1.,0.5,1.)) REPRESENTATION_ITEM('') );
#5298 = CARTESIAN_POINT('',(-17.,-24.95));
#5299 = CARTESIAN_POINT('',(-30.76980392017,-24.95));
#5300 = CARTESIAN_POINT('',(-23.88490196008,-13.025));
#5301 = CARTESIAN_POINT('',(-17.,-1.1));
#5302 = CARTESIAN_POINT('',(-10.11509803991,-13.025));
#5303 = CARTESIAN_POINT('',(-3.230196079827,-24.95));
#5304 = CARTESIAN_POINT('',(-17.,-24.95));
#5305 = ( GEOMETRIC_REPRESENTATION_CONTEXT(2) 
PARAMETRIC_REPRESENTATION_CONTEXT() REPRESENTATION_CONTEXT('2D SPACE',''
  ) );
#5306 = PCURVE('',#5307,#5312);
#5307 = CYLINDRICAL_SURFACE('',#5308,7.95);
#5308 = AXIS2_PLACEMENT_3D('',#5309,#5310,#5311);
#5309 = CARTESIAN_POINT('',(-3.774758283726E-15,-17.,1.6));
#5310 = DIRECTION('',(0.,0.,-1.));
#5311 = DIRECTION('',(-2.22044604925E-16,-1.,0.));
#5312 = DEFINITIONAL_REPRESENTATION('',(#5313),#5317);
#5313 = LINE('',#5314,#5315);
#5314 = CARTESIAN_POINT('',(-6.28318530718,-6.4));
#5315 = VECTOR('',#5316,1.);
#5316 = DIRECTION('',(1.,-0.));
#5317 = ( GEOMETRIC_REPRESENTATION_CONTEXT(2) 
PARAMETRIC_REPRESENTATION_CONTEXT() REPRESENTATION_CONTEXT('2D SPACE',''
  ) );
#5318 = ORIENTED_EDGE('',*,*,#5319,.T.);
#5319 = EDGE_CURVE('',#5287,#5320,#5322,.T.);
#5320 = VERTEX_POINT('',#5321);
#5321 = CARTESIAN_POINT('',(7.06894786302,-28.23341474649,8.));
#5322 = SURFACE_CURVE('',#5323,(#5327,#5334),.PCURVE_S1.);
#5323 = LINE('',#5324,#5325);
#5324 = CARTESIAN_POINT('',(7.640256018342,-20.94923576614,8.));
#5325 = VECTOR('',#5326,1.);
#5326 = DIRECTION('',(-7.819124531863E-02,-0.996938377813,0.));
#5327 = PCURVE('',#834,#5328);
#5328 = DEFINITIONAL_REPRESENTATION('',(#5329),#5333);
#5329 = LINE('',#5330,#5331);
#5330 = CARTESIAN_POINT('',(-9.359743981658,-20.94923576614));
#5331 = VECTOR('',#5332,1.);
#5332 = DIRECTION('',(-7.819124531863E-02,-0.996938377813));
#5333 = ( GEOMETRIC_REPRESENTATION_CONTEXT(2) 
PARAMETRIC_REPRESENTATION_CONTEXT() REPRESENTATION_CONTEXT('2D SPACE',''
  ) );
#5334 = PCURVE('',#5335,#5340);
#5335 = PLANE('',#5336);
#5336 = AXIS2_PLACEMENT_3D('',#5337,#5338,#5339);
#5337 = CARTESIAN_POINT('',(5.95,-42.5,1.6));
#5338 = DIRECTION('',(-0.996938377813,7.819124531863E-02,0.));
#5339 = DIRECTION('',(7.819124531863E-02,0.996938377813,0.));
#5340 = DEFINITIONAL_REPRESENTATION('',(#5341),#5344);
#5341 = B_SPLINE_CURVE_WITH_KNOTS('',1,(#5342,#5343),.UNSPECIFIED.,.F.,
  .F.,(2,2),(-2.718123165389,21.616947158902),.PIECEWISE_BEZIER_KNOTS.);
#5342 = CARTESIAN_POINT('',(24.335070324291,-6.4));
#5343 = CARTESIAN_POINT('',(0.,-6.4));
#5344 = ( GEOMETRIC_REPRESENTATION_CONTEXT(2) 
PARAMETRIC_REPRESENTATION_CONTEXT() REPRESENTATION_CONTEXT('2D SPACE',''
  ) );
#5345 = ORIENTED_EDGE('',*,*,#5346,.T.);
#5346 = EDGE_CURVE('',#5320,#5347,#5349,.T.);
#5347 = VERTEX_POINT('',#5348);
#5348 = CARTESIAN_POINT('',(6.771900436559,-32.02076943386,8.));
#5349 = SURFACE_CURVE('',#5350,(#5355,#5362),.PCURVE_S1.);
#5350 = CIRCLE('',#5351,2.5);
#5351 = AXIS2_PLACEMENT_3D('',#5352,#5353,#5354);
#5352 = CARTESIAN_POINT('',(5.3,-30.,8.));
#5353 = DIRECTION('',(0.,0.,1.));
#5354 = DIRECTION('',(1.,0.,0.));
#5355 = PCURVE('',#834,#5356);
#5356 = DEFINITIONAL_REPRESENTATION('',(#5357),#5361);
#5357 = CIRCLE('',#5358,2.5);
#5358 = AXIS2_PLACEMENT_2D('',#5359,#5360);
#5359 = CARTESIAN_POINT('',(-11.7,-30.));
#5360 = DIRECTION('',(1.,0.));
#5361 = ( GEOMETRIC_REPRESENTATION_CONTEXT(2) 
PARAMETRIC_REPRESENTATION_CONTEXT() REPRESENTATION_CONTEXT('2D SPACE',''
  ) );
#5362 = PCURVE('',#5363,#5368);
#5363 = CYLINDRICAL_SURFACE('',#5364,2.5);
#5364 = AXIS2_PLACEMENT_3D('',#5365,#5366,#5367);
#5365 = CARTESIAN_POINT('',(5.3,-30.,1.6));
#5366 = DIRECTION('',(-0.,-0.,-1.));
#5367 = DIRECTION('',(1.,0.,0.));
#5368 = DEFINITIONAL_REPRESENTATION('',(#5369),#5373);
#5369 = LINE('',#5370,#5371);
#5370 = CARTESIAN_POINT('',(-0.,-6.4));
#5371 = VECTOR('',#5372,1.);
#5372 = DIRECTION('',(-1.,0.));
#5373 = ( GEOMETRIC_REPRESENTATION_CONTEXT(2) 
PARAMETRIC_REPRESENTATION_CONTEXT() REPRESENTATION_CONTEXT('2D SPACE',''
  ) );
#5374 = ORIENTED_EDGE('',*,*,#5375,.T.);
#5375 = EDGE_CURVE('',#5347,#5376,#5378,.T.);
#5376 = VERTEX_POINT('',#5377);
#5377 = CARTESIAN_POINT('',(5.95,-42.5,8.));
#5378 = SURFACE_CURVE('',#5379,(#5383,#5390),.PCURVE_S1.);
#5379 = LINE('',#5380,#5381);
#5380 = CARTESIAN_POINT('',(7.640256018342,-20.94923576614,8.));
#5381 = VECTOR('',#5382,1.);
#5382 = DIRECTION('',(-7.819124531863E-02,-0.996938377813,0.));
#5383 = PCURVE('',#834,#5384);
#5384 = DEFINITIONAL_REPRESENTATION('',(#5385),#5389);
#5385 = LINE('',#5386,#5387);
#5386 = CARTESIAN_POINT('',(-9.359743981658,-20.94923576614));
#5387 = VECTOR('',#5388,1.);
#5388 = DIRECTION('',(-7.819124531863E-02,-0.996938377813));
#5389 = ( GEOMETRIC_REPRESENTATION_CONTEXT(2) 
PARAMETRIC_REPRESENTATION_CONTEXT() REPRESENTATION_CONTEXT('2D SPACE',''
  ) );
#5390 = PCURVE('',#5391,#5396);
#5391 = PLANE('',#5392);
#5392 = AXIS2_PLACEMENT_3D('',#5393,#5394,#5395);
#5393 = CARTESIAN_POINT('',(5.95,-42.5,1.6));
#5394 = DIRECTION('',(-0.996938377813,7.819124531863E-02,0.));
#5395 = DIRECTION('',(7.819124531863E-02,0.996938377813,0.));
#5396 = DEFINITIONAL_REPRESENTATION('',(#5397),#5400);
#5397 = B_SPLINE_CURVE_WITH_KNOTS('',1,(#5398,#5399),.UNSPECIFIED.,.F.,
  .F.,(2,2),(-2.718123165389,21.616947158902),.PIECEWISE_BEZIER_KNOTS.);
#5398 = CARTESIAN_POINT('',(24.335070324291,-6.4));
#5399 = CARTESIAN_POINT('',(0.,-6.4));
#5400 = ( GEOMETRIC_REPRESENTATION_CONTEXT(2) 
PARAMETRIC_REPRESENTATION_CONTEXT() REPRESENTATION_CONTEXT('2D SPACE',''
  ) );
#5401 = ORIENTED_EDGE('',*,*,#5402,.T.);
#5402 = EDGE_CURVE('',#5376,#5403,#5405,.T.);
#5403 = VERTEX_POINT('',#5404);
#5404 = CARTESIAN_POINT('',(-5.95,-42.5,8.));
#5405 = SURFACE_CURVE('',#5406,(#5411,#5422),.PCURVE_S1.);
#5406 = CIRCLE('',#5407,5.95);
#5407 = AXIS2_PLACEMENT_3D('',#5408,#5409,#5410);
#5408 = CARTESIAN_POINT('',(-9.436895709314E-15,-42.5,8.));
#5409 = DIRECTION('',(0.,0.,-1.));
#5410 = DIRECTION('',(-2.22044604925E-16,-1.,-0.));
#5411 = PCURVE('',#834,#5412);
#5412 = DEFINITIONAL_REPRESENTATION('',(#5413),#5421);
#5413 = ( BOUNDED_CURVE() B_SPLINE_CURVE(2,(#5414,#5415,#5416,#5417,
#5418,#5419,#5420),.UNSPECIFIED.,.T.,.F.) B_SPLINE_CURVE_WITH_KNOTS((1,2
    ,2,2,2,1),(-2.094395102393,0.,2.094395102393,4.188790204786,
6.28318530718,8.377580409573),.UNSPECIFIED.) CURVE() 
GEOMETRIC_REPRESENTATION_ITEM() RATIONAL_B_SPLINE_CURVE((1.,0.5,1.,0.5,
1.,0.5,1.)) REPRESENTATION_ITEM('') );
#5414 = CARTESIAN_POINT('',(-17.,-48.45));
#5415 = CARTESIAN_POINT('',(-27.30570230503,-48.45));
#5416 = CARTESIAN_POINT('',(-22.15285115251,-39.525));
#5417 = CARTESIAN_POINT('',(-17.,-30.6));
#5418 = CARTESIAN_POINT('',(-11.84714884748,-39.525));
#5419 = CARTESIAN_POINT('',(-6.694297694965,-48.45));
#5420 = CARTESIAN_POINT('',(-17.,-48.45));
#5421 = ( GEOMETRIC_REPRESENTATION_CONTEXT(2) 
PARAMETRIC_REPRESENTATION_CONTEXT() REPRESENTATION_CONTEXT('2D SPACE',''
  ) );
#5422 = PCURVE('',#5423,#5428);
#5423 = CYLINDRICAL_SURFACE('',#5424,5.95);
#5424 = AXIS2_PLACEMENT_3D('',#5425,#5426,#5427);
#5425 = CARTESIAN_POINT('',(-9.436895709314E-15,-42.5,1.6));
#5426 = DIRECTION('',(0.,0.,-1.));
#5427 = DIRECTION('',(-2.22044604925E-16,-1.,0.));
#5428 = DEFINITIONAL_REPRESENTATION('',(#5429),#5433);
#5429 = LINE('',#5430,#5431);
#5430 = CARTESIAN_POINT('',(-12.56637061435,-6.4));
#5431 = VECTOR('',#5432,1.);
#5432 = DIRECTION('',(1.,-0.));
#5433 = ( GEOMETRIC_REPRESENTATION_CONTEXT(2) 
PARAMETRIC_REPRESENTATION_CONTEXT() REPRESENTATION_CONTEXT('2D SPACE',''
  ) );
#5434 = ORIENTED_EDGE('',*,*,#5435,.T.);
#5435 = EDGE_CURVE('',#5403,#5436,#5438,.T.);
#5436 = VERTEX_POINT('',#5437);
#5437 = CARTESIAN_POINT('',(-7.852789453573,-18.23943446694,8.));
#5438 = SURFACE_CURVE('',#5439,(#5443,#5450),.PCURVE_S1.);
#5439 = LINE('',#5440,#5441);
#5440 = CARTESIAN_POINT('',(-8.536320213985,-9.524417271685,8.));
#5441 = VECTOR('',#5442,1.);
#5442 = DIRECTION('',(-7.819124531863E-02,0.996938377813,0.));
#5443 = PCURVE('',#834,#5444);
#5444 = DEFINITIONAL_REPRESENTATION('',(#5445),#5449);
#5445 = LINE('',#5446,#5447);
#5446 = CARTESIAN_POINT('',(-25.53632021398,-9.524417271685));
#5447 = VECTOR('',#5448,1.);
#5448 = DIRECTION('',(-7.819124531863E-02,0.996938377813));
#5449 = ( GEOMETRIC_REPRESENTATION_CONTEXT(2) 
PARAMETRIC_REPRESENTATION_CONTEXT() REPRESENTATION_CONTEXT('2D SPACE',''
  ) );
#5450 = PCURVE('',#5451,#5456);
#5451 = PLANE('',#5452);
#5452 = AXIS2_PLACEMENT_3D('',#5453,#5454,#5455);
#5453 = CARTESIAN_POINT('',(-7.95,-17.,1.6));
#5454 = DIRECTION('',(0.996938377813,7.819124531863E-02,0.));
#5455 = DIRECTION('',(7.819124531863E-02,-0.996938377813,0.));
#5456 = DEFINITIONAL_REPRESENTATION('',(#5457),#5460);
#5457 = B_SPLINE_CURVE_WITH_KNOTS('',1,(#5458,#5459),.UNSPECIFIED.,.F.,
  .F.,(2,2),(-33.07685155091,-8.741781226623),.PIECEWISE_BEZIER_KNOTS.);
#5458 = CARTESIAN_POINT('',(25.578311124857,-6.4));
#5459 = CARTESIAN_POINT('',(1.243240800566,-6.4));
#5460 = ( GEOMETRIC_REPRESENTATION_CONTEXT(2) 
PARAMETRIC_REPRESENTATION_CONTEXT() REPRESENTATION_CONTEXT('2D SPACE',''
  ) );
#5461 = ORIENTED_EDGE('',*,*,#5462,.T.);
#5462 = EDGE_CURVE('',#5436,#5463,#5465,.T.);
#5463 = VERTEX_POINT('',#5464);
#5464 = CARTESIAN_POINT('',(-7.563615795678,-14.55169117647,8.));
#5465 = SURFACE_CURVE('',#5466,(#5471,#5482),.PCURVE_S1.);
#5466 = CIRCLE('',#5467,7.95);
#5467 = AXIS2_PLACEMENT_3D('',#5468,#5469,#5470);
#5468 = CARTESIAN_POINT('',(-3.774758283726E-15,-17.,8.));
#5469 = DIRECTION('',(0.,0.,-1.));
#5470 = DIRECTION('',(-2.22044604925E-16,-1.,-0.));
#5471 = PCURVE('',#834,#5472);
#5472 = DEFINITIONAL_REPRESENTATION('',(#5473),#5481);
#5473 = ( BOUNDED_CURVE() B_SPLINE_CURVE(2,(#5474,#5475,#5476,#5477,
#5478,#5479,#5480),.UNSPECIFIED.,.T.,.F.) B_SPLINE_CURVE_WITH_KNOTS((1,2
    ,2,2,2,1),(-2.094395102393,0.,2.094395102393,4.188790204786,
6.28318530718,8.377580409573),.UNSPECIFIED.) CURVE() 
GEOMETRIC_REPRESENTATION_ITEM() RATIONAL_B_SPLINE_CURVE((1.,0.5,1.,0.5,
1.,0.5,1.)) REPRESENTATION_ITEM('') );
#5474 = CARTESIAN_POINT('',(-17.,-24.95));
#5475 = CARTESIAN_POINT('',(-30.76980392017,-24.95));
#5476 = CARTESIAN_POINT('',(-23.88490196008,-13.025));
#5477 = CARTESIAN_POINT('',(-17.,-1.1));
#5478 = CARTESIAN_POINT('',(-10.11509803991,-13.025));
#5479 = CARTESIAN_POINT('',(-3.230196079827,-24.95));
#5480 = CARTESIAN_POINT('',(-17.,-24.95));
#5481 = ( GEOMETRIC_REPRESENTATION_CONTEXT(2) 
PARAMETRIC_REPRESENTATION_CONTEXT() REPRESENTATION_CONTEXT('2D SPACE',''
  ) );
#5482 = PCURVE('',#5483,#5488);
#5483 = CYLINDRICAL_SURFACE('',#5484,7.95);
#5484 = AXIS2_PLACEMENT_3D('',#5485,#5486,#5487);
#5485 = CARTESIAN_POINT('',(-3.774758283726E-15,-17.,1.6));
#5486 = DIRECTION('',(0.,0.,-1.));
#5487 = DIRECTION('',(-2.22044604925E-16,-1.,0.));
#5488 = DEFINITIONAL_REPRESENTATION('',(#5489),#5493);
#5489 = LINE('',#5490,#5491);
#5490 = CARTESIAN_POINT('',(-6.28318530718,-6.4));
#5491 = VECTOR('',#5492,1.);
#5492 = DIRECTION('',(1.,-0.));
#5493 = ( GEOMETRIC_REPRESENTATION_CONTEXT(2) 
PARAMETRIC_REPRESENTATION_CONTEXT() REPRESENTATION_CONTEXT('2D SPACE',''
  ) );
#5494 = ORIENTED_EDGE('',*,*,#5495,.T.);
#5495 = EDGE_CURVE('',#5463,#5496,#5498,.T.);
#5496 = VERTEX_POINT('',#5497);
#5497 = CARTESIAN_POINT('',(-14.55169117647,-7.563615795678,8.));
#5498 = SURFACE_CURVE('',#5499,(#5504,#5515),.PCURVE_S1.);
#5499 = CIRCLE('',#5500,16.4);
#5500 = AXIS2_PLACEMENT_3D('',#5501,#5502,#5503);
#5501 = CARTESIAN_POINT('',(0.,0.,8.));
#5502 = DIRECTION('',(0.,0.,-1.));
#5503 = DIRECTION('',(1.,0.,0.));
#5504 = PCURVE('',#834,#5505);
#5505 = DEFINITIONAL_REPRESENTATION('',(#5506),#5514);
#5506 = ( BOUNDED_CURVE() B_SPLINE_CURVE(2,(#5507,#5508,#5509,#5510,
#5511,#5512,#5513),.UNSPECIFIED.,.T.,.F.) B_SPLINE_CURVE_WITH_KNOTS((1,2
    ,2,2,2,1),(-2.094395102393,0.,2.094395102393,4.188790204786,
6.28318530718,8.377580409573),.UNSPECIFIED.) CURVE() 
GEOMETRIC_REPRESENTATION_ITEM() RATIONAL_B_SPLINE_CURVE((1.,0.5,1.,0.5,
1.,0.5,1.)) REPRESENTATION_ITEM('') );
#5507 = CARTESIAN_POINT('',(-0.6,-1.879594466024E-16));
#5508 = CARTESIAN_POINT('',(-0.6,-28.40563324413));
#5509 = CARTESIAN_POINT('',(-25.2,-14.20281662206));
#5510 = CARTESIAN_POINT('',(-49.8,-4.204800947806E-15));
#5511 = CARTESIAN_POINT('',(-25.2,14.202816622065));
#5512 = CARTESIAN_POINT('',(-0.6,28.40563324413));
#5513 = CARTESIAN_POINT('',(-0.6,-1.879594466024E-16));
#5514 = ( GEOMETRIC_REPRESENTATION_CONTEXT(2) 
PARAMETRIC_REPRESENTATION_CONTEXT() REPRESENTATION_CONTEXT('2D SPACE',''
  ) );
#5515 = PCURVE('',#5516,#5521);
#5516 = CYLINDRICAL_SURFACE('',#5517,16.4);
#5517 = AXIS2_PLACEMENT_3D('',#5518,#5519,#5520);
#5518 = CARTESIAN_POINT('',(0.,0.,1.6));
#5519 = DIRECTION('',(-0.,-0.,-1.));
#5520 = DIRECTION('',(1.,0.,0.));
#5521 = DEFINITIONAL_REPRESENTATION('',(#5522),#5526);
#5522 = LINE('',#5523,#5524);
#5523 = CARTESIAN_POINT('',(-6.28318530718,-6.4));
#5524 = VECTOR('',#5525,1.);
#5525 = DIRECTION('',(1.,-0.));
#5526 = ( GEOMETRIC_REPRESENTATION_CONTEXT(2) 
PARAMETRIC_REPRESENTATION_CONTEXT() REPRESENTATION_CONTEXT('2D SPACE',''
  ) );
#5527 = ORIENTED_EDGE('',*,*,#5528,.T.);
#5528 = EDGE_CURVE('',#5496,#5529,#5531,.T.);
#5529 = VERTEX_POINT('',#5530);
#5530 = CARTESIAN_POINT('',(-18.23943446694,-7.852789453573,8.));
#5531 = SURFACE_CURVE('',#5532,(#5537,#5548),.PCURVE_S1.);
#5532 = CIRCLE('',#5533,7.95);
#5533 = AXIS2_PLACEMENT_3D('',#5534,#5535,#5536);
#5534 = CARTESIAN_POINT('',(-17.,2.081899558551E-15,8.));
#5535 = DIRECTION('',(0.,0.,-1.));
#5536 = DIRECTION('',(-1.,1.224646799147E-16,0.));
#5537 = PCURVE('',#834,#5538);
#5538 = DEFINITIONAL_REPRESENTATION('',(#5539),#5547);
#5539 = ( BOUNDED_CURVE() B_SPLINE_CURVE(2,(#5540,#5541,#5542,#5543,
#5544,#5545,#5546),.UNSPECIFIED.,.T.,.F.) B_SPLINE_CURVE_WITH_KNOTS((1,2
    ,2,2,2,1),(-2.094395102393,0.,2.094395102393,4.188790204786,
6.28318530718,8.377580409573),.UNSPECIFIED.) CURVE() 
GEOMETRIC_REPRESENTATION_ITEM() RATIONAL_B_SPLINE_CURVE((1.,0.5,1.,0.5,
1.,0.5,1.)) REPRESENTATION_ITEM('') );
#5540 = CARTESIAN_POINT('',(-41.95,2.86753431727E-15));
#5541 = CARTESIAN_POINT('',(-41.95,13.769803920173));
#5542 = CARTESIAN_POINT('',(-30.025,6.884901960086));
#5543 = CARTESIAN_POINT('',(-18.1,1.893940111948E-15));
#5544 = CARTESIAN_POINT('',(-30.025,-6.884901960086));
#5545 = CARTESIAN_POINT('',(-41.95,-13.76980392017));
#5546 = CARTESIAN_POINT('',(-41.95,2.86753431727E-15));
#5547 = ( GEOMETRIC_REPRESENTATION_CONTEXT(2) 
PARAMETRIC_REPRESENTATION_CONTEXT() REPRESENTATION_CONTEXT('2D SPACE',''
  ) );
#5548 = PCURVE('',#5549,#5554);
#5549 = CYLINDRICAL_SURFACE('',#5550,7.95);
#5550 = AXIS2_PLACEMENT_3D('',#5551,#5552,#5553);
#5551 = CARTESIAN_POINT('',(-17.,2.081899558551E-15,1.6));
#5552 = DIRECTION('',(0.,0.,-1.));
#5553 = DIRECTION('',(-1.,1.224646799147E-16,0.));
#5554 = DEFINITIONAL_REPRESENTATION('',(#5555),#5559);
#5555 = LINE('',#5556,#5557);
#5556 = CARTESIAN_POINT('',(-6.28318530718,-6.4));
#5557 = VECTOR('',#5558,1.);
#5558 = DIRECTION('',(1.,-0.));
#5559 = ( GEOMETRIC_REPRESENTATION_CONTEXT(2) 
PARAMETRIC_REPRESENTATION_CONTEXT() REPRESENTATION_CONTEXT('2D SPACE',''
  ) );
#5560 = ORIENTED_EDGE('',*,*,#5561,.T.);
#5561 = EDGE_CURVE('',#5529,#5562,#5564,.T.);
#5562 = VERTEX_POINT('',#5563);
#5563 = CARTESIAN_POINT('',(-28.23341474649,-7.06894786302,8.));
#5564 = SURFACE_CURVE('',#5565,(#5569,#5576),.PCURVE_S1.);
#5565 = LINE('',#5566,#5567);
#5566 = CARTESIAN_POINT('',(-13.16379442109,-8.250878868934,8.));
#5567 = VECTOR('',#5568,1.);
#5568 = DIRECTION('',(-0.996938377813,7.819124531863E-02,0.));
#5569 = PCURVE('',#834,#5570);
#5570 = DEFINITIONAL_REPRESENTATION('',(#5571),#5575);
#5571 = LINE('',#5572,#5573);
#5572 = CARTESIAN_POINT('',(-30.16379442109,-8.250878868934));
#5573 = VECTOR('',#5574,1.);
#5574 = DIRECTION('',(-0.996938377813,7.819124531863E-02));
#5575 = ( GEOMETRIC_REPRESENTATION_CONTEXT(2) 
PARAMETRIC_REPRESENTATION_CONTEXT() REPRESENTATION_CONTEXT('2D SPACE',''
  ) );
#5576 = PCURVE('',#5577,#5582);
#5577 = PLANE('',#5578);
#5578 = AXIS2_PLACEMENT_3D('',#5579,#5580,#5581);
#5579 = CARTESIAN_POINT('',(-42.5,-5.95,1.6));
#5580 = DIRECTION('',(7.819124531863E-02,0.996938377813,0.));
#5581 = DIRECTION('',(0.996938377813,-7.819124531863E-02,0.));
#5582 = DEFINITIONAL_REPRESENTATION('',(#5583),#5586);
#5583 = B_SPLINE_CURVE_WITH_KNOTS('',1,(#5584,#5585),.UNSPECIFIED.,.F.,
  .F.,(2,2),(5.091227460809,29.4262977851),.PIECEWISE_BEZIER_KNOTS.);
#5584 = CARTESIAN_POINT('',(24.335070324291,-6.4));
#5585 = CARTESIAN_POINT('',(0.,-6.4));
#5586 = ( GEOMETRIC_REPRESENTATION_CONTEXT(2) 
PARAMETRIC_REPRESENTATION_CONTEXT() REPRESENTATION_CONTEXT('2D SPACE',''
  ) );
#5587 = ORIENTED_EDGE('',*,*,#5588,.T.);
#5588 = EDGE_CURVE('',#5562,#5589,#5591,.T.);
#5589 = VERTEX_POINT('',#5590);
#5590 = CARTESIAN_POINT('',(-32.02076943386,-6.771900436559,8.));
#5591 = SURFACE_CURVE('',#5592,(#5597,#5604),.PCURVE_S1.);
#5592 = CIRCLE('',#5593,2.5);
#5593 = AXIS2_PLACEMENT_3D('',#5594,#5595,#5596);
#5594 = CARTESIAN_POINT('',(-30.,-5.3,8.));
#5595 = DIRECTION('',(0.,0.,1.));
#5596 = DIRECTION('',(0.706634101404,-0.707579145208,0.));
#5597 = PCURVE('',#834,#5598);
#5598 = DEFINITIONAL_REPRESENTATION('',(#5599),#5603);
#5599 = CIRCLE('',#5600,2.5);
#5600 = AXIS2_PLACEMENT_2D('',#5601,#5602);
#5601 = CARTESIAN_POINT('',(-47.,-5.3));
#5602 = DIRECTION('',(0.706634101404,-0.707579145208));
#5603 = ( GEOMETRIC_REPRESENTATION_CONTEXT(2) 
PARAMETRIC_REPRESENTATION_CONTEXT() REPRESENTATION_CONTEXT('2D SPACE',''
  ) );
#5604 = PCURVE('',#5605,#5610);
#5605 = CYLINDRICAL_SURFACE('',#5606,2.5);
#5606 = AXIS2_PLACEMENT_3D('',#5607,#5608,#5609);
#5607 = CARTESIAN_POINT('',(-30.,-5.3,1.6));
#5608 = DIRECTION('',(-0.,-0.,-1.));
#5609 = DIRECTION('',(1.,0.,0.));
#5610 = DEFINITIONAL_REPRESENTATION('',(#5611),#5615);
#5611 = LINE('',#5612,#5613);
#5612 = CARTESIAN_POINT('',(-5.49711889685,-6.4));
#5613 = VECTOR('',#5614,1.);
#5614 = DIRECTION('',(-1.,0.));
#5615 = ( GEOMETRIC_REPRESENTATION_CONTEXT(2) 
PARAMETRIC_REPRESENTATION_CONTEXT() REPRESENTATION_CONTEXT('2D SPACE',''
  ) );
#5616 = ORIENTED_EDGE('',*,*,#5617,.T.);
#5617 = EDGE_CURVE('',#5589,#5618,#5620,.T.);
#5618 = VERTEX_POINT('',#5619);
#5619 = CARTESIAN_POINT('',(-42.5,-5.95,8.));
#5620 = SURFACE_CURVE('',#5621,(#5625,#5632),.PCURVE_S1.);
#5621 = LINE('',#5622,#5623);
#5622 = CARTESIAN_POINT('',(-13.16379442109,-8.250878868934,8.));
#5623 = VECTOR('',#5624,1.);
#5624 = DIRECTION('',(-0.996938377813,7.819124531863E-02,0.));
#5625 = PCURVE('',#834,#5626);
#5626 = DEFINITIONAL_REPRESENTATION('',(#5627),#5631);
#5627 = LINE('',#5628,#5629);
#5628 = CARTESIAN_POINT('',(-30.16379442109,-8.250878868934));
#5629 = VECTOR('',#5630,1.);
#5630 = DIRECTION('',(-0.996938377813,7.819124531863E-02));
#5631 = ( GEOMETRIC_REPRESENTATION_CONTEXT(2) 
PARAMETRIC_REPRESENTATION_CONTEXT() REPRESENTATION_CONTEXT('2D SPACE',''
  ) );
#5632 = PCURVE('',#5633,#5638);
#5633 = PLANE('',#5634);
#5634 = AXIS2_PLACEMENT_3D('',#5635,#5636,#5637);
#5635 = CARTESIAN_POINT('',(-42.5,-5.95,1.6));
#5636 = DIRECTION('',(7.819124531863E-02,0.996938377813,0.));
#5637 = DIRECTION('',(0.996938377813,-7.819124531863E-02,0.));
#5638 = DEFINITIONAL_REPRESENTATION('',(#5639),#5642);
#5639 = B_SPLINE_CURVE_WITH_KNOTS('',1,(#5640,#5641),.UNSPECIFIED.,.F.,
  .F.,(2,2),(5.091227460809,29.4262977851),.PIECEWISE_BEZIER_KNOTS.);
#5640 = CARTESIAN_POINT('',(24.335070324291,-6.4));
#5641 = CARTESIAN_POINT('',(0.,-6.4));
#5642 = ( GEOMETRIC_REPRESENTATION_CONTEXT(2) 
PARAMETRIC_REPRESENTATION_CONTEXT() REPRESENTATION_CONTEXT('2D SPACE',''
  ) );
#5643 = ORIENTED_EDGE('',*,*,#5644,.T.);
#5644 = EDGE_CURVE('',#5618,#5645,#5647,.T.);
#5645 = VERTEX_POINT('',#5646);
#5646 = CARTESIAN_POINT('',(-42.5,5.95,8.));
#5647 = SURFACE_CURVE('',#5648,(#5653,#5664),.PCURVE_S1.);
#5648 = CIRCLE('',#5649,5.95);
#5649 = AXIS2_PLACEMENT_3D('',#5650,#5651,#5652);
#5650 = CARTESIAN_POINT('',(-42.5,5.204748896376E-15,8.));
#5651 = DIRECTION('',(0.,0.,-1.));
#5652 = DIRECTION('',(-1.,1.224646799147E-16,0.));
#5653 = PCURVE('',#834,#5654);
#5654 = DEFINITIONAL_REPRESENTATION('',(#5655),#5663);
#5655 = ( BOUNDED_CURVE() B_SPLINE_CURVE(2,(#5656,#5657,#5658,#5659,
#5660,#5661,#5662),.UNSPECIFIED.,.T.,.F.) B_SPLINE_CURVE_WITH_KNOTS((1,2
    ,2,2,2,1),(-2.094395102393,0.,2.094395102393,4.188790204786,
6.28318530718,8.377580409573),.UNSPECIFIED.) CURVE() 
GEOMETRIC_REPRESENTATION_ITEM() RATIONAL_B_SPLINE_CURVE((1.,0.5,1.,0.5,
1.,0.5,1.)) REPRESENTATION_ITEM('') );
#5656 = CARTESIAN_POINT('',(-65.45,5.745454295267E-15));
#5657 = CARTESIAN_POINT('',(-65.45,10.305702305035));
#5658 = CARTESIAN_POINT('',(-56.525,5.152851152517));
#5659 = CARTESIAN_POINT('',(-47.6,5.016789449774E-15));
#5660 = CARTESIAN_POINT('',(-56.525,-5.152851152517));
#5661 = CARTESIAN_POINT('',(-65.45,-10.30570230503));
#5662 = CARTESIAN_POINT('',(-65.45,5.745454295267E-15));
#5663 = ( GEOMETRIC_REPRESENTATION_CONTEXT(2) 
PARAMETRIC_REPRESENTATION_CONTEXT() REPRESENTATION_CONTEXT('2D SPACE',''
  ) );
#5664 = PCURVE('',#5665,#5670);
#5665 = CYLINDRICAL_SURFACE('',#5666,5.95);
#5666 = AXIS2_PLACEMENT_3D('',#5667,#5668,#5669);
#5667 = CARTESIAN_POINT('',(-42.5,5.204748896376E-15,1.6));
#5668 = DIRECTION('',(0.,0.,-1.));
#5669 = DIRECTION('',(-1.,1.224646799147E-16,0.));
#5670 = DEFINITIONAL_REPRESENTATION('',(#5671),#5675);
#5671 = LINE('',#5672,#5673);
#5672 = CARTESIAN_POINT('',(-12.56637061435,-6.4));
#5673 = VECTOR('',#5674,1.);
#5674 = DIRECTION('',(1.,-0.));
#5675 = ( GEOMETRIC_REPRESENTATION_CONTEXT(2) 
PARAMETRIC_REPRESENTATION_CONTEXT() REPRESENTATION_CONTEXT('2D SPACE',''
  ) );
#5676 = ORIENTED_EDGE('',*,*,#5677,.T.);
#5677 = EDGE_CURVE('',#5645,#5678,#5680,.T.);
#5678 = VERTEX_POINT('',#5679);
#5679 = CARTESIAN_POINT('',(-18.23943446694,7.852789453573,8.));
#5680 = SURFACE_CURVE('',#5681,(#5685,#5692),.PCURVE_S1.);
#5681 = LINE('',#5682,#5683);
#5682 = CARTESIAN_POINT('',(-0.413794421093,9.250878868934,8.));
#5683 = VECTOR('',#5684,1.);
#5684 = DIRECTION('',(0.996938377813,7.819124531863E-02,-0.));
#5685 = PCURVE('',#834,#5686);
#5686 = DEFINITIONAL_REPRESENTATION('',(#5687),#5691);
#5687 = LINE('',#5688,#5689);
#5688 = CARTESIAN_POINT('',(-17.41379442109,9.250878868934));
#5689 = VECTOR('',#5690,1.);
#5690 = DIRECTION('',(0.996938377813,7.819124531863E-02));
#5691 = ( GEOMETRIC_REPRESENTATION_CONTEXT(2) 
PARAMETRIC_REPRESENTATION_CONTEXT() REPRESENTATION_CONTEXT('2D SPACE',''
  ) );
#5692 = PCURVE('',#5693,#5698);
#5693 = PLANE('',#5694);
#5694 = AXIS2_PLACEMENT_3D('',#5695,#5696,#5697);
#5695 = CARTESIAN_POINT('',(-17.,7.95,1.6));
#5696 = DIRECTION('',(7.819124531863E-02,-0.996938377813,0.));
#5697 = DIRECTION('',(-0.996938377813,-7.819124531863E-02,0.));
#5698 = DEFINITIONAL_REPRESENTATION('',(#5699),#5702);
#5699 = B_SPLINE_CURVE_WITH_KNOTS('',1,(#5700,#5701),.UNSPECIFIED.,.F.,
  .F.,(2,2),(-42.21545334752,-17.88038302323),.PIECEWISE_BEZIER_KNOTS.);
#5700 = CARTESIAN_POINT('',(25.578311124857,-6.4));
#5701 = CARTESIAN_POINT('',(1.243240800566,-6.4));
#5702 = ( GEOMETRIC_REPRESENTATION_CONTEXT(2) 
PARAMETRIC_REPRESENTATION_CONTEXT() REPRESENTATION_CONTEXT('2D SPACE',''
  ) );
#5703 = ORIENTED_EDGE('',*,*,#5704,.T.);
#5704 = EDGE_CURVE('',#5678,#5705,#5707,.T.);
#5705 = VERTEX_POINT('',#5706);
#5706 = CARTESIAN_POINT('',(-14.55169117647,7.563615795678,8.));
#5707 = SURFACE_CURVE('',#5708,(#5713,#5724),.PCURVE_S1.);
#5708 = CIRCLE('',#5709,7.95);
#5709 = AXIS2_PLACEMENT_3D('',#5710,#5711,#5712);
#5710 = CARTESIAN_POINT('',(-17.,2.081899558551E-15,8.));
#5711 = DIRECTION('',(0.,0.,-1.));
#5712 = DIRECTION('',(-1.,1.224646799147E-16,0.));
#5713 = PCURVE('',#834,#5714);
#5714 = DEFINITIONAL_REPRESENTATION('',(#5715),#5723);
#5715 = ( BOUNDED_CURVE() B_SPLINE_CURVE(2,(#5716,#5717,#5718,#5719,
#5720,#5721,#5722),.UNSPECIFIED.,.T.,.F.) B_SPLINE_CURVE_WITH_KNOTS((1,2
    ,2,2,2,1),(-2.094395102393,0.,2.094395102393,4.188790204786,
6.28318530718,8.377580409573),.UNSPECIFIED.) CURVE() 
GEOMETRIC_REPRESENTATION_ITEM() RATIONAL_B_SPLINE_CURVE((1.,0.5,1.,0.5,
1.,0.5,1.)) REPRESENTATION_ITEM('') );
#5716 = CARTESIAN_POINT('',(-41.95,2.86753431727E-15));
#5717 = CARTESIAN_POINT('',(-41.95,13.769803920173));
#5718 = CARTESIAN_POINT('',(-30.025,6.884901960086));
#5719 = CARTESIAN_POINT('',(-18.1,1.893940111948E-15));
#5720 = CARTESIAN_POINT('',(-30.025,-6.884901960086));
#5721 = CARTESIAN_POINT('',(-41.95,-13.76980392017));
#5722 = CARTESIAN_POINT('',(-41.95,2.86753431727E-15));
#5723 = ( GEOMETRIC_REPRESENTATION_CONTEXT(2) 
PARAMETRIC_REPRESENTATION_CONTEXT() REPRESENTATION_CONTEXT('2D SPACE',''
  ) );
#5724 = PCURVE('',#5725,#5730);
#5725 = CYLINDRICAL_SURFACE('',#5726,7.95);
#5726 = AXIS2_PLACEMENT_3D('',#5727,#5728,#5729);
#5727 = CARTESIAN_POINT('',(-17.,2.081899558551E-15,1.6));
#5728 = DIRECTION('',(0.,0.,-1.));
#5729 = DIRECTION('',(-1.,1.224646799147E-16,0.));
#5730 = DEFINITIONAL_REPRESENTATION('',(#5731),#5735);
#5731 = LINE('',#5732,#5733);
#5732 = CARTESIAN_POINT('',(-6.28318530718,-6.4));
#5733 = VECTOR('',#5734,1.);
#5734 = DIRECTION('',(1.,-0.));
#5735 = ( GEOMETRIC_REPRESENTATION_CONTEXT(2) 
PARAMETRIC_REPRESENTATION_CONTEXT() REPRESENTATION_CONTEXT('2D SPACE',''
  ) );
#5736 = ORIENTED_EDGE('',*,*,#5737,.T.);
#5737 = EDGE_CURVE('',#5705,#5738,#5740,.T.);
#5738 = VERTEX_POINT('',#5739);
#5739 = CARTESIAN_POINT('',(-7.563615795678,14.551691176471,8.));
#5740 = SURFACE_CURVE('',#5741,(#5746,#5757),.PCURVE_S1.);
#5741 = CIRCLE('',#5742,16.4);
#5742 = AXIS2_PLACEMENT_3D('',#5743,#5744,#5745);
#5743 = CARTESIAN_POINT('',(0.,0.,8.));
#5744 = DIRECTION('',(0.,0.,-1.));
#5745 = DIRECTION('',(1.,0.,0.));
#5746 = PCURVE('',#834,#5747);
#5747 = DEFINITIONAL_REPRESENTATION('',(#5748),#5756);
#5748 = ( BOUNDED_CURVE() B_SPLINE_CURVE(2,(#5749,#5750,#5751,#5752,
#5753,#5754,#5755),.UNSPECIFIED.,.T.,.F.) B_SPLINE_CURVE_WITH_KNOTS((1,2
    ,2,2,2,1),(-2.094395102393,0.,2.094395102393,4.188790204786,
6.28318530718,8.377580409573),.UNSPECIFIED.) CURVE() 
GEOMETRIC_REPRESENTATION_ITEM() RATIONAL_B_SPLINE_CURVE((1.,0.5,1.,0.5,
1.,0.5,1.)) REPRESENTATION_ITEM('') );
#5749 = CARTESIAN_POINT('',(-0.6,-1.879594466024E-16));
#5750 = CARTESIAN_POINT('',(-0.6,-28.40563324413));
#5751 = CARTESIAN_POINT('',(-25.2,-14.20281662206));
#5752 = CARTESIAN_POINT('',(-49.8,-4.204800947806E-15));
#5753 = CARTESIAN_POINT('',(-25.2,14.202816622065));
#5754 = CARTESIAN_POINT('',(-0.6,28.40563324413));
#5755 = CARTESIAN_POINT('',(-0.6,-1.879594466024E-16));
#5756 = ( GEOMETRIC_REPRESENTATION_CONTEXT(2) 
PARAMETRIC_REPRESENTATION_CONTEXT() REPRESENTATION_CONTEXT('2D SPACE',''
  ) );
#5757 = PCURVE('',#5758,#5763);
#5758 = CYLINDRICAL_SURFACE('',#5759,16.4);
#5759 = AXIS2_PLACEMENT_3D('',#5760,#5761,#5762);
#5760 = CARTESIAN_POINT('',(0.,0.,1.6));
#5761 = DIRECTION('',(-0.,-0.,-1.));
#5762 = DIRECTION('',(1.,0.,0.));
#5763 = DEFINITIONAL_REPRESENTATION('',(#5764),#5768);
#5764 = LINE('',#5765,#5766);
#5765 = CARTESIAN_POINT('',(-6.28318530718,-6.4));
#5766 = VECTOR('',#5767,1.);
#5767 = DIRECTION('',(1.,-0.));
#5768 = ( GEOMETRIC_REPRESENTATION_CONTEXT(2) 
PARAMETRIC_REPRESENTATION_CONTEXT() REPRESENTATION_CONTEXT('2D SPACE',''
  ) );
#5769 = ORIENTED_EDGE('',*,*,#5770,.T.);
#5770 = EDGE_CURVE('',#5738,#5771,#5773,.T.);
#5771 = VERTEX_POINT('',#5772);
#5772 = CARTESIAN_POINT('',(-7.852789453573,18.239434466947,8.));
#5773 = SURFACE_CURVE('',#5774,(#5779,#5790),.PCURVE_S1.);
#5774 = CIRCLE('',#5775,7.95);
#5775 = AXIS2_PLACEMENT_3D('',#5776,#5777,#5778);
#5776 = CARTESIAN_POINT('',(1.887379141863E-15,17.,8.));
#5777 = DIRECTION('',(0.,0.,-1.));
#5778 = DIRECTION('',(1.110223024625E-16,1.,0.));
#5779 = PCURVE('',#834,#5780);
#5780 = DEFINITIONAL_REPRESENTATION('',(#5781),#5789);
#5781 = ( BOUNDED_CURVE() B_SPLINE_CURVE(2,(#5782,#5783,#5784,#5785,
#5786,#5787,#5788),.UNSPECIFIED.,.T.,.F.) B_SPLINE_CURVE_WITH_KNOTS((1,2
    ,2,2,2,1),(-2.094395102393,0.,2.094395102393,4.188790204786,
6.28318530718,8.377580409573),.UNSPECIFIED.) CURVE() 
GEOMETRIC_REPRESENTATION_ITEM() RATIONAL_B_SPLINE_CURVE((1.,0.5,1.,0.5,
1.,0.5,1.)) REPRESENTATION_ITEM('') );
#5782 = CARTESIAN_POINT('',(-17.,24.95));
#5783 = CARTESIAN_POINT('',(-3.230196079827,24.95));
#5784 = CARTESIAN_POINT('',(-10.11509803991,13.025));
#5785 = CARTESIAN_POINT('',(-17.,1.1));
#5786 = CARTESIAN_POINT('',(-23.88490196008,13.025));
#5787 = CARTESIAN_POINT('',(-30.76980392017,24.95));
#5788 = CARTESIAN_POINT('',(-17.,24.95));
#5789 = ( GEOMETRIC_REPRESENTATION_CONTEXT(2) 
PARAMETRIC_REPRESENTATION_CONTEXT() REPRESENTATION_CONTEXT('2D SPACE',''
  ) );
#5790 = PCURVE('',#5791,#5796);
#5791 = CYLINDRICAL_SURFACE('',#5792,7.95);
#5792 = AXIS2_PLACEMENT_3D('',#5793,#5794,#5795);
#5793 = CARTESIAN_POINT('',(1.887379141863E-15,17.,1.6));
#5794 = DIRECTION('',(0.,-0.,-1.));
#5795 = DIRECTION('',(1.110223024625E-16,1.,0.));
#5796 = DEFINITIONAL_REPRESENTATION('',(#5797),#5801);
#5797 = LINE('',#5798,#5799);
#5798 = CARTESIAN_POINT('',(-6.28318530718,-6.4));
#5799 = VECTOR('',#5800,1.);
#5800 = DIRECTION('',(1.,-0.));
#5801 = ( GEOMETRIC_REPRESENTATION_CONTEXT(2) 
PARAMETRIC_REPRESENTATION_CONTEXT() REPRESENTATION_CONTEXT('2D SPACE',''
  ) );
#5802 = ORIENTED_EDGE('',*,*,#5803,.T.);
#5803 = EDGE_CURVE('',#5771,#5804,#5806,.T.);
#5804 = VERTEX_POINT('',#5805);
#5805 = CARTESIAN_POINT('',(-7.06894786302,28.233414746491,8.));
#5806 = SURFACE_CURVE('',#5807,(#5811,#5818),.PCURVE_S1.);
#5807 = LINE('',#5808,#5809);
#5808 = CARTESIAN_POINT('',(-7.536320213985,22.274417271685,8.));
#5809 = VECTOR('',#5810,1.);
#5810 = DIRECTION('',(7.819124531863E-02,0.996938377813,-0.));
#5811 = PCURVE('',#834,#5812);
#5812 = DEFINITIONAL_REPRESENTATION('',(#5813),#5817);
#5813 = LINE('',#5814,#5815);
#5814 = CARTESIAN_POINT('',(-24.53632021398,22.274417271685));
#5815 = VECTOR('',#5816,1.);
#5816 = DIRECTION('',(7.819124531863E-02,0.996938377813));
#5817 = ( GEOMETRIC_REPRESENTATION_CONTEXT(2) 
PARAMETRIC_REPRESENTATION_CONTEXT() REPRESENTATION_CONTEXT('2D SPACE',''
  ) );
#5818 = PCURVE('',#5819,#5824);
#5819 = PLANE('',#5820);
#5820 = AXIS2_PLACEMENT_3D('',#5821,#5822,#5823);
#5821 = CARTESIAN_POINT('',(-5.95,42.5,1.6));
#5822 = DIRECTION('',(0.996938377813,-7.819124531863E-02,0.));
#5823 = DIRECTION('',(-7.819124531863E-02,-0.996938377813,0.));
#5824 = DEFINITIONAL_REPRESENTATION('',(#5825),#5828);
#5825 = B_SPLINE_CURVE_WITH_KNOTS('',1,(#5826,#5827),.UNSPECIFIED.,.F.,
  .F.,(2,2),(-4.047374335806,20.287695988485),.PIECEWISE_BEZIER_KNOTS.);
#5826 = CARTESIAN_POINT('',(24.335070324291,-6.4));
#5827 = CARTESIAN_POINT('',(0.,-6.4));
#5828 = ( GEOMETRIC_REPRESENTATION_CONTEXT(2) 
PARAMETRIC_REPRESENTATION_CONTEXT() REPRESENTATION_CONTEXT('2D SPACE',''
  ) );
#5829 = ORIENTED_EDGE('',*,*,#5830,.T.);
#5830 = EDGE_CURVE('',#5804,#5831,#5833,.T.);
#5831 = VERTEX_POINT('',#5832);
#5832 = CARTESIAN_POINT('',(-6.771900436559,32.020769433868,8.));
#5833 = SURFACE_CURVE('',#5834,(#5839,#5846),.PCURVE_S1.);
#5834 = CIRCLE('',#5835,2.5);
#5835 = AXIS2_PLACEMENT_3D('',#5836,#5837,#5838);
#5836 = CARTESIAN_POINT('',(-5.3,30.,8.));
#5837 = DIRECTION('',(0.,0.,1.));
#5838 = DIRECTION('',(-0.707579145208,-0.706634101404,0.));
#5839 = PCURVE('',#834,#5840);
#5840 = DEFINITIONAL_REPRESENTATION('',(#5841),#5845);
#5841 = CIRCLE('',#5842,2.5);
#5842 = AXIS2_PLACEMENT_2D('',#5843,#5844);
#5843 = CARTESIAN_POINT('',(-22.3,30.));
#5844 = DIRECTION('',(-0.707579145208,-0.706634101404));
#5845 = ( GEOMETRIC_REPRESENTATION_CONTEXT(2) 
PARAMETRIC_REPRESENTATION_CONTEXT() REPRESENTATION_CONTEXT('2D SPACE',''
  ) );
#5846 = PCURVE('',#5847,#5852);
#5847 = CYLINDRICAL_SURFACE('',#5848,2.5);
#5848 = AXIS2_PLACEMENT_3D('',#5849,#5850,#5851);
#5849 = CARTESIAN_POINT('',(-5.3,30.,1.6));
#5850 = DIRECTION('',(-0.,-0.,-1.));
#5851 = DIRECTION('',(1.,0.,0.));
#5852 = DEFINITIONAL_REPRESENTATION('',(#5853),#5857);
#5853 = LINE('',#5854,#5855);
#5854 = CARTESIAN_POINT('',(-3.926322570055,-6.4));
#5855 = VECTOR('',#5856,1.);
#5856 = DIRECTION('',(-1.,0.));
#5857 = ( GEOMETRIC_REPRESENTATION_CONTEXT(2) 
PARAMETRIC_REPRESENTATION_CONTEXT() REPRESENTATION_CONTEXT('2D SPACE',''
  ) );
#5858 = ORIENTED_EDGE('',*,*,#5859,.T.);
#5859 = EDGE_CURVE('',#5831,#5860,#5862,.T.);
#5860 = VERTEX_POINT('',#5861);
#5861 = CARTESIAN_POINT('',(-5.95,42.5,8.));
#5862 = SURFACE_CURVE('',#5863,(#5867,#5874),.PCURVE_S1.);
#5863 = LINE('',#5864,#5865);
#5864 = CARTESIAN_POINT('',(-7.536320213985,22.274417271685,8.));
#5865 = VECTOR('',#5866,1.);
#5866 = DIRECTION('',(7.819124531863E-02,0.996938377813,-0.));
#5867 = PCURVE('',#834,#5868);
#5868 = DEFINITIONAL_REPRESENTATION('',(#5869),#5873);
#5869 = LINE('',#5870,#5871);
#5870 = CARTESIAN_POINT('',(-24.53632021398,22.274417271685));
#5871 = VECTOR('',#5872,1.);
#5872 = DIRECTION('',(7.819124531863E-02,0.996938377813));
#5873 = ( GEOMETRIC_REPRESENTATION_CONTEXT(2) 
PARAMETRIC_REPRESENTATION_CONTEXT() REPRESENTATION_CONTEXT('2D SPACE',''
  ) );
#5874 = PCURVE('',#5875,#5880);
#5875 = PLANE('',#5876);
#5876 = AXIS2_PLACEMENT_3D('',#5877,#5878,#5879);
#5877 = CARTESIAN_POINT('',(-5.95,42.5,1.6));
#5878 = DIRECTION('',(0.996938377813,-7.819124531863E-02,0.));
#5879 = DIRECTION('',(-7.819124531863E-02,-0.996938377813,0.));
#5880 = DEFINITIONAL_REPRESENTATION('',(#5881),#5884);
#5881 = B_SPLINE_CURVE_WITH_KNOTS('',1,(#5882,#5883),.UNSPECIFIED.,.F.,
  .F.,(2,2),(-4.047374335806,20.287695988485),.PIECEWISE_BEZIER_KNOTS.);
#5882 = CARTESIAN_POINT('',(24.335070324291,-6.4));
#5883 = CARTESIAN_POINT('',(0.,-6.4));
#5884 = ( GEOMETRIC_REPRESENTATION_CONTEXT(2) 
PARAMETRIC_REPRESENTATION_CONTEXT() REPRESENTATION_CONTEXT('2D SPACE',''
  ) );
#5885 = ORIENTED_EDGE('',*,*,#5886,.T.);
#5886 = EDGE_CURVE('',#5860,#5887,#5889,.T.);
#5887 = VERTEX_POINT('',#5888);
#5888 = CARTESIAN_POINT('',(5.95,42.5,8.));
#5889 = SURFACE_CURVE('',#5890,(#5895,#5906),.PCURVE_S1.);
#5890 = CIRCLE('',#5891,5.95);
#5891 = AXIS2_PLACEMENT_3D('',#5892,#5893,#5894);
#5892 = CARTESIAN_POINT('',(4.718447854657E-15,42.5,8.));
#5893 = DIRECTION('',(0.,0.,-1.));
#5894 = DIRECTION('',(1.110223024625E-16,1.,0.));
#5895 = PCURVE('',#834,#5896);
#5896 = DEFINITIONAL_REPRESENTATION('',(#5897),#5905);
#5897 = ( BOUNDED_CURVE() B_SPLINE_CURVE(2,(#5898,#5899,#5900,#5901,
#5902,#5903,#5904),.UNSPECIFIED.,.T.,.F.) B_SPLINE_CURVE_WITH_KNOTS((1,2
    ,2,2,2,1),(-2.094395102393,0.,2.094395102393,4.188790204786,
6.28318530718,8.377580409573),.UNSPECIFIED.) CURVE() 
GEOMETRIC_REPRESENTATION_ITEM() RATIONAL_B_SPLINE_CURVE((1.,0.5,1.,0.5,
1.,0.5,1.)) REPRESENTATION_ITEM('') );
#5898 = CARTESIAN_POINT('',(-17.,48.45));
#5899 = CARTESIAN_POINT('',(-6.694297694965,48.45));
#5900 = CARTESIAN_POINT('',(-11.84714884748,39.525));
#5901 = CARTESIAN_POINT('',(-17.,30.6));
#5902 = CARTESIAN_POINT('',(-22.15285115251,39.525));
#5903 = CARTESIAN_POINT('',(-27.30570230503,48.45));
#5904 = CARTESIAN_POINT('',(-17.,48.45));
#5905 = ( GEOMETRIC_REPRESENTATION_CONTEXT(2) 
PARAMETRIC_REPRESENTATION_CONTEXT() REPRESENTATION_CONTEXT('2D SPACE',''
  ) );
#5906 = PCURVE('',#5907,#5912);
#5907 = CYLINDRICAL_SURFACE('',#5908,5.95);
#5908 = AXIS2_PLACEMENT_3D('',#5909,#5910,#5911);
#5909 = CARTESIAN_POINT('',(4.718447854657E-15,42.5,1.6));
#5910 = DIRECTION('',(0.,-0.,-1.));
#5911 = DIRECTION('',(1.110223024625E-16,1.,0.));
#5912 = DEFINITIONAL_REPRESENTATION('',(#5913),#5917);
#5913 = LINE('',#5914,#5915);
#5914 = CARTESIAN_POINT('',(-12.56637061435,-6.4));
#5915 = VECTOR('',#5916,1.);
#5916 = DIRECTION('',(1.,-0.));
#5917 = ( GEOMETRIC_REPRESENTATION_CONTEXT(2) 
PARAMETRIC_REPRESENTATION_CONTEXT() REPRESENTATION_CONTEXT('2D SPACE',''
  ) );
#5918 = ORIENTED_EDGE('',*,*,#5919,.T.);
#5919 = EDGE_CURVE('',#5887,#5920,#5922,.T.);
#5920 = VERTEX_POINT('',#5921);
#5921 = CARTESIAN_POINT('',(7.852789453573,18.239434466947,8.));
#5922 = SURFACE_CURVE('',#5923,(#5927,#5934),.PCURVE_S1.);
#5923 = LINE('',#5924,#5925);
#5924 = CARTESIAN_POINT('',(8.640256018342,8.199235766144,8.));
#5925 = VECTOR('',#5926,1.);
#5926 = DIRECTION('',(7.819124531863E-02,-0.996938377813,0.));
#5927 = PCURVE('',#834,#5928);
#5928 = DEFINITIONAL_REPRESENTATION('',(#5929),#5933);
#5929 = LINE('',#5930,#5931);
#5930 = CARTESIAN_POINT('',(-8.359743981658,8.199235766144));
#5931 = VECTOR('',#5932,1.);
#5932 = DIRECTION('',(7.819124531863E-02,-0.996938377813));
#5933 = ( GEOMETRIC_REPRESENTATION_CONTEXT(2) 
PARAMETRIC_REPRESENTATION_CONTEXT() REPRESENTATION_CONTEXT('2D SPACE',''
  ) );
#5934 = PCURVE('',#5935,#5940);
#5935 = PLANE('',#5936);
#5936 = AXIS2_PLACEMENT_3D('',#5937,#5938,#5939);
#5937 = CARTESIAN_POINT('',(7.95,17.,1.6));
#5938 = DIRECTION('',(-0.996938377813,-7.819124531863E-02,0.));
#5939 = DIRECTION('',(-7.819124531863E-02,0.996938377813,0.));
#5940 = DEFINITIONAL_REPRESENTATION('',(#5941),#5944);
#5941 = B_SPLINE_CURVE_WITH_KNOTS('',1,(#5942,#5943),.UNSPECIFIED.,.F.,
  .F.,(2,2),(-34.40610272133,-10.07103239704),.PIECEWISE_BEZIER_KNOTS.);
#5942 = CARTESIAN_POINT('',(25.578311124857,-6.4));
#5943 = CARTESIAN_POINT('',(1.243240800566,-6.4));
#5944 = ( GEOMETRIC_REPRESENTATION_CONTEXT(2) 
PARAMETRIC_REPRESENTATION_CONTEXT() REPRESENTATION_CONTEXT('2D SPACE',''
  ) );
#5945 = ORIENTED_EDGE('',*,*,#5946,.T.);
#5946 = EDGE_CURVE('',#5920,#5947,#5949,.T.);
#5947 = VERTEX_POINT('',#5948);
#5948 = CARTESIAN_POINT('',(7.563615795678,14.551691176471,8.));
#5949 = SURFACE_CURVE('',#5950,(#5955,#5966),.PCURVE_S1.);
#5950 = CIRCLE('',#5951,7.95);
#5951 = AXIS2_PLACEMENT_3D('',#5952,#5953,#5954);
#5952 = CARTESIAN_POINT('',(1.887379141863E-15,17.,8.));
#5953 = DIRECTION('',(0.,0.,-1.));
#5954 = DIRECTION('',(1.110223024625E-16,1.,0.));
#5955 = PCURVE('',#834,#5956);
#5956 = DEFINITIONAL_REPRESENTATION('',(#5957),#5965);
#5957 = ( BOUNDED_CURVE() B_SPLINE_CURVE(2,(#5958,#5959,#5960,#5961,
#5962,#5963,#5964),.UNSPECIFIED.,.T.,.F.) B_SPLINE_CURVE_WITH_KNOTS((1,2
    ,2,2,2,1),(-2.094395102393,0.,2.094395102393,4.188790204786,
6.28318530718,8.377580409573),.UNSPECIFIED.) CURVE() 
GEOMETRIC_REPRESENTATION_ITEM() RATIONAL_B_SPLINE_CURVE((1.,0.5,1.,0.5,
1.,0.5,1.)) REPRESENTATION_ITEM('') );
#5958 = CARTESIAN_POINT('',(-17.,24.95));
#5959 = CARTESIAN_POINT('',(-3.230196079827,24.95));
#5960 = CARTESIAN_POINT('',(-10.11509803991,13.025));
#5961 = CARTESIAN_POINT('',(-17.,1.1));
#5962 = CARTESIAN_POINT('',(-23.88490196008,13.025));
#5963 = CARTESIAN_POINT('',(-30.76980392017,24.95));
#5964 = CARTESIAN_POINT('',(-17.,24.95));
#5965 = ( GEOMETRIC_REPRESENTATION_CONTEXT(2) 
PARAMETRIC_REPRESENTATION_CONTEXT() REPRESENTATION_CONTEXT('2D SPACE',''
  ) );
#5966 = PCURVE('',#5967,#5972);
#5967 = CYLINDRICAL_SURFACE('',#5968,7.95);
#5968 = AXIS2_PLACEMENT_3D('',#5969,#5970,#5971);
#5969 = CARTESIAN_POINT('',(1.887379141863E-15,17.,1.6));
#5970 = DIRECTION('',(0.,-0.,-1.));
#5971 = DIRECTION('',(1.110223024625E-16,1.,0.));
#5972 = DEFINITIONAL_REPRESENTATION('',(#5973),#5977);
#5973 = LINE('',#5974,#5975);
#5974 = CARTESIAN_POINT('',(-6.28318530718,-6.4));
#5975 = VECTOR('',#5976,1.);
#5976 = DIRECTION('',(1.,-0.));
#5977 = ( GEOMETRIC_REPRESENTATION_CONTEXT(2) 
PARAMETRIC_REPRESENTATION_CONTEXT() REPRESENTATION_CONTEXT('2D SPACE',''
  ) );
#5978 = ORIENTED_EDGE('',*,*,#5979,.T.);
#5979 = EDGE_CURVE('',#5947,#5980,#5982,.T.);
#5980 = VERTEX_POINT('',#5981);
#5981 = CARTESIAN_POINT('',(14.551691176471,7.563615795678,8.));
#5982 = SURFACE_CURVE('',#5983,(#5988,#5999),.PCURVE_S1.);
#5983 = CIRCLE('',#5984,16.4);
#5984 = AXIS2_PLACEMENT_3D('',#5985,#5986,#5987);
#5985 = CARTESIAN_POINT('',(0.,0.,8.));
#5986 = DIRECTION('',(0.,0.,-1.));
#5987 = DIRECTION('',(1.,0.,0.));
#5988 = PCURVE('',#834,#5989);
#5989 = DEFINITIONAL_REPRESENTATION('',(#5990),#5998);
#5990 = ( BOUNDED_CURVE() B_SPLINE_CURVE(2,(#5991,#5992,#5993,#5994,
#5995,#5996,#5997),.UNSPECIFIED.,.T.,.F.) B_SPLINE_CURVE_WITH_KNOTS((1,2
    ,2,2,2,1),(-2.094395102393,0.,2.094395102393,4.188790204786,
6.28318530718,8.377580409573),.UNSPECIFIED.) CURVE() 
GEOMETRIC_REPRESENTATION_ITEM() RATIONAL_B_SPLINE_CURVE((1.,0.5,1.,0.5,
1.,0.5,1.)) REPRESENTATION_ITEM('') );
#5991 = CARTESIAN_POINT('',(-0.6,-1.879594466024E-16));
#5992 = CARTESIAN_POINT('',(-0.6,-28.40563324413));
#5993 = CARTESIAN_POINT('',(-25.2,-14.20281662206));
#5994 = CARTESIAN_POINT('',(-49.8,-4.204800947806E-15));
#5995 = CARTESIAN_POINT('',(-25.2,14.202816622065));
#5996 = CARTESIAN_POINT('',(-0.6,28.40563324413));
#5997 = CARTESIAN_POINT('',(-0.6,-1.879594466024E-16));
#5998 = ( GEOMETRIC_REPRESENTATION_CONTEXT(2) 
PARAMETRIC_REPRESENTATION_CONTEXT() REPRESENTATION_CONTEXT('2D SPACE',''
  ) );
#5999 = PCURVE('',#6000,#6005);
#6000 = CYLINDRICAL_SURFACE('',#6001,16.4);
#6001 = AXIS2_PLACEMENT_3D('',#6002,#6003,#6004);
#6002 = CARTESIAN_POINT('',(0.,0.,1.6));
#6003 = DIRECTION('',(-0.,-0.,-1.));
#6004 = DIRECTION('',(1.,0.,0.));
#6005 = DEFINITIONAL_REPRESENTATION('',(#6006),#6010);
#6006 = LINE('',#6007,#6008);
#6007 = CARTESIAN_POINT('',(-6.28318530718,-6.4));
#6008 = VECTOR('',#6009,1.);
#6009 = DIRECTION('',(1.,-0.));
#6010 = ( GEOMETRIC_REPRESENTATION_CONTEXT(2) 
PARAMETRIC_REPRESENTATION_CONTEXT() REPRESENTATION_CONTEXT('2D SPACE',''
  ) );
#6011 = ORIENTED_EDGE('',*,*,#6012,.T.);
#6012 = EDGE_CURVE('',#5980,#5076,#6013,.T.);
#6013 = SURFACE_CURVE('',#6014,(#6019,#6030),.PCURVE_S1.);
#6014 = CIRCLE('',#6015,7.95);
#6015 = AXIS2_PLACEMENT_3D('',#6016,#6017,#6018);
#6016 = CARTESIAN_POINT('',(17.,0.,8.));
#6017 = DIRECTION('',(0.,0.,-1.));
#6018 = DIRECTION('',(1.,0.,0.));
#6019 = PCURVE('',#834,#6020);
#6020 = DEFINITIONAL_REPRESENTATION('',(#6021),#6029);
#6021 = ( BOUNDED_CURVE() B_SPLINE_CURVE(2,(#6022,#6023,#6024,#6025,
#6026,#6027,#6028),.UNSPECIFIED.,.T.,.F.) B_SPLINE_CURVE_WITH_KNOTS((1,2
    ,2,2,2,1),(-2.094395102393,0.,2.094395102393,4.188790204786,
6.28318530718,8.377580409573),.UNSPECIFIED.) CURVE() 
GEOMETRIC_REPRESENTATION_ITEM() RATIONAL_B_SPLINE_CURVE((1.,0.5,1.,0.5,
1.,0.5,1.)) REPRESENTATION_ITEM('') );
#6022 = CARTESIAN_POINT('',(7.95,-1.879594466024E-16));
#6023 = CARTESIAN_POINT('',(7.95,-13.76980392017));
#6024 = CARTESIAN_POINT('',(-3.975,-6.884901960086));
#6025 = CARTESIAN_POINT('',(-15.9,-2.135147857247E-15));
#6026 = CARTESIAN_POINT('',(-3.975,6.884901960086));
#6027 = CARTESIAN_POINT('',(7.95,13.769803920173));
#6028 = CARTESIAN_POINT('',(7.95,-1.879594466024E-16));
#6029 = ( GEOMETRIC_REPRESENTATION_CONTEXT(2) 
PARAMETRIC_REPRESENTATION_CONTEXT() REPRESENTATION_CONTEXT('2D SPACE',''
  ) );
#6030 = PCURVE('',#6031,#6036);
#6031 = CYLINDRICAL_SURFACE('',#6032,7.95);
#6032 = AXIS2_PLACEMENT_3D('',#6033,#6034,#6035);
#6033 = CARTESIAN_POINT('',(17.,0.,1.6));
#6034 = DIRECTION('',(-0.,-0.,-1.));
#6035 = DIRECTION('',(1.,0.,0.));
#6036 = DEFINITIONAL_REPRESENTATION('',(#6037),#6041);
#6037 = LINE('',#6038,#6039);
#6038 = CARTESIAN_POINT('',(-6.28318530718,-6.4));
#6039 = VECTOR('',#6040,1.);
#6040 = DIRECTION('',(1.,-0.));
#6041 = ( GEOMETRIC_REPRESENTATION_CONTEXT(2) 
PARAMETRIC_REPRESENTATION_CONTEXT() REPRESENTATION_CONTEXT('2D SPACE',''
  ) );
#6042 = FACE_BOUND('',#6043,.T.);
#6043 = EDGE_LOOP('',(#6044));
#6044 = ORIENTED_EDGE('',*,*,#6045,.T.);
#6045 = EDGE_CURVE('',#6046,#6046,#6048,.T.);
#6046 = VERTEX_POINT('',#6047);
#6047 = CARTESIAN_POINT('',(30.85,5.3,8.));
#6048 = SURFACE_CURVE('',#6049,(#6054,#6065),.PCURVE_S1.);
#6049 = CIRCLE('',#6050,0.85);
#6050 = AXIS2_PLACEMENT_3D('',#6051,#6052,#6053);
#6051 = CARTESIAN_POINT('',(30.,5.3,8.));
#6052 = DIRECTION('',(0.,0.,-1.));
#6053 = DIRECTION('',(1.,0.,0.));
#6054 = PCURVE('',#834,#6055);
#6055 = DEFINITIONAL_REPRESENTATION('',(#6056),#6064);
#6056 = ( BOUNDED_CURVE() B_SPLINE_CURVE(2,(#6057,#6058,#6059,#6060,
#6061,#6062,#6063),.UNSPECIFIED.,.T.,.F.) B_SPLINE_CURVE_WITH_KNOTS((1,2
    ,2,2,2,1),(-2.094395102393,0.,2.094395102393,4.188790204786,
6.28318530718,8.377580409573),.UNSPECIFIED.) CURVE() 
GEOMETRIC_REPRESENTATION_ITEM() RATIONAL_B_SPLINE_CURVE((1.,0.5,1.,0.5,
1.,0.5,1.)) REPRESENTATION_ITEM('') );
#6057 = CARTESIAN_POINT('',(13.85,5.3));
#6058 = CARTESIAN_POINT('',(13.85,3.827756813566));
#6059 = CARTESIAN_POINT('',(12.575,4.563878406783));
#6060 = CARTESIAN_POINT('',(11.3,5.3));
#6061 = CARTESIAN_POINT('',(12.575,6.036121593217));
#6062 = CARTESIAN_POINT('',(13.85,6.772243186434));
#6063 = CARTESIAN_POINT('',(13.85,5.3));
#6064 = ( GEOMETRIC_REPRESENTATION_CONTEXT(2) 
PARAMETRIC_REPRESENTATION_CONTEXT() REPRESENTATION_CONTEXT('2D SPACE',''
  ) );
#6065 = PCURVE('',#6066,#6071);
#6066 = CYLINDRICAL_SURFACE('',#6067,0.85);
#6067 = AXIS2_PLACEMENT_3D('',#6068,#6069,#6070);
#6068 = CARTESIAN_POINT('',(30.,5.3,2.2));
#6069 = DIRECTION('',(-0.,-0.,-1.));
#6070 = DIRECTION('',(1.,0.,0.));
#6071 = DEFINITIONAL_REPRESENTATION('',(#6072),#6076);
#6072 = LINE('',#6073,#6074);
#6073 = CARTESIAN_POINT('',(-6.28318530718,-5.8));
#6074 = VECTOR('',#6075,1.);
#6075 = DIRECTION('',(1.,-0.));
#6076 = ( GEOMETRIC_REPRESENTATION_CONTEXT(2) 
PARAMETRIC_REPRESENTATION_CONTEXT() REPRESENTATION_CONTEXT('2D SPACE',''
  ) );
#6077 = ADVANCED_FACE('',(#6078),#1040,.F.);
#6078 = FACE_BOUND('',#6079,.F.);
#6079 = EDGE_LOOP('',(#6080,#6110,#6131,#6132));
#6080 = ORIENTED_EDGE('',*,*,#6081,.T.);
#6081 = EDGE_CURVE('',#6082,#6084,#6086,.T.);
#6082 = VERTEX_POINT('',#6083);
#6083 = CARTESIAN_POINT('',(48.414389233049,0.65,7.865));
#6084 = VERTEX_POINT('',#6085);
#6085 = CARTESIAN_POINT('',(48.414389233048,-0.65,7.865));
#6086 = SURFACE_CURVE('',#6087,(#6092,#6103),.PCURVE_S1.);
#6087 = CIRCLE('',#6088,5.95);
#6088 = AXIS2_PLACEMENT_3D('',#6089,#6090,#6091);
#6089 = CARTESIAN_POINT('',(42.5,0.,7.865));
#6090 = DIRECTION('',(0.,0.,-1.));
#6091 = DIRECTION('',(1.,0.,0.));
#6092 = PCURVE('',#1040,#6093);
#6093 = DEFINITIONAL_REPRESENTATION('',(#6094),#6102);
#6094 = ( BOUNDED_CURVE() B_SPLINE_CURVE(2,(#6095,#6096,#6097,#6098,
#6099,#6100,#6101),.UNSPECIFIED.,.T.,.F.) B_SPLINE_CURVE_WITH_KNOTS((1,2
    ,2,2,2,1),(-2.094395102393,0.,2.094395102393,4.188790204786,
6.28318530718,8.377580409573),.UNSPECIFIED.) CURVE() 
GEOMETRIC_REPRESENTATION_ITEM() RATIONAL_B_SPLINE_CURVE((1.,0.5,1.,0.5,
1.,0.5,1.)) REPRESENTATION_ITEM('') );
#6095 = CARTESIAN_POINT('',(0.25,0.));
#6096 = CARTESIAN_POINT('',(0.25,-10.30570230503));
#6097 = CARTESIAN_POINT('',(-8.675,-5.152851152517));
#6098 = CARTESIAN_POINT('',(-17.6,-1.457329690985E-15));
#6099 = CARTESIAN_POINT('',(-8.675,5.152851152517));
#6100 = CARTESIAN_POINT('',(0.25,10.305702305035));
#6101 = CARTESIAN_POINT('',(0.25,0.));
#6102 = ( GEOMETRIC_REPRESENTATION_CONTEXT(2) 
PARAMETRIC_REPRESENTATION_CONTEXT() REPRESENTATION_CONTEXT('2D SPACE',''
  ) );
#6103 = PCURVE('',#5181,#6104);
#6104 = DEFINITIONAL_REPRESENTATION('',(#6105),#6109);
#6105 = LINE('',#6106,#6107);
#6106 = CARTESIAN_POINT('',(-12.56637061435,-6.265));
#6107 = VECTOR('',#6108,1.);
#6108 = DIRECTION('',(1.,-0.));
#6109 = ( GEOMETRIC_REPRESENTATION_CONTEXT(2) 
PARAMETRIC_REPRESENTATION_CONTEXT() REPRESENTATION_CONTEXT('2D SPACE',''
  ) );
#6110 = ORIENTED_EDGE('',*,*,#6111,.T.);
#6111 = EDGE_CURVE('',#6084,#1024,#6112,.T.);
#6112 = SURFACE_CURVE('',#6113,(#6117,#6124),.PCURVE_S1.);
#6113 = LINE('',#6114,#6115);
#6114 = CARTESIAN_POINT('',(46.,-0.65,7.865));
#6115 = VECTOR('',#6116,1.);
#6116 = DIRECTION('',(1.,0.,0.));
#6117 = PCURVE('',#1040,#6118);
#6118 = DEFINITIONAL_REPRESENTATION('',(#6119),#6123);
#6119 = LINE('',#6120,#6121);
#6120 = CARTESIAN_POINT('',(-2.2,-0.65));
#6121 = VECTOR('',#6122,1.);
#6122 = DIRECTION('',(1.,0.));
#6123 = ( GEOMETRIC_REPRESENTATION_CONTEXT(2) 
PARAMETRIC_REPRESENTATION_CONTEXT() REPRESENTATION_CONTEXT('2D SPACE',''
  ) );
#6124 = PCURVE('',#1071,#6125);
#6125 = DEFINITIONAL_REPRESENTATION('',(#6126),#6130);
#6126 = LINE('',#6127,#6128);
#6127 = CARTESIAN_POINT('',(0.,-0.78));
#6128 = VECTOR('',#6129,1.);
#6129 = DIRECTION('',(1.,0.));
#6130 = ( GEOMETRIC_REPRESENTATION_CONTEXT(2) 
PARAMETRIC_REPRESENTATION_CONTEXT() REPRESENTATION_CONTEXT('2D SPACE',''
  ) );
#6131 = ORIENTED_EDGE('',*,*,#1021,.F.);
#6132 = ORIENTED_EDGE('',*,*,#6133,.T.);
#6133 = EDGE_CURVE('',#1022,#6082,#6134,.T.);
#6134 = SURFACE_CURVE('',#6135,(#6139,#6146),.PCURVE_S1.);
#6135 = LINE('',#6136,#6137);
#6136 = CARTESIAN_POINT('',(50.4,0.65,7.865));
#6137 = VECTOR('',#6138,1.);
#6138 = DIRECTION('',(-1.,0.,0.));
#6139 = PCURVE('',#1040,#6140);
#6140 = DEFINITIONAL_REPRESENTATION('',(#6141),#6145);
#6141 = LINE('',#6142,#6143);
#6142 = CARTESIAN_POINT('',(2.2,0.65));
#6143 = VECTOR('',#6144,1.);
#6144 = DIRECTION('',(-1.,0.));
#6145 = ( GEOMETRIC_REPRESENTATION_CONTEXT(2) 
PARAMETRIC_REPRESENTATION_CONTEXT() REPRESENTATION_CONTEXT('2D SPACE',''
  ) );
#6146 = PCURVE('',#1128,#6147);
#6147 = DEFINITIONAL_REPRESENTATION('',(#6148),#6152);
#6148 = LINE('',#6149,#6150);
#6149 = CARTESIAN_POINT('',(0.,-0.78));
#6150 = VECTOR('',#6151,1.);
#6151 = DIRECTION('',(1.,0.));
#6152 = ( GEOMETRIC_REPRESENTATION_CONTEXT(2) 
PARAMETRIC_REPRESENTATION_CONTEXT() REPRESENTATION_CONTEXT('2D SPACE',''
  ) );
#6153 = ADVANCED_FACE('',(#6154),#1128,.T.);
#6154 = FACE_BOUND('',#6155,.T.);
#6155 = EDGE_LOOP('',(#6156,#6179,#6180,#6181));
#6156 = ORIENTED_EDGE('',*,*,#6157,.F.);
#6157 = EDGE_CURVE('',#1083,#6158,#6160,.T.);
#6158 = VERTEX_POINT('',#6159);
#6159 = CARTESIAN_POINT('',(48.414389233049,0.65,7.085));
#6160 = SURFACE_CURVE('',#6161,(#6165,#6172),.PCURVE_S1.);
#6161 = LINE('',#6162,#6163);
#6162 = CARTESIAN_POINT('',(50.4,0.65,7.085));
#6163 = VECTOR('',#6164,1.);
#6164 = DIRECTION('',(-1.,0.,0.));
#6165 = PCURVE('',#1128,#6166);
#6166 = DEFINITIONAL_REPRESENTATION('',(#6167),#6171);
#6167 = LINE('',#6168,#6169);
#6168 = CARTESIAN_POINT('',(0.,-0.));
#6169 = VECTOR('',#6170,1.);
#6170 = DIRECTION('',(1.,0.));
#6171 = ( GEOMETRIC_REPRESENTATION_CONTEXT(2) 
PARAMETRIC_REPRESENTATION_CONTEXT() REPRESENTATION_CONTEXT('2D SPACE',''
  ) );
#6172 = PCURVE('',#1099,#6173);
#6173 = DEFINITIONAL_REPRESENTATION('',(#6174),#6178);
#6174 = LINE('',#6175,#6176);
#6175 = CARTESIAN_POINT('',(2.2,0.65));
#6176 = VECTOR('',#6177,1.);
#6177 = DIRECTION('',(-1.,0.));
#6178 = ( GEOMETRIC_REPRESENTATION_CONTEXT(2) 
PARAMETRIC_REPRESENTATION_CONTEXT() REPRESENTATION_CONTEXT('2D SPACE',''
  ) );
#6179 = ORIENTED_EDGE('',*,*,#1115,.F.);
#6180 = ORIENTED_EDGE('',*,*,#6133,.T.);
#6181 = ORIENTED_EDGE('',*,*,#6182,.T.);
#6182 = EDGE_CURVE('',#6082,#6158,#6183,.T.);
#6183 = SURFACE_CURVE('',#6184,(#6188,#6194),.PCURVE_S1.);
#6184 = LINE('',#6185,#6186);
#6185 = CARTESIAN_POINT('',(48.414389233048,0.65,1.6));
#6186 = VECTOR('',#6187,1.);
#6187 = DIRECTION('',(-0.,-0.,-1.));
#6188 = PCURVE('',#1128,#6189);
#6189 = DEFINITIONAL_REPRESENTATION('',(#6190),#6193);
#6190 = B_SPLINE_CURVE_WITH_KNOTS('',1,(#6191,#6192),.UNSPECIFIED.,.F.,
  .F.,(2,2),(-6.343,-5.407),.PIECEWISE_BEZIER_KNOTS.);
#6191 = CARTESIAN_POINT('',(1.985610766952,-0.858));
#6192 = CARTESIAN_POINT('',(1.985610766952,7.8E-02));
#6193 = ( GEOMETRIC_REPRESENTATION_CONTEXT(2) 
PARAMETRIC_REPRESENTATION_CONTEXT() REPRESENTATION_CONTEXT('2D SPACE',''
  ) );
#6194 = PCURVE('',#5181,#6195);
#6195 = DEFINITIONAL_REPRESENTATION('',(#6196),#6199);
#6196 = B_SPLINE_CURVE_WITH_KNOTS('',1,(#6197,#6198),.UNSPECIFIED.,.F.,
  .F.,(2,2),(-6.343,-5.407),.PIECEWISE_BEZIER_KNOTS.);
#6197 = CARTESIAN_POINT('',(-6.392647469032,-6.343));
#6198 = CARTESIAN_POINT('',(-6.392647469032,-5.407));
#6199 = ( GEOMETRIC_REPRESENTATION_CONTEXT(2) 
PARAMETRIC_REPRESENTATION_CONTEXT() REPRESENTATION_CONTEXT('2D SPACE',''
  ) );
#6200 = ADVANCED_FACE('',(#6201),#1099,.T.);
#6201 = FACE_BOUND('',#6202,.T.);
#6202 = EDGE_LOOP('',(#6203,#6231,#6252,#6253));
#6203 = ORIENTED_EDGE('',*,*,#6204,.T.);
#6204 = EDGE_CURVE('',#6158,#6205,#6207,.T.);
#6205 = VERTEX_POINT('',#6206);
#6206 = CARTESIAN_POINT('',(48.414389233048,-0.65,7.085));
#6207 = SURFACE_CURVE('',#6208,(#6213,#6224),.PCURVE_S1.);
#6208 = CIRCLE('',#6209,5.95);
#6209 = AXIS2_PLACEMENT_3D('',#6210,#6211,#6212);
#6210 = CARTESIAN_POINT('',(42.5,0.,7.085));
#6211 = DIRECTION('',(0.,0.,-1.));
#6212 = DIRECTION('',(1.,0.,0.));
#6213 = PCURVE('',#1099,#6214);
#6214 = DEFINITIONAL_REPRESENTATION('',(#6215),#6223);
#6215 = ( BOUNDED_CURVE() B_SPLINE_CURVE(2,(#6216,#6217,#6218,#6219,
#6220,#6221,#6222),.UNSPECIFIED.,.T.,.F.) B_SPLINE_CURVE_WITH_KNOTS((1,2
    ,2,2,2,1),(-2.094395102393,0.,2.094395102393,4.188790204786,
6.28318530718,8.377580409573),.UNSPECIFIED.) CURVE() 
GEOMETRIC_REPRESENTATION_ITEM() RATIONAL_B_SPLINE_CURVE((1.,0.5,1.,0.5,
1.,0.5,1.)) REPRESENTATION_ITEM('') );
#6216 = CARTESIAN_POINT('',(0.25,0.));
#6217 = CARTESIAN_POINT('',(0.25,-10.30570230503));
#6218 = CARTESIAN_POINT('',(-8.675,-5.152851152517));
#6219 = CARTESIAN_POINT('',(-17.6,-1.457329690985E-15));
#6220 = CARTESIAN_POINT('',(-8.675,5.152851152517));
#6221 = CARTESIAN_POINT('',(0.25,10.305702305035));
#6222 = CARTESIAN_POINT('',(0.25,0.));
#6223 = ( GEOMETRIC_REPRESENTATION_CONTEXT(2) 
PARAMETRIC_REPRESENTATION_CONTEXT() REPRESENTATION_CONTEXT('2D SPACE',''
  ) );
#6224 = PCURVE('',#5181,#6225);
#6225 = DEFINITIONAL_REPRESENTATION('',(#6226),#6230);
#6226 = LINE('',#6227,#6228);
#6227 = CARTESIAN_POINT('',(-12.56637061435,-5.485));
#6228 = VECTOR('',#6229,1.);
#6229 = DIRECTION('',(1.,-0.));
#6230 = ( GEOMETRIC_REPRESENTATION_CONTEXT(2) 
PARAMETRIC_REPRESENTATION_CONTEXT() REPRESENTATION_CONTEXT('2D SPACE',''
  ) );
#6231 = ORIENTED_EDGE('',*,*,#6232,.T.);
#6232 = EDGE_CURVE('',#6205,#1057,#6233,.T.);
#6233 = SURFACE_CURVE('',#6234,(#6238,#6245),.PCURVE_S1.);
#6234 = LINE('',#6235,#6236);
#6235 = CARTESIAN_POINT('',(46.,-0.65,7.085));
#6236 = VECTOR('',#6237,1.);
#6237 = DIRECTION('',(1.,0.,0.));
#6238 = PCURVE('',#1099,#6239);
#6239 = DEFINITIONAL_REPRESENTATION('',(#6240),#6244);
#6240 = LINE('',#6241,#6242);
#6241 = CARTESIAN_POINT('',(-2.2,-0.65));
#6242 = VECTOR('',#6243,1.);
#6243 = DIRECTION('',(1.,0.));
#6244 = ( GEOMETRIC_REPRESENTATION_CONTEXT(2) 
PARAMETRIC_REPRESENTATION_CONTEXT() REPRESENTATION_CONTEXT('2D SPACE',''
  ) );
#6245 = PCURVE('',#1071,#6246);
#6246 = DEFINITIONAL_REPRESENTATION('',(#6247),#6251);
#6247 = LINE('',#6248,#6249);
#6248 = CARTESIAN_POINT('',(0.,0.));
#6249 = VECTOR('',#6250,1.);
#6250 = DIRECTION('',(1.,0.));
#6251 = ( GEOMETRIC_REPRESENTATION_CONTEXT(2) 
PARAMETRIC_REPRESENTATION_CONTEXT() REPRESENTATION_CONTEXT('2D SPACE',''
  ) );
#6252 = ORIENTED_EDGE('',*,*,#1082,.F.);
#6253 = ORIENTED_EDGE('',*,*,#6157,.T.);
#6254 = ADVANCED_FACE('',(#6255),#1071,.T.);
#6255 = FACE_BOUND('',#6256,.T.);
#6256 = EDGE_LOOP('',(#6257,#6258,#6277,#6278));
#6257 = ORIENTED_EDGE('',*,*,#6232,.F.);
#6258 = ORIENTED_EDGE('',*,*,#6259,.F.);
#6259 = EDGE_CURVE('',#6084,#6205,#6260,.T.);
#6260 = SURFACE_CURVE('',#6261,(#6265,#6271),.PCURVE_S1.);
#6261 = LINE('',#6262,#6263);
#6262 = CARTESIAN_POINT('',(48.414389233048,-0.65,1.6));
#6263 = VECTOR('',#6264,1.);
#6264 = DIRECTION('',(-0.,-0.,-1.));
#6265 = PCURVE('',#1071,#6266);
#6266 = DEFINITIONAL_REPRESENTATION('',(#6267),#6270);
#6267 = B_SPLINE_CURVE_WITH_KNOTS('',1,(#6268,#6269),.UNSPECIFIED.,.F.,
  .F.,(2,2),(-6.343,-5.407),.PIECEWISE_BEZIER_KNOTS.);
#6268 = CARTESIAN_POINT('',(2.414389233048,-0.858));
#6269 = CARTESIAN_POINT('',(2.414389233048,7.8E-02));
#6270 = ( GEOMETRIC_REPRESENTATION_CONTEXT(2) 
PARAMETRIC_REPRESENTATION_CONTEXT() REPRESENTATION_CONTEXT('2D SPACE',''
  ) );
#6271 = PCURVE('',#5181,#6272);
#6272 = DEFINITIONAL_REPRESENTATION('',(#6273),#6276);
#6273 = B_SPLINE_CURVE_WITH_KNOTS('',1,(#6274,#6275),.UNSPECIFIED.,.F.,
  .F.,(2,2),(-6.343,-5.407),.PIECEWISE_BEZIER_KNOTS.);
#6274 = CARTESIAN_POINT('',(-6.173723145327,-6.343));
#6275 = CARTESIAN_POINT('',(-6.173723145327,-5.407));
#6276 = ( GEOMETRIC_REPRESENTATION_CONTEXT(2) 
PARAMETRIC_REPRESENTATION_CONTEXT() REPRESENTATION_CONTEXT('2D SPACE',''
  ) );
#6277 = ORIENTED_EDGE('',*,*,#6111,.T.);
#6278 = ORIENTED_EDGE('',*,*,#1056,.T.);
#6279 = ADVANCED_FACE('',(#6280),#1160,.F.);
#6280 = FACE_BOUND('',#6281,.F.);
#6281 = EDGE_LOOP('',(#6282,#6312,#6333,#6334));
#6282 = ORIENTED_EDGE('',*,*,#6283,.T.);
#6283 = EDGE_CURVE('',#6284,#6286,#6288,.T.);
#6284 = VERTEX_POINT('',#6285);
#6285 = CARTESIAN_POINT('',(48.414389233049,0.65,6.815));
#6286 = VERTEX_POINT('',#6287);
#6287 = CARTESIAN_POINT('',(48.414389233048,-0.65,6.815));
#6288 = SURFACE_CURVE('',#6289,(#6294,#6305),.PCURVE_S1.);
#6289 = CIRCLE('',#6290,5.95);
#6290 = AXIS2_PLACEMENT_3D('',#6291,#6292,#6293);
#6291 = CARTESIAN_POINT('',(42.5,0.,6.815));
#6292 = DIRECTION('',(0.,0.,-1.));
#6293 = DIRECTION('',(1.,0.,0.));
#6294 = PCURVE('',#1160,#6295);
#6295 = DEFINITIONAL_REPRESENTATION('',(#6296),#6304);
#6296 = ( BOUNDED_CURVE() B_SPLINE_CURVE(2,(#6297,#6298,#6299,#6300,
#6301,#6302,#6303),.UNSPECIFIED.,.T.,.F.) B_SPLINE_CURVE_WITH_KNOTS((1,2
    ,2,2,2,1),(-2.094395102393,0.,2.094395102393,4.188790204786,
6.28318530718,8.377580409573),.UNSPECIFIED.) CURVE() 
GEOMETRIC_REPRESENTATION_ITEM() RATIONAL_B_SPLINE_CURVE((1.,0.5,1.,0.5,
1.,0.5,1.)) REPRESENTATION_ITEM('') );
#6297 = CARTESIAN_POINT('',(0.25,0.));
#6298 = CARTESIAN_POINT('',(0.25,-10.30570230503));
#6299 = CARTESIAN_POINT('',(-8.675,-5.152851152517));
#6300 = CARTESIAN_POINT('',(-17.6,-1.457329690985E-15));
#6301 = CARTESIAN_POINT('',(-8.675,5.152851152517));
#6302 = CARTESIAN_POINT('',(0.25,10.305702305035));
#6303 = CARTESIAN_POINT('',(0.25,0.));
#6304 = ( GEOMETRIC_REPRESENTATION_CONTEXT(2) 
PARAMETRIC_REPRESENTATION_CONTEXT() REPRESENTATION_CONTEXT('2D SPACE',''
  ) );
#6305 = PCURVE('',#5181,#6306);
#6306 = DEFINITIONAL_REPRESENTATION('',(#6307),#6311);
#6307 = LINE('',#6308,#6309);
#6308 = CARTESIAN_POINT('',(-12.56637061435,-5.215));
#6309 = VECTOR('',#6310,1.);
#6310 = DIRECTION('',(1.,-0.));
#6311 = ( GEOMETRIC_REPRESENTATION_CONTEXT(2) 
PARAMETRIC_REPRESENTATION_CONTEXT() REPRESENTATION_CONTEXT('2D SPACE',''
  ) );
#6312 = ORIENTED_EDGE('',*,*,#6313,.T.);
#6313 = EDGE_CURVE('',#6286,#1144,#6314,.T.);
#6314 = SURFACE_CURVE('',#6315,(#6319,#6326),.PCURVE_S1.);
#6315 = LINE('',#6316,#6317);
#6316 = CARTESIAN_POINT('',(46.,-0.65,6.815));
#6317 = VECTOR('',#6318,1.);
#6318 = DIRECTION('',(1.,0.,0.));
#6319 = PCURVE('',#1160,#6320);
#6320 = DEFINITIONAL_REPRESENTATION('',(#6321),#6325);
#6321 = LINE('',#6322,#6323);
#6322 = CARTESIAN_POINT('',(-2.2,-0.65));
#6323 = VECTOR('',#6324,1.);
#6324 = DIRECTION('',(1.,0.));
#6325 = ( GEOMETRIC_REPRESENTATION_CONTEXT(2) 
PARAMETRIC_REPRESENTATION_CONTEXT() REPRESENTATION_CONTEXT('2D SPACE',''
  ) );
#6326 = PCURVE('',#1191,#6327);
#6327 = DEFINITIONAL_REPRESENTATION('',(#6328),#6332);
#6328 = LINE('',#6329,#6330);
#6329 = CARTESIAN_POINT('',(0.,-0.78));
#6330 = VECTOR('',#6331,1.);
#6331 = DIRECTION('',(1.,0.));
#6332 = ( GEOMETRIC_REPRESENTATION_CONTEXT(2) 
PARAMETRIC_REPRESENTATION_CONTEXT() REPRESENTATION_CONTEXT('2D SPACE',''
  ) );
#6333 = ORIENTED_EDGE('',*,*,#1141,.F.);
#6334 = ORIENTED_EDGE('',*,*,#6335,.T.);
#6335 = EDGE_CURVE('',#1142,#6284,#6336,.T.);
#6336 = SURFACE_CURVE('',#6337,(#6341,#6348),.PCURVE_S1.);
#6337 = LINE('',#6338,#6339);
#6338 = CARTESIAN_POINT('',(50.4,0.65,6.815));
#6339 = VECTOR('',#6340,1.);
#6340 = DIRECTION('',(-1.,0.,0.));
#6341 = PCURVE('',#1160,#6342);
#6342 = DEFINITIONAL_REPRESENTATION('',(#6343),#6347);
#6343 = LINE('',#6344,#6345);
#6344 = CARTESIAN_POINT('',(2.2,0.65));
#6345 = VECTOR('',#6346,1.);
#6346 = DIRECTION('',(-1.,0.));
#6347 = ( GEOMETRIC_REPRESENTATION_CONTEXT(2) 
PARAMETRIC_REPRESENTATION_CONTEXT() REPRESENTATION_CONTEXT('2D SPACE',''
  ) );
#6348 = PCURVE('',#1248,#6349);
#6349 = DEFINITIONAL_REPRESENTATION('',(#6350),#6354);
#6350 = LINE('',#6351,#6352);
#6351 = CARTESIAN_POINT('',(0.,-0.78));
#6352 = VECTOR('',#6353,1.);
#6353 = DIRECTION('',(1.,0.));
#6354 = ( GEOMETRIC_REPRESENTATION_CONTEXT(2) 
PARAMETRIC_REPRESENTATION_CONTEXT() REPRESENTATION_CONTEXT('2D SPACE',''
  ) );
#6355 = ADVANCED_FACE('',(#6356),#1248,.T.);
#6356 = FACE_BOUND('',#6357,.T.);
#6357 = EDGE_LOOP('',(#6358,#6381,#6382,#6383));
#6358 = ORIENTED_EDGE('',*,*,#6359,.F.);
#6359 = EDGE_CURVE('',#1203,#6360,#6362,.T.);
#6360 = VERTEX_POINT('',#6361);
#6361 = CARTESIAN_POINT('',(48.414389233049,0.65,6.035));
#6362 = SURFACE_CURVE('',#6363,(#6367,#6374),.PCURVE_S1.);
#6363 = LINE('',#6364,#6365);
#6364 = CARTESIAN_POINT('',(50.4,0.65,6.035));
#6365 = VECTOR('',#6366,1.);
#6366 = DIRECTION('',(-1.,0.,0.));
#6367 = PCURVE('',#1248,#6368);
#6368 = DEFINITIONAL_REPRESENTATION('',(#6369),#6373);
#6369 = LINE('',#6370,#6371);
#6370 = CARTESIAN_POINT('',(0.,-0.));
#6371 = VECTOR('',#6372,1.);
#6372 = DIRECTION('',(1.,0.));
#6373 = ( GEOMETRIC_REPRESENTATION_CONTEXT(2) 
PARAMETRIC_REPRESENTATION_CONTEXT() REPRESENTATION_CONTEXT('2D SPACE',''
  ) );
#6374 = PCURVE('',#1219,#6375);
#6375 = DEFINITIONAL_REPRESENTATION('',(#6376),#6380);
#6376 = LINE('',#6377,#6378);
#6377 = CARTESIAN_POINT('',(2.2,0.65));
#6378 = VECTOR('',#6379,1.);
#6379 = DIRECTION('',(-1.,0.));
#6380 = ( GEOMETRIC_REPRESENTATION_CONTEXT(2) 
PARAMETRIC_REPRESENTATION_CONTEXT() REPRESENTATION_CONTEXT('2D SPACE',''
  ) );
#6381 = ORIENTED_EDGE('',*,*,#1235,.F.);
#6382 = ORIENTED_EDGE('',*,*,#6335,.T.);
#6383 = ORIENTED_EDGE('',*,*,#6384,.T.);
#6384 = EDGE_CURVE('',#6284,#6360,#6385,.T.);
#6385 = SURFACE_CURVE('',#6386,(#6390,#6396),.PCURVE_S1.);
#6386 = LINE('',#6387,#6388);
#6387 = CARTESIAN_POINT('',(48.414389233048,0.65,1.6));
#6388 = VECTOR('',#6389,1.);
#6389 = DIRECTION('',(-0.,-0.,-1.));
#6390 = PCURVE('',#1248,#6391);
#6391 = DEFINITIONAL_REPRESENTATION('',(#6392),#6395);
#6392 = B_SPLINE_CURVE_WITH_KNOTS('',1,(#6393,#6394),.UNSPECIFIED.,.F.,
  .F.,(2,2),(-5.293,-4.357),.PIECEWISE_BEZIER_KNOTS.);
#6393 = CARTESIAN_POINT('',(1.985610766952,-0.858));
#6394 = CARTESIAN_POINT('',(1.985610766952,7.8E-02));
#6395 = ( GEOMETRIC_REPRESENTATION_CONTEXT(2) 
PARAMETRIC_REPRESENTATION_CONTEXT() REPRESENTATION_CONTEXT('2D SPACE',''
  ) );
#6396 = PCURVE('',#5181,#6397);
#6397 = DEFINITIONAL_REPRESENTATION('',(#6398),#6401);
#6398 = B_SPLINE_CURVE_WITH_KNOTS('',1,(#6399,#6400),.UNSPECIFIED.,.F.,
  .F.,(2,2),(-5.293,-4.357),.PIECEWISE_BEZIER_KNOTS.);
#6399 = CARTESIAN_POINT('',(-6.392647469032,-5.293));
#6400 = CARTESIAN_POINT('',(-6.392647469032,-4.357));
#6401 = ( GEOMETRIC_REPRESENTATION_CONTEXT(2) 
PARAMETRIC_REPRESENTATION_CONTEXT() REPRESENTATION_CONTEXT('2D SPACE',''
  ) );
#6402 = ADVANCED_FACE('',(#6403),#1191,.T.);
#6403 = FACE_BOUND('',#6404,.T.);
#6404 = EDGE_LOOP('',(#6405,#6428,#6447,#6448));
#6405 = ORIENTED_EDGE('',*,*,#6406,.F.);
#6406 = EDGE_CURVE('',#6407,#1177,#6409,.T.);
#6407 = VERTEX_POINT('',#6408);
#6408 = CARTESIAN_POINT('',(48.414389233048,-0.65,6.035));
#6409 = SURFACE_CURVE('',#6410,(#6414,#6421),.PCURVE_S1.);
#6410 = LINE('',#6411,#6412);
#6411 = CARTESIAN_POINT('',(46.,-0.65,6.035));
#6412 = VECTOR('',#6413,1.);
#6413 = DIRECTION('',(1.,0.,0.));
#6414 = PCURVE('',#1191,#6415);
#6415 = DEFINITIONAL_REPRESENTATION('',(#6416),#6420);
#6416 = LINE('',#6417,#6418);
#6417 = CARTESIAN_POINT('',(0.,0.));
#6418 = VECTOR('',#6419,1.);
#6419 = DIRECTION('',(1.,0.));
#6420 = ( GEOMETRIC_REPRESENTATION_CONTEXT(2) 
PARAMETRIC_REPRESENTATION_CONTEXT() REPRESENTATION_CONTEXT('2D SPACE',''
  ) );
#6421 = PCURVE('',#1219,#6422);
#6422 = DEFINITIONAL_REPRESENTATION('',(#6423),#6427);
#6423 = LINE('',#6424,#6425);
#6424 = CARTESIAN_POINT('',(-2.2,-0.65));
#6425 = VECTOR('',#6426,1.);
#6426 = DIRECTION('',(1.,0.));
#6427 = ( GEOMETRIC_REPRESENTATION_CONTEXT(2) 
PARAMETRIC_REPRESENTATION_CONTEXT() REPRESENTATION_CONTEXT('2D SPACE',''
  ) );
#6428 = ORIENTED_EDGE('',*,*,#6429,.F.);
#6429 = EDGE_CURVE('',#6286,#6407,#6430,.T.);
#6430 = SURFACE_CURVE('',#6431,(#6435,#6441),.PCURVE_S1.);
#6431 = LINE('',#6432,#6433);
#6432 = CARTESIAN_POINT('',(48.414389233048,-0.65,1.6));
#6433 = VECTOR('',#6434,1.);
#6434 = DIRECTION('',(-0.,-0.,-1.));
#6435 = PCURVE('',#1191,#6436);
#6436 = DEFINITIONAL_REPRESENTATION('',(#6437),#6440);
#6437 = B_SPLINE_CURVE_WITH_KNOTS('',1,(#6438,#6439),.UNSPECIFIED.,.F.,
  .F.,(2,2),(-5.293,-4.357),.PIECEWISE_BEZIER_KNOTS.);
#6438 = CARTESIAN_POINT('',(2.414389233048,-0.858));
#6439 = CARTESIAN_POINT('',(2.414389233048,7.8E-02));
#6440 = ( GEOMETRIC_REPRESENTATION_CONTEXT(2) 
PARAMETRIC_REPRESENTATION_CONTEXT() REPRESENTATION_CONTEXT('2D SPACE',''
  ) );
#6441 = PCURVE('',#5181,#6442);
#6442 = DEFINITIONAL_REPRESENTATION('',(#6443),#6446);
#6443 = B_SPLINE_CURVE_WITH_KNOTS('',1,(#6444,#6445),.UNSPECIFIED.,.F.,
  .F.,(2,2),(-5.293,-4.357),.PIECEWISE_BEZIER_KNOTS.);
#6444 = CARTESIAN_POINT('',(-6.173723145327,-5.293));
#6445 = CARTESIAN_POINT('',(-6.173723145327,-4.357));
#6446 = ( GEOMETRIC_REPRESENTATION_CONTEXT(2) 
PARAMETRIC_REPRESENTATION_CONTEXT() REPRESENTATION_CONTEXT('2D SPACE',''
  ) );
#6447 = ORIENTED_EDGE('',*,*,#6313,.T.);
#6448 = ORIENTED_EDGE('',*,*,#1176,.T.);
#6449 = ADVANCED_FACE('',(#6450),#1219,.T.);
#6450 = FACE_BOUND('',#6451,.T.);
#6451 = EDGE_LOOP('',(#6452,#6478,#6479,#6480));
#6452 = ORIENTED_EDGE('',*,*,#6453,.T.);
#6453 = EDGE_CURVE('',#6360,#6407,#6454,.T.);
#6454 = SURFACE_CURVE('',#6455,(#6460,#6471),.PCURVE_S1.);
#6455 = CIRCLE('',#6456,5.95);
#6456 = AXIS2_PLACEMENT_3D('',#6457,#6458,#6459);
#6457 = CARTESIAN_POINT('',(42.5,0.,6.035));
#6458 = DIRECTION('',(0.,0.,-1.));
#6459 = DIRECTION('',(1.,0.,0.));
#6460 = PCURVE('',#1219,#6461);
#6461 = DEFINITIONAL_REPRESENTATION('',(#6462),#6470);
#6462 = ( BOUNDED_CURVE() B_SPLINE_CURVE(2,(#6463,#6464,#6465,#6466,
#6467,#6468,#6469),.UNSPECIFIED.,.T.,.F.) B_SPLINE_CURVE_WITH_KNOTS((1,2
    ,2,2,2,1),(-2.094395102393,0.,2.094395102393,4.188790204786,
6.28318530718,8.377580409573),.UNSPECIFIED.) CURVE() 
GEOMETRIC_REPRESENTATION_ITEM() RATIONAL_B_SPLINE_CURVE((1.,0.5,1.,0.5,
1.,0.5,1.)) REPRESENTATION_ITEM('') );
#6463 = CARTESIAN_POINT('',(0.25,0.));
#6464 = CARTESIAN_POINT('',(0.25,-10.30570230503));
#6465 = CARTESIAN_POINT('',(-8.675,-5.152851152517));
#6466 = CARTESIAN_POINT('',(-17.6,-1.457329690985E-15));
#6467 = CARTESIAN_POINT('',(-8.675,5.152851152517));
#6468 = CARTESIAN_POINT('',(0.25,10.305702305035));
#6469 = CARTESIAN_POINT('',(0.25,0.));
#6470 = ( GEOMETRIC_REPRESENTATION_CONTEXT(2) 
PARAMETRIC_REPRESENTATION_CONTEXT() REPRESENTATION_CONTEXT('2D SPACE',''
  ) );
#6471 = PCURVE('',#5181,#6472);
#6472 = DEFINITIONAL_REPRESENTATION('',(#6473),#6477);
#6473 = LINE('',#6474,#6475);
#6474 = CARTESIAN_POINT('',(-12.56637061435,-4.435));
#6475 = VECTOR('',#6476,1.);
#6476 = DIRECTION('',(1.,-0.));
#6477 = ( GEOMETRIC_REPRESENTATION_CONTEXT(2) 
PARAMETRIC_REPRESENTATION_CONTEXT() REPRESENTATION_CONTEXT('2D SPACE',''
  ) );
#6478 = ORIENTED_EDGE('',*,*,#6406,.T.);
#6479 = ORIENTED_EDGE('',*,*,#1202,.F.);
#6480 = ORIENTED_EDGE('',*,*,#6359,.T.);
#6481 = ADVANCED_FACE('',(#6482),#1280,.F.);
#6482 = FACE_BOUND('',#6483,.F.);
#6483 = EDGE_LOOP('',(#6484,#6514,#6535,#6536));
#6484 = ORIENTED_EDGE('',*,*,#6485,.T.);
#6485 = EDGE_CURVE('',#6486,#6488,#6490,.T.);
#6486 = VERTEX_POINT('',#6487);
#6487 = CARTESIAN_POINT('',(48.414389233049,0.65,5.765));
#6488 = VERTEX_POINT('',#6489);
#6489 = CARTESIAN_POINT('',(48.414389233048,-0.65,5.765));
#6490 = SURFACE_CURVE('',#6491,(#6496,#6507),.PCURVE_S1.);
#6491 = CIRCLE('',#6492,5.95);
#6492 = AXIS2_PLACEMENT_3D('',#6493,#6494,#6495);
#6493 = CARTESIAN_POINT('',(42.5,0.,5.765));
#6494 = DIRECTION('',(0.,0.,-1.));
#6495 = DIRECTION('',(1.,0.,0.));
#6496 = PCURVE('',#1280,#6497);
#6497 = DEFINITIONAL_REPRESENTATION('',(#6498),#6506);
#6498 = ( BOUNDED_CURVE() B_SPLINE_CURVE(2,(#6499,#6500,#6501,#6502,
#6503,#6504,#6505),.UNSPECIFIED.,.T.,.F.) B_SPLINE_CURVE_WITH_KNOTS((1,2
    ,2,2,2,1),(-2.094395102393,0.,2.094395102393,4.188790204786,
6.28318530718,8.377580409573),.UNSPECIFIED.) CURVE() 
GEOMETRIC_REPRESENTATION_ITEM() RATIONAL_B_SPLINE_CURVE((1.,0.5,1.,0.5,
1.,0.5,1.)) REPRESENTATION_ITEM('') );
#6499 = CARTESIAN_POINT('',(0.25,0.));
#6500 = CARTESIAN_POINT('',(0.25,-10.30570230503));
#6501 = CARTESIAN_POINT('',(-8.675,-5.152851152517));
#6502 = CARTESIAN_POINT('',(-17.6,-1.457329690985E-15));
#6503 = CARTESIAN_POINT('',(-8.675,5.152851152517));
#6504 = CARTESIAN_POINT('',(0.25,10.305702305035));
#6505 = CARTESIAN_POINT('',(0.25,0.));
#6506 = ( GEOMETRIC_REPRESENTATION_CONTEXT(2) 
PARAMETRIC_REPRESENTATION_CONTEXT() REPRESENTATION_CONTEXT('2D SPACE',''
  ) );
#6507 = PCURVE('',#5181,#6508);
#6508 = DEFINITIONAL_REPRESENTATION('',(#6509),#6513);
#6509 = LINE('',#6510,#6511);
#6510 = CARTESIAN_POINT('',(-12.56637061435,-4.165));
#6511 = VECTOR('',#6512,1.);
#6512 = DIRECTION('',(1.,-0.));
#6513 = ( GEOMETRIC_REPRESENTATION_CONTEXT(2) 
PARAMETRIC_REPRESENTATION_CONTEXT() REPRESENTATION_CONTEXT('2D SPACE',''
  ) );
#6514 = ORIENTED_EDGE('',*,*,#6515,.T.);
#6515 = EDGE_CURVE('',#6488,#1264,#6516,.T.);
#6516 = SURFACE_CURVE('',#6517,(#6521,#6528),.PCURVE_S1.);
#6517 = LINE('',#6518,#6519);
#6518 = CARTESIAN_POINT('',(46.,-0.65,5.765));
#6519 = VECTOR('',#6520,1.);
#6520 = DIRECTION('',(1.,0.,0.));
#6521 = PCURVE('',#1280,#6522);
#6522 = DEFINITIONAL_REPRESENTATION('',(#6523),#6527);
#6523 = LINE('',#6524,#6525);
#6524 = CARTESIAN_POINT('',(-2.2,-0.65));
#6525 = VECTOR('',#6526,1.);
#6526 = DIRECTION('',(1.,0.));
#6527 = ( GEOMETRIC_REPRESENTATION_CONTEXT(2) 
PARAMETRIC_REPRESENTATION_CONTEXT() REPRESENTATION_CONTEXT('2D SPACE',''
  ) );
#6528 = PCURVE('',#1311,#6529);
#6529 = DEFINITIONAL_REPRESENTATION('',(#6530),#6534);
#6530 = LINE('',#6531,#6532);
#6531 = CARTESIAN_POINT('',(0.,-0.78));
#6532 = VECTOR('',#6533,1.);
#6533 = DIRECTION('',(1.,0.));
#6534 = ( GEOMETRIC_REPRESENTATION_CONTEXT(2) 
PARAMETRIC_REPRESENTATION_CONTEXT() REPRESENTATION_CONTEXT('2D SPACE',''
  ) );
#6535 = ORIENTED_EDGE('',*,*,#1261,.F.);
#6536 = ORIENTED_EDGE('',*,*,#6537,.T.);
#6537 = EDGE_CURVE('',#1262,#6486,#6538,.T.);
#6538 = SURFACE_CURVE('',#6539,(#6543,#6550),.PCURVE_S1.);
#6539 = LINE('',#6540,#6541);
#6540 = CARTESIAN_POINT('',(50.4,0.65,5.765));
#6541 = VECTOR('',#6542,1.);
#6542 = DIRECTION('',(-1.,0.,0.));
#6543 = PCURVE('',#1280,#6544);
#6544 = DEFINITIONAL_REPRESENTATION('',(#6545),#6549);
#6545 = LINE('',#6546,#6547);
#6546 = CARTESIAN_POINT('',(2.2,0.65));
#6547 = VECTOR('',#6548,1.);
#6548 = DIRECTION('',(-1.,0.));
#6549 = ( GEOMETRIC_REPRESENTATION_CONTEXT(2) 
PARAMETRIC_REPRESENTATION_CONTEXT() REPRESENTATION_CONTEXT('2D SPACE',''
  ) );
#6550 = PCURVE('',#1368,#6551);
#6551 = DEFINITIONAL_REPRESENTATION('',(#6552),#6556);
#6552 = LINE('',#6553,#6554);
#6553 = CARTESIAN_POINT('',(0.,-0.78));
#6554 = VECTOR('',#6555,1.);
#6555 = DIRECTION('',(1.,0.));
#6556 = ( GEOMETRIC_REPRESENTATION_CONTEXT(2) 
PARAMETRIC_REPRESENTATION_CONTEXT() REPRESENTATION_CONTEXT('2D SPACE',''
  ) );
#6557 = ADVANCED_FACE('',(#6558),#1368,.T.);
#6558 = FACE_BOUND('',#6559,.T.);
#6559 = EDGE_LOOP('',(#6560,#6583,#6584,#6585));
#6560 = ORIENTED_EDGE('',*,*,#6561,.F.);
#6561 = EDGE_CURVE('',#1323,#6562,#6564,.T.);
#6562 = VERTEX_POINT('',#6563);
#6563 = CARTESIAN_POINT('',(48.414389233049,0.65,4.985));
#6564 = SURFACE_CURVE('',#6565,(#6569,#6576),.PCURVE_S1.);
#6565 = LINE('',#6566,#6567);
#6566 = CARTESIAN_POINT('',(50.4,0.65,4.985));
#6567 = VECTOR('',#6568,1.);
#6568 = DIRECTION('',(-1.,0.,0.));
#6569 = PCURVE('',#1368,#6570);
#6570 = DEFINITIONAL_REPRESENTATION('',(#6571),#6575);
#6571 = LINE('',#6572,#6573);
#6572 = CARTESIAN_POINT('',(0.,-0.));
#6573 = VECTOR('',#6574,1.);
#6574 = DIRECTION('',(1.,0.));
#6575 = ( GEOMETRIC_REPRESENTATION_CONTEXT(2) 
PARAMETRIC_REPRESENTATION_CONTEXT() REPRESENTATION_CONTEXT('2D SPACE',''
  ) );
#6576 = PCURVE('',#1339,#6577);
#6577 = DEFINITIONAL_REPRESENTATION('',(#6578),#6582);
#6578 = LINE('',#6579,#6580);
#6579 = CARTESIAN_POINT('',(2.2,0.65));
#6580 = VECTOR('',#6581,1.);
#6581 = DIRECTION('',(-1.,0.));
#6582 = ( GEOMETRIC_REPRESENTATION_CONTEXT(2) 
PARAMETRIC_REPRESENTATION_CONTEXT() REPRESENTATION_CONTEXT('2D SPACE',''
  ) );
#6583 = ORIENTED_EDGE('',*,*,#1355,.F.);
#6584 = ORIENTED_EDGE('',*,*,#6537,.T.);
#6585 = ORIENTED_EDGE('',*,*,#6586,.T.);
#6586 = EDGE_CURVE('',#6486,#6562,#6587,.T.);
#6587 = SURFACE_CURVE('',#6588,(#6592,#6598),.PCURVE_S1.);
#6588 = LINE('',#6589,#6590);
#6589 = CARTESIAN_POINT('',(48.414389233048,0.65,1.6));
#6590 = VECTOR('',#6591,1.);
#6591 = DIRECTION('',(-0.,-0.,-1.));
#6592 = PCURVE('',#1368,#6593);
#6593 = DEFINITIONAL_REPRESENTATION('',(#6594),#6597);
#6594 = B_SPLINE_CURVE_WITH_KNOTS('',1,(#6595,#6596),.UNSPECIFIED.,.F.,
  .F.,(2,2),(-4.243,-3.307),.PIECEWISE_BEZIER_KNOTS.);
#6595 = CARTESIAN_POINT('',(1.985610766952,-0.858));
#6596 = CARTESIAN_POINT('',(1.985610766952,7.8E-02));
#6597 = ( GEOMETRIC_REPRESENTATION_CONTEXT(2) 
PARAMETRIC_REPRESENTATION_CONTEXT() REPRESENTATION_CONTEXT('2D SPACE',''
  ) );
#6598 = PCURVE('',#5181,#6599);
#6599 = DEFINITIONAL_REPRESENTATION('',(#6600),#6603);
#6600 = B_SPLINE_CURVE_WITH_KNOTS('',1,(#6601,#6602),.UNSPECIFIED.,.F.,
  .F.,(2,2),(-4.243,-3.307),.PIECEWISE_BEZIER_KNOTS.);
#6601 = CARTESIAN_POINT('',(-6.392647469032,-4.243));
#6602 = CARTESIAN_POINT('',(-6.392647469032,-3.307));
#6603 = ( GEOMETRIC_REPRESENTATION_CONTEXT(2) 
PARAMETRIC_REPRESENTATION_CONTEXT() REPRESENTATION_CONTEXT('2D SPACE',''
  ) );
#6604 = ADVANCED_FACE('',(#6605),#1311,.T.);
#6605 = FACE_BOUND('',#6606,.T.);
#6606 = EDGE_LOOP('',(#6607,#6630,#6649,#6650));
#6607 = ORIENTED_EDGE('',*,*,#6608,.F.);
#6608 = EDGE_CURVE('',#6609,#1297,#6611,.T.);
#6609 = VERTEX_POINT('',#6610);
#6610 = CARTESIAN_POINT('',(48.414389233048,-0.65,4.985));
#6611 = SURFACE_CURVE('',#6612,(#6616,#6623),.PCURVE_S1.);
#6612 = LINE('',#6613,#6614);
#6613 = CARTESIAN_POINT('',(46.,-0.65,4.985));
#6614 = VECTOR('',#6615,1.);
#6615 = DIRECTION('',(1.,0.,0.));
#6616 = PCURVE('',#1311,#6617);
#6617 = DEFINITIONAL_REPRESENTATION('',(#6618),#6622);
#6618 = LINE('',#6619,#6620);
#6619 = CARTESIAN_POINT('',(0.,0.));
#6620 = VECTOR('',#6621,1.);
#6621 = DIRECTION('',(1.,0.));
#6622 = ( GEOMETRIC_REPRESENTATION_CONTEXT(2) 
PARAMETRIC_REPRESENTATION_CONTEXT() REPRESENTATION_CONTEXT('2D SPACE',''
  ) );
#6623 = PCURVE('',#1339,#6624);
#6624 = DEFINITIONAL_REPRESENTATION('',(#6625),#6629);
#6625 = LINE('',#6626,#6627);
#6626 = CARTESIAN_POINT('',(-2.2,-0.65));
#6627 = VECTOR('',#6628,1.);
#6628 = DIRECTION('',(1.,0.));
#6629 = ( GEOMETRIC_REPRESENTATION_CONTEXT(2) 
PARAMETRIC_REPRESENTATION_CONTEXT() REPRESENTATION_CONTEXT('2D SPACE',''
  ) );
#6630 = ORIENTED_EDGE('',*,*,#6631,.F.);
#6631 = EDGE_CURVE('',#6488,#6609,#6632,.T.);
#6632 = SURFACE_CURVE('',#6633,(#6637,#6643),.PCURVE_S1.);
#6633 = LINE('',#6634,#6635);
#6634 = CARTESIAN_POINT('',(48.414389233048,-0.65,1.6));
#6635 = VECTOR('',#6636,1.);
#6636 = DIRECTION('',(-0.,-0.,-1.));
#6637 = PCURVE('',#1311,#6638);
#6638 = DEFINITIONAL_REPRESENTATION('',(#6639),#6642);
#6639 = B_SPLINE_CURVE_WITH_KNOTS('',1,(#6640,#6641),.UNSPECIFIED.,.F.,
  .F.,(2,2),(-4.243,-3.307),.PIECEWISE_BEZIER_KNOTS.);
#6640 = CARTESIAN_POINT('',(2.414389233048,-0.858));
#6641 = CARTESIAN_POINT('',(2.414389233048,7.8E-02));
#6642 = ( GEOMETRIC_REPRESENTATION_CONTEXT(2) 
PARAMETRIC_REPRESENTATION_CONTEXT() REPRESENTATION_CONTEXT('2D SPACE',''
  ) );
#6643 = PCURVE('',#5181,#6644);
#6644 = DEFINITIONAL_REPRESENTATION('',(#6645),#6648);
#6645 = B_SPLINE_CURVE_WITH_KNOTS('',1,(#6646,#6647),.UNSPECIFIED.,.F.,
  .F.,(2,2),(-4.243,-3.307),.PIECEWISE_BEZIER_KNOTS.);
#6646 = CARTESIAN_POINT('',(-6.173723145327,-4.243));
#6647 = CARTESIAN_POINT('',(-6.173723145327,-3.307));
#6648 = ( GEOMETRIC_REPRESENTATION_CONTEXT(2) 
PARAMETRIC_REPRESENTATION_CONTEXT() REPRESENTATION_CONTEXT('2D SPACE',''
  ) );
#6649 = ORIENTED_EDGE('',*,*,#6515,.T.);
#6650 = ORIENTED_EDGE('',*,*,#1296,.T.);
#6651 = ADVANCED_FACE('',(#6652),#1339,.T.);
#6652 = FACE_BOUND('',#6653,.T.);
#6653 = EDGE_LOOP('',(#6654,#6680,#6681,#6682));
#6654 = ORIENTED_EDGE('',*,*,#6655,.T.);
#6655 = EDGE_CURVE('',#6562,#6609,#6656,.T.);
#6656 = SURFACE_CURVE('',#6657,(#6662,#6673),.PCURVE_S1.);
#6657 = CIRCLE('',#6658,5.95);
#6658 = AXIS2_PLACEMENT_3D('',#6659,#6660,#6661);
#6659 = CARTESIAN_POINT('',(42.5,0.,4.985));
#6660 = DIRECTION('',(0.,0.,-1.));
#6661 = DIRECTION('',(1.,0.,0.));
#6662 = PCURVE('',#1339,#6663);
#6663 = DEFINITIONAL_REPRESENTATION('',(#6664),#6672);
#6664 = ( BOUNDED_CURVE() B_SPLINE_CURVE(2,(#6665,#6666,#6667,#6668,
#6669,#6670,#6671),.UNSPECIFIED.,.T.,.F.) B_SPLINE_CURVE_WITH_KNOTS((1,2
    ,2,2,2,1),(-2.094395102393,0.,2.094395102393,4.188790204786,
6.28318530718,8.377580409573),.UNSPECIFIED.) CURVE() 
GEOMETRIC_REPRESENTATION_ITEM() RATIONAL_B_SPLINE_CURVE((1.,0.5,1.,0.5,
1.,0.5,1.)) REPRESENTATION_ITEM('') );
#6665 = CARTESIAN_POINT('',(0.25,0.));
#6666 = CARTESIAN_POINT('',(0.25,-10.30570230503));
#6667 = CARTESIAN_POINT('',(-8.675,-5.152851152517));
#6668 = CARTESIAN_POINT('',(-17.6,-1.457329690985E-15));
#6669 = CARTESIAN_POINT('',(-8.675,5.152851152517));
#6670 = CARTESIAN_POINT('',(0.25,10.305702305035));
#6671 = CARTESIAN_POINT('',(0.25,0.));
#6672 = ( GEOMETRIC_REPRESENTATION_CONTEXT(2) 
PARAMETRIC_REPRESENTATION_CONTEXT() REPRESENTATION_CONTEXT('2D SPACE',''
  ) );
#6673 = PCURVE('',#5181,#6674);
#6674 = DEFINITIONAL_REPRESENTATION('',(#6675),#6679);
#6675 = LINE('',#6676,#6677);
#6676 = CARTESIAN_POINT('',(-12.56637061435,-3.385));
#6677 = VECTOR('',#6678,1.);
#6678 = DIRECTION('',(1.,-0.));
#6679 = ( GEOMETRIC_REPRESENTATION_CONTEXT(2) 
PARAMETRIC_REPRESENTATION_CONTEXT() REPRESENTATION_CONTEXT('2D SPACE',''
  ) );
#6680 = ORIENTED_EDGE('',*,*,#6608,.T.);
#6681 = ORIENTED_EDGE('',*,*,#1322,.F.);
#6682 = ORIENTED_EDGE('',*,*,#6561,.T.);
#6683 = ADVANCED_FACE('',(#6684),#1400,.F.);
#6684 = FACE_BOUND('',#6685,.F.);
#6685 = EDGE_LOOP('',(#6686,#6716,#6737,#6738));
#6686 = ORIENTED_EDGE('',*,*,#6687,.T.);
#6687 = EDGE_CURVE('',#6688,#6690,#6692,.T.);
#6688 = VERTEX_POINT('',#6689);
#6689 = CARTESIAN_POINT('',(48.414389233049,0.65,4.715));
#6690 = VERTEX_POINT('',#6691);
#6691 = CARTESIAN_POINT('',(48.414389233048,-0.65,4.715));
#6692 = SURFACE_CURVE('',#6693,(#6698,#6709),.PCURVE_S1.);
#6693 = CIRCLE('',#6694,5.95);
#6694 = AXIS2_PLACEMENT_3D('',#6695,#6696,#6697);
#6695 = CARTESIAN_POINT('',(42.5,0.,4.715));
#6696 = DIRECTION('',(0.,0.,-1.));
#6697 = DIRECTION('',(1.,0.,0.));
#6698 = PCURVE('',#1400,#6699);
#6699 = DEFINITIONAL_REPRESENTATION('',(#6700),#6708);
#6700 = ( BOUNDED_CURVE() B_SPLINE_CURVE(2,(#6701,#6702,#6703,#6704,
#6705,#6706,#6707),.UNSPECIFIED.,.T.,.F.) B_SPLINE_CURVE_WITH_KNOTS((1,2
    ,2,2,2,1),(-2.094395102393,0.,2.094395102393,4.188790204786,
6.28318530718,8.377580409573),.UNSPECIFIED.) CURVE() 
GEOMETRIC_REPRESENTATION_ITEM() RATIONAL_B_SPLINE_CURVE((1.,0.5,1.,0.5,
1.,0.5,1.)) REPRESENTATION_ITEM('') );
#6701 = CARTESIAN_POINT('',(0.25,0.));
#6702 = CARTESIAN_POINT('',(0.25,-10.30570230503));
#6703 = CARTESIAN_POINT('',(-8.675,-5.152851152517));
#6704 = CARTESIAN_POINT('',(-17.6,-1.457329690985E-15));
#6705 = CARTESIAN_POINT('',(-8.675,5.152851152517));
#6706 = CARTESIAN_POINT('',(0.25,10.305702305035));
#6707 = CARTESIAN_POINT('',(0.25,0.));
#6708 = ( GEOMETRIC_REPRESENTATION_CONTEXT(2) 
PARAMETRIC_REPRESENTATION_CONTEXT() REPRESENTATION_CONTEXT('2D SPACE',''
  ) );
#6709 = PCURVE('',#5181,#6710);
#6710 = DEFINITIONAL_REPRESENTATION('',(#6711),#6715);
#6711 = LINE('',#6712,#6713);
#6712 = CARTESIAN_POINT('',(-12.56637061435,-3.115));
#6713 = VECTOR('',#6714,1.);
#6714 = DIRECTION('',(1.,-0.));
#6715 = ( GEOMETRIC_REPRESENTATION_CONTEXT(2) 
PARAMETRIC_REPRESENTATION_CONTEXT() REPRESENTATION_CONTEXT('2D SPACE',''
  ) );
#6716 = ORIENTED_EDGE('',*,*,#6717,.T.);
#6717 = EDGE_CURVE('',#6690,#1384,#6718,.T.);
#6718 = SURFACE_CURVE('',#6719,(#6723,#6730),.PCURVE_S1.);
#6719 = LINE('',#6720,#6721);
#6720 = CARTESIAN_POINT('',(46.,-0.65,4.715));
#6721 = VECTOR('',#6722,1.);
#6722 = DIRECTION('',(1.,0.,0.));
#6723 = PCURVE('',#1400,#6724);
#6724 = DEFINITIONAL_REPRESENTATION('',(#6725),#6729);
#6725 = LINE('',#6726,#6727);
#6726 = CARTESIAN_POINT('',(-2.2,-0.65));
#6727 = VECTOR('',#6728,1.);
#6728 = DIRECTION('',(1.,0.));
#6729 = ( GEOMETRIC_REPRESENTATION_CONTEXT(2) 
PARAMETRIC_REPRESENTATION_CONTEXT() REPRESENTATION_CONTEXT('2D SPACE',''
  ) );
#6730 = PCURVE('',#1431,#6731);
#6731 = DEFINITIONAL_REPRESENTATION('',(#6732),#6736);
#6732 = LINE('',#6733,#6734);
#6733 = CARTESIAN_POINT('',(0.,-0.78));
#6734 = VECTOR('',#6735,1.);
#6735 = DIRECTION('',(1.,0.));
#6736 = ( GEOMETRIC_REPRESENTATION_CONTEXT(2) 
PARAMETRIC_REPRESENTATION_CONTEXT() REPRESENTATION_CONTEXT('2D SPACE',''
  ) );
#6737 = ORIENTED_EDGE('',*,*,#1381,.F.);
#6738 = ORIENTED_EDGE('',*,*,#6739,.T.);
#6739 = EDGE_CURVE('',#1382,#6688,#6740,.T.);
#6740 = SURFACE_CURVE('',#6741,(#6745,#6752),.PCURVE_S1.);
#6741 = LINE('',#6742,#6743);
#6742 = CARTESIAN_POINT('',(50.4,0.65,4.715));
#6743 = VECTOR('',#6744,1.);
#6744 = DIRECTION('',(-1.,0.,0.));
#6745 = PCURVE('',#1400,#6746);
#6746 = DEFINITIONAL_REPRESENTATION('',(#6747),#6751);
#6747 = LINE('',#6748,#6749);
#6748 = CARTESIAN_POINT('',(2.2,0.65));
#6749 = VECTOR('',#6750,1.);
#6750 = DIRECTION('',(-1.,0.));
#6751 = ( GEOMETRIC_REPRESENTATION_CONTEXT(2) 
PARAMETRIC_REPRESENTATION_CONTEXT() REPRESENTATION_CONTEXT('2D SPACE',''
  ) );
#6752 = PCURVE('',#1488,#6753);
#6753 = DEFINITIONAL_REPRESENTATION('',(#6754),#6758);
#6754 = LINE('',#6755,#6756);
#6755 = CARTESIAN_POINT('',(0.,-0.78));
#6756 = VECTOR('',#6757,1.);
#6757 = DIRECTION('',(1.,0.));
#6758 = ( GEOMETRIC_REPRESENTATION_CONTEXT(2) 
PARAMETRIC_REPRESENTATION_CONTEXT() REPRESENTATION_CONTEXT('2D SPACE',''
  ) );
#6759 = ADVANCED_FACE('',(#6760),#1488,.T.);
#6760 = FACE_BOUND('',#6761,.T.);
#6761 = EDGE_LOOP('',(#6762,#6785,#6786,#6787));
#6762 = ORIENTED_EDGE('',*,*,#6763,.F.);
#6763 = EDGE_CURVE('',#1443,#6764,#6766,.T.);
#6764 = VERTEX_POINT('',#6765);
#6765 = CARTESIAN_POINT('',(48.414389233049,0.65,3.935));
#6766 = SURFACE_CURVE('',#6767,(#6771,#6778),.PCURVE_S1.);
#6767 = LINE('',#6768,#6769);
#6768 = CARTESIAN_POINT('',(50.4,0.65,3.935));
#6769 = VECTOR('',#6770,1.);
#6770 = DIRECTION('',(-1.,0.,0.));
#6771 = PCURVE('',#1488,#6772);
#6772 = DEFINITIONAL_REPRESENTATION('',(#6773),#6777);
#6773 = LINE('',#6774,#6775);
#6774 = CARTESIAN_POINT('',(0.,-0.));
#6775 = VECTOR('',#6776,1.);
#6776 = DIRECTION('',(1.,0.));
#6777 = ( GEOMETRIC_REPRESENTATION_CONTEXT(2) 
PARAMETRIC_REPRESENTATION_CONTEXT() REPRESENTATION_CONTEXT('2D SPACE',''
  ) );
#6778 = PCURVE('',#1459,#6779);
#6779 = DEFINITIONAL_REPRESENTATION('',(#6780),#6784);
#6780 = LINE('',#6781,#6782);
#6781 = CARTESIAN_POINT('',(2.2,0.65));
#6782 = VECTOR('',#6783,1.);
#6783 = DIRECTION('',(-1.,0.));
#6784 = ( GEOMETRIC_REPRESENTATION_CONTEXT(2) 
PARAMETRIC_REPRESENTATION_CONTEXT() REPRESENTATION_CONTEXT('2D SPACE',''
  ) );
#6785 = ORIENTED_EDGE('',*,*,#1475,.F.);
#6786 = ORIENTED_EDGE('',*,*,#6739,.T.);
#6787 = ORIENTED_EDGE('',*,*,#6788,.T.);
#6788 = EDGE_CURVE('',#6688,#6764,#6789,.T.);
#6789 = SURFACE_CURVE('',#6790,(#6794,#6800),.PCURVE_S1.);
#6790 = LINE('',#6791,#6792);
#6791 = CARTESIAN_POINT('',(48.414389233048,0.65,1.6));
#6792 = VECTOR('',#6793,1.);
#6793 = DIRECTION('',(-0.,-0.,-1.));
#6794 = PCURVE('',#1488,#6795);
#6795 = DEFINITIONAL_REPRESENTATION('',(#6796),#6799);
#6796 = B_SPLINE_CURVE_WITH_KNOTS('',1,(#6797,#6798),.UNSPECIFIED.,.F.,
  .F.,(2,2),(-3.193,-2.257),.PIECEWISE_BEZIER_KNOTS.);
#6797 = CARTESIAN_POINT('',(1.985610766952,-0.858));
#6798 = CARTESIAN_POINT('',(1.985610766952,7.8E-02));
#6799 = ( GEOMETRIC_REPRESENTATION_CONTEXT(2) 
PARAMETRIC_REPRESENTATION_CONTEXT() REPRESENTATION_CONTEXT('2D SPACE',''
  ) );
#6800 = PCURVE('',#5181,#6801);
#6801 = DEFINITIONAL_REPRESENTATION('',(#6802),#6805);
#6802 = B_SPLINE_CURVE_WITH_KNOTS('',1,(#6803,#6804),.UNSPECIFIED.,.F.,
  .F.,(2,2),(-3.193,-2.257),.PIECEWISE_BEZIER_KNOTS.);
#6803 = CARTESIAN_POINT('',(-6.392647469032,-3.193));
#6804 = CARTESIAN_POINT('',(-6.392647469032,-2.257));
#6805 = ( GEOMETRIC_REPRESENTATION_CONTEXT(2) 
PARAMETRIC_REPRESENTATION_CONTEXT() REPRESENTATION_CONTEXT('2D SPACE',''
  ) );
#6806 = ADVANCED_FACE('',(#6807),#1431,.T.);
#6807 = FACE_BOUND('',#6808,.T.);
#6808 = EDGE_LOOP('',(#6809,#6832,#6851,#6852));
#6809 = ORIENTED_EDGE('',*,*,#6810,.F.);
#6810 = EDGE_CURVE('',#6811,#1417,#6813,.T.);
#6811 = VERTEX_POINT('',#6812);
#6812 = CARTESIAN_POINT('',(48.414389233048,-0.65,3.935));
#6813 = SURFACE_CURVE('',#6814,(#6818,#6825),.PCURVE_S1.);
#6814 = LINE('',#6815,#6816);
#6815 = CARTESIAN_POINT('',(46.,-0.65,3.935));
#6816 = VECTOR('',#6817,1.);
#6817 = DIRECTION('',(1.,0.,0.));
#6818 = PCURVE('',#1431,#6819);
#6819 = DEFINITIONAL_REPRESENTATION('',(#6820),#6824);
#6820 = LINE('',#6821,#6822);
#6821 = CARTESIAN_POINT('',(0.,0.));
#6822 = VECTOR('',#6823,1.);
#6823 = DIRECTION('',(1.,0.));
#6824 = ( GEOMETRIC_REPRESENTATION_CONTEXT(2) 
PARAMETRIC_REPRESENTATION_CONTEXT() REPRESENTATION_CONTEXT('2D SPACE',''
  ) );
#6825 = PCURVE('',#1459,#6826);
#6826 = DEFINITIONAL_REPRESENTATION('',(#6827),#6831);
#6827 = LINE('',#6828,#6829);
#6828 = CARTESIAN_POINT('',(-2.2,-0.65));
#6829 = VECTOR('',#6830,1.);
#6830 = DIRECTION('',(1.,0.));
#6831 = ( GEOMETRIC_REPRESENTATION_CONTEXT(2) 
PARAMETRIC_REPRESENTATION_CONTEXT() REPRESENTATION_CONTEXT('2D SPACE',''
  ) );
#6832 = ORIENTED_EDGE('',*,*,#6833,.F.);
#6833 = EDGE_CURVE('',#6690,#6811,#6834,.T.);
#6834 = SURFACE_CURVE('',#6835,(#6839,#6845),.PCURVE_S1.);
#6835 = LINE('',#6836,#6837);
#6836 = CARTESIAN_POINT('',(48.414389233048,-0.65,1.6));
#6837 = VECTOR('',#6838,1.);
#6838 = DIRECTION('',(-0.,-0.,-1.));
#6839 = PCURVE('',#1431,#6840);
#6840 = DEFINITIONAL_REPRESENTATION('',(#6841),#6844);
#6841 = B_SPLINE_CURVE_WITH_KNOTS('',1,(#6842,#6843),.UNSPECIFIED.,.F.,
  .F.,(2,2),(-3.193,-2.257),.PIECEWISE_BEZIER_KNOTS.);
#6842 = CARTESIAN_POINT('',(2.414389233048,-0.858));
#6843 = CARTESIAN_POINT('',(2.414389233048,7.8E-02));
#6844 = ( GEOMETRIC_REPRESENTATION_CONTEXT(2) 
PARAMETRIC_REPRESENTATION_CONTEXT() REPRESENTATION_CONTEXT('2D SPACE',''
  ) );
#6845 = PCURVE('',#5181,#6846);
#6846 = DEFINITIONAL_REPRESENTATION('',(#6847),#6850);
#6847 = B_SPLINE_CURVE_WITH_KNOTS('',1,(#6848,#6849),.UNSPECIFIED.,.F.,
  .F.,(2,2),(-3.193,-2.257),.PIECEWISE_BEZIER_KNOTS.);
#6848 = CARTESIAN_POINT('',(-6.173723145327,-3.193));
#6849 = CARTESIAN_POINT('',(-6.173723145327,-2.257));
#6850 = ( GEOMETRIC_REPRESENTATION_CONTEXT(2) 
PARAMETRIC_REPRESENTATION_CONTEXT() REPRESENTATION_CONTEXT('2D SPACE',''
  ) );
#6851 = ORIENTED_EDGE('',*,*,#6717,.T.);
#6852 = ORIENTED_EDGE('',*,*,#1416,.T.);
#6853 = ADVANCED_FACE('',(#6854),#1459,.T.);
#6854 = FACE_BOUND('',#6855,.T.);
#6855 = EDGE_LOOP('',(#6856,#6882,#6883,#6884));
#6856 = ORIENTED_EDGE('',*,*,#6857,.T.);
#6857 = EDGE_CURVE('',#6764,#6811,#6858,.T.);
#6858 = SURFACE_CURVE('',#6859,(#6864,#6875),.PCURVE_S1.);
#6859 = CIRCLE('',#6860,5.95);
#6860 = AXIS2_PLACEMENT_3D('',#6861,#6862,#6863);
#6861 = CARTESIAN_POINT('',(42.5,0.,3.935));
#6862 = DIRECTION('',(0.,0.,-1.));
#6863 = DIRECTION('',(1.,0.,0.));
#6864 = PCURVE('',#1459,#6865);
#6865 = DEFINITIONAL_REPRESENTATION('',(#6866),#6874);
#6866 = ( BOUNDED_CURVE() B_SPLINE_CURVE(2,(#6867,#6868,#6869,#6870,
#6871,#6872,#6873),.UNSPECIFIED.,.T.,.F.) B_SPLINE_CURVE_WITH_KNOTS((1,2
    ,2,2,2,1),(-2.094395102393,0.,2.094395102393,4.188790204786,
6.28318530718,8.377580409573),.UNSPECIFIED.) CURVE() 
GEOMETRIC_REPRESENTATION_ITEM() RATIONAL_B_SPLINE_CURVE((1.,0.5,1.,0.5,
1.,0.5,1.)) REPRESENTATION_ITEM('') );
#6867 = CARTESIAN_POINT('',(0.25,0.));
#6868 = CARTESIAN_POINT('',(0.25,-10.30570230503));
#6869 = CARTESIAN_POINT('',(-8.675,-5.152851152517));
#6870 = CARTESIAN_POINT('',(-17.6,-1.457329690985E-15));
#6871 = CARTESIAN_POINT('',(-8.675,5.152851152517));
#6872 = CARTESIAN_POINT('',(0.25,10.305702305035));
#6873 = CARTESIAN_POINT('',(0.25,0.));
#6874 = ( GEOMETRIC_REPRESENTATION_CONTEXT(2) 
PARAMETRIC_REPRESENTATION_CONTEXT() REPRESENTATION_CONTEXT('2D SPACE',''
  ) );
#6875 = PCURVE('',#5181,#6876);
#6876 = DEFINITIONAL_REPRESENTATION('',(#6877),#6881);
#6877 = LINE('',#6878,#6879);
#6878 = CARTESIAN_POINT('',(-12.56637061435,-2.335));
#6879 = VECTOR('',#6880,1.);
#6880 = DIRECTION('',(1.,-0.));
#6881 = ( GEOMETRIC_REPRESENTATION_CONTEXT(2) 
PARAMETRIC_REPRESENTATION_CONTEXT() REPRESENTATION_CONTEXT('2D SPACE',''
  ) );
#6882 = ORIENTED_EDGE('',*,*,#6810,.T.);
#6883 = ORIENTED_EDGE('',*,*,#1442,.F.);
#6884 = ORIENTED_EDGE('',*,*,#6763,.T.);
#6885 = ADVANCED_FACE('',(#6886),#1520,.F.);
#6886 = FACE_BOUND('',#6887,.F.);
#6887 = EDGE_LOOP('',(#6888,#6918,#6939,#6940));
#6888 = ORIENTED_EDGE('',*,*,#6889,.T.);
#6889 = EDGE_CURVE('',#6890,#6892,#6894,.T.);
#6890 = VERTEX_POINT('',#6891);
#6891 = CARTESIAN_POINT('',(48.414389233049,0.65,3.665));
#6892 = VERTEX_POINT('',#6893);
#6893 = CARTESIAN_POINT('',(48.414389233048,-0.65,3.665));
#6894 = SURFACE_CURVE('',#6895,(#6900,#6911),.PCURVE_S1.);
#6895 = CIRCLE('',#6896,5.95);
#6896 = AXIS2_PLACEMENT_3D('',#6897,#6898,#6899);
#6897 = CARTESIAN_POINT('',(42.5,0.,3.665));
#6898 = DIRECTION('',(0.,0.,-1.));
#6899 = DIRECTION('',(1.,0.,0.));
#6900 = PCURVE('',#1520,#6901);
#6901 = DEFINITIONAL_REPRESENTATION('',(#6902),#6910);
#6902 = ( BOUNDED_CURVE() B_SPLINE_CURVE(2,(#6903,#6904,#6905,#6906,
#6907,#6908,#6909),.UNSPECIFIED.,.T.,.F.) B_SPLINE_CURVE_WITH_KNOTS((1,2
    ,2,2,2,1),(-2.094395102393,0.,2.094395102393,4.188790204786,
6.28318530718,8.377580409573),.UNSPECIFIED.) CURVE() 
GEOMETRIC_REPRESENTATION_ITEM() RATIONAL_B_SPLINE_CURVE((1.,0.5,1.,0.5,
1.,0.5,1.)) REPRESENTATION_ITEM('') );
#6903 = CARTESIAN_POINT('',(0.25,0.));
#6904 = CARTESIAN_POINT('',(0.25,-10.30570230503));
#6905 = CARTESIAN_POINT('',(-8.675,-5.152851152517));
#6906 = CARTESIAN_POINT('',(-17.6,-1.457329690985E-15));
#6907 = CARTESIAN_POINT('',(-8.675,5.152851152517));
#6908 = CARTESIAN_POINT('',(0.25,10.305702305035));
#6909 = CARTESIAN_POINT('',(0.25,0.));
#6910 = ( GEOMETRIC_REPRESENTATION_CONTEXT(2) 
PARAMETRIC_REPRESENTATION_CONTEXT() REPRESENTATION_CONTEXT('2D SPACE',''
  ) );
#6911 = PCURVE('',#5181,#6912);
#6912 = DEFINITIONAL_REPRESENTATION('',(#6913),#6917);
#6913 = LINE('',#6914,#6915);
#6914 = CARTESIAN_POINT('',(-12.56637061435,-2.065));
#6915 = VECTOR('',#6916,1.);
#6916 = DIRECTION('',(1.,-0.));
#6917 = ( GEOMETRIC_REPRESENTATION_CONTEXT(2) 
PARAMETRIC_REPRESENTATION_CONTEXT() REPRESENTATION_CONTEXT('2D SPACE',''
  ) );
#6918 = ORIENTED_EDGE('',*,*,#6919,.T.);
#6919 = EDGE_CURVE('',#6892,#1504,#6920,.T.);
#6920 = SURFACE_CURVE('',#6921,(#6925,#6932),.PCURVE_S1.);
#6921 = LINE('',#6922,#6923);
#6922 = CARTESIAN_POINT('',(46.,-0.65,3.665));
#6923 = VECTOR('',#6924,1.);
#6924 = DIRECTION('',(1.,0.,0.));
#6925 = PCURVE('',#1520,#6926);
#6926 = DEFINITIONAL_REPRESENTATION('',(#6927),#6931);
#6927 = LINE('',#6928,#6929);
#6928 = CARTESIAN_POINT('',(-2.2,-0.65));
#6929 = VECTOR('',#6930,1.);
#6930 = DIRECTION('',(1.,0.));
#6931 = ( GEOMETRIC_REPRESENTATION_CONTEXT(2) 
PARAMETRIC_REPRESENTATION_CONTEXT() REPRESENTATION_CONTEXT('2D SPACE',''
  ) );
#6932 = PCURVE('',#1551,#6933);
#6933 = DEFINITIONAL_REPRESENTATION('',(#6934),#6938);
#6934 = LINE('',#6935,#6936);
#6935 = CARTESIAN_POINT('',(0.,-0.78));
#6936 = VECTOR('',#6937,1.);
#6937 = DIRECTION('',(1.,0.));
#6938 = ( GEOMETRIC_REPRESENTATION_CONTEXT(2) 
PARAMETRIC_REPRESENTATION_CONTEXT() REPRESENTATION_CONTEXT('2D SPACE',''
  ) );
#6939 = ORIENTED_EDGE('',*,*,#1501,.F.);
#6940 = ORIENTED_EDGE('',*,*,#6941,.T.);
#6941 = EDGE_CURVE('',#1502,#6890,#6942,.T.);
#6942 = SURFACE_CURVE('',#6943,(#6947,#6954),.PCURVE_S1.);
#6943 = LINE('',#6944,#6945);
#6944 = CARTESIAN_POINT('',(50.4,0.65,3.665));
#6945 = VECTOR('',#6946,1.);
#6946 = DIRECTION('',(-1.,0.,0.));
#6947 = PCURVE('',#1520,#6948);
#6948 = DEFINITIONAL_REPRESENTATION('',(#6949),#6953);
#6949 = LINE('',#6950,#6951);
#6950 = CARTESIAN_POINT('',(2.2,0.65));
#6951 = VECTOR('',#6952,1.);
#6952 = DIRECTION('',(-1.,0.));
#6953 = ( GEOMETRIC_REPRESENTATION_CONTEXT(2) 
PARAMETRIC_REPRESENTATION_CONTEXT() REPRESENTATION_CONTEXT('2D SPACE',''
  ) );
#6954 = PCURVE('',#1608,#6955);
#6955 = DEFINITIONAL_REPRESENTATION('',(#6956),#6960);
#6956 = LINE('',#6957,#6958);
#6957 = CARTESIAN_POINT('',(0.,-0.78));
#6958 = VECTOR('',#6959,1.);
#6959 = DIRECTION('',(1.,0.));
#6960 = ( GEOMETRIC_REPRESENTATION_CONTEXT(2) 
PARAMETRIC_REPRESENTATION_CONTEXT() REPRESENTATION_CONTEXT('2D SPACE',''
  ) );
#6961 = ADVANCED_FACE('',(#6962),#1608,.T.);
#6962 = FACE_BOUND('',#6963,.T.);
#6963 = EDGE_LOOP('',(#6964,#6987,#6988,#6989));
#6964 = ORIENTED_EDGE('',*,*,#6965,.F.);
#6965 = EDGE_CURVE('',#1563,#6966,#6968,.T.);
#6966 = VERTEX_POINT('',#6967);
#6967 = CARTESIAN_POINT('',(48.414389233049,0.65,2.885));
#6968 = SURFACE_CURVE('',#6969,(#6973,#6980),.PCURVE_S1.);
#6969 = LINE('',#6970,#6971);
#6970 = CARTESIAN_POINT('',(50.4,0.65,2.885));
#6971 = VECTOR('',#6972,1.);
#6972 = DIRECTION('',(-1.,0.,0.));
#6973 = PCURVE('',#1608,#6974);
#6974 = DEFINITIONAL_REPRESENTATION('',(#6975),#6979);
#6975 = LINE('',#6976,#6977);
#6976 = CARTESIAN_POINT('',(0.,-0.));
#6977 = VECTOR('',#6978,1.);
#6978 = DIRECTION('',(1.,0.));
#6979 = ( GEOMETRIC_REPRESENTATION_CONTEXT(2) 
PARAMETRIC_REPRESENTATION_CONTEXT() REPRESENTATION_CONTEXT('2D SPACE',''
  ) );
#6980 = PCURVE('',#1579,#6981);
#6981 = DEFINITIONAL_REPRESENTATION('',(#6982),#6986);
#6982 = LINE('',#6983,#6984);
#6983 = CARTESIAN_POINT('',(2.2,0.65));
#6984 = VECTOR('',#6985,1.);
#6985 = DIRECTION('',(-1.,0.));
#6986 = ( GEOMETRIC_REPRESENTATION_CONTEXT(2) 
PARAMETRIC_REPRESENTATION_CONTEXT() REPRESENTATION_CONTEXT('2D SPACE',''
  ) );
#6987 = ORIENTED_EDGE('',*,*,#1595,.F.);
#6988 = ORIENTED_EDGE('',*,*,#6941,.T.);
#6989 = ORIENTED_EDGE('',*,*,#6990,.T.);
#6990 = EDGE_CURVE('',#6890,#6966,#6991,.T.);
#6991 = SURFACE_CURVE('',#6992,(#6996,#7002),.PCURVE_S1.);
#6992 = LINE('',#6993,#6994);
#6993 = CARTESIAN_POINT('',(48.414389233048,0.65,1.6));
#6994 = VECTOR('',#6995,1.);
#6995 = DIRECTION('',(-0.,-0.,-1.));
#6996 = PCURVE('',#1608,#6997);
#6997 = DEFINITIONAL_REPRESENTATION('',(#6998),#7001);
#6998 = B_SPLINE_CURVE_WITH_KNOTS('',1,(#6999,#7000),.UNSPECIFIED.,.F.,
  .F.,(2,2),(-2.143,-1.207),.PIECEWISE_BEZIER_KNOTS.);
#6999 = CARTESIAN_POINT('',(1.985610766952,-0.858));
#7000 = CARTESIAN_POINT('',(1.985610766952,7.8E-02));
#7001 = ( GEOMETRIC_REPRESENTATION_CONTEXT(2) 
PARAMETRIC_REPRESENTATION_CONTEXT() REPRESENTATION_CONTEXT('2D SPACE',''
  ) );
#7002 = PCURVE('',#5181,#7003);
#7003 = DEFINITIONAL_REPRESENTATION('',(#7004),#7007);
#7004 = B_SPLINE_CURVE_WITH_KNOTS('',1,(#7005,#7006),.UNSPECIFIED.,.F.,
  .F.,(2,2),(-2.143,-1.207),.PIECEWISE_BEZIER_KNOTS.);
#7005 = CARTESIAN_POINT('',(-6.392647469032,-2.143));
#7006 = CARTESIAN_POINT('',(-6.392647469032,-1.207));
#7007 = ( GEOMETRIC_REPRESENTATION_CONTEXT(2) 
PARAMETRIC_REPRESENTATION_CONTEXT() REPRESENTATION_CONTEXT('2D SPACE',''
  ) );
#7008 = ADVANCED_FACE('',(#7009),#1551,.T.);
#7009 = FACE_BOUND('',#7010,.T.);
#7010 = EDGE_LOOP('',(#7011,#7034,#7053,#7054));
#7011 = ORIENTED_EDGE('',*,*,#7012,.F.);
#7012 = EDGE_CURVE('',#7013,#1537,#7015,.T.);
#7013 = VERTEX_POINT('',#7014);
#7014 = CARTESIAN_POINT('',(48.414389233048,-0.65,2.885));
#7015 = SURFACE_CURVE('',#7016,(#7020,#7027),.PCURVE_S1.);
#7016 = LINE('',#7017,#7018);
#7017 = CARTESIAN_POINT('',(46.,-0.65,2.885));
#7018 = VECTOR('',#7019,1.);
#7019 = DIRECTION('',(1.,0.,0.));
#7020 = PCURVE('',#1551,#7021);
#7021 = DEFINITIONAL_REPRESENTATION('',(#7022),#7026);
#7022 = LINE('',#7023,#7024);
#7023 = CARTESIAN_POINT('',(0.,0.));
#7024 = VECTOR('',#7025,1.);
#7025 = DIRECTION('',(1.,0.));
#7026 = ( GEOMETRIC_REPRESENTATION_CONTEXT(2) 
PARAMETRIC_REPRESENTATION_CONTEXT() REPRESENTATION_CONTEXT('2D SPACE',''
  ) );
#7027 = PCURVE('',#1579,#7028);
#7028 = DEFINITIONAL_REPRESENTATION('',(#7029),#7033);
#7029 = LINE('',#7030,#7031);
#7030 = CARTESIAN_POINT('',(-2.2,-0.65));
#7031 = VECTOR('',#7032,1.);
#7032 = DIRECTION('',(1.,0.));
#7033 = ( GEOMETRIC_REPRESENTATION_CONTEXT(2) 
PARAMETRIC_REPRESENTATION_CONTEXT() REPRESENTATION_CONTEXT('2D SPACE',''
  ) );
#7034 = ORIENTED_EDGE('',*,*,#7035,.F.);
#7035 = EDGE_CURVE('',#6892,#7013,#7036,.T.);
#7036 = SURFACE_CURVE('',#7037,(#7041,#7047),.PCURVE_S1.);
#7037 = LINE('',#7038,#7039);
#7038 = CARTESIAN_POINT('',(48.414389233048,-0.65,1.6));
#7039 = VECTOR('',#7040,1.);
#7040 = DIRECTION('',(-0.,-0.,-1.));
#7041 = PCURVE('',#1551,#7042);
#7042 = DEFINITIONAL_REPRESENTATION('',(#7043),#7046);
#7043 = B_SPLINE_CURVE_WITH_KNOTS('',1,(#7044,#7045),.UNSPECIFIED.,.F.,
  .F.,(2,2),(-2.143,-1.207),.PIECEWISE_BEZIER_KNOTS.);
#7044 = CARTESIAN_POINT('',(2.414389233048,-0.858));
#7045 = CARTESIAN_POINT('',(2.414389233048,7.8E-02));
#7046 = ( GEOMETRIC_REPRESENTATION_CONTEXT(2) 
PARAMETRIC_REPRESENTATION_CONTEXT() REPRESENTATION_CONTEXT('2D SPACE',''
  ) );
#7047 = PCURVE('',#5181,#7048);
#7048 = DEFINITIONAL_REPRESENTATION('',(#7049),#7052);
#7049 = B_SPLINE_CURVE_WITH_KNOTS('',1,(#7050,#7051),.UNSPECIFIED.,.F.,
  .F.,(2,2),(-2.143,-1.207),.PIECEWISE_BEZIER_KNOTS.);
#7050 = CARTESIAN_POINT('',(-6.173723145327,-2.143));
#7051 = CARTESIAN_POINT('',(-6.173723145327,-1.207));
#7052 = ( GEOMETRIC_REPRESENTATION_CONTEXT(2) 
PARAMETRIC_REPRESENTATION_CONTEXT() REPRESENTATION_CONTEXT('2D SPACE',''
  ) );
#7053 = ORIENTED_EDGE('',*,*,#6919,.T.);
#7054 = ORIENTED_EDGE('',*,*,#1536,.T.);
#7055 = ADVANCED_FACE('',(#7056),#1579,.T.);
#7056 = FACE_BOUND('',#7057,.T.);
#7057 = EDGE_LOOP('',(#7058,#7084,#7085,#7086));
#7058 = ORIENTED_EDGE('',*,*,#7059,.T.);
#7059 = EDGE_CURVE('',#6966,#7013,#7060,.T.);
#7060 = SURFACE_CURVE('',#7061,(#7066,#7077),.PCURVE_S1.);
#7061 = CIRCLE('',#7062,5.95);
#7062 = AXIS2_PLACEMENT_3D('',#7063,#7064,#7065);
#7063 = CARTESIAN_POINT('',(42.5,0.,2.885));
#7064 = DIRECTION('',(0.,0.,-1.));
#7065 = DIRECTION('',(1.,0.,0.));
#7066 = PCURVE('',#1579,#7067);
#7067 = DEFINITIONAL_REPRESENTATION('',(#7068),#7076);
#7068 = ( BOUNDED_CURVE() B_SPLINE_CURVE(2,(#7069,#7070,#7071,#7072,
#7073,#7074,#7075),.UNSPECIFIED.,.T.,.F.) B_SPLINE_CURVE_WITH_KNOTS((1,2
    ,2,2,2,1),(-2.094395102393,0.,2.094395102393,4.188790204786,
6.28318530718,8.377580409573),.UNSPECIFIED.) CURVE() 
GEOMETRIC_REPRESENTATION_ITEM() RATIONAL_B_SPLINE_CURVE((1.,0.5,1.,0.5,
1.,0.5,1.)) REPRESENTATION_ITEM('') );
#7069 = CARTESIAN_POINT('',(0.25,0.));
#7070 = CARTESIAN_POINT('',(0.25,-10.30570230503));
#7071 = CARTESIAN_POINT('',(-8.675,-5.152851152517));
#7072 = CARTESIAN_POINT('',(-17.6,-1.457329690985E-15));
#7073 = CARTESIAN_POINT('',(-8.675,5.152851152517));
#7074 = CARTESIAN_POINT('',(0.25,10.305702305035));
#7075 = CARTESIAN_POINT('',(0.25,0.));
#7076 = ( GEOMETRIC_REPRESENTATION_CONTEXT(2) 
PARAMETRIC_REPRESENTATION_CONTEXT() REPRESENTATION_CONTEXT('2D SPACE',''
  ) );
#7077 = PCURVE('',#5181,#7078);
#7078 = DEFINITIONAL_REPRESENTATION('',(#7079),#7083);
#7079 = LINE('',#7080,#7081);
#7080 = CARTESIAN_POINT('',(-12.56637061435,-1.285));
#7081 = VECTOR('',#7082,1.);
#7082 = DIRECTION('',(1.,-0.));
#7083 = ( GEOMETRIC_REPRESENTATION_CONTEXT(2) 
PARAMETRIC_REPRESENTATION_CONTEXT() REPRESENTATION_CONTEXT('2D SPACE',''
  ) );
#7084 = ORIENTED_EDGE('',*,*,#7012,.T.);
#7085 = ORIENTED_EDGE('',*,*,#1562,.F.);
#7086 = ORIENTED_EDGE('',*,*,#6965,.T.);
#7087 = ADVANCED_FACE('',(#7088),#1640,.F.);
#7088 = FACE_BOUND('',#7089,.F.);
#7089 = EDGE_LOOP('',(#7090,#7120,#7141,#7142));
#7090 = ORIENTED_EDGE('',*,*,#7091,.T.);
#7091 = EDGE_CURVE('',#7092,#7094,#7096,.T.);
#7092 = VERTEX_POINT('',#7093);
#7093 = CARTESIAN_POINT('',(48.414389233049,0.65,2.615));
#7094 = VERTEX_POINT('',#7095);
#7095 = CARTESIAN_POINT('',(48.414389233048,-0.65,2.615));
#7096 = SURFACE_CURVE('',#7097,(#7102,#7113),.PCURVE_S1.);
#7097 = CIRCLE('',#7098,5.95);
#7098 = AXIS2_PLACEMENT_3D('',#7099,#7100,#7101);
#7099 = CARTESIAN_POINT('',(42.5,0.,2.615));
#7100 = DIRECTION('',(0.,0.,-1.));
#7101 = DIRECTION('',(1.,0.,0.));
#7102 = PCURVE('',#1640,#7103);
#7103 = DEFINITIONAL_REPRESENTATION('',(#7104),#7112);
#7104 = ( BOUNDED_CURVE() B_SPLINE_CURVE(2,(#7105,#7106,#7107,#7108,
#7109,#7110,#7111),.UNSPECIFIED.,.T.,.F.) B_SPLINE_CURVE_WITH_KNOTS((1,2
    ,2,2,2,1),(-2.094395102393,0.,2.094395102393,4.188790204786,
6.28318530718,8.377580409573),.UNSPECIFIED.) CURVE() 
GEOMETRIC_REPRESENTATION_ITEM() RATIONAL_B_SPLINE_CURVE((1.,0.5,1.,0.5,
1.,0.5,1.)) REPRESENTATION_ITEM('') );
#7105 = CARTESIAN_POINT('',(0.25,0.));
#7106 = CARTESIAN_POINT('',(0.25,-10.30570230503));
#7107 = CARTESIAN_POINT('',(-8.675,-5.152851152517));
#7108 = CARTESIAN_POINT('',(-17.6,-1.457329690985E-15));
#7109 = CARTESIAN_POINT('',(-8.675,5.152851152517));
#7110 = CARTESIAN_POINT('',(0.25,10.305702305035));
#7111 = CARTESIAN_POINT('',(0.25,0.));
#7112 = ( GEOMETRIC_REPRESENTATION_CONTEXT(2) 
PARAMETRIC_REPRESENTATION_CONTEXT() REPRESENTATION_CONTEXT('2D SPACE',''
  ) );
#7113 = PCURVE('',#5181,#7114);
#7114 = DEFINITIONAL_REPRESENTATION('',(#7115),#7119);
#7115 = LINE('',#7116,#7117);
#7116 = CARTESIAN_POINT('',(-12.56637061435,-1.015));
#7117 = VECTOR('',#7118,1.);
#7118 = DIRECTION('',(1.,-0.));
#7119 = ( GEOMETRIC_REPRESENTATION_CONTEXT(2) 
PARAMETRIC_REPRESENTATION_CONTEXT() REPRESENTATION_CONTEXT('2D SPACE',''
  ) );
#7120 = ORIENTED_EDGE('',*,*,#7121,.T.);
#7121 = EDGE_CURVE('',#7094,#1624,#7122,.T.);
#7122 = SURFACE_CURVE('',#7123,(#7127,#7134),.PCURVE_S1.);
#7123 = LINE('',#7124,#7125);
#7124 = CARTESIAN_POINT('',(46.,-0.65,2.615));
#7125 = VECTOR('',#7126,1.);
#7126 = DIRECTION('',(1.,0.,0.));
#7127 = PCURVE('',#1640,#7128);
#7128 = DEFINITIONAL_REPRESENTATION('',(#7129),#7133);
#7129 = LINE('',#7130,#7131);
#7130 = CARTESIAN_POINT('',(-2.2,-0.65));
#7131 = VECTOR('',#7132,1.);
#7132 = DIRECTION('',(1.,0.));
#7133 = ( GEOMETRIC_REPRESENTATION_CONTEXT(2) 
PARAMETRIC_REPRESENTATION_CONTEXT() REPRESENTATION_CONTEXT('2D SPACE',''
  ) );
#7134 = PCURVE('',#1671,#7135);
#7135 = DEFINITIONAL_REPRESENTATION('',(#7136),#7140);
#7136 = LINE('',#7137,#7138);
#7137 = CARTESIAN_POINT('',(0.,-0.78));
#7138 = VECTOR('',#7139,1.);
#7139 = DIRECTION('',(1.,0.));
#7140 = ( GEOMETRIC_REPRESENTATION_CONTEXT(2) 
PARAMETRIC_REPRESENTATION_CONTEXT() REPRESENTATION_CONTEXT('2D SPACE',''
  ) );
#7141 = ORIENTED_EDGE('',*,*,#1621,.F.);
#7142 = ORIENTED_EDGE('',*,*,#7143,.T.);
#7143 = EDGE_CURVE('',#1622,#7092,#7144,.T.);
#7144 = SURFACE_CURVE('',#7145,(#7149,#7156),.PCURVE_S1.);
#7145 = LINE('',#7146,#7147);
#7146 = CARTESIAN_POINT('',(50.4,0.65,2.615));
#7147 = VECTOR('',#7148,1.);
#7148 = DIRECTION('',(-1.,0.,0.));
#7149 = PCURVE('',#1640,#7150);
#7150 = DEFINITIONAL_REPRESENTATION('',(#7151),#7155);
#7151 = LINE('',#7152,#7153);
#7152 = CARTESIAN_POINT('',(2.2,0.65));
#7153 = VECTOR('',#7154,1.);
#7154 = DIRECTION('',(-1.,0.));
#7155 = ( GEOMETRIC_REPRESENTATION_CONTEXT(2) 
PARAMETRIC_REPRESENTATION_CONTEXT() REPRESENTATION_CONTEXT('2D SPACE',''
  ) );
#7156 = PCURVE('',#1728,#7157);
#7157 = DEFINITIONAL_REPRESENTATION('',(#7158),#7162);
#7158 = LINE('',#7159,#7160);
#7159 = CARTESIAN_POINT('',(0.,-0.78));
#7160 = VECTOR('',#7161,1.);
#7161 = DIRECTION('',(1.,0.));
#7162 = ( GEOMETRIC_REPRESENTATION_CONTEXT(2) 
PARAMETRIC_REPRESENTATION_CONTEXT() REPRESENTATION_CONTEXT('2D SPACE',''
  ) );
#7163 = ADVANCED_FACE('',(#7164),#1728,.T.);
#7164 = FACE_BOUND('',#7165,.T.);
#7165 = EDGE_LOOP('',(#7166,#7189,#7190,#7191));
#7166 = ORIENTED_EDGE('',*,*,#7167,.F.);
#7167 = EDGE_CURVE('',#1683,#7168,#7170,.T.);
#7168 = VERTEX_POINT('',#7169);
#7169 = CARTESIAN_POINT('',(48.414389233049,0.65,1.835));
#7170 = SURFACE_CURVE('',#7171,(#7175,#7182),.PCURVE_S1.);
#7171 = LINE('',#7172,#7173);
#7172 = CARTESIAN_POINT('',(50.4,0.65,1.835));
#7173 = VECTOR('',#7174,1.);
#7174 = DIRECTION('',(-1.,0.,0.));
#7175 = PCURVE('',#1728,#7176);
#7176 = DEFINITIONAL_REPRESENTATION('',(#7177),#7181);
#7177 = LINE('',#7178,#7179);
#7178 = CARTESIAN_POINT('',(0.,-0.));
#7179 = VECTOR('',#7180,1.);
#7180 = DIRECTION('',(1.,0.));
#7181 = ( GEOMETRIC_REPRESENTATION_CONTEXT(2) 
PARAMETRIC_REPRESENTATION_CONTEXT() REPRESENTATION_CONTEXT('2D SPACE',''
  ) );
#7182 = PCURVE('',#1699,#7183);
#7183 = DEFINITIONAL_REPRESENTATION('',(#7184),#7188);
#7184 = LINE('',#7185,#7186);
#7185 = CARTESIAN_POINT('',(2.2,0.65));
#7186 = VECTOR('',#7187,1.);
#7187 = DIRECTION('',(-1.,0.));
#7188 = ( GEOMETRIC_REPRESENTATION_CONTEXT(2) 
PARAMETRIC_REPRESENTATION_CONTEXT() REPRESENTATION_CONTEXT('2D SPACE',''
  ) );
#7189 = ORIENTED_EDGE('',*,*,#1715,.F.);
#7190 = ORIENTED_EDGE('',*,*,#7143,.T.);
#7191 = ORIENTED_EDGE('',*,*,#7192,.T.);
#7192 = EDGE_CURVE('',#7092,#7168,#7193,.T.);
#7193 = SURFACE_CURVE('',#7194,(#7198,#7204),.PCURVE_S1.);
#7194 = LINE('',#7195,#7196);
#7195 = CARTESIAN_POINT('',(48.414389233048,0.65,1.6));
#7196 = VECTOR('',#7197,1.);
#7197 = DIRECTION('',(-0.,-0.,-1.));
#7198 = PCURVE('',#1728,#7199);
#7199 = DEFINITIONAL_REPRESENTATION('',(#7200),#7203);
#7200 = B_SPLINE_CURVE_WITH_KNOTS('',1,(#7201,#7202),.UNSPECIFIED.,.F.,
  .F.,(2,2),(-1.093,-0.157),.PIECEWISE_BEZIER_KNOTS.);
#7201 = CARTESIAN_POINT('',(1.985610766952,-0.858));
#7202 = CARTESIAN_POINT('',(1.985610766952,7.8E-02));
#7203 = ( GEOMETRIC_REPRESENTATION_CONTEXT(2) 
PARAMETRIC_REPRESENTATION_CONTEXT() REPRESENTATION_CONTEXT('2D SPACE',''
  ) );
#7204 = PCURVE('',#5181,#7205);
#7205 = DEFINITIONAL_REPRESENTATION('',(#7206),#7209);
#7206 = B_SPLINE_CURVE_WITH_KNOTS('',1,(#7207,#7208),.UNSPECIFIED.,.F.,
  .F.,(2,2),(-1.093,-0.157),.PIECEWISE_BEZIER_KNOTS.);
#7207 = CARTESIAN_POINT('',(-6.392647469032,-1.093));
#7208 = CARTESIAN_POINT('',(-6.392647469032,-0.157));
#7209 = ( GEOMETRIC_REPRESENTATION_CONTEXT(2) 
PARAMETRIC_REPRESENTATION_CONTEXT() REPRESENTATION_CONTEXT('2D SPACE',''
  ) );
#7210 = ADVANCED_FACE('',(#7211),#1671,.T.);
#7211 = FACE_BOUND('',#7212,.T.);
#7212 = EDGE_LOOP('',(#7213,#7236,#7255,#7256));
#7213 = ORIENTED_EDGE('',*,*,#7214,.F.);
#7214 = EDGE_CURVE('',#7215,#1657,#7217,.T.);
#7215 = VERTEX_POINT('',#7216);
#7216 = CARTESIAN_POINT('',(48.414389233048,-0.65,1.835));
#7217 = SURFACE_CURVE('',#7218,(#7222,#7229),.PCURVE_S1.);
#7218 = LINE('',#7219,#7220);
#7219 = CARTESIAN_POINT('',(46.,-0.65,1.835));
#7220 = VECTOR('',#7221,1.);
#7221 = DIRECTION('',(1.,0.,0.));
#7222 = PCURVE('',#1671,#7223);
#7223 = DEFINITIONAL_REPRESENTATION('',(#7224),#7228);
#7224 = LINE('',#7225,#7226);
#7225 = CARTESIAN_POINT('',(0.,0.));
#7226 = VECTOR('',#7227,1.);
#7227 = DIRECTION('',(1.,0.));
#7228 = ( GEOMETRIC_REPRESENTATION_CONTEXT(2) 
PARAMETRIC_REPRESENTATION_CONTEXT() REPRESENTATION_CONTEXT('2D SPACE',''
  ) );
#7229 = PCURVE('',#1699,#7230);
#7230 = DEFINITIONAL_REPRESENTATION('',(#7231),#7235);
#7231 = LINE('',#7232,#7233);
#7232 = CARTESIAN_POINT('',(-2.2,-0.65));
#7233 = VECTOR('',#7234,1.);
#7234 = DIRECTION('',(1.,0.));
#7235 = ( GEOMETRIC_REPRESENTATION_CONTEXT(2) 
PARAMETRIC_REPRESENTATION_CONTEXT() REPRESENTATION_CONTEXT('2D SPACE',''
  ) );
#7236 = ORIENTED_EDGE('',*,*,#7237,.F.);
#7237 = EDGE_CURVE('',#7094,#7215,#7238,.T.);
#7238 = SURFACE_CURVE('',#7239,(#7243,#7249),.PCURVE_S1.);
#7239 = LINE('',#7240,#7241);
#7240 = CARTESIAN_POINT('',(48.414389233048,-0.65,1.6));
#7241 = VECTOR('',#7242,1.);
#7242 = DIRECTION('',(-0.,-0.,-1.));
#7243 = PCURVE('',#1671,#7244);
#7244 = DEFINITIONAL_REPRESENTATION('',(#7245),#7248);
#7245 = B_SPLINE_CURVE_WITH_KNOTS('',1,(#7246,#7247),.UNSPECIFIED.,.F.,
  .F.,(2,2),(-1.093,-0.157),.PIECEWISE_BEZIER_KNOTS.);
#7246 = CARTESIAN_POINT('',(2.414389233048,-0.858));
#7247 = CARTESIAN_POINT('',(2.414389233048,7.8E-02));
#7248 = ( GEOMETRIC_REPRESENTATION_CONTEXT(2) 
PARAMETRIC_REPRESENTATION_CONTEXT() REPRESENTATION_CONTEXT('2D SPACE',''
  ) );
#7249 = PCURVE('',#5181,#7250);
#7250 = DEFINITIONAL_REPRESENTATION('',(#7251),#7254);
#7251 = B_SPLINE_CURVE_WITH_KNOTS('',1,(#7252,#7253),.UNSPECIFIED.,.F.,
  .F.,(2,2),(-1.093,-0.157),.PIECEWISE_BEZIER_KNOTS.);
#7252 = CARTESIAN_POINT('',(-6.173723145327,-1.093));
#7253 = CARTESIAN_POINT('',(-6.173723145327,-0.157));
#7254 = ( GEOMETRIC_REPRESENTATION_CONTEXT(2) 
PARAMETRIC_REPRESENTATION_CONTEXT() REPRESENTATION_CONTEXT('2D SPACE',''
  ) );
#7255 = ORIENTED_EDGE('',*,*,#7121,.T.);
#7256 = ORIENTED_EDGE('',*,*,#1656,.T.);
#7257 = ADVANCED_FACE('',(#7258),#1699,.T.);
#7258 = FACE_BOUND('',#7259,.T.);
#7259 = EDGE_LOOP('',(#7260,#7286,#7287,#7288));
#7260 = ORIENTED_EDGE('',*,*,#7261,.T.);
#7261 = EDGE_CURVE('',#7168,#7215,#7262,.T.);
#7262 = SURFACE_CURVE('',#7263,(#7268,#7279),.PCURVE_S1.);
#7263 = CIRCLE('',#7264,5.95);
#7264 = AXIS2_PLACEMENT_3D('',#7265,#7266,#7267);
#7265 = CARTESIAN_POINT('',(42.5,0.,1.835));
#7266 = DIRECTION('',(0.,0.,-1.));
#7267 = DIRECTION('',(1.,0.,0.));
#7268 = PCURVE('',#1699,#7269);
#7269 = DEFINITIONAL_REPRESENTATION('',(#7270),#7278);
#7270 = ( BOUNDED_CURVE() B_SPLINE_CURVE(2,(#7271,#7272,#7273,#7274,
#7275,#7276,#7277),.UNSPECIFIED.,.T.,.F.) B_SPLINE_CURVE_WITH_KNOTS((1,2
    ,2,2,2,1),(-2.094395102393,0.,2.094395102393,4.188790204786,
6.28318530718,8.377580409573),.UNSPECIFIED.) CURVE() 
GEOMETRIC_REPRESENTATION_ITEM() RATIONAL_B_SPLINE_CURVE((1.,0.5,1.,0.5,
1.,0.5,1.)) REPRESENTATION_ITEM('') );
#7271 = CARTESIAN_POINT('',(0.25,0.));
#7272 = CARTESIAN_POINT('',(0.25,-10.30570230503));
#7273 = CARTESIAN_POINT('',(-8.675,-5.152851152517));
#7274 = CARTESIAN_POINT('',(-17.6,-1.457329690985E-15));
#7275 = CARTESIAN_POINT('',(-8.675,5.152851152517));
#7276 = CARTESIAN_POINT('',(0.25,10.305702305035));
#7277 = CARTESIAN_POINT('',(0.25,0.));
#7278 = ( GEOMETRIC_REPRESENTATION_CONTEXT(2) 
PARAMETRIC_REPRESENTATION_CONTEXT() REPRESENTATION_CONTEXT('2D SPACE',''
  ) );
#7279 = PCURVE('',#5181,#7280);
#7280 = DEFINITIONAL_REPRESENTATION('',(#7281),#7285);
#7281 = LINE('',#7282,#7283);
#7282 = CARTESIAN_POINT('',(-12.56637061435,-0.235));
#7283 = VECTOR('',#7284,1.);
#7284 = DIRECTION('',(1.,-0.));
#7285 = ( GEOMETRIC_REPRESENTATION_CONTEXT(2) 
PARAMETRIC_REPRESENTATION_CONTEXT() REPRESENTATION_CONTEXT('2D SPACE',''
  ) );
#7286 = ORIENTED_EDGE('',*,*,#7214,.T.);
#7287 = ORIENTED_EDGE('',*,*,#1682,.F.);
#7288 = ORIENTED_EDGE('',*,*,#7167,.T.);
#7289 = ADVANCED_FACE('',(#7290),#2014,.F.);
#7290 = FACE_BOUND('',#7291,.F.);
#7291 = EDGE_LOOP('',(#7292,#7322,#7343,#7344));
#7292 = ORIENTED_EDGE('',*,*,#7293,.T.);
#7293 = EDGE_CURVE('',#7294,#7296,#7298,.T.);
#7294 = VERTEX_POINT('',#7295);
#7295 = CARTESIAN_POINT('',(0.65,-48.41438923304,7.865));
#7296 = VERTEX_POINT('',#7297);
#7297 = CARTESIAN_POINT('',(-0.65,-48.41438923304,7.865));
#7298 = SURFACE_CURVE('',#7299,(#7304,#7315),.PCURVE_S1.);
#7299 = CIRCLE('',#7300,5.95);
#7300 = AXIS2_PLACEMENT_3D('',#7301,#7302,#7303);
#7301 = CARTESIAN_POINT('',(-9.436895709314E-15,-42.5,7.865));
#7302 = DIRECTION('',(0.,0.,-1.));
#7303 = DIRECTION('',(-2.22044604925E-16,-1.,-0.));
#7304 = PCURVE('',#2014,#7305);
#7305 = DEFINITIONAL_REPRESENTATION('',(#7306),#7314);
#7306 = ( BOUNDED_CURVE() B_SPLINE_CURVE(2,(#7307,#7308,#7309,#7310,
#7311,#7312,#7313),.UNSPECIFIED.,.T.,.F.) B_SPLINE_CURVE_WITH_KNOTS((1,2
    ,2,2,2,1),(-2.094395102393,0.,2.094395102393,4.188790204786,
6.28318530718,8.377580409573),.UNSPECIFIED.) CURVE() 
GEOMETRIC_REPRESENTATION_ITEM() RATIONAL_B_SPLINE_CURVE((1.,0.5,1.,0.5,
1.,0.5,1.)) REPRESENTATION_ITEM('') );
#7307 = CARTESIAN_POINT('',(0.25,0.));
#7308 = CARTESIAN_POINT('',(0.25,-10.30570230503));
#7309 = CARTESIAN_POINT('',(-8.675,-5.152851152517));
#7310 = CARTESIAN_POINT('',(-17.6,-1.457329690985E-15));
#7311 = CARTESIAN_POINT('',(-8.675,5.152851152517));
#7312 = CARTESIAN_POINT('',(0.25,10.305702305035));
#7313 = CARTESIAN_POINT('',(0.25,0.));
#7314 = ( GEOMETRIC_REPRESENTATION_CONTEXT(2) 
PARAMETRIC_REPRESENTATION_CONTEXT() REPRESENTATION_CONTEXT('2D SPACE',''
  ) );
#7315 = PCURVE('',#5423,#7316);
#7316 = DEFINITIONAL_REPRESENTATION('',(#7317),#7321);
#7317 = LINE('',#7318,#7319);
#7318 = CARTESIAN_POINT('',(-12.56637061435,-6.265));
#7319 = VECTOR('',#7320,1.);
#7320 = DIRECTION('',(1.,-0.));
#7321 = ( GEOMETRIC_REPRESENTATION_CONTEXT(2) 
PARAMETRIC_REPRESENTATION_CONTEXT() REPRESENTATION_CONTEXT('2D SPACE',''
  ) );
#7322 = ORIENTED_EDGE('',*,*,#7323,.T.);
#7323 = EDGE_CURVE('',#7296,#1998,#7324,.T.);
#7324 = SURFACE_CURVE('',#7325,(#7329,#7336),.PCURVE_S1.);
#7325 = LINE('',#7326,#7327);
#7326 = CARTESIAN_POINT('',(-0.65,-46.,7.865));
#7327 = VECTOR('',#7328,1.);
#7328 = DIRECTION('',(-2.22044604925E-16,-1.,0.));
#7329 = PCURVE('',#2014,#7330);
#7330 = DEFINITIONAL_REPRESENTATION('',(#7331),#7335);
#7331 = LINE('',#7332,#7333);
#7332 = CARTESIAN_POINT('',(-2.2,-0.65));
#7333 = VECTOR('',#7334,1.);
#7334 = DIRECTION('',(1.,0.));
#7335 = ( GEOMETRIC_REPRESENTATION_CONTEXT(2) 
PARAMETRIC_REPRESENTATION_CONTEXT() REPRESENTATION_CONTEXT('2D SPACE',''
  ) );
#7336 = PCURVE('',#2045,#7337);
#7337 = DEFINITIONAL_REPRESENTATION('',(#7338),#7342);
#7338 = LINE('',#7339,#7340);
#7339 = CARTESIAN_POINT('',(0.,-0.78));
#7340 = VECTOR('',#7341,1.);
#7341 = DIRECTION('',(1.,0.));
#7342 = ( GEOMETRIC_REPRESENTATION_CONTEXT(2) 
PARAMETRIC_REPRESENTATION_CONTEXT() REPRESENTATION_CONTEXT('2D SPACE',''
  ) );
#7343 = ORIENTED_EDGE('',*,*,#1995,.F.);
#7344 = ORIENTED_EDGE('',*,*,#7345,.T.);
#7345 = EDGE_CURVE('',#1996,#7294,#7346,.T.);
#7346 = SURFACE_CURVE('',#7347,(#7351,#7358),.PCURVE_S1.);
#7347 = LINE('',#7348,#7349);
#7348 = CARTESIAN_POINT('',(0.65,-50.4,7.865));
#7349 = VECTOR('',#7350,1.);
#7350 = DIRECTION('',(2.22044604925E-16,1.,0.));
#7351 = PCURVE('',#2014,#7352);
#7352 = DEFINITIONAL_REPRESENTATION('',(#7353),#7357);
#7353 = LINE('',#7354,#7355);
#7354 = CARTESIAN_POINT('',(2.2,0.65));
#7355 = VECTOR('',#7356,1.);
#7356 = DIRECTION('',(-1.,0.));
#7357 = ( GEOMETRIC_REPRESENTATION_CONTEXT(2) 
PARAMETRIC_REPRESENTATION_CONTEXT() REPRESENTATION_CONTEXT('2D SPACE',''
  ) );
#7358 = PCURVE('',#2102,#7359);
#7359 = DEFINITIONAL_REPRESENTATION('',(#7360),#7364);
#7360 = LINE('',#7361,#7362);
#7361 = CARTESIAN_POINT('',(0.,-0.78));
#7362 = VECTOR('',#7363,1.);
#7363 = DIRECTION('',(1.,0.));
#7364 = ( GEOMETRIC_REPRESENTATION_CONTEXT(2) 
PARAMETRIC_REPRESENTATION_CONTEXT() REPRESENTATION_CONTEXT('2D SPACE',''
  ) );
#7365 = ADVANCED_FACE('',(#7366),#2102,.T.);
#7366 = FACE_BOUND('',#7367,.T.);
#7367 = EDGE_LOOP('',(#7368,#7391,#7392,#7393));
#7368 = ORIENTED_EDGE('',*,*,#7369,.F.);
#7369 = EDGE_CURVE('',#2057,#7370,#7372,.T.);
#7370 = VERTEX_POINT('',#7371);
#7371 = CARTESIAN_POINT('',(0.65,-48.41438923304,7.085));
#7372 = SURFACE_CURVE('',#7373,(#7377,#7384),.PCURVE_S1.);
#7373 = LINE('',#7374,#7375);
#7374 = CARTESIAN_POINT('',(0.65,-50.4,7.085));
#7375 = VECTOR('',#7376,1.);
#7376 = DIRECTION('',(2.22044604925E-16,1.,0.));
#7377 = PCURVE('',#2102,#7378);
#7378 = DEFINITIONAL_REPRESENTATION('',(#7379),#7383);
#7379 = LINE('',#7380,#7381);
#7380 = CARTESIAN_POINT('',(0.,0.));
#7381 = VECTOR('',#7382,1.);
#7382 = DIRECTION('',(1.,0.));
#7383 = ( GEOMETRIC_REPRESENTATION_CONTEXT(2) 
PARAMETRIC_REPRESENTATION_CONTEXT() REPRESENTATION_CONTEXT('2D SPACE',''
  ) );
#7384 = PCURVE('',#2073,#7385);
#7385 = DEFINITIONAL_REPRESENTATION('',(#7386),#7390);
#7386 = LINE('',#7387,#7388);
#7387 = CARTESIAN_POINT('',(2.2,0.65));
#7388 = VECTOR('',#7389,1.);
#7389 = DIRECTION('',(-1.,0.));
#7390 = ( GEOMETRIC_REPRESENTATION_CONTEXT(2) 
PARAMETRIC_REPRESENTATION_CONTEXT() REPRESENTATION_CONTEXT('2D SPACE',''
  ) );
#7391 = ORIENTED_EDGE('',*,*,#2089,.F.);
#7392 = ORIENTED_EDGE('',*,*,#7345,.T.);
#7393 = ORIENTED_EDGE('',*,*,#7394,.T.);
#7394 = EDGE_CURVE('',#7294,#7370,#7395,.T.);
#7395 = SURFACE_CURVE('',#7396,(#7400,#7406),.PCURVE_S1.);
#7396 = LINE('',#7397,#7398);
#7397 = CARTESIAN_POINT('',(0.65,-48.41438923304,1.6));
#7398 = VECTOR('',#7399,1.);
#7399 = DIRECTION('',(0.,0.,-1.));
#7400 = PCURVE('',#2102,#7401);
#7401 = DEFINITIONAL_REPRESENTATION('',(#7402),#7405);
#7402 = B_SPLINE_CURVE_WITH_KNOTS('',1,(#7403,#7404),.UNSPECIFIED.,.F.,
  .F.,(2,2),(-6.343,-5.407),.PIECEWISE_BEZIER_KNOTS.);
#7403 = CARTESIAN_POINT('',(1.985610766952,-0.858));
#7404 = CARTESIAN_POINT('',(1.985610766952,7.8E-02));
#7405 = ( GEOMETRIC_REPRESENTATION_CONTEXT(2) 
PARAMETRIC_REPRESENTATION_CONTEXT() REPRESENTATION_CONTEXT('2D SPACE',''
  ) );
#7406 = PCURVE('',#5423,#7407);
#7407 = DEFINITIONAL_REPRESENTATION('',(#7408),#7411);
#7408 = B_SPLINE_CURVE_WITH_KNOTS('',1,(#7409,#7410),.UNSPECIFIED.,.F.,
  .F.,(2,2),(-6.343,-5.407),.PIECEWISE_BEZIER_KNOTS.);
#7409 = CARTESIAN_POINT('',(-6.392647469032,-6.343));
#7410 = CARTESIAN_POINT('',(-6.392647469032,-5.407));
#7411 = ( GEOMETRIC_REPRESENTATION_CONTEXT(2) 
PARAMETRIC_REPRESENTATION_CONTEXT() REPRESENTATION_CONTEXT('2D SPACE',''
  ) );
#7412 = ADVANCED_FACE('',(#7413),#2073,.T.);
#7413 = FACE_BOUND('',#7414,.T.);
#7414 = EDGE_LOOP('',(#7415,#7443,#7464,#7465));
#7415 = ORIENTED_EDGE('',*,*,#7416,.T.);
#7416 = EDGE_CURVE('',#7370,#7417,#7419,.T.);
#7417 = VERTEX_POINT('',#7418);
#7418 = CARTESIAN_POINT('',(-0.65,-48.41438923304,7.085));
#7419 = SURFACE_CURVE('',#7420,(#7425,#7436),.PCURVE_S1.);
#7420 = CIRCLE('',#7421,5.95);
#7421 = AXIS2_PLACEMENT_3D('',#7422,#7423,#7424);
#7422 = CARTESIAN_POINT('',(-9.436895709314E-15,-42.5,7.085));
#7423 = DIRECTION('',(0.,0.,-1.));
#7424 = DIRECTION('',(-2.22044604925E-16,-1.,-0.));
#7425 = PCURVE('',#2073,#7426);
#7426 = DEFINITIONAL_REPRESENTATION('',(#7427),#7435);
#7427 = ( BOUNDED_CURVE() B_SPLINE_CURVE(2,(#7428,#7429,#7430,#7431,
#7432,#7433,#7434),.UNSPECIFIED.,.T.,.F.) B_SPLINE_CURVE_WITH_KNOTS((1,2
    ,2,2,2,1),(-2.094395102393,0.,2.094395102393,4.188790204786,
6.28318530718,8.377580409573),.UNSPECIFIED.) CURVE() 
GEOMETRIC_REPRESENTATION_ITEM() RATIONAL_B_SPLINE_CURVE((1.,0.5,1.,0.5,
1.,0.5,1.)) REPRESENTATION_ITEM('') );
#7428 = CARTESIAN_POINT('',(0.25,0.));
#7429 = CARTESIAN_POINT('',(0.25,-10.30570230503));
#7430 = CARTESIAN_POINT('',(-8.675,-5.152851152517));
#7431 = CARTESIAN_POINT('',(-17.6,-1.457329690985E-15));
#7432 = CARTESIAN_POINT('',(-8.675,5.152851152517));
#7433 = CARTESIAN_POINT('',(0.25,10.305702305035));
#7434 = CARTESIAN_POINT('',(0.25,0.));
#7435 = ( GEOMETRIC_REPRESENTATION_CONTEXT(2) 
PARAMETRIC_REPRESENTATION_CONTEXT() REPRESENTATION_CONTEXT('2D SPACE',''
  ) );
#7436 = PCURVE('',#5423,#7437);
#7437 = DEFINITIONAL_REPRESENTATION('',(#7438),#7442);
#7438 = LINE('',#7439,#7440);
#7439 = CARTESIAN_POINT('',(-12.56637061435,-5.485));
#7440 = VECTOR('',#7441,1.);
#7441 = DIRECTION('',(1.,-0.));
#7442 = ( GEOMETRIC_REPRESENTATION_CONTEXT(2) 
PARAMETRIC_REPRESENTATION_CONTEXT() REPRESENTATION_CONTEXT('2D SPACE',''
  ) );
#7443 = ORIENTED_EDGE('',*,*,#7444,.T.);
#7444 = EDGE_CURVE('',#7417,#2031,#7445,.T.);
#7445 = SURFACE_CURVE('',#7446,(#7450,#7457),.PCURVE_S1.);
#7446 = LINE('',#7447,#7448);
#7447 = CARTESIAN_POINT('',(-0.65,-46.,7.085));
#7448 = VECTOR('',#7449,1.);
#7449 = DIRECTION('',(-2.22044604925E-16,-1.,0.));
#7450 = PCURVE('',#2073,#7451);
#7451 = DEFINITIONAL_REPRESENTATION('',(#7452),#7456);
#7452 = LINE('',#7453,#7454);
#7453 = CARTESIAN_POINT('',(-2.2,-0.65));
#7454 = VECTOR('',#7455,1.);
#7455 = DIRECTION('',(1.,0.));
#7456 = ( GEOMETRIC_REPRESENTATION_CONTEXT(2) 
PARAMETRIC_REPRESENTATION_CONTEXT() REPRESENTATION_CONTEXT('2D SPACE',''
  ) );
#7457 = PCURVE('',#2045,#7458);
#7458 = DEFINITIONAL_REPRESENTATION('',(#7459),#7463);
#7459 = LINE('',#7460,#7461);
#7460 = CARTESIAN_POINT('',(0.,0.));
#7461 = VECTOR('',#7462,1.);
#7462 = DIRECTION('',(1.,0.));
#7463 = ( GEOMETRIC_REPRESENTATION_CONTEXT(2) 
PARAMETRIC_REPRESENTATION_CONTEXT() REPRESENTATION_CONTEXT('2D SPACE',''
  ) );
#7464 = ORIENTED_EDGE('',*,*,#2056,.F.);
#7465 = ORIENTED_EDGE('',*,*,#7369,.T.);
#7466 = ADVANCED_FACE('',(#7467),#2045,.T.);
#7467 = FACE_BOUND('',#7468,.T.);
#7468 = EDGE_LOOP('',(#7469,#7470,#7489,#7490));
#7469 = ORIENTED_EDGE('',*,*,#7444,.F.);
#7470 = ORIENTED_EDGE('',*,*,#7471,.F.);
#7471 = EDGE_CURVE('',#7296,#7417,#7472,.T.);
#7472 = SURFACE_CURVE('',#7473,(#7477,#7483),.PCURVE_S1.);
#7473 = LINE('',#7474,#7475);
#7474 = CARTESIAN_POINT('',(-0.65,-48.41438923304,1.6));
#7475 = VECTOR('',#7476,1.);
#7476 = DIRECTION('',(0.,0.,-1.));
#7477 = PCURVE('',#2045,#7478);
#7478 = DEFINITIONAL_REPRESENTATION('',(#7479),#7482);
#7479 = B_SPLINE_CURVE_WITH_KNOTS('',1,(#7480,#7481),.UNSPECIFIED.,.F.,
  .F.,(2,2),(-6.343,-5.407),.PIECEWISE_BEZIER_KNOTS.);
#7480 = CARTESIAN_POINT('',(2.414389233048,-0.858));
#7481 = CARTESIAN_POINT('',(2.414389233048,7.8E-02));
#7482 = ( GEOMETRIC_REPRESENTATION_CONTEXT(2) 
PARAMETRIC_REPRESENTATION_CONTEXT() REPRESENTATION_CONTEXT('2D SPACE',''
  ) );
#7483 = PCURVE('',#5423,#7484);
#7484 = DEFINITIONAL_REPRESENTATION('',(#7485),#7488);
#7485 = B_SPLINE_CURVE_WITH_KNOTS('',1,(#7486,#7487),.UNSPECIFIED.,.F.,
  .F.,(2,2),(-6.343,-5.407),.PIECEWISE_BEZIER_KNOTS.);
#7486 = CARTESIAN_POINT('',(-6.173723145327,-6.343));
#7487 = CARTESIAN_POINT('',(-6.173723145327,-5.407));
#7488 = ( GEOMETRIC_REPRESENTATION_CONTEXT(2) 
PARAMETRIC_REPRESENTATION_CONTEXT() REPRESENTATION_CONTEXT('2D SPACE',''
  ) );
#7489 = ORIENTED_EDGE('',*,*,#7323,.T.);
#7490 = ORIENTED_EDGE('',*,*,#2030,.T.);
#7491 = ADVANCED_FACE('',(#7492),#2134,.F.);
#7492 = FACE_BOUND('',#7493,.F.);
#7493 = EDGE_LOOP('',(#7494,#7524,#7545,#7546));
#7494 = ORIENTED_EDGE('',*,*,#7495,.T.);
#7495 = EDGE_CURVE('',#7496,#7498,#7500,.T.);
#7496 = VERTEX_POINT('',#7497);
#7497 = CARTESIAN_POINT('',(0.65,-48.41438923304,6.815));
#7498 = VERTEX_POINT('',#7499);
#7499 = CARTESIAN_POINT('',(-0.65,-48.41438923304,6.815));
#7500 = SURFACE_CURVE('',#7501,(#7506,#7517),.PCURVE_S1.);
#7501 = CIRCLE('',#7502,5.95);
#7502 = AXIS2_PLACEMENT_3D('',#7503,#7504,#7505);
#7503 = CARTESIAN_POINT('',(-9.436895709314E-15,-42.5,6.815));
#7504 = DIRECTION('',(0.,0.,-1.));
#7505 = DIRECTION('',(-2.22044604925E-16,-1.,-0.));
#7506 = PCURVE('',#2134,#7507);
#7507 = DEFINITIONAL_REPRESENTATION('',(#7508),#7516);
#7508 = ( BOUNDED_CURVE() B_SPLINE_CURVE(2,(#7509,#7510,#7511,#7512,
#7513,#7514,#7515),.UNSPECIFIED.,.T.,.F.) B_SPLINE_CURVE_WITH_KNOTS((1,2
    ,2,2,2,1),(-2.094395102393,0.,2.094395102393,4.188790204786,
6.28318530718,8.377580409573),.UNSPECIFIED.) CURVE() 
GEOMETRIC_REPRESENTATION_ITEM() RATIONAL_B_SPLINE_CURVE((1.,0.5,1.,0.5,
1.,0.5,1.)) REPRESENTATION_ITEM('') );
#7509 = CARTESIAN_POINT('',(0.25,0.));
#7510 = CARTESIAN_POINT('',(0.25,-10.30570230503));
#7511 = CARTESIAN_POINT('',(-8.675,-5.152851152517));
#7512 = CARTESIAN_POINT('',(-17.6,-1.457329690985E-15));
#7513 = CARTESIAN_POINT('',(-8.675,5.152851152517));
#7514 = CARTESIAN_POINT('',(0.25,10.305702305035));
#7515 = CARTESIAN_POINT('',(0.25,0.));
#7516 = ( GEOMETRIC_REPRESENTATION_CONTEXT(2) 
PARAMETRIC_REPRESENTATION_CONTEXT() REPRESENTATION_CONTEXT('2D SPACE',''
  ) );
#7517 = PCURVE('',#5423,#7518);
#7518 = DEFINITIONAL_REPRESENTATION('',(#7519),#7523);
#7519 = LINE('',#7520,#7521);
#7520 = CARTESIAN_POINT('',(-12.56637061435,-5.215));
#7521 = VECTOR('',#7522,1.);
#7522 = DIRECTION('',(1.,-0.));
#7523 = ( GEOMETRIC_REPRESENTATION_CONTEXT(2) 
PARAMETRIC_REPRESENTATION_CONTEXT() REPRESENTATION_CONTEXT('2D SPACE',''
  ) );
#7524 = ORIENTED_EDGE('',*,*,#7525,.T.);
#7525 = EDGE_CURVE('',#7498,#2118,#7526,.T.);
#7526 = SURFACE_CURVE('',#7527,(#7531,#7538),.PCURVE_S1.);
#7527 = LINE('',#7528,#7529);
#7528 = CARTESIAN_POINT('',(-0.65,-46.,6.815));
#7529 = VECTOR('',#7530,1.);
#7530 = DIRECTION('',(-2.22044604925E-16,-1.,0.));
#7531 = PCURVE('',#2134,#7532);
#7532 = DEFINITIONAL_REPRESENTATION('',(#7533),#7537);
#7533 = LINE('',#7534,#7535);
#7534 = CARTESIAN_POINT('',(-2.2,-0.65));
#7535 = VECTOR('',#7536,1.);
#7536 = DIRECTION('',(1.,0.));
#7537 = ( GEOMETRIC_REPRESENTATION_CONTEXT(2) 
PARAMETRIC_REPRESENTATION_CONTEXT() REPRESENTATION_CONTEXT('2D SPACE',''
  ) );
#7538 = PCURVE('',#2165,#7539);
#7539 = DEFINITIONAL_REPRESENTATION('',(#7540),#7544);
#7540 = LINE('',#7541,#7542);
#7541 = CARTESIAN_POINT('',(0.,-0.78));
#7542 = VECTOR('',#7543,1.);
#7543 = DIRECTION('',(1.,0.));
#7544 = ( GEOMETRIC_REPRESENTATION_CONTEXT(2) 
PARAMETRIC_REPRESENTATION_CONTEXT() REPRESENTATION_CONTEXT('2D SPACE',''
  ) );
#7545 = ORIENTED_EDGE('',*,*,#2115,.F.);
#7546 = ORIENTED_EDGE('',*,*,#7547,.T.);
#7547 = EDGE_CURVE('',#2116,#7496,#7548,.T.);
#7548 = SURFACE_CURVE('',#7549,(#7553,#7560),.PCURVE_S1.);
#7549 = LINE('',#7550,#7551);
#7550 = CARTESIAN_POINT('',(0.65,-50.4,6.815));
#7551 = VECTOR('',#7552,1.);
#7552 = DIRECTION('',(2.22044604925E-16,1.,0.));
#7553 = PCURVE('',#2134,#7554);
#7554 = DEFINITIONAL_REPRESENTATION('',(#7555),#7559);
#7555 = LINE('',#7556,#7557);
#7556 = CARTESIAN_POINT('',(2.2,0.65));
#7557 = VECTOR('',#7558,1.);
#7558 = DIRECTION('',(-1.,0.));
#7559 = ( GEOMETRIC_REPRESENTATION_CONTEXT(2) 
PARAMETRIC_REPRESENTATION_CONTEXT() REPRESENTATION_CONTEXT('2D SPACE',''
  ) );
#7560 = PCURVE('',#2222,#7561);
#7561 = DEFINITIONAL_REPRESENTATION('',(#7562),#7566);
#7562 = LINE('',#7563,#7564);
#7563 = CARTESIAN_POINT('',(0.,-0.78));
#7564 = VECTOR('',#7565,1.);
#7565 = DIRECTION('',(1.,0.));
#7566 = ( GEOMETRIC_REPRESENTATION_CONTEXT(2) 
PARAMETRIC_REPRESENTATION_CONTEXT() REPRESENTATION_CONTEXT('2D SPACE',''
  ) );
#7567 = ADVANCED_FACE('',(#7568),#2222,.T.);
#7568 = FACE_BOUND('',#7569,.T.);
#7569 = EDGE_LOOP('',(#7570,#7593,#7594,#7595));
#7570 = ORIENTED_EDGE('',*,*,#7571,.F.);
#7571 = EDGE_CURVE('',#2177,#7572,#7574,.T.);
#7572 = VERTEX_POINT('',#7573);
#7573 = CARTESIAN_POINT('',(0.65,-48.41438923304,6.035));
#7574 = SURFACE_CURVE('',#7575,(#7579,#7586),.PCURVE_S1.);
#7575 = LINE('',#7576,#7577);
#7576 = CARTESIAN_POINT('',(0.65,-50.4,6.035));
#7577 = VECTOR('',#7578,1.);
#7578 = DIRECTION('',(2.22044604925E-16,1.,0.));
#7579 = PCURVE('',#2222,#7580);
#7580 = DEFINITIONAL_REPRESENTATION('',(#7581),#7585);
#7581 = LINE('',#7582,#7583);
#7582 = CARTESIAN_POINT('',(0.,0.));
#7583 = VECTOR('',#7584,1.);
#7584 = DIRECTION('',(1.,0.));
#7585 = ( GEOMETRIC_REPRESENTATION_CONTEXT(2) 
PARAMETRIC_REPRESENTATION_CONTEXT() REPRESENTATION_CONTEXT('2D SPACE',''
  ) );
#7586 = PCURVE('',#2193,#7587);
#7587 = DEFINITIONAL_REPRESENTATION('',(#7588),#7592);
#7588 = LINE('',#7589,#7590);
#7589 = CARTESIAN_POINT('',(2.2,0.65));
#7590 = VECTOR('',#7591,1.);
#7591 = DIRECTION('',(-1.,0.));
#7592 = ( GEOMETRIC_REPRESENTATION_CONTEXT(2) 
PARAMETRIC_REPRESENTATION_CONTEXT() REPRESENTATION_CONTEXT('2D SPACE',''
  ) );
#7593 = ORIENTED_EDGE('',*,*,#2209,.F.);
#7594 = ORIENTED_EDGE('',*,*,#7547,.T.);
#7595 = ORIENTED_EDGE('',*,*,#7596,.T.);
#7596 = EDGE_CURVE('',#7496,#7572,#7597,.T.);
#7597 = SURFACE_CURVE('',#7598,(#7602,#7608),.PCURVE_S1.);
#7598 = LINE('',#7599,#7600);
#7599 = CARTESIAN_POINT('',(0.65,-48.41438923304,1.6));
#7600 = VECTOR('',#7601,1.);
#7601 = DIRECTION('',(0.,0.,-1.));
#7602 = PCURVE('',#2222,#7603);
#7603 = DEFINITIONAL_REPRESENTATION('',(#7604),#7607);
#7604 = B_SPLINE_CURVE_WITH_KNOTS('',1,(#7605,#7606),.UNSPECIFIED.,.F.,
  .F.,(2,2),(-5.293,-4.357),.PIECEWISE_BEZIER_KNOTS.);
#7605 = CARTESIAN_POINT('',(1.985610766952,-0.858));
#7606 = CARTESIAN_POINT('',(1.985610766952,7.8E-02));
#7607 = ( GEOMETRIC_REPRESENTATION_CONTEXT(2) 
PARAMETRIC_REPRESENTATION_CONTEXT() REPRESENTATION_CONTEXT('2D SPACE',''
  ) );
#7608 = PCURVE('',#5423,#7609);
#7609 = DEFINITIONAL_REPRESENTATION('',(#7610),#7613);
#7610 = B_SPLINE_CURVE_WITH_KNOTS('',1,(#7611,#7612),.UNSPECIFIED.,.F.,
  .F.,(2,2),(-5.293,-4.357),.PIECEWISE_BEZIER_KNOTS.);
#7611 = CARTESIAN_POINT('',(-6.392647469032,-5.293));
#7612 = CARTESIAN_POINT('',(-6.392647469032,-4.357));
#7613 = ( GEOMETRIC_REPRESENTATION_CONTEXT(2) 
PARAMETRIC_REPRESENTATION_CONTEXT() REPRESENTATION_CONTEXT('2D SPACE',''
  ) );
#7614 = ADVANCED_FACE('',(#7615),#2165,.T.);
#7615 = FACE_BOUND('',#7616,.T.);
#7616 = EDGE_LOOP('',(#7617,#7640,#7659,#7660));
#7617 = ORIENTED_EDGE('',*,*,#7618,.F.);
#7618 = EDGE_CURVE('',#7619,#2151,#7621,.T.);
#7619 = VERTEX_POINT('',#7620);
#7620 = CARTESIAN_POINT('',(-0.65,-48.41438923304,6.035));
#7621 = SURFACE_CURVE('',#7622,(#7626,#7633),.PCURVE_S1.);
#7622 = LINE('',#7623,#7624);
#7623 = CARTESIAN_POINT('',(-0.65,-46.,6.035));
#7624 = VECTOR('',#7625,1.);
#7625 = DIRECTION('',(-2.22044604925E-16,-1.,0.));
#7626 = PCURVE('',#2165,#7627);
#7627 = DEFINITIONAL_REPRESENTATION('',(#7628),#7632);
#7628 = LINE('',#7629,#7630);
#7629 = CARTESIAN_POINT('',(0.,0.));
#7630 = VECTOR('',#7631,1.);
#7631 = DIRECTION('',(1.,0.));
#7632 = ( GEOMETRIC_REPRESENTATION_CONTEXT(2) 
PARAMETRIC_REPRESENTATION_CONTEXT() REPRESENTATION_CONTEXT('2D SPACE',''
  ) );
#7633 = PCURVE('',#2193,#7634);
#7634 = DEFINITIONAL_REPRESENTATION('',(#7635),#7639);
#7635 = LINE('',#7636,#7637);
#7636 = CARTESIAN_POINT('',(-2.2,-0.65));
#7637 = VECTOR('',#7638,1.);
#7638 = DIRECTION('',(1.,0.));
#7639 = ( GEOMETRIC_REPRESENTATION_CONTEXT(2) 
PARAMETRIC_REPRESENTATION_CONTEXT() REPRESENTATION_CONTEXT('2D SPACE',''
  ) );
#7640 = ORIENTED_EDGE('',*,*,#7641,.F.);
#7641 = EDGE_CURVE('',#7498,#7619,#7642,.T.);
#7642 = SURFACE_CURVE('',#7643,(#7647,#7653),.PCURVE_S1.);
#7643 = LINE('',#7644,#7645);
#7644 = CARTESIAN_POINT('',(-0.65,-48.41438923304,1.6));
#7645 = VECTOR('',#7646,1.);
#7646 = DIRECTION('',(0.,0.,-1.));
#7647 = PCURVE('',#2165,#7648);
#7648 = DEFINITIONAL_REPRESENTATION('',(#7649),#7652);
#7649 = B_SPLINE_CURVE_WITH_KNOTS('',1,(#7650,#7651),.UNSPECIFIED.,.F.,
  .F.,(2,2),(-5.293,-4.357),.PIECEWISE_BEZIER_KNOTS.);
#7650 = CARTESIAN_POINT('',(2.414389233048,-0.858));
#7651 = CARTESIAN_POINT('',(2.414389233048,7.8E-02));
#7652 = ( GEOMETRIC_REPRESENTATION_CONTEXT(2) 
PARAMETRIC_REPRESENTATION_CONTEXT() REPRESENTATION_CONTEXT('2D SPACE',''
  ) );
#7653 = PCURVE('',#5423,#7654);
#7654 = DEFINITIONAL_REPRESENTATION('',(#7655),#7658);
#7655 = B_SPLINE_CURVE_WITH_KNOTS('',1,(#7656,#7657),.UNSPECIFIED.,.F.,
  .F.,(2,2),(-5.293,-4.357),.PIECEWISE_BEZIER_KNOTS.);
#7656 = CARTESIAN_POINT('',(-6.173723145327,-5.293));
#7657 = CARTESIAN_POINT('',(-6.173723145327,-4.357));
#7658 = ( GEOMETRIC_REPRESENTATION_CONTEXT(2) 
PARAMETRIC_REPRESENTATION_CONTEXT() REPRESENTATION_CONTEXT('2D SPACE',''
  ) );
#7659 = ORIENTED_EDGE('',*,*,#7525,.T.);
#7660 = ORIENTED_EDGE('',*,*,#2150,.T.);
#7661 = ADVANCED_FACE('',(#7662),#2193,.T.);
#7662 = FACE_BOUND('',#7663,.T.);
#7663 = EDGE_LOOP('',(#7664,#7690,#7691,#7692));
#7664 = ORIENTED_EDGE('',*,*,#7665,.T.);
#7665 = EDGE_CURVE('',#7572,#7619,#7666,.T.);
#7666 = SURFACE_CURVE('',#7667,(#7672,#7683),.PCURVE_S1.);
#7667 = CIRCLE('',#7668,5.95);
#7668 = AXIS2_PLACEMENT_3D('',#7669,#7670,#7671);
#7669 = CARTESIAN_POINT('',(-9.436895709314E-15,-42.5,6.035));
#7670 = DIRECTION('',(0.,0.,-1.));
#7671 = DIRECTION('',(-2.22044604925E-16,-1.,-0.));
#7672 = PCURVE('',#2193,#7673);
#7673 = DEFINITIONAL_REPRESENTATION('',(#7674),#7682);
#7674 = ( BOUNDED_CURVE() B_SPLINE_CURVE(2,(#7675,#7676,#7677,#7678,
#7679,#7680,#7681),.UNSPECIFIED.,.T.,.F.) B_SPLINE_CURVE_WITH_KNOTS((1,2
    ,2,2,2,1),(-2.094395102393,0.,2.094395102393,4.188790204786,
6.28318530718,8.377580409573),.UNSPECIFIED.) CURVE() 
GEOMETRIC_REPRESENTATION_ITEM() RATIONAL_B_SPLINE_CURVE((1.,0.5,1.,0.5,
1.,0.5,1.)) REPRESENTATION_ITEM('') );
#7675 = CARTESIAN_POINT('',(0.25,0.));
#7676 = CARTESIAN_POINT('',(0.25,-10.30570230503));
#7677 = CARTESIAN_POINT('',(-8.675,-5.152851152517));
#7678 = CARTESIAN_POINT('',(-17.6,-1.457329690985E-15));
#7679 = CARTESIAN_POINT('',(-8.675,5.152851152517));
#7680 = CARTESIAN_POINT('',(0.25,10.305702305035));
#7681 = CARTESIAN_POINT('',(0.25,0.));
#7682 = ( GEOMETRIC_REPRESENTATION_CONTEXT(2) 
PARAMETRIC_REPRESENTATION_CONTEXT() REPRESENTATION_CONTEXT('2D SPACE',''
  ) );
#7683 = PCURVE('',#5423,#7684);
#7684 = DEFINITIONAL_REPRESENTATION('',(#7685),#7689);
#7685 = LINE('',#7686,#7687);
#7686 = CARTESIAN_POINT('',(-12.56637061435,-4.435));
#7687 = VECTOR('',#7688,1.);
#7688 = DIRECTION('',(1.,-0.));
#7689 = ( GEOMETRIC_REPRESENTATION_CONTEXT(2) 
PARAMETRIC_REPRESENTATION_CONTEXT() REPRESENTATION_CONTEXT('2D SPACE',''
  ) );
#7690 = ORIENTED_EDGE('',*,*,#7618,.T.);
#7691 = ORIENTED_EDGE('',*,*,#2176,.F.);
#7692 = ORIENTED_EDGE('',*,*,#7571,.T.);
#7693 = ADVANCED_FACE('',(#7694),#2254,.F.);
#7694 = FACE_BOUND('',#7695,.F.);
#7695 = EDGE_LOOP('',(#7696,#7726,#7747,#7748));
#7696 = ORIENTED_EDGE('',*,*,#7697,.T.);
#7697 = EDGE_CURVE('',#7698,#7700,#7702,.T.);
#7698 = VERTEX_POINT('',#7699);
#7699 = CARTESIAN_POINT('',(0.65,-48.41438923304,5.765));
#7700 = VERTEX_POINT('',#7701);
#7701 = CARTESIAN_POINT('',(-0.65,-48.41438923304,5.765));
#7702 = SURFACE_CURVE('',#7703,(#7708,#7719),.PCURVE_S1.);
#7703 = CIRCLE('',#7704,5.95);
#7704 = AXIS2_PLACEMENT_3D('',#7705,#7706,#7707);
#7705 = CARTESIAN_POINT('',(-9.436895709314E-15,-42.5,5.765));
#7706 = DIRECTION('',(0.,0.,-1.));
#7707 = DIRECTION('',(-2.22044604925E-16,-1.,-0.));
#7708 = PCURVE('',#2254,#7709);
#7709 = DEFINITIONAL_REPRESENTATION('',(#7710),#7718);
#7710 = ( BOUNDED_CURVE() B_SPLINE_CURVE(2,(#7711,#7712,#7713,#7714,
#7715,#7716,#7717),.UNSPECIFIED.,.T.,.F.) B_SPLINE_CURVE_WITH_KNOTS((1,2
    ,2,2,2,1),(-2.094395102393,0.,2.094395102393,4.188790204786,
6.28318530718,8.377580409573),.UNSPECIFIED.) CURVE() 
GEOMETRIC_REPRESENTATION_ITEM() RATIONAL_B_SPLINE_CURVE((1.,0.5,1.,0.5,
1.,0.5,1.)) REPRESENTATION_ITEM('') );
#7711 = CARTESIAN_POINT('',(0.25,0.));
#7712 = CARTESIAN_POINT('',(0.25,-10.30570230503));
#7713 = CARTESIAN_POINT('',(-8.675,-5.152851152517));
#7714 = CARTESIAN_POINT('',(-17.6,-1.457329690985E-15));
#7715 = CARTESIAN_POINT('',(-8.675,5.152851152517));
#7716 = CARTESIAN_POINT('',(0.25,10.305702305035));
#7717 = CARTESIAN_POINT('',(0.25,0.));
#7718 = ( GEOMETRIC_REPRESENTATION_CONTEXT(2) 
PARAMETRIC_REPRESENTATION_CONTEXT() REPRESENTATION_CONTEXT('2D SPACE',''
  ) );
#7719 = PCURVE('',#5423,#7720);
#7720 = DEFINITIONAL_REPRESENTATION('',(#7721),#7725);
#7721 = LINE('',#7722,#7723);
#7722 = CARTESIAN_POINT('',(-12.56637061435,-4.165));
#7723 = VECTOR('',#7724,1.);
#7724 = DIRECTION('',(1.,-0.));
#7725 = ( GEOMETRIC_REPRESENTATION_CONTEXT(2) 
PARAMETRIC_REPRESENTATION_CONTEXT() REPRESENTATION_CONTEXT('2D SPACE',''
  ) );
#7726 = ORIENTED_EDGE('',*,*,#7727,.T.);
#7727 = EDGE_CURVE('',#7700,#2238,#7728,.T.);
#7728 = SURFACE_CURVE('',#7729,(#7733,#7740),.PCURVE_S1.);
#7729 = LINE('',#7730,#7731);
#7730 = CARTESIAN_POINT('',(-0.65,-46.,5.765));
#7731 = VECTOR('',#7732,1.);
#7732 = DIRECTION('',(-2.22044604925E-16,-1.,0.));
#7733 = PCURVE('',#2254,#7734);
#7734 = DEFINITIONAL_REPRESENTATION('',(#7735),#7739);
#7735 = LINE('',#7736,#7737);
#7736 = CARTESIAN_POINT('',(-2.2,-0.65));
#7737 = VECTOR('',#7738,1.);
#7738 = DIRECTION('',(1.,0.));
#7739 = ( GEOMETRIC_REPRESENTATION_CONTEXT(2) 
PARAMETRIC_REPRESENTATION_CONTEXT() REPRESENTATION_CONTEXT('2D SPACE',''
  ) );
#7740 = PCURVE('',#2285,#7741);
#7741 = DEFINITIONAL_REPRESENTATION('',(#7742),#7746);
#7742 = LINE('',#7743,#7744);
#7743 = CARTESIAN_POINT('',(0.,-0.78));
#7744 = VECTOR('',#7745,1.);
#7745 = DIRECTION('',(1.,0.));
#7746 = ( GEOMETRIC_REPRESENTATION_CONTEXT(2) 
PARAMETRIC_REPRESENTATION_CONTEXT() REPRESENTATION_CONTEXT('2D SPACE',''
  ) );
#7747 = ORIENTED_EDGE('',*,*,#2235,.F.);
#7748 = ORIENTED_EDGE('',*,*,#7749,.T.);
#7749 = EDGE_CURVE('',#2236,#7698,#7750,.T.);
#7750 = SURFACE_CURVE('',#7751,(#7755,#7762),.PCURVE_S1.);
#7751 = LINE('',#7752,#7753);
#7752 = CARTESIAN_POINT('',(0.65,-50.4,5.765));
#7753 = VECTOR('',#7754,1.);
#7754 = DIRECTION('',(2.22044604925E-16,1.,0.));
#7755 = PCURVE('',#2254,#7756);
#7756 = DEFINITIONAL_REPRESENTATION('',(#7757),#7761);
#7757 = LINE('',#7758,#7759);
#7758 = CARTESIAN_POINT('',(2.2,0.65));
#7759 = VECTOR('',#7760,1.);
#7760 = DIRECTION('',(-1.,0.));
#7761 = ( GEOMETRIC_REPRESENTATION_CONTEXT(2) 
PARAMETRIC_REPRESENTATION_CONTEXT() REPRESENTATION_CONTEXT('2D SPACE',''
  ) );
#7762 = PCURVE('',#2342,#7763);
#7763 = DEFINITIONAL_REPRESENTATION('',(#7764),#7768);
#7764 = LINE('',#7765,#7766);
#7765 = CARTESIAN_POINT('',(0.,-0.78));
#7766 = VECTOR('',#7767,1.);
#7767 = DIRECTION('',(1.,0.));
#7768 = ( GEOMETRIC_REPRESENTATION_CONTEXT(2) 
PARAMETRIC_REPRESENTATION_CONTEXT() REPRESENTATION_CONTEXT('2D SPACE',''
  ) );
#7769 = ADVANCED_FACE('',(#7770),#2342,.T.);
#7770 = FACE_BOUND('',#7771,.T.);
#7771 = EDGE_LOOP('',(#7772,#7795,#7796,#7797));
#7772 = ORIENTED_EDGE('',*,*,#7773,.F.);
#7773 = EDGE_CURVE('',#2297,#7774,#7776,.T.);
#7774 = VERTEX_POINT('',#7775);
#7775 = CARTESIAN_POINT('',(0.65,-48.41438923304,4.985));
#7776 = SURFACE_CURVE('',#7777,(#7781,#7788),.PCURVE_S1.);
#7777 = LINE('',#7778,#7779);
#7778 = CARTESIAN_POINT('',(0.65,-50.4,4.985));
#7779 = VECTOR('',#7780,1.);
#7780 = DIRECTION('',(2.22044604925E-16,1.,0.));
#7781 = PCURVE('',#2342,#7782);
#7782 = DEFINITIONAL_REPRESENTATION('',(#7783),#7787);
#7783 = LINE('',#7784,#7785);
#7784 = CARTESIAN_POINT('',(0.,0.));
#7785 = VECTOR('',#7786,1.);
#7786 = DIRECTION('',(1.,0.));
#7787 = ( GEOMETRIC_REPRESENTATION_CONTEXT(2) 
PARAMETRIC_REPRESENTATION_CONTEXT() REPRESENTATION_CONTEXT('2D SPACE',''
  ) );
#7788 = PCURVE('',#2313,#7789);
#7789 = DEFINITIONAL_REPRESENTATION('',(#7790),#7794);
#7790 = LINE('',#7791,#7792);
#7791 = CARTESIAN_POINT('',(2.2,0.65));
#7792 = VECTOR('',#7793,1.);
#7793 = DIRECTION('',(-1.,0.));
#7794 = ( GEOMETRIC_REPRESENTATION_CONTEXT(2) 
PARAMETRIC_REPRESENTATION_CONTEXT() REPRESENTATION_CONTEXT('2D SPACE',''
  ) );
#7795 = ORIENTED_EDGE('',*,*,#2329,.F.);
#7796 = ORIENTED_EDGE('',*,*,#7749,.T.);
#7797 = ORIENTED_EDGE('',*,*,#7798,.T.);
#7798 = EDGE_CURVE('',#7698,#7774,#7799,.T.);
#7799 = SURFACE_CURVE('',#7800,(#7804,#7810),.PCURVE_S1.);
#7800 = LINE('',#7801,#7802);
#7801 = CARTESIAN_POINT('',(0.65,-48.41438923304,1.6));
#7802 = VECTOR('',#7803,1.);
#7803 = DIRECTION('',(0.,0.,-1.));
#7804 = PCURVE('',#2342,#7805);
#7805 = DEFINITIONAL_REPRESENTATION('',(#7806),#7809);
#7806 = B_SPLINE_CURVE_WITH_KNOTS('',1,(#7807,#7808),.UNSPECIFIED.,.F.,
  .F.,(2,2),(-4.243,-3.307),.PIECEWISE_BEZIER_KNOTS.);
#7807 = CARTESIAN_POINT('',(1.985610766952,-0.858));
#7808 = CARTESIAN_POINT('',(1.985610766952,7.8E-02));
#7809 = ( GEOMETRIC_REPRESENTATION_CONTEXT(2) 
PARAMETRIC_REPRESENTATION_CONTEXT() REPRESENTATION_CONTEXT('2D SPACE',''
  ) );
#7810 = PCURVE('',#5423,#7811);
#7811 = DEFINITIONAL_REPRESENTATION('',(#7812),#7815);
#7812 = B_SPLINE_CURVE_WITH_KNOTS('',1,(#7813,#7814),.UNSPECIFIED.,.F.,
  .F.,(2,2),(-4.243,-3.307),.PIECEWISE_BEZIER_KNOTS.);
#7813 = CARTESIAN_POINT('',(-6.392647469032,-4.243));
#7814 = CARTESIAN_POINT('',(-6.392647469032,-3.307));
#7815 = ( GEOMETRIC_REPRESENTATION_CONTEXT(2) 
PARAMETRIC_REPRESENTATION_CONTEXT() REPRESENTATION_CONTEXT('2D SPACE',''
  ) );
#7816 = ADVANCED_FACE('',(#7817),#2285,.T.);
#7817 = FACE_BOUND('',#7818,.T.);
#7818 = EDGE_LOOP('',(#7819,#7842,#7861,#7862));
#7819 = ORIENTED_EDGE('',*,*,#7820,.F.);
#7820 = EDGE_CURVE('',#7821,#2271,#7823,.T.);
#7821 = VERTEX_POINT('',#7822);
#7822 = CARTESIAN_POINT('',(-0.65,-48.41438923304,4.985));
#7823 = SURFACE_CURVE('',#7824,(#7828,#7835),.PCURVE_S1.);
#7824 = LINE('',#7825,#7826);
#7825 = CARTESIAN_POINT('',(-0.65,-46.,4.985));
#7826 = VECTOR('',#7827,1.);
#7827 = DIRECTION('',(-2.22044604925E-16,-1.,0.));
#7828 = PCURVE('',#2285,#7829);
#7829 = DEFINITIONAL_REPRESENTATION('',(#7830),#7834);
#7830 = LINE('',#7831,#7832);
#7831 = CARTESIAN_POINT('',(0.,0.));
#7832 = VECTOR('',#7833,1.);
#7833 = DIRECTION('',(1.,0.));
#7834 = ( GEOMETRIC_REPRESENTATION_CONTEXT(2) 
PARAMETRIC_REPRESENTATION_CONTEXT() REPRESENTATION_CONTEXT('2D SPACE',''
  ) );
#7835 = PCURVE('',#2313,#7836);
#7836 = DEFINITIONAL_REPRESENTATION('',(#7837),#7841);
#7837 = LINE('',#7838,#7839);
#7838 = CARTESIAN_POINT('',(-2.2,-0.65));
#7839 = VECTOR('',#7840,1.);
#7840 = DIRECTION('',(1.,0.));
#7841 = ( GEOMETRIC_REPRESENTATION_CONTEXT(2) 
PARAMETRIC_REPRESENTATION_CONTEXT() REPRESENTATION_CONTEXT('2D SPACE',''
  ) );
#7842 = ORIENTED_EDGE('',*,*,#7843,.F.);
#7843 = EDGE_CURVE('',#7700,#7821,#7844,.T.);
#7844 = SURFACE_CURVE('',#7845,(#7849,#7855),.PCURVE_S1.);
#7845 = LINE('',#7846,#7847);
#7846 = CARTESIAN_POINT('',(-0.65,-48.41438923304,1.6));
#7847 = VECTOR('',#7848,1.);
#7848 = DIRECTION('',(0.,0.,-1.));
#7849 = PCURVE('',#2285,#7850);
#7850 = DEFINITIONAL_REPRESENTATION('',(#7851),#7854);
#7851 = B_SPLINE_CURVE_WITH_KNOTS('',1,(#7852,#7853),.UNSPECIFIED.,.F.,
  .F.,(2,2),(-4.243,-3.307),.PIECEWISE_BEZIER_KNOTS.);
#7852 = CARTESIAN_POINT('',(2.414389233048,-0.858));
#7853 = CARTESIAN_POINT('',(2.414389233048,7.8E-02));
#7854 = ( GEOMETRIC_REPRESENTATION_CONTEXT(2) 
PARAMETRIC_REPRESENTATION_CONTEXT() REPRESENTATION_CONTEXT('2D SPACE',''
  ) );
#7855 = PCURVE('',#5423,#7856);
#7856 = DEFINITIONAL_REPRESENTATION('',(#7857),#7860);
#7857 = B_SPLINE_CURVE_WITH_KNOTS('',1,(#7858,#7859),.UNSPECIFIED.,.F.,
  .F.,(2,2),(-4.243,-3.307),.PIECEWISE_BEZIER_KNOTS.);
#7858 = CARTESIAN_POINT('',(-6.173723145327,-4.243));
#7859 = CARTESIAN_POINT('',(-6.173723145327,-3.307));
#7860 = ( GEOMETRIC_REPRESENTATION_CONTEXT(2) 
PARAMETRIC_REPRESENTATION_CONTEXT() REPRESENTATION_CONTEXT('2D SPACE',''
  ) );
#7861 = ORIENTED_EDGE('',*,*,#7727,.T.);
#7862 = ORIENTED_EDGE('',*,*,#2270,.T.);
#7863 = ADVANCED_FACE('',(#7864),#2313,.T.);
#7864 = FACE_BOUND('',#7865,.T.);
#7865 = EDGE_LOOP('',(#7866,#7892,#7893,#7894));
#7866 = ORIENTED_EDGE('',*,*,#7867,.T.);
#7867 = EDGE_CURVE('',#7774,#7821,#7868,.T.);
#7868 = SURFACE_CURVE('',#7869,(#7874,#7885),.PCURVE_S1.);
#7869 = CIRCLE('',#7870,5.95);
#7870 = AXIS2_PLACEMENT_3D('',#7871,#7872,#7873);
#7871 = CARTESIAN_POINT('',(-9.436895709314E-15,-42.5,4.985));
#7872 = DIRECTION('',(0.,0.,-1.));
#7873 = DIRECTION('',(-2.22044604925E-16,-1.,-0.));
#7874 = PCURVE('',#2313,#7875);
#7875 = DEFINITIONAL_REPRESENTATION('',(#7876),#7884);
#7876 = ( BOUNDED_CURVE() B_SPLINE_CURVE(2,(#7877,#7878,#7879,#7880,
#7881,#7882,#7883),.UNSPECIFIED.,.T.,.F.) B_SPLINE_CURVE_WITH_KNOTS((1,2
    ,2,2,2,1),(-2.094395102393,0.,2.094395102393,4.188790204786,
6.28318530718,8.377580409573),.UNSPECIFIED.) CURVE() 
GEOMETRIC_REPRESENTATION_ITEM() RATIONAL_B_SPLINE_CURVE((1.,0.5,1.,0.5,
1.,0.5,1.)) REPRESENTATION_ITEM('') );
#7877 = CARTESIAN_POINT('',(0.25,0.));
#7878 = CARTESIAN_POINT('',(0.25,-10.30570230503));
#7879 = CARTESIAN_POINT('',(-8.675,-5.152851152517));
#7880 = CARTESIAN_POINT('',(-17.6,-1.457329690985E-15));
#7881 = CARTESIAN_POINT('',(-8.675,5.152851152517));
#7882 = CARTESIAN_POINT('',(0.25,10.305702305035));
#7883 = CARTESIAN_POINT('',(0.25,0.));
#7884 = ( GEOMETRIC_REPRESENTATION_CONTEXT(2) 
PARAMETRIC_REPRESENTATION_CONTEXT() REPRESENTATION_CONTEXT('2D SPACE',''
  ) );
#7885 = PCURVE('',#5423,#7886);
#7886 = DEFINITIONAL_REPRESENTATION('',(#7887),#7891);
#7887 = LINE('',#7888,#7889);
#7888 = CARTESIAN_POINT('',(-12.56637061435,-3.385));
#7889 = VECTOR('',#7890,1.);
#7890 = DIRECTION('',(1.,-0.));
#7891 = ( GEOMETRIC_REPRESENTATION_CONTEXT(2) 
PARAMETRIC_REPRESENTATION_CONTEXT() REPRESENTATION_CONTEXT('2D SPACE',''
  ) );
#7892 = ORIENTED_EDGE('',*,*,#7820,.T.);
#7893 = ORIENTED_EDGE('',*,*,#2296,.F.);
#7894 = ORIENTED_EDGE('',*,*,#7773,.T.);
#7895 = ADVANCED_FACE('',(#7896),#2374,.F.);
#7896 = FACE_BOUND('',#7897,.F.);
#7897 = EDGE_LOOP('',(#7898,#7928,#7949,#7950));
#7898 = ORIENTED_EDGE('',*,*,#7899,.T.);
#7899 = EDGE_CURVE('',#7900,#7902,#7904,.T.);
#7900 = VERTEX_POINT('',#7901);
#7901 = CARTESIAN_POINT('',(0.65,-48.41438923304,4.715));
#7902 = VERTEX_POINT('',#7903);
#7903 = CARTESIAN_POINT('',(-0.65,-48.41438923304,4.715));
#7904 = SURFACE_CURVE('',#7905,(#7910,#7921),.PCURVE_S1.);
#7905 = CIRCLE('',#7906,5.95);
#7906 = AXIS2_PLACEMENT_3D('',#7907,#7908,#7909);
#7907 = CARTESIAN_POINT('',(-9.436895709314E-15,-42.5,4.715));
#7908 = DIRECTION('',(0.,0.,-1.));
#7909 = DIRECTION('',(-2.22044604925E-16,-1.,-0.));
#7910 = PCURVE('',#2374,#7911);
#7911 = DEFINITIONAL_REPRESENTATION('',(#7912),#7920);
#7912 = ( BOUNDED_CURVE() B_SPLINE_CURVE(2,(#7913,#7914,#7915,#7916,
#7917,#7918,#7919),.UNSPECIFIED.,.T.,.F.) B_SPLINE_CURVE_WITH_KNOTS((1,2
    ,2,2,2,1),(-2.094395102393,0.,2.094395102393,4.188790204786,
6.28318530718,8.377580409573),.UNSPECIFIED.) CURVE() 
GEOMETRIC_REPRESENTATION_ITEM() RATIONAL_B_SPLINE_CURVE((1.,0.5,1.,0.5,
1.,0.5,1.)) REPRESENTATION_ITEM('') );
#7913 = CARTESIAN_POINT('',(0.25,0.));
#7914 = CARTESIAN_POINT('',(0.25,-10.30570230503));
#7915 = CARTESIAN_POINT('',(-8.675,-5.152851152517));
#7916 = CARTESIAN_POINT('',(-17.6,-1.457329690985E-15));
#7917 = CARTESIAN_POINT('',(-8.675,5.152851152517));
#7918 = CARTESIAN_POINT('',(0.25,10.305702305035));
#7919 = CARTESIAN_POINT('',(0.25,0.));
#7920 = ( GEOMETRIC_REPRESENTATION_CONTEXT(2) 
PARAMETRIC_REPRESENTATION_CONTEXT() REPRESENTATION_CONTEXT('2D SPACE',''
  ) );
#7921 = PCURVE('',#5423,#7922);
#7922 = DEFINITIONAL_REPRESENTATION('',(#7923),#7927);
#7923 = LINE('',#7924,#7925);
#7924 = CARTESIAN_POINT('',(-12.56637061435,-3.115));
#7925 = VECTOR('',#7926,1.);
#7926 = DIRECTION('',(1.,-0.));
#7927 = ( GEOMETRIC_REPRESENTATION_CONTEXT(2) 
PARAMETRIC_REPRESENTATION_CONTEXT() REPRESENTATION_CONTEXT('2D SPACE',''
  ) );
#7928 = ORIENTED_EDGE('',*,*,#7929,.T.);
#7929 = EDGE_CURVE('',#7902,#2358,#7930,.T.);
#7930 = SURFACE_CURVE('',#7931,(#7935,#7942),.PCURVE_S1.);
#7931 = LINE('',#7932,#7933);
#7932 = CARTESIAN_POINT('',(-0.65,-46.,4.715));
#7933 = VECTOR('',#7934,1.);
#7934 = DIRECTION('',(-2.22044604925E-16,-1.,0.));
#7935 = PCURVE('',#2374,#7936);
#7936 = DEFINITIONAL_REPRESENTATION('',(#7937),#7941);
#7937 = LINE('',#7938,#7939);
#7938 = CARTESIAN_POINT('',(-2.2,-0.65));
#7939 = VECTOR('',#7940,1.);
#7940 = DIRECTION('',(1.,0.));
#7941 = ( GEOMETRIC_REPRESENTATION_CONTEXT(2) 
PARAMETRIC_REPRESENTATION_CONTEXT() REPRESENTATION_CONTEXT('2D SPACE',''
  ) );
#7942 = PCURVE('',#2405,#7943);
#7943 = DEFINITIONAL_REPRESENTATION('',(#7944),#7948);
#7944 = LINE('',#7945,#7946);
#7945 = CARTESIAN_POINT('',(0.,-0.78));
#7946 = VECTOR('',#7947,1.);
#7947 = DIRECTION('',(1.,0.));
#7948 = ( GEOMETRIC_REPRESENTATION_CONTEXT(2) 
PARAMETRIC_REPRESENTATION_CONTEXT() REPRESENTATION_CONTEXT('2D SPACE',''
  ) );
#7949 = ORIENTED_EDGE('',*,*,#2355,.F.);
#7950 = ORIENTED_EDGE('',*,*,#7951,.T.);
#7951 = EDGE_CURVE('',#2356,#7900,#7952,.T.);
#7952 = SURFACE_CURVE('',#7953,(#7957,#7964),.PCURVE_S1.);
#7953 = LINE('',#7954,#7955);
#7954 = CARTESIAN_POINT('',(0.65,-50.4,4.715));
#7955 = VECTOR('',#7956,1.);
#7956 = DIRECTION('',(2.22044604925E-16,1.,0.));
#7957 = PCURVE('',#2374,#7958);
#7958 = DEFINITIONAL_REPRESENTATION('',(#7959),#7963);
#7959 = LINE('',#7960,#7961);
#7960 = CARTESIAN_POINT('',(2.2,0.65));
#7961 = VECTOR('',#7962,1.);
#7962 = DIRECTION('',(-1.,0.));
#7963 = ( GEOMETRIC_REPRESENTATION_CONTEXT(2) 
PARAMETRIC_REPRESENTATION_CONTEXT() REPRESENTATION_CONTEXT('2D SPACE',''
  ) );
#7964 = PCURVE('',#2462,#7965);
#7965 = DEFINITIONAL_REPRESENTATION('',(#7966),#7970);
#7966 = LINE('',#7967,#7968);
#7967 = CARTESIAN_POINT('',(0.,-0.78));
#7968 = VECTOR('',#7969,1.);
#7969 = DIRECTION('',(1.,0.));
#7970 = ( GEOMETRIC_REPRESENTATION_CONTEXT(2) 
PARAMETRIC_REPRESENTATION_CONTEXT() REPRESENTATION_CONTEXT('2D SPACE',''
  ) );
#7971 = ADVANCED_FACE('',(#7972),#2462,.T.);
#7972 = FACE_BOUND('',#7973,.T.);
#7973 = EDGE_LOOP('',(#7974,#7997,#7998,#7999));
#7974 = ORIENTED_EDGE('',*,*,#7975,.F.);
#7975 = EDGE_CURVE('',#2417,#7976,#7978,.T.);
#7976 = VERTEX_POINT('',#7977);
#7977 = CARTESIAN_POINT('',(0.65,-48.41438923304,3.935));
#7978 = SURFACE_CURVE('',#7979,(#7983,#7990),.PCURVE_S1.);
#7979 = LINE('',#7980,#7981);
#7980 = CARTESIAN_POINT('',(0.65,-50.4,3.935));
#7981 = VECTOR('',#7982,1.);
#7982 = DIRECTION('',(2.22044604925E-16,1.,0.));
#7983 = PCURVE('',#2462,#7984);
#7984 = DEFINITIONAL_REPRESENTATION('',(#7985),#7989);
#7985 = LINE('',#7986,#7987);
#7986 = CARTESIAN_POINT('',(0.,0.));
#7987 = VECTOR('',#7988,1.);
#7988 = DIRECTION('',(1.,0.));
#7989 = ( GEOMETRIC_REPRESENTATION_CONTEXT(2) 
PARAMETRIC_REPRESENTATION_CONTEXT() REPRESENTATION_CONTEXT('2D SPACE',''
  ) );
#7990 = PCURVE('',#2433,#7991);
#7991 = DEFINITIONAL_REPRESENTATION('',(#7992),#7996);
#7992 = LINE('',#7993,#7994);
#7993 = CARTESIAN_POINT('',(2.2,0.65));
#7994 = VECTOR('',#7995,1.);
#7995 = DIRECTION('',(-1.,0.));
#7996 = ( GEOMETRIC_REPRESENTATION_CONTEXT(2) 
PARAMETRIC_REPRESENTATION_CONTEXT() REPRESENTATION_CONTEXT('2D SPACE',''
  ) );
#7997 = ORIENTED_EDGE('',*,*,#2449,.F.);
#7998 = ORIENTED_EDGE('',*,*,#7951,.T.);
#7999 = ORIENTED_EDGE('',*,*,#8000,.T.);
#8000 = EDGE_CURVE('',#7900,#7976,#8001,.T.);
#8001 = SURFACE_CURVE('',#8002,(#8006,#8012),.PCURVE_S1.);
#8002 = LINE('',#8003,#8004);
#8003 = CARTESIAN_POINT('',(0.65,-48.41438923304,1.6));
#8004 = VECTOR('',#8005,1.);
#8005 = DIRECTION('',(0.,0.,-1.));
#8006 = PCURVE('',#2462,#8007);
#8007 = DEFINITIONAL_REPRESENTATION('',(#8008),#8011);
#8008 = B_SPLINE_CURVE_WITH_KNOTS('',1,(#8009,#8010),.UNSPECIFIED.,.F.,
  .F.,(2,2),(-3.193,-2.257),.PIECEWISE_BEZIER_KNOTS.);
#8009 = CARTESIAN_POINT('',(1.985610766952,-0.858));
#8010 = CARTESIAN_POINT('',(1.985610766952,7.8E-02));
#8011 = ( GEOMETRIC_REPRESENTATION_CONTEXT(2) 
PARAMETRIC_REPRESENTATION_CONTEXT() REPRESENTATION_CONTEXT('2D SPACE',''
  ) );
#8012 = PCURVE('',#5423,#8013);
#8013 = DEFINITIONAL_REPRESENTATION('',(#8014),#8017);
#8014 = B_SPLINE_CURVE_WITH_KNOTS('',1,(#8015,#8016),.UNSPECIFIED.,.F.,
  .F.,(2,2),(-3.193,-2.257),.PIECEWISE_BEZIER_KNOTS.);
#8015 = CARTESIAN_POINT('',(-6.392647469032,-3.193));
#8016 = CARTESIAN_POINT('',(-6.392647469032,-2.257));
#8017 = ( GEOMETRIC_REPRESENTATION_CONTEXT(2) 
PARAMETRIC_REPRESENTATION_CONTEXT() REPRESENTATION_CONTEXT('2D SPACE',''
  ) );
#8018 = ADVANCED_FACE('',(#8019),#2405,.T.);
#8019 = FACE_BOUND('',#8020,.T.);
#8020 = EDGE_LOOP('',(#8021,#8044,#8063,#8064));
#8021 = ORIENTED_EDGE('',*,*,#8022,.F.);
#8022 = EDGE_CURVE('',#8023,#2391,#8025,.T.);
#8023 = VERTEX_POINT('',#8024);
#8024 = CARTESIAN_POINT('',(-0.65,-48.41438923304,3.935));
#8025 = SURFACE_CURVE('',#8026,(#8030,#8037),.PCURVE_S1.);
#8026 = LINE('',#8027,#8028);
#8027 = CARTESIAN_POINT('',(-0.65,-46.,3.935));
#8028 = VECTOR('',#8029,1.);
#8029 = DIRECTION('',(-2.22044604925E-16,-1.,0.));
#8030 = PCURVE('',#2405,#8031);
#8031 = DEFINITIONAL_REPRESENTATION('',(#8032),#8036);
#8032 = LINE('',#8033,#8034);
#8033 = CARTESIAN_POINT('',(0.,0.));
#8034 = VECTOR('',#8035,1.);
#8035 = DIRECTION('',(1.,0.));
#8036 = ( GEOMETRIC_REPRESENTATION_CONTEXT(2) 
PARAMETRIC_REPRESENTATION_CONTEXT() REPRESENTATION_CONTEXT('2D SPACE',''
  ) );
#8037 = PCURVE('',#2433,#8038);
#8038 = DEFINITIONAL_REPRESENTATION('',(#8039),#8043);
#8039 = LINE('',#8040,#8041);
#8040 = CARTESIAN_POINT('',(-2.2,-0.65));
#8041 = VECTOR('',#8042,1.);
#8042 = DIRECTION('',(1.,0.));
#8043 = ( GEOMETRIC_REPRESENTATION_CONTEXT(2) 
PARAMETRIC_REPRESENTATION_CONTEXT() REPRESENTATION_CONTEXT('2D SPACE',''
  ) );
#8044 = ORIENTED_EDGE('',*,*,#8045,.F.);
#8045 = EDGE_CURVE('',#7902,#8023,#8046,.T.);
#8046 = SURFACE_CURVE('',#8047,(#8051,#8057),.PCURVE_S1.);
#8047 = LINE('',#8048,#8049);
#8048 = CARTESIAN_POINT('',(-0.65,-48.41438923304,1.6));
#8049 = VECTOR('',#8050,1.);
#8050 = DIRECTION('',(0.,0.,-1.));
#8051 = PCURVE('',#2405,#8052);
#8052 = DEFINITIONAL_REPRESENTATION('',(#8053),#8056);
#8053 = B_SPLINE_CURVE_WITH_KNOTS('',1,(#8054,#8055),.UNSPECIFIED.,.F.,
  .F.,(2,2),(-3.193,-2.257),.PIECEWISE_BEZIER_KNOTS.);
#8054 = CARTESIAN_POINT('',(2.414389233048,-0.858));
#8055 = CARTESIAN_POINT('',(2.414389233048,7.8E-02));
#8056 = ( GEOMETRIC_REPRESENTATION_CONTEXT(2) 
PARAMETRIC_REPRESENTATION_CONTEXT() REPRESENTATION_CONTEXT('2D SPACE',''
  ) );
#8057 = PCURVE('',#5423,#8058);
#8058 = DEFINITIONAL_REPRESENTATION('',(#8059),#8062);
#8059 = B_SPLINE_CURVE_WITH_KNOTS('',1,(#8060,#8061),.UNSPECIFIED.,.F.,
  .F.,(2,2),(-3.193,-2.257),.PIECEWISE_BEZIER_KNOTS.);
#8060 = CARTESIAN_POINT('',(-6.173723145327,-3.193));
#8061 = CARTESIAN_POINT('',(-6.173723145327,-2.257));
#8062 = ( GEOMETRIC_REPRESENTATION_CONTEXT(2) 
PARAMETRIC_REPRESENTATION_CONTEXT() REPRESENTATION_CONTEXT('2D SPACE',''
  ) );
#8063 = ORIENTED_EDGE('',*,*,#7929,.T.);
#8064 = ORIENTED_EDGE('',*,*,#2390,.T.);
#8065 = ADVANCED_FACE('',(#8066),#2433,.T.);
#8066 = FACE_BOUND('',#8067,.T.);
#8067 = EDGE_LOOP('',(#8068,#8094,#8095,#8096));
#8068 = ORIENTED_EDGE('',*,*,#8069,.T.);
#8069 = EDGE_CURVE('',#7976,#8023,#8070,.T.);
#8070 = SURFACE_CURVE('',#8071,(#8076,#8087),.PCURVE_S1.);
#8071 = CIRCLE('',#8072,5.95);
#8072 = AXIS2_PLACEMENT_3D('',#8073,#8074,#8075);
#8073 = CARTESIAN_POINT('',(-9.436895709314E-15,-42.5,3.935));
#8074 = DIRECTION('',(0.,0.,-1.));
#8075 = DIRECTION('',(-2.22044604925E-16,-1.,-0.));
#8076 = PCURVE('',#2433,#8077);
#8077 = DEFINITIONAL_REPRESENTATION('',(#8078),#8086);
#8078 = ( BOUNDED_CURVE() B_SPLINE_CURVE(2,(#8079,#8080,#8081,#8082,
#8083,#8084,#8085),.UNSPECIFIED.,.T.,.F.) B_SPLINE_CURVE_WITH_KNOTS((1,2
    ,2,2,2,1),(-2.094395102393,0.,2.094395102393,4.188790204786,
6.28318530718,8.377580409573),.UNSPECIFIED.) CURVE() 
GEOMETRIC_REPRESENTATION_ITEM() RATIONAL_B_SPLINE_CURVE((1.,0.5,1.,0.5,
1.,0.5,1.)) REPRESENTATION_ITEM('') );
#8079 = CARTESIAN_POINT('',(0.25,0.));
#8080 = CARTESIAN_POINT('',(0.25,-10.30570230503));
#8081 = CARTESIAN_POINT('',(-8.675,-5.152851152517));
#8082 = CARTESIAN_POINT('',(-17.6,-1.457329690985E-15));
#8083 = CARTESIAN_POINT('',(-8.675,5.152851152517));
#8084 = CARTESIAN_POINT('',(0.25,10.305702305035));
#8085 = CARTESIAN_POINT('',(0.25,0.));
#8086 = ( GEOMETRIC_REPRESENTATION_CONTEXT(2) 
PARAMETRIC_REPRESENTATION_CONTEXT() REPRESENTATION_CONTEXT('2D SPACE',''
  ) );
#8087 = PCURVE('',#5423,#8088);
#8088 = DEFINITIONAL_REPRESENTATION('',(#8089),#8093);
#8089 = LINE('',#8090,#8091);
#8090 = CARTESIAN_POINT('',(-12.56637061435,-2.335));
#8091 = VECTOR('',#8092,1.);
#8092 = DIRECTION('',(1.,-0.));
#8093 = ( GEOMETRIC_REPRESENTATION_CONTEXT(2) 
PARAMETRIC_REPRESENTATION_CONTEXT() REPRESENTATION_CONTEXT('2D SPACE',''
  ) );
#8094 = ORIENTED_EDGE('',*,*,#8022,.T.);
#8095 = ORIENTED_EDGE('',*,*,#2416,.F.);
#8096 = ORIENTED_EDGE('',*,*,#7975,.T.);
#8097 = ADVANCED_FACE('',(#8098),#2494,.F.);
#8098 = FACE_BOUND('',#8099,.F.);
#8099 = EDGE_LOOP('',(#8100,#8130,#8151,#8152));
#8100 = ORIENTED_EDGE('',*,*,#8101,.T.);
#8101 = EDGE_CURVE('',#8102,#8104,#8106,.T.);
#8102 = VERTEX_POINT('',#8103);
#8103 = CARTESIAN_POINT('',(0.65,-48.41438923304,3.665));
#8104 = VERTEX_POINT('',#8105);
#8105 = CARTESIAN_POINT('',(-0.65,-48.41438923304,3.665));
#8106 = SURFACE_CURVE('',#8107,(#8112,#8123),.PCURVE_S1.);
#8107 = CIRCLE('',#8108,5.95);
#8108 = AXIS2_PLACEMENT_3D('',#8109,#8110,#8111);
#8109 = CARTESIAN_POINT('',(-9.436895709314E-15,-42.5,3.665));
#8110 = DIRECTION('',(0.,0.,-1.));
#8111 = DIRECTION('',(-2.22044604925E-16,-1.,-0.));
#8112 = PCURVE('',#2494,#8113);
#8113 = DEFINITIONAL_REPRESENTATION('',(#8114),#8122);
#8114 = ( BOUNDED_CURVE() B_SPLINE_CURVE(2,(#8115,#8116,#8117,#8118,
#8119,#8120,#8121),.UNSPECIFIED.,.T.,.F.) B_SPLINE_CURVE_WITH_KNOTS((1,2
    ,2,2,2,1),(-2.094395102393,0.,2.094395102393,4.188790204786,
6.28318530718,8.377580409573),.UNSPECIFIED.) CURVE() 
GEOMETRIC_REPRESENTATION_ITEM() RATIONAL_B_SPLINE_CURVE((1.,0.5,1.,0.5,
1.,0.5,1.)) REPRESENTATION_ITEM('') );
#8115 = CARTESIAN_POINT('',(0.25,0.));
#8116 = CARTESIAN_POINT('',(0.25,-10.30570230503));
#8117 = CARTESIAN_POINT('',(-8.675,-5.152851152517));
#8118 = CARTESIAN_POINT('',(-17.6,-1.457329690985E-15));
#8119 = CARTESIAN_POINT('',(-8.675,5.152851152517));
#8120 = CARTESIAN_POINT('',(0.25,10.305702305035));
#8121 = CARTESIAN_POINT('',(0.25,0.));
#8122 = ( GEOMETRIC_REPRESENTATION_CONTEXT(2) 
PARAMETRIC_REPRESENTATION_CONTEXT() REPRESENTATION_CONTEXT('2D SPACE',''
  ) );
#8123 = PCURVE('',#5423,#8124);
#8124 = DEFINITIONAL_REPRESENTATION('',(#8125),#8129);
#8125 = LINE('',#8126,#8127);
#8126 = CARTESIAN_POINT('',(-12.56637061435,-2.065));
#8127 = VECTOR('',#8128,1.);
#8128 = DIRECTION('',(1.,-0.));
#8129 = ( GEOMETRIC_REPRESENTATION_CONTEXT(2) 
PARAMETRIC_REPRESENTATION_CONTEXT() REPRESENTATION_CONTEXT('2D SPACE',''
  ) );
#8130 = ORIENTED_EDGE('',*,*,#8131,.T.);
#8131 = EDGE_CURVE('',#8104,#2478,#8132,.T.);
#8132 = SURFACE_CURVE('',#8133,(#8137,#8144),.PCURVE_S1.);
#8133 = LINE('',#8134,#8135);
#8134 = CARTESIAN_POINT('',(-0.65,-46.,3.665));
#8135 = VECTOR('',#8136,1.);
#8136 = DIRECTION('',(-2.22044604925E-16,-1.,0.));
#8137 = PCURVE('',#2494,#8138);
#8138 = DEFINITIONAL_REPRESENTATION('',(#8139),#8143);
#8139 = LINE('',#8140,#8141);
#8140 = CARTESIAN_POINT('',(-2.2,-0.65));
#8141 = VECTOR('',#8142,1.);
#8142 = DIRECTION('',(1.,0.));
#8143 = ( GEOMETRIC_REPRESENTATION_CONTEXT(2) 
PARAMETRIC_REPRESENTATION_CONTEXT() REPRESENTATION_CONTEXT('2D SPACE',''
  ) );
#8144 = PCURVE('',#2525,#8145);
#8145 = DEFINITIONAL_REPRESENTATION('',(#8146),#8150);
#8146 = LINE('',#8147,#8148);
#8147 = CARTESIAN_POINT('',(0.,-0.78));
#8148 = VECTOR('',#8149,1.);
#8149 = DIRECTION('',(1.,0.));
#8150 = ( GEOMETRIC_REPRESENTATION_CONTEXT(2) 
PARAMETRIC_REPRESENTATION_CONTEXT() REPRESENTATION_CONTEXT('2D SPACE',''
  ) );
#8151 = ORIENTED_EDGE('',*,*,#2475,.F.);
#8152 = ORIENTED_EDGE('',*,*,#8153,.T.);
#8153 = EDGE_CURVE('',#2476,#8102,#8154,.T.);
#8154 = SURFACE_CURVE('',#8155,(#8159,#8166),.PCURVE_S1.);
#8155 = LINE('',#8156,#8157);
#8156 = CARTESIAN_POINT('',(0.65,-50.4,3.665));
#8157 = VECTOR('',#8158,1.);
#8158 = DIRECTION('',(2.22044604925E-16,1.,0.));
#8159 = PCURVE('',#2494,#8160);
#8160 = DEFINITIONAL_REPRESENTATION('',(#8161),#8165);
#8161 = LINE('',#8162,#8163);
#8162 = CARTESIAN_POINT('',(2.2,0.65));
#8163 = VECTOR('',#8164,1.);
#8164 = DIRECTION('',(-1.,0.));
#8165 = ( GEOMETRIC_REPRESENTATION_CONTEXT(2) 
PARAMETRIC_REPRESENTATION_CONTEXT() REPRESENTATION_CONTEXT('2D SPACE',''
  ) );
#8166 = PCURVE('',#2582,#8167);
#8167 = DEFINITIONAL_REPRESENTATION('',(#8168),#8172);
#8168 = LINE('',#8169,#8170);
#8169 = CARTESIAN_POINT('',(0.,-0.78));
#8170 = VECTOR('',#8171,1.);
#8171 = DIRECTION('',(1.,0.));
#8172 = ( GEOMETRIC_REPRESENTATION_CONTEXT(2) 
PARAMETRIC_REPRESENTATION_CONTEXT() REPRESENTATION_CONTEXT('2D SPACE',''
  ) );
#8173 = ADVANCED_FACE('',(#8174),#2582,.T.);
#8174 = FACE_BOUND('',#8175,.T.);
#8175 = EDGE_LOOP('',(#8176,#8199,#8200,#8201));
#8176 = ORIENTED_EDGE('',*,*,#8177,.F.);
#8177 = EDGE_CURVE('',#2537,#8178,#8180,.T.);
#8178 = VERTEX_POINT('',#8179);
#8179 = CARTESIAN_POINT('',(0.65,-48.41438923304,2.885));
#8180 = SURFACE_CURVE('',#8181,(#8185,#8192),.PCURVE_S1.);
#8181 = LINE('',#8182,#8183);
#8182 = CARTESIAN_POINT('',(0.65,-50.4,2.885));
#8183 = VECTOR('',#8184,1.);
#8184 = DIRECTION('',(2.22044604925E-16,1.,0.));
#8185 = PCURVE('',#2582,#8186);
#8186 = DEFINITIONAL_REPRESENTATION('',(#8187),#8191);
#8187 = LINE('',#8188,#8189);
#8188 = CARTESIAN_POINT('',(0.,0.));
#8189 = VECTOR('',#8190,1.);
#8190 = DIRECTION('',(1.,0.));
#8191 = ( GEOMETRIC_REPRESENTATION_CONTEXT(2) 
PARAMETRIC_REPRESENTATION_CONTEXT() REPRESENTATION_CONTEXT('2D SPACE',''
  ) );
#8192 = PCURVE('',#2553,#8193);
#8193 = DEFINITIONAL_REPRESENTATION('',(#8194),#8198);
#8194 = LINE('',#8195,#8196);
#8195 = CARTESIAN_POINT('',(2.2,0.65));
#8196 = VECTOR('',#8197,1.);
#8197 = DIRECTION('',(-1.,0.));
#8198 = ( GEOMETRIC_REPRESENTATION_CONTEXT(2) 
PARAMETRIC_REPRESENTATION_CONTEXT() REPRESENTATION_CONTEXT('2D SPACE',''
  ) );
#8199 = ORIENTED_EDGE('',*,*,#2569,.F.);
#8200 = ORIENTED_EDGE('',*,*,#8153,.T.);
#8201 = ORIENTED_EDGE('',*,*,#8202,.T.);
#8202 = EDGE_CURVE('',#8102,#8178,#8203,.T.);
#8203 = SURFACE_CURVE('',#8204,(#8208,#8214),.PCURVE_S1.);
#8204 = LINE('',#8205,#8206);
#8205 = CARTESIAN_POINT('',(0.65,-48.41438923304,1.6));
#8206 = VECTOR('',#8207,1.);
#8207 = DIRECTION('',(0.,0.,-1.));
#8208 = PCURVE('',#2582,#8209);
#8209 = DEFINITIONAL_REPRESENTATION('',(#8210),#8213);
#8210 = B_SPLINE_CURVE_WITH_KNOTS('',1,(#8211,#8212),.UNSPECIFIED.,.F.,
  .F.,(2,2),(-2.143,-1.207),.PIECEWISE_BEZIER_KNOTS.);
#8211 = CARTESIAN_POINT('',(1.985610766952,-0.858));
#8212 = CARTESIAN_POINT('',(1.985610766952,7.8E-02));
#8213 = ( GEOMETRIC_REPRESENTATION_CONTEXT(2) 
PARAMETRIC_REPRESENTATION_CONTEXT() REPRESENTATION_CONTEXT('2D SPACE',''
  ) );
#8214 = PCURVE('',#5423,#8215);
#8215 = DEFINITIONAL_REPRESENTATION('',(#8216),#8219);
#8216 = B_SPLINE_CURVE_WITH_KNOTS('',1,(#8217,#8218),.UNSPECIFIED.,.F.,
  .F.,(2,2),(-2.143,-1.207),.PIECEWISE_BEZIER_KNOTS.);
#8217 = CARTESIAN_POINT('',(-6.392647469032,-2.143));
#8218 = CARTESIAN_POINT('',(-6.392647469032,-1.207));
#8219 = ( GEOMETRIC_REPRESENTATION_CONTEXT(2) 
PARAMETRIC_REPRESENTATION_CONTEXT() REPRESENTATION_CONTEXT('2D SPACE',''
  ) );
#8220 = ADVANCED_FACE('',(#8221),#2525,.T.);
#8221 = FACE_BOUND('',#8222,.T.);
#8222 = EDGE_LOOP('',(#8223,#8246,#8265,#8266));
#8223 = ORIENTED_EDGE('',*,*,#8224,.F.);
#8224 = EDGE_CURVE('',#8225,#2511,#8227,.T.);
#8225 = VERTEX_POINT('',#8226);
#8226 = CARTESIAN_POINT('',(-0.65,-48.41438923304,2.885));
#8227 = SURFACE_CURVE('',#8228,(#8232,#8239),.PCURVE_S1.);
#8228 = LINE('',#8229,#8230);
#8229 = CARTESIAN_POINT('',(-0.65,-46.,2.885));
#8230 = VECTOR('',#8231,1.);
#8231 = DIRECTION('',(-2.22044604925E-16,-1.,0.));
#8232 = PCURVE('',#2525,#8233);
#8233 = DEFINITIONAL_REPRESENTATION('',(#8234),#8238);
#8234 = LINE('',#8235,#8236);
#8235 = CARTESIAN_POINT('',(0.,0.));
#8236 = VECTOR('',#8237,1.);
#8237 = DIRECTION('',(1.,0.));
#8238 = ( GEOMETRIC_REPRESENTATION_CONTEXT(2) 
PARAMETRIC_REPRESENTATION_CONTEXT() REPRESENTATION_CONTEXT('2D SPACE',''
  ) );
#8239 = PCURVE('',#2553,#8240);
#8240 = DEFINITIONAL_REPRESENTATION('',(#8241),#8245);
#8241 = LINE('',#8242,#8243);
#8242 = CARTESIAN_POINT('',(-2.2,-0.65));
#8243 = VECTOR('',#8244,1.);
#8244 = DIRECTION('',(1.,0.));
#8245 = ( GEOMETRIC_REPRESENTATION_CONTEXT(2) 
PARAMETRIC_REPRESENTATION_CONTEXT() REPRESENTATION_CONTEXT('2D SPACE',''
  ) );
#8246 = ORIENTED_EDGE('',*,*,#8247,.F.);
#8247 = EDGE_CURVE('',#8104,#8225,#8248,.T.);
#8248 = SURFACE_CURVE('',#8249,(#8253,#8259),.PCURVE_S1.);
#8249 = LINE('',#8250,#8251);
#8250 = CARTESIAN_POINT('',(-0.65,-48.41438923304,1.6));
#8251 = VECTOR('',#8252,1.);
#8252 = DIRECTION('',(0.,0.,-1.));
#8253 = PCURVE('',#2525,#8254);
#8254 = DEFINITIONAL_REPRESENTATION('',(#8255),#8258);
#8255 = B_SPLINE_CURVE_WITH_KNOTS('',1,(#8256,#8257),.UNSPECIFIED.,.F.,
  .F.,(2,2),(-2.143,-1.207),.PIECEWISE_BEZIER_KNOTS.);
#8256 = CARTESIAN_POINT('',(2.414389233048,-0.858));
#8257 = CARTESIAN_POINT('',(2.414389233048,7.8E-02));
#8258 = ( GEOMETRIC_REPRESENTATION_CONTEXT(2) 
PARAMETRIC_REPRESENTATION_CONTEXT() REPRESENTATION_CONTEXT('2D SPACE',''
  ) );
#8259 = PCURVE('',#5423,#8260);
#8260 = DEFINITIONAL_REPRESENTATION('',(#8261),#8264);
#8261 = B_SPLINE_CURVE_WITH_KNOTS('',1,(#8262,#8263),.UNSPECIFIED.,.F.,
  .F.,(2,2),(-2.143,-1.207),.PIECEWISE_BEZIER_KNOTS.);
#8262 = CARTESIAN_POINT('',(-6.173723145327,-2.143));
#8263 = CARTESIAN_POINT('',(-6.173723145327,-1.207));
#8264 = ( GEOMETRIC_REPRESENTATION_CONTEXT(2) 
PARAMETRIC_REPRESENTATION_CONTEXT() REPRESENTATION_CONTEXT('2D SPACE',''
  ) );
#8265 = ORIENTED_EDGE('',*,*,#8131,.T.);
#8266 = ORIENTED_EDGE('',*,*,#2510,.T.);
#8267 = ADVANCED_FACE('',(#8268),#2553,.T.);
#8268 = FACE_BOUND('',#8269,.T.);
#8269 = EDGE_LOOP('',(#8270,#8296,#8297,#8298));
#8270 = ORIENTED_EDGE('',*,*,#8271,.T.);
#8271 = EDGE_CURVE('',#8178,#8225,#8272,.T.);
#8272 = SURFACE_CURVE('',#8273,(#8278,#8289),.PCURVE_S1.);
#8273 = CIRCLE('',#8274,5.95);
#8274 = AXIS2_PLACEMENT_3D('',#8275,#8276,#8277);
#8275 = CARTESIAN_POINT('',(-9.436895709314E-15,-42.5,2.885));
#8276 = DIRECTION('',(0.,0.,-1.));
#8277 = DIRECTION('',(-2.22044604925E-16,-1.,-0.));
#8278 = PCURVE('',#2553,#8279);
#8279 = DEFINITIONAL_REPRESENTATION('',(#8280),#8288);
#8280 = ( BOUNDED_CURVE() B_SPLINE_CURVE(2,(#8281,#8282,#8283,#8284,
#8285,#8286,#8287),.UNSPECIFIED.,.T.,.F.) B_SPLINE_CURVE_WITH_KNOTS((1,2
    ,2,2,2,1),(-2.094395102393,0.,2.094395102393,4.188790204786,
6.28318530718,8.377580409573),.UNSPECIFIED.) CURVE() 
GEOMETRIC_REPRESENTATION_ITEM() RATIONAL_B_SPLINE_CURVE((1.,0.5,1.,0.5,
1.,0.5,1.)) REPRESENTATION_ITEM('') );
#8281 = CARTESIAN_POINT('',(0.25,0.));
#8282 = CARTESIAN_POINT('',(0.25,-10.30570230503));
#8283 = CARTESIAN_POINT('',(-8.675,-5.152851152517));
#8284 = CARTESIAN_POINT('',(-17.6,-1.457329690985E-15));
#8285 = CARTESIAN_POINT('',(-8.675,5.152851152517));
#8286 = CARTESIAN_POINT('',(0.25,10.305702305035));
#8287 = CARTESIAN_POINT('',(0.25,0.));
#8288 = ( GEOMETRIC_REPRESENTATION_CONTEXT(2) 
PARAMETRIC_REPRESENTATION_CONTEXT() REPRESENTATION_CONTEXT('2D SPACE',''
  ) );
#8289 = PCURVE('',#5423,#8290);
#8290 = DEFINITIONAL_REPRESENTATION('',(#8291),#8295);
#8291 = LINE('',#8292,#8293);
#8292 = CARTESIAN_POINT('',(-12.56637061435,-1.285));
#8293 = VECTOR('',#8294,1.);
#8294 = DIRECTION('',(1.,-0.));
#8295 = ( GEOMETRIC_REPRESENTATION_CONTEXT(2) 
PARAMETRIC_REPRESENTATION_CONTEXT() REPRESENTATION_CONTEXT('2D SPACE',''
  ) );
#8296 = ORIENTED_EDGE('',*,*,#8224,.T.);
#8297 = ORIENTED_EDGE('',*,*,#2536,.F.);
#8298 = ORIENTED_EDGE('',*,*,#8177,.T.);
#8299 = ADVANCED_FACE('',(#8300),#2614,.F.);
#8300 = FACE_BOUND('',#8301,.F.);
#8301 = EDGE_LOOP('',(#8302,#8332,#8353,#8354));
#8302 = ORIENTED_EDGE('',*,*,#8303,.T.);
#8303 = EDGE_CURVE('',#8304,#8306,#8308,.T.);
#8304 = VERTEX_POINT('',#8305);
#8305 = CARTESIAN_POINT('',(0.65,-48.41438923304,2.615));
#8306 = VERTEX_POINT('',#8307);
#8307 = CARTESIAN_POINT('',(-0.65,-48.41438923304,2.615));
#8308 = SURFACE_CURVE('',#8309,(#8314,#8325),.PCURVE_S1.);
#8309 = CIRCLE('',#8310,5.95);
#8310 = AXIS2_PLACEMENT_3D('',#8311,#8312,#8313);
#8311 = CARTESIAN_POINT('',(-9.436895709314E-15,-42.5,2.615));
#8312 = DIRECTION('',(0.,0.,-1.));
#8313 = DIRECTION('',(-2.22044604925E-16,-1.,-0.));
#8314 = PCURVE('',#2614,#8315);
#8315 = DEFINITIONAL_REPRESENTATION('',(#8316),#8324);
#8316 = ( BOUNDED_CURVE() B_SPLINE_CURVE(2,(#8317,#8318,#8319,#8320,
#8321,#8322,#8323),.UNSPECIFIED.,.T.,.F.) B_SPLINE_CURVE_WITH_KNOTS((1,2
    ,2,2,2,1),(-2.094395102393,0.,2.094395102393,4.188790204786,
6.28318530718,8.377580409573),.UNSPECIFIED.) CURVE() 
GEOMETRIC_REPRESENTATION_ITEM() RATIONAL_B_SPLINE_CURVE((1.,0.5,1.,0.5,
1.,0.5,1.)) REPRESENTATION_ITEM('') );
#8317 = CARTESIAN_POINT('',(0.25,0.));
#8318 = CARTESIAN_POINT('',(0.25,-10.30570230503));
#8319 = CARTESIAN_POINT('',(-8.675,-5.152851152517));
#8320 = CARTESIAN_POINT('',(-17.6,-1.457329690985E-15));
#8321 = CARTESIAN_POINT('',(-8.675,5.152851152517));
#8322 = CARTESIAN_POINT('',(0.25,10.305702305035));
#8323 = CARTESIAN_POINT('',(0.25,0.));
#8324 = ( GEOMETRIC_REPRESENTATION_CONTEXT(2) 
PARAMETRIC_REPRESENTATION_CONTEXT() REPRESENTATION_CONTEXT('2D SPACE',''
  ) );
#8325 = PCURVE('',#5423,#8326);
#8326 = DEFINITIONAL_REPRESENTATION('',(#8327),#8331);
#8327 = LINE('',#8328,#8329);
#8328 = CARTESIAN_POINT('',(-12.56637061435,-1.015));
#8329 = VECTOR('',#8330,1.);
#8330 = DIRECTION('',(1.,-0.));
#8331 = ( GEOMETRIC_REPRESENTATION_CONTEXT(2) 
PARAMETRIC_REPRESENTATION_CONTEXT() REPRESENTATION_CONTEXT('2D SPACE',''
  ) );
#8332 = ORIENTED_EDGE('',*,*,#8333,.T.);
#8333 = EDGE_CURVE('',#8306,#2598,#8334,.T.);
#8334 = SURFACE_CURVE('',#8335,(#8339,#8346),.PCURVE_S1.);
#8335 = LINE('',#8336,#8337);
#8336 = CARTESIAN_POINT('',(-0.65,-46.,2.615));
#8337 = VECTOR('',#8338,1.);
#8338 = DIRECTION('',(-2.22044604925E-16,-1.,0.));
#8339 = PCURVE('',#2614,#8340);
#8340 = DEFINITIONAL_REPRESENTATION('',(#8341),#8345);
#8341 = LINE('',#8342,#8343);
#8342 = CARTESIAN_POINT('',(-2.2,-0.65));
#8343 = VECTOR('',#8344,1.);
#8344 = DIRECTION('',(1.,0.));
#8345 = ( GEOMETRIC_REPRESENTATION_CONTEXT(2) 
PARAMETRIC_REPRESENTATION_CONTEXT() REPRESENTATION_CONTEXT('2D SPACE',''
  ) );
#8346 = PCURVE('',#2645,#8347);
#8347 = DEFINITIONAL_REPRESENTATION('',(#8348),#8352);
#8348 = LINE('',#8349,#8350);
#8349 = CARTESIAN_POINT('',(0.,-0.78));
#8350 = VECTOR('',#8351,1.);
#8351 = DIRECTION('',(1.,0.));
#8352 = ( GEOMETRIC_REPRESENTATION_CONTEXT(2) 
PARAMETRIC_REPRESENTATION_CONTEXT() REPRESENTATION_CONTEXT('2D SPACE',''
  ) );
#8353 = ORIENTED_EDGE('',*,*,#2595,.F.);
#8354 = ORIENTED_EDGE('',*,*,#8355,.T.);
#8355 = EDGE_CURVE('',#2596,#8304,#8356,.T.);
#8356 = SURFACE_CURVE('',#8357,(#8361,#8368),.PCURVE_S1.);
#8357 = LINE('',#8358,#8359);
#8358 = CARTESIAN_POINT('',(0.65,-50.4,2.615));
#8359 = VECTOR('',#8360,1.);
#8360 = DIRECTION('',(2.22044604925E-16,1.,0.));
#8361 = PCURVE('',#2614,#8362);
#8362 = DEFINITIONAL_REPRESENTATION('',(#8363),#8367);
#8363 = LINE('',#8364,#8365);
#8364 = CARTESIAN_POINT('',(2.2,0.65));
#8365 = VECTOR('',#8366,1.);
#8366 = DIRECTION('',(-1.,0.));
#8367 = ( GEOMETRIC_REPRESENTATION_CONTEXT(2) 
PARAMETRIC_REPRESENTATION_CONTEXT() REPRESENTATION_CONTEXT('2D SPACE',''
  ) );
#8368 = PCURVE('',#2702,#8369);
#8369 = DEFINITIONAL_REPRESENTATION('',(#8370),#8374);
#8370 = LINE('',#8371,#8372);
#8371 = CARTESIAN_POINT('',(0.,-0.78));
#8372 = VECTOR('',#8373,1.);
#8373 = DIRECTION('',(1.,0.));
#8374 = ( GEOMETRIC_REPRESENTATION_CONTEXT(2) 
PARAMETRIC_REPRESENTATION_CONTEXT() REPRESENTATION_CONTEXT('2D SPACE',''
  ) );
#8375 = ADVANCED_FACE('',(#8376),#2702,.T.);
#8376 = FACE_BOUND('',#8377,.T.);
#8377 = EDGE_LOOP('',(#8378,#8401,#8402,#8403));
#8378 = ORIENTED_EDGE('',*,*,#8379,.F.);
#8379 = EDGE_CURVE('',#2657,#8380,#8382,.T.);
#8380 = VERTEX_POINT('',#8381);
#8381 = CARTESIAN_POINT('',(0.65,-48.41438923304,1.835));
#8382 = SURFACE_CURVE('',#8383,(#8387,#8394),.PCURVE_S1.);
#8383 = LINE('',#8384,#8385);
#8384 = CARTESIAN_POINT('',(0.65,-50.4,1.835));
#8385 = VECTOR('',#8386,1.);
#8386 = DIRECTION('',(2.22044604925E-16,1.,0.));
#8387 = PCURVE('',#2702,#8388);
#8388 = DEFINITIONAL_REPRESENTATION('',(#8389),#8393);
#8389 = LINE('',#8390,#8391);
#8390 = CARTESIAN_POINT('',(0.,0.));
#8391 = VECTOR('',#8392,1.);
#8392 = DIRECTION('',(1.,0.));
#8393 = ( GEOMETRIC_REPRESENTATION_CONTEXT(2) 
PARAMETRIC_REPRESENTATION_CONTEXT() REPRESENTATION_CONTEXT('2D SPACE',''
  ) );
#8394 = PCURVE('',#2673,#8395);
#8395 = DEFINITIONAL_REPRESENTATION('',(#8396),#8400);
#8396 = LINE('',#8397,#8398);
#8397 = CARTESIAN_POINT('',(2.2,0.65));
#8398 = VECTOR('',#8399,1.);
#8399 = DIRECTION('',(-1.,0.));
#8400 = ( GEOMETRIC_REPRESENTATION_CONTEXT(2) 
PARAMETRIC_REPRESENTATION_CONTEXT() REPRESENTATION_CONTEXT('2D SPACE',''
  ) );
#8401 = ORIENTED_EDGE('',*,*,#2689,.F.);
#8402 = ORIENTED_EDGE('',*,*,#8355,.T.);
#8403 = ORIENTED_EDGE('',*,*,#8404,.T.);
#8404 = EDGE_CURVE('',#8304,#8380,#8405,.T.);
#8405 = SURFACE_CURVE('',#8406,(#8410,#8416),.PCURVE_S1.);
#8406 = LINE('',#8407,#8408);
#8407 = CARTESIAN_POINT('',(0.65,-48.41438923304,1.6));
#8408 = VECTOR('',#8409,1.);
#8409 = DIRECTION('',(0.,0.,-1.));
#8410 = PCURVE('',#2702,#8411);
#8411 = DEFINITIONAL_REPRESENTATION('',(#8412),#8415);
#8412 = B_SPLINE_CURVE_WITH_KNOTS('',1,(#8413,#8414),.UNSPECIFIED.,.F.,
  .F.,(2,2),(-1.093,-0.157),.PIECEWISE_BEZIER_KNOTS.);
#8413 = CARTESIAN_POINT('',(1.985610766952,-0.858));
#8414 = CARTESIAN_POINT('',(1.985610766952,7.8E-02));
#8415 = ( GEOMETRIC_REPRESENTATION_CONTEXT(2) 
PARAMETRIC_REPRESENTATION_CONTEXT() REPRESENTATION_CONTEXT('2D SPACE',''
  ) );
#8416 = PCURVE('',#5423,#8417);
#8417 = DEFINITIONAL_REPRESENTATION('',(#8418),#8421);
#8418 = B_SPLINE_CURVE_WITH_KNOTS('',1,(#8419,#8420),.UNSPECIFIED.,.F.,
  .F.,(2,2),(-1.093,-0.157),.PIECEWISE_BEZIER_KNOTS.);
#8419 = CARTESIAN_POINT('',(-6.392647469032,-1.093));
#8420 = CARTESIAN_POINT('',(-6.392647469032,-0.157));
#8421 = ( GEOMETRIC_REPRESENTATION_CONTEXT(2) 
PARAMETRIC_REPRESENTATION_CONTEXT() REPRESENTATION_CONTEXT('2D SPACE',''
  ) );
#8422 = ADVANCED_FACE('',(#8423),#2645,.T.);
#8423 = FACE_BOUND('',#8424,.T.);
#8424 = EDGE_LOOP('',(#8425,#8448,#8467,#8468));
#8425 = ORIENTED_EDGE('',*,*,#8426,.F.);
#8426 = EDGE_CURVE('',#8427,#2631,#8429,.T.);
#8427 = VERTEX_POINT('',#8428);
#8428 = CARTESIAN_POINT('',(-0.65,-48.41438923304,1.835));
#8429 = SURFACE_CURVE('',#8430,(#8434,#8441),.PCURVE_S1.);
#8430 = LINE('',#8431,#8432);
#8431 = CARTESIAN_POINT('',(-0.65,-46.,1.835));
#8432 = VECTOR('',#8433,1.);
#8433 = DIRECTION('',(-2.22044604925E-16,-1.,0.));
#8434 = PCURVE('',#2645,#8435);
#8435 = DEFINITIONAL_REPRESENTATION('',(#8436),#8440);
#8436 = LINE('',#8437,#8438);
#8437 = CARTESIAN_POINT('',(0.,0.));
#8438 = VECTOR('',#8439,1.);
#8439 = DIRECTION('',(1.,0.));
#8440 = ( GEOMETRIC_REPRESENTATION_CONTEXT(2) 
PARAMETRIC_REPRESENTATION_CONTEXT() REPRESENTATION_CONTEXT('2D SPACE',''
  ) );
#8441 = PCURVE('',#2673,#8442);
#8442 = DEFINITIONAL_REPRESENTATION('',(#8443),#8447);
#8443 = LINE('',#8444,#8445);
#8444 = CARTESIAN_POINT('',(-2.2,-0.65));
#8445 = VECTOR('',#8446,1.);
#8446 = DIRECTION('',(1.,0.));
#8447 = ( GEOMETRIC_REPRESENTATION_CONTEXT(2) 
PARAMETRIC_REPRESENTATION_CONTEXT() REPRESENTATION_CONTEXT('2D SPACE',''
  ) );
#8448 = ORIENTED_EDGE('',*,*,#8449,.F.);
#8449 = EDGE_CURVE('',#8306,#8427,#8450,.T.);
#8450 = SURFACE_CURVE('',#8451,(#8455,#8461),.PCURVE_S1.);
#8451 = LINE('',#8452,#8453);
#8452 = CARTESIAN_POINT('',(-0.65,-48.41438923304,1.6));
#8453 = VECTOR('',#8454,1.);
#8454 = DIRECTION('',(0.,0.,-1.));
#8455 = PCURVE('',#2645,#8456);
#8456 = DEFINITIONAL_REPRESENTATION('',(#8457),#8460);
#8457 = B_SPLINE_CURVE_WITH_KNOTS('',1,(#8458,#8459),.UNSPECIFIED.,.F.,
  .F.,(2,2),(-1.093,-0.157),.PIECEWISE_BEZIER_KNOTS.);
#8458 = CARTESIAN_POINT('',(2.414389233048,-0.858));
#8459 = CARTESIAN_POINT('',(2.414389233048,7.8E-02));
#8460 = ( GEOMETRIC_REPRESENTATION_CONTEXT(2) 
PARAMETRIC_REPRESENTATION_CONTEXT() REPRESENTATION_CONTEXT('2D SPACE',''
  ) );
#8461 = PCURVE('',#5423,#8462);
#8462 = DEFINITIONAL_REPRESENTATION('',(#8463),#8466);
#8463 = B_SPLINE_CURVE_WITH_KNOTS('',1,(#8464,#8465),.UNSPECIFIED.,.F.,
  .F.,(2,2),(-1.093,-0.157),.PIECEWISE_BEZIER_KNOTS.);
#8464 = CARTESIAN_POINT('',(-6.173723145327,-1.093));
#8465 = CARTESIAN_POINT('',(-6.173723145327,-0.157));
#8466 = ( GEOMETRIC_REPRESENTATION_CONTEXT(2) 
PARAMETRIC_REPRESENTATION_CONTEXT() REPRESENTATION_CONTEXT('2D SPACE',''
  ) );
#8467 = ORIENTED_EDGE('',*,*,#8333,.T.);
#8468 = ORIENTED_EDGE('',*,*,#2630,.T.);
#8469 = ADVANCED_FACE('',(#8470),#2673,.T.);
#8470 = FACE_BOUND('',#8471,.T.);
#8471 = EDGE_LOOP('',(#8472,#8498,#8499,#8500));
#8472 = ORIENTED_EDGE('',*,*,#8473,.T.);
#8473 = EDGE_CURVE('',#8380,#8427,#8474,.T.);
#8474 = SURFACE_CURVE('',#8475,(#8480,#8491),.PCURVE_S1.);
#8475 = CIRCLE('',#8476,5.95);
#8476 = AXIS2_PLACEMENT_3D('',#8477,#8478,#8479);
#8477 = CARTESIAN_POINT('',(-9.436895709314E-15,-42.5,1.835));
#8478 = DIRECTION('',(0.,0.,-1.));
#8479 = DIRECTION('',(-2.22044604925E-16,-1.,-0.));
#8480 = PCURVE('',#2673,#8481);
#8481 = DEFINITIONAL_REPRESENTATION('',(#8482),#8490);
#8482 = ( BOUNDED_CURVE() B_SPLINE_CURVE(2,(#8483,#8484,#8485,#8486,
#8487,#8488,#8489),.UNSPECIFIED.,.T.,.F.) B_SPLINE_CURVE_WITH_KNOTS((1,2
    ,2,2,2,1),(-2.094395102393,0.,2.094395102393,4.188790204786,
6.28318530718,8.377580409573),.UNSPECIFIED.) CURVE() 
GEOMETRIC_REPRESENTATION_ITEM() RATIONAL_B_SPLINE_CURVE((1.,0.5,1.,0.5,
1.,0.5,1.)) REPRESENTATION_ITEM('') );
#8483 = CARTESIAN_POINT('',(0.25,0.));
#8484 = CARTESIAN_POINT('',(0.25,-10.30570230503));
#8485 = CARTESIAN_POINT('',(-8.675,-5.152851152517));
#8486 = CARTESIAN_POINT('',(-17.6,-1.457329690985E-15));
#8487 = CARTESIAN_POINT('',(-8.675,5.152851152517));
#8488 = CARTESIAN_POINT('',(0.25,10.305702305035));
#8489 = CARTESIAN_POINT('',(0.25,0.));
#8490 = ( GEOMETRIC_REPRESENTATION_CONTEXT(2) 
PARAMETRIC_REPRESENTATION_CONTEXT() REPRESENTATION_CONTEXT('2D SPACE',''
  ) );
#8491 = PCURVE('',#5423,#8492);
#8492 = DEFINITIONAL_REPRESENTATION('',(#8493),#8497);
#8493 = LINE('',#8494,#8495);
#8494 = CARTESIAN_POINT('',(-12.56637061435,-0.235));
#8495 = VECTOR('',#8496,1.);
#8496 = DIRECTION('',(1.,-0.));
#8497 = ( GEOMETRIC_REPRESENTATION_CONTEXT(2) 
PARAMETRIC_REPRESENTATION_CONTEXT() REPRESENTATION_CONTEXT('2D SPACE',''
  ) );
#8498 = ORIENTED_EDGE('',*,*,#8426,.T.);
#8499 = ORIENTED_EDGE('',*,*,#2656,.F.);
#8500 = ORIENTED_EDGE('',*,*,#8379,.T.);
#8501 = ADVANCED_FACE('',(#8502),#3084,.F.);
#8502 = FACE_BOUND('',#8503,.F.);
#8503 = EDGE_LOOP('',(#8504,#8534,#8555,#8556));
#8504 = ORIENTED_EDGE('',*,*,#8505,.T.);
#8505 = EDGE_CURVE('',#8506,#8508,#8510,.T.);
#8506 = VERTEX_POINT('',#8507);
#8507 = CARTESIAN_POINT('',(-0.65,48.414389233049,7.865));
#8508 = VERTEX_POINT('',#8509);
#8509 = CARTESIAN_POINT('',(0.65,48.414389233048,7.865));
#8510 = SURFACE_CURVE('',#8511,(#8516,#8527),.PCURVE_S1.);
#8511 = CIRCLE('',#8512,5.95);
#8512 = AXIS2_PLACEMENT_3D('',#8513,#8514,#8515);
#8513 = CARTESIAN_POINT('',(4.718447854657E-15,42.5,7.865));
#8514 = DIRECTION('',(0.,0.,-1.));
#8515 = DIRECTION('',(1.110223024625E-16,1.,0.));
#8516 = PCURVE('',#3084,#8517);
#8517 = DEFINITIONAL_REPRESENTATION('',(#8518),#8526);
#8518 = ( BOUNDED_CURVE() B_SPLINE_CURVE(2,(#8519,#8520,#8521,#8522,
#8523,#8524,#8525),.UNSPECIFIED.,.T.,.F.) B_SPLINE_CURVE_WITH_KNOTS((1,2
    ,2,2,2,1),(-2.094395102393,0.,2.094395102393,4.188790204786,
6.28318530718,8.377580409573),.UNSPECIFIED.) CURVE() 
GEOMETRIC_REPRESENTATION_ITEM() RATIONAL_B_SPLINE_CURVE((1.,0.5,1.,0.5,
1.,0.5,1.)) REPRESENTATION_ITEM('') );
#8519 = CARTESIAN_POINT('',(0.25,0.));
#8520 = CARTESIAN_POINT('',(0.25,-10.30570230503));
#8521 = CARTESIAN_POINT('',(-8.675,-5.152851152517));
#8522 = CARTESIAN_POINT('',(-17.6,-1.457329690985E-15));
#8523 = CARTESIAN_POINT('',(-8.675,5.152851152517));
#8524 = CARTESIAN_POINT('',(0.25,10.305702305035));
#8525 = CARTESIAN_POINT('',(0.25,0.));
#8526 = ( GEOMETRIC_REPRESENTATION_CONTEXT(2) 
PARAMETRIC_REPRESENTATION_CONTEXT() REPRESENTATION_CONTEXT('2D SPACE',''
  ) );
#8527 = PCURVE('',#5907,#8528);
#8528 = DEFINITIONAL_REPRESENTATION('',(#8529),#8533);
#8529 = LINE('',#8530,#8531);
#8530 = CARTESIAN_POINT('',(-12.56637061435,-6.265));
#8531 = VECTOR('',#8532,1.);
#8532 = DIRECTION('',(1.,-0.));
#8533 = ( GEOMETRIC_REPRESENTATION_CONTEXT(2) 
PARAMETRIC_REPRESENTATION_CONTEXT() REPRESENTATION_CONTEXT('2D SPACE',''
  ) );
#8534 = ORIENTED_EDGE('',*,*,#8535,.T.);
#8535 = EDGE_CURVE('',#8508,#3068,#8536,.T.);
#8536 = SURFACE_CURVE('',#8537,(#8541,#8548),.PCURVE_S1.);
#8537 = LINE('',#8538,#8539);
#8538 = CARTESIAN_POINT('',(0.65,46.,7.865));
#8539 = VECTOR('',#8540,1.);
#8540 = DIRECTION('',(1.110223024625E-16,1.,0.));
#8541 = PCURVE('',#3084,#8542);
#8542 = DEFINITIONAL_REPRESENTATION('',(#8543),#8547);
#8543 = LINE('',#8544,#8545);
#8544 = CARTESIAN_POINT('',(-2.2,-0.65));
#8545 = VECTOR('',#8546,1.);
#8546 = DIRECTION('',(1.,0.));
#8547 = ( GEOMETRIC_REPRESENTATION_CONTEXT(2) 
PARAMETRIC_REPRESENTATION_CONTEXT() REPRESENTATION_CONTEXT('2D SPACE',''
  ) );
#8548 = PCURVE('',#3115,#8549);
#8549 = DEFINITIONAL_REPRESENTATION('',(#8550),#8554);
#8550 = LINE('',#8551,#8552);
#8551 = CARTESIAN_POINT('',(0.,-0.78));
#8552 = VECTOR('',#8553,1.);
#8553 = DIRECTION('',(1.,0.));
#8554 = ( GEOMETRIC_REPRESENTATION_CONTEXT(2) 
PARAMETRIC_REPRESENTATION_CONTEXT() REPRESENTATION_CONTEXT('2D SPACE',''
  ) );
#8555 = ORIENTED_EDGE('',*,*,#3065,.F.);
#8556 = ORIENTED_EDGE('',*,*,#8557,.T.);
#8557 = EDGE_CURVE('',#3066,#8506,#8558,.T.);
#8558 = SURFACE_CURVE('',#8559,(#8563,#8570),.PCURVE_S1.);
#8559 = LINE('',#8560,#8561);
#8560 = CARTESIAN_POINT('',(-0.65,50.4,7.865));
#8561 = VECTOR('',#8562,1.);
#8562 = DIRECTION('',(-1.110223024625E-16,-1.,0.));
#8563 = PCURVE('',#3084,#8564);
#8564 = DEFINITIONAL_REPRESENTATION('',(#8565),#8569);
#8565 = LINE('',#8566,#8567);
#8566 = CARTESIAN_POINT('',(2.2,0.65));
#8567 = VECTOR('',#8568,1.);
#8568 = DIRECTION('',(-1.,0.));
#8569 = ( GEOMETRIC_REPRESENTATION_CONTEXT(2) 
PARAMETRIC_REPRESENTATION_CONTEXT() REPRESENTATION_CONTEXT('2D SPACE',''
  ) );
#8570 = PCURVE('',#3172,#8571);
#8571 = DEFINITIONAL_REPRESENTATION('',(#8572),#8576);
#8572 = LINE('',#8573,#8574);
#8573 = CARTESIAN_POINT('',(0.,-0.78));
#8574 = VECTOR('',#8575,1.);
#8575 = DIRECTION('',(1.,0.));
#8576 = ( GEOMETRIC_REPRESENTATION_CONTEXT(2) 
PARAMETRIC_REPRESENTATION_CONTEXT() REPRESENTATION_CONTEXT('2D SPACE',''
  ) );
#8577 = ADVANCED_FACE('',(#8578),#3172,.T.);
#8578 = FACE_BOUND('',#8579,.T.);
#8579 = EDGE_LOOP('',(#8580,#8603,#8604,#8605));
#8580 = ORIENTED_EDGE('',*,*,#8581,.F.);
#8581 = EDGE_CURVE('',#3127,#8582,#8584,.T.);
#8582 = VERTEX_POINT('',#8583);
#8583 = CARTESIAN_POINT('',(-0.65,48.414389233049,7.085));
#8584 = SURFACE_CURVE('',#8585,(#8589,#8596),.PCURVE_S1.);
#8585 = LINE('',#8586,#8587);
#8586 = CARTESIAN_POINT('',(-0.65,50.4,7.085));
#8587 = VECTOR('',#8588,1.);
#8588 = DIRECTION('',(-1.110223024625E-16,-1.,0.));
#8589 = PCURVE('',#3172,#8590);
#8590 = DEFINITIONAL_REPRESENTATION('',(#8591),#8595);
#8591 = LINE('',#8592,#8593);
#8592 = CARTESIAN_POINT('',(0.,0.));
#8593 = VECTOR('',#8594,1.);
#8594 = DIRECTION('',(1.,0.));
#8595 = ( GEOMETRIC_REPRESENTATION_CONTEXT(2) 
PARAMETRIC_REPRESENTATION_CONTEXT() REPRESENTATION_CONTEXT('2D SPACE',''
  ) );
#8596 = PCURVE('',#3143,#8597);
#8597 = DEFINITIONAL_REPRESENTATION('',(#8598),#8602);
#8598 = LINE('',#8599,#8600);
#8599 = CARTESIAN_POINT('',(2.2,0.65));
#8600 = VECTOR('',#8601,1.);
#8601 = DIRECTION('',(-1.,0.));
#8602 = ( GEOMETRIC_REPRESENTATION_CONTEXT(2) 
PARAMETRIC_REPRESENTATION_CONTEXT() REPRESENTATION_CONTEXT('2D SPACE',''
  ) );
#8603 = ORIENTED_EDGE('',*,*,#3159,.F.);
#8604 = ORIENTED_EDGE('',*,*,#8557,.T.);
#8605 = ORIENTED_EDGE('',*,*,#8606,.T.);
#8606 = EDGE_CURVE('',#8506,#8582,#8607,.T.);
#8607 = SURFACE_CURVE('',#8608,(#8612,#8618),.PCURVE_S1.);
#8608 = LINE('',#8609,#8610);
#8609 = CARTESIAN_POINT('',(-0.65,48.414389233048,1.6));
#8610 = VECTOR('',#8611,1.);
#8611 = DIRECTION('',(0.,-0.,-1.));
#8612 = PCURVE('',#3172,#8613);
#8613 = DEFINITIONAL_REPRESENTATION('',(#8614),#8617);
#8614 = B_SPLINE_CURVE_WITH_KNOTS('',1,(#8615,#8616),.UNSPECIFIED.,.F.,
  .F.,(2,2),(-6.343,-5.407),.PIECEWISE_BEZIER_KNOTS.);
#8615 = CARTESIAN_POINT('',(1.985610766952,-0.858));
#8616 = CARTESIAN_POINT('',(1.985610766952,7.8E-02));
#8617 = ( GEOMETRIC_REPRESENTATION_CONTEXT(2) 
PARAMETRIC_REPRESENTATION_CONTEXT() REPRESENTATION_CONTEXT('2D SPACE',''
  ) );
#8618 = PCURVE('',#5907,#8619);
#8619 = DEFINITIONAL_REPRESENTATION('',(#8620),#8623);
#8620 = B_SPLINE_CURVE_WITH_KNOTS('',1,(#8621,#8622),.UNSPECIFIED.,.F.,
  .F.,(2,2),(-6.343,-5.407),.PIECEWISE_BEZIER_KNOTS.);
#8621 = CARTESIAN_POINT('',(-6.392647469032,-6.343));
#8622 = CARTESIAN_POINT('',(-6.392647469032,-5.407));
#8623 = ( GEOMETRIC_REPRESENTATION_CONTEXT(2) 
PARAMETRIC_REPRESENTATION_CONTEXT() REPRESENTATION_CONTEXT('2D SPACE',''
  ) );
#8624 = ADVANCED_FACE('',(#8625),#3143,.T.);
#8625 = FACE_BOUND('',#8626,.T.);
#8626 = EDGE_LOOP('',(#8627,#8655,#8676,#8677));
#8627 = ORIENTED_EDGE('',*,*,#8628,.T.);
#8628 = EDGE_CURVE('',#8582,#8629,#8631,.T.);
#8629 = VERTEX_POINT('',#8630);
#8630 = CARTESIAN_POINT('',(0.65,48.414389233048,7.085));
#8631 = SURFACE_CURVE('',#8632,(#8637,#8648),.PCURVE_S1.);
#8632 = CIRCLE('',#8633,5.95);
#8633 = AXIS2_PLACEMENT_3D('',#8634,#8635,#8636);
#8634 = CARTESIAN_POINT('',(4.718447854657E-15,42.5,7.085));
#8635 = DIRECTION('',(0.,0.,-1.));
#8636 = DIRECTION('',(1.110223024625E-16,1.,0.));
#8637 = PCURVE('',#3143,#8638);
#8638 = DEFINITIONAL_REPRESENTATION('',(#8639),#8647);
#8639 = ( BOUNDED_CURVE() B_SPLINE_CURVE(2,(#8640,#8641,#8642,#8643,
#8644,#8645,#8646),.UNSPECIFIED.,.T.,.F.) B_SPLINE_CURVE_WITH_KNOTS((1,2
    ,2,2,2,1),(-2.094395102393,0.,2.094395102393,4.188790204786,
6.28318530718,8.377580409573),.UNSPECIFIED.) CURVE() 
GEOMETRIC_REPRESENTATION_ITEM() RATIONAL_B_SPLINE_CURVE((1.,0.5,1.,0.5,
1.,0.5,1.)) REPRESENTATION_ITEM('') );
#8640 = CARTESIAN_POINT('',(0.25,0.));
#8641 = CARTESIAN_POINT('',(0.25,-10.30570230503));
#8642 = CARTESIAN_POINT('',(-8.675,-5.152851152517));
#8643 = CARTESIAN_POINT('',(-17.6,-1.457329690985E-15));
#8644 = CARTESIAN_POINT('',(-8.675,5.152851152517));
#8645 = CARTESIAN_POINT('',(0.25,10.305702305035));
#8646 = CARTESIAN_POINT('',(0.25,0.));
#8647 = ( GEOMETRIC_REPRESENTATION_CONTEXT(2) 
PARAMETRIC_REPRESENTATION_CONTEXT() REPRESENTATION_CONTEXT('2D SPACE',''
  ) );
#8648 = PCURVE('',#5907,#8649);
#8649 = DEFINITIONAL_REPRESENTATION('',(#8650),#8654);
#8650 = LINE('',#8651,#8652);
#8651 = CARTESIAN_POINT('',(-12.56637061435,-5.485));
#8652 = VECTOR('',#8653,1.);
#8653 = DIRECTION('',(1.,-0.));
#8654 = ( GEOMETRIC_REPRESENTATION_CONTEXT(2) 
PARAMETRIC_REPRESENTATION_CONTEXT() REPRESENTATION_CONTEXT('2D SPACE',''
  ) );
#8655 = ORIENTED_EDGE('',*,*,#8656,.T.);
#8656 = EDGE_CURVE('',#8629,#3101,#8657,.T.);
#8657 = SURFACE_CURVE('',#8658,(#8662,#8669),.PCURVE_S1.);
#8658 = LINE('',#8659,#8660);
#8659 = CARTESIAN_POINT('',(0.65,46.,7.085));
#8660 = VECTOR('',#8661,1.);
#8661 = DIRECTION('',(1.110223024625E-16,1.,0.));
#8662 = PCURVE('',#3143,#8663);
#8663 = DEFINITIONAL_REPRESENTATION('',(#8664),#8668);
#8664 = LINE('',#8665,#8666);
#8665 = CARTESIAN_POINT('',(-2.2,-0.65));
#8666 = VECTOR('',#8667,1.);
#8667 = DIRECTION('',(1.,0.));
#8668 = ( GEOMETRIC_REPRESENTATION_CONTEXT(2) 
PARAMETRIC_REPRESENTATION_CONTEXT() REPRESENTATION_CONTEXT('2D SPACE',''
  ) );
#8669 = PCURVE('',#3115,#8670);
#8670 = DEFINITIONAL_REPRESENTATION('',(#8671),#8675);
#8671 = LINE('',#8672,#8673);
#8672 = CARTESIAN_POINT('',(0.,0.));
#8673 = VECTOR('',#8674,1.);
#8674 = DIRECTION('',(1.,0.));
#8675 = ( GEOMETRIC_REPRESENTATION_CONTEXT(2) 
PARAMETRIC_REPRESENTATION_CONTEXT() REPRESENTATION_CONTEXT('2D SPACE',''
  ) );
#8676 = ORIENTED_EDGE('',*,*,#3126,.F.);
#8677 = ORIENTED_EDGE('',*,*,#8581,.T.);
#8678 = ADVANCED_FACE('',(#8679),#3115,.T.);
#8679 = FACE_BOUND('',#8680,.T.);
#8680 = EDGE_LOOP('',(#8681,#8682,#8701,#8702));
#8681 = ORIENTED_EDGE('',*,*,#8656,.F.);
#8682 = ORIENTED_EDGE('',*,*,#8683,.F.);
#8683 = EDGE_CURVE('',#8508,#8629,#8684,.T.);
#8684 = SURFACE_CURVE('',#8685,(#8689,#8695),.PCURVE_S1.);
#8685 = LINE('',#8686,#8687);
#8686 = CARTESIAN_POINT('',(0.65,48.414389233048,1.6));
#8687 = VECTOR('',#8688,1.);
#8688 = DIRECTION('',(0.,-0.,-1.));
#8689 = PCURVE('',#3115,#8690);
#8690 = DEFINITIONAL_REPRESENTATION('',(#8691),#8694);
#8691 = B_SPLINE_CURVE_WITH_KNOTS('',1,(#8692,#8693),.UNSPECIFIED.,.F.,
  .F.,(2,2),(-6.343,-5.407),.PIECEWISE_BEZIER_KNOTS.);
#8692 = CARTESIAN_POINT('',(2.414389233048,-0.858));
#8693 = CARTESIAN_POINT('',(2.414389233048,7.8E-02));
#8694 = ( GEOMETRIC_REPRESENTATION_CONTEXT(2) 
PARAMETRIC_REPRESENTATION_CONTEXT() REPRESENTATION_CONTEXT('2D SPACE',''
  ) );
#8695 = PCURVE('',#5907,#8696);
#8696 = DEFINITIONAL_REPRESENTATION('',(#8697),#8700);
#8697 = B_SPLINE_CURVE_WITH_KNOTS('',1,(#8698,#8699),.UNSPECIFIED.,.F.,
  .F.,(2,2),(-6.343,-5.407),.PIECEWISE_BEZIER_KNOTS.);
#8698 = CARTESIAN_POINT('',(-6.173723145327,-6.343));
#8699 = CARTESIAN_POINT('',(-6.173723145327,-5.407));
#8700 = ( GEOMETRIC_REPRESENTATION_CONTEXT(2) 
PARAMETRIC_REPRESENTATION_CONTEXT() REPRESENTATION_CONTEXT('2D SPACE',''
  ) );
#8701 = ORIENTED_EDGE('',*,*,#8535,.T.);
#8702 = ORIENTED_EDGE('',*,*,#3100,.T.);
#8703 = ADVANCED_FACE('',(#8704),#3204,.F.);
#8704 = FACE_BOUND('',#8705,.F.);
#8705 = EDGE_LOOP('',(#8706,#8736,#8757,#8758));
#8706 = ORIENTED_EDGE('',*,*,#8707,.T.);
#8707 = EDGE_CURVE('',#8708,#8710,#8712,.T.);
#8708 = VERTEX_POINT('',#8709);
#8709 = CARTESIAN_POINT('',(-0.65,48.414389233049,6.815));
#8710 = VERTEX_POINT('',#8711);
#8711 = CARTESIAN_POINT('',(0.65,48.414389233048,6.815));
#8712 = SURFACE_CURVE('',#8713,(#8718,#8729),.PCURVE_S1.);
#8713 = CIRCLE('',#8714,5.95);
#8714 = AXIS2_PLACEMENT_3D('',#8715,#8716,#8717);
#8715 = CARTESIAN_POINT('',(4.718447854657E-15,42.5,6.815));
#8716 = DIRECTION('',(0.,0.,-1.));
#8717 = DIRECTION('',(1.110223024625E-16,1.,0.));
#8718 = PCURVE('',#3204,#8719);
#8719 = DEFINITIONAL_REPRESENTATION('',(#8720),#8728);
#8720 = ( BOUNDED_CURVE() B_SPLINE_CURVE(2,(#8721,#8722,#8723,#8724,
#8725,#8726,#8727),.UNSPECIFIED.,.T.,.F.) B_SPLINE_CURVE_WITH_KNOTS((1,2
    ,2,2,2,1),(-2.094395102393,0.,2.094395102393,4.188790204786,
6.28318530718,8.377580409573),.UNSPECIFIED.) CURVE() 
GEOMETRIC_REPRESENTATION_ITEM() RATIONAL_B_SPLINE_CURVE((1.,0.5,1.,0.5,
1.,0.5,1.)) REPRESENTATION_ITEM('') );
#8721 = CARTESIAN_POINT('',(0.25,0.));
#8722 = CARTESIAN_POINT('',(0.25,-10.30570230503));
#8723 = CARTESIAN_POINT('',(-8.675,-5.152851152517));
#8724 = CARTESIAN_POINT('',(-17.6,-1.457329690985E-15));
#8725 = CARTESIAN_POINT('',(-8.675,5.152851152517));
#8726 = CARTESIAN_POINT('',(0.25,10.305702305035));
#8727 = CARTESIAN_POINT('',(0.25,0.));
#8728 = ( GEOMETRIC_REPRESENTATION_CONTEXT(2) 
PARAMETRIC_REPRESENTATION_CONTEXT() REPRESENTATION_CONTEXT('2D SPACE',''
  ) );
#8729 = PCURVE('',#5907,#8730);
#8730 = DEFINITIONAL_REPRESENTATION('',(#8731),#8735);
#8731 = LINE('',#8732,#8733);
#8732 = CARTESIAN_POINT('',(-12.56637061435,-5.215));
#8733 = VECTOR('',#8734,1.);
#8734 = DIRECTION('',(1.,-0.));
#8735 = ( GEOMETRIC_REPRESENTATION_CONTEXT(2) 
PARAMETRIC_REPRESENTATION_CONTEXT() REPRESENTATION_CONTEXT('2D SPACE',''
  ) );
#8736 = ORIENTED_EDGE('',*,*,#8737,.T.);
#8737 = EDGE_CURVE('',#8710,#3188,#8738,.T.);
#8738 = SURFACE_CURVE('',#8739,(#8743,#8750),.PCURVE_S1.);
#8739 = LINE('',#8740,#8741);
#8740 = CARTESIAN_POINT('',(0.65,46.,6.815));
#8741 = VECTOR('',#8742,1.);
#8742 = DIRECTION('',(1.110223024625E-16,1.,0.));
#8743 = PCURVE('',#3204,#8744);
#8744 = DEFINITIONAL_REPRESENTATION('',(#8745),#8749);
#8745 = LINE('',#8746,#8747);
#8746 = CARTESIAN_POINT('',(-2.2,-0.65));
#8747 = VECTOR('',#8748,1.);
#8748 = DIRECTION('',(1.,0.));
#8749 = ( GEOMETRIC_REPRESENTATION_CONTEXT(2) 
PARAMETRIC_REPRESENTATION_CONTEXT() REPRESENTATION_CONTEXT('2D SPACE',''
  ) );
#8750 = PCURVE('',#3235,#8751);
#8751 = DEFINITIONAL_REPRESENTATION('',(#8752),#8756);
#8752 = LINE('',#8753,#8754);
#8753 = CARTESIAN_POINT('',(0.,-0.78));
#8754 = VECTOR('',#8755,1.);
#8755 = DIRECTION('',(1.,0.));
#8756 = ( GEOMETRIC_REPRESENTATION_CONTEXT(2) 
PARAMETRIC_REPRESENTATION_CONTEXT() REPRESENTATION_CONTEXT('2D SPACE',''
  ) );
#8757 = ORIENTED_EDGE('',*,*,#3185,.F.);
#8758 = ORIENTED_EDGE('',*,*,#8759,.T.);
#8759 = EDGE_CURVE('',#3186,#8708,#8760,.T.);
#8760 = SURFACE_CURVE('',#8761,(#8765,#8772),.PCURVE_S1.);
#8761 = LINE('',#8762,#8763);
#8762 = CARTESIAN_POINT('',(-0.65,50.4,6.815));
#8763 = VECTOR('',#8764,1.);
#8764 = DIRECTION('',(-1.110223024625E-16,-1.,0.));
#8765 = PCURVE('',#3204,#8766);
#8766 = DEFINITIONAL_REPRESENTATION('',(#8767),#8771);
#8767 = LINE('',#8768,#8769);
#8768 = CARTESIAN_POINT('',(2.2,0.65));
#8769 = VECTOR('',#8770,1.);
#8770 = DIRECTION('',(-1.,0.));
#8771 = ( GEOMETRIC_REPRESENTATION_CONTEXT(2) 
PARAMETRIC_REPRESENTATION_CONTEXT() REPRESENTATION_CONTEXT('2D SPACE',''
  ) );
#8772 = PCURVE('',#3292,#8773);
#8773 = DEFINITIONAL_REPRESENTATION('',(#8774),#8778);
#8774 = LINE('',#8775,#8776);
#8775 = CARTESIAN_POINT('',(0.,-0.78));
#8776 = VECTOR('',#8777,1.);
#8777 = DIRECTION('',(1.,0.));
#8778 = ( GEOMETRIC_REPRESENTATION_CONTEXT(2) 
PARAMETRIC_REPRESENTATION_CONTEXT() REPRESENTATION_CONTEXT('2D SPACE',''
  ) );
#8779 = ADVANCED_FACE('',(#8780),#3292,.T.);
#8780 = FACE_BOUND('',#8781,.T.);
#8781 = EDGE_LOOP('',(#8782,#8805,#8806,#8807));
#8782 = ORIENTED_EDGE('',*,*,#8783,.F.);
#8783 = EDGE_CURVE('',#3247,#8784,#8786,.T.);
#8784 = VERTEX_POINT('',#8785);
#8785 = CARTESIAN_POINT('',(-0.65,48.414389233049,6.035));
#8786 = SURFACE_CURVE('',#8787,(#8791,#8798),.PCURVE_S1.);
#8787 = LINE('',#8788,#8789);
#8788 = CARTESIAN_POINT('',(-0.65,50.4,6.035));
#8789 = VECTOR('',#8790,1.);
#8790 = DIRECTION('',(-1.110223024625E-16,-1.,0.));
#8791 = PCURVE('',#3292,#8792);
#8792 = DEFINITIONAL_REPRESENTATION('',(#8793),#8797);
#8793 = LINE('',#8794,#8795);
#8794 = CARTESIAN_POINT('',(0.,0.));
#8795 = VECTOR('',#8796,1.);
#8796 = DIRECTION('',(1.,0.));
#8797 = ( GEOMETRIC_REPRESENTATION_CONTEXT(2) 
PARAMETRIC_REPRESENTATION_CONTEXT() REPRESENTATION_CONTEXT('2D SPACE',''
  ) );
#8798 = PCURVE('',#3263,#8799);
#8799 = DEFINITIONAL_REPRESENTATION('',(#8800),#8804);
#8800 = LINE('',#8801,#8802);
#8801 = CARTESIAN_POINT('',(2.2,0.65));
#8802 = VECTOR('',#8803,1.);
#8803 = DIRECTION('',(-1.,0.));
#8804 = ( GEOMETRIC_REPRESENTATION_CONTEXT(2) 
PARAMETRIC_REPRESENTATION_CONTEXT() REPRESENTATION_CONTEXT('2D SPACE',''
  ) );
#8805 = ORIENTED_EDGE('',*,*,#3279,.F.);
#8806 = ORIENTED_EDGE('',*,*,#8759,.T.);
#8807 = ORIENTED_EDGE('',*,*,#8808,.T.);
#8808 = EDGE_CURVE('',#8708,#8784,#8809,.T.);
#8809 = SURFACE_CURVE('',#8810,(#8814,#8820),.PCURVE_S1.);
#8810 = LINE('',#8811,#8812);
#8811 = CARTESIAN_POINT('',(-0.65,48.414389233048,1.6));
#8812 = VECTOR('',#8813,1.);
#8813 = DIRECTION('',(0.,-0.,-1.));
#8814 = PCURVE('',#3292,#8815);
#8815 = DEFINITIONAL_REPRESENTATION('',(#8816),#8819);
#8816 = B_SPLINE_CURVE_WITH_KNOTS('',1,(#8817,#8818),.UNSPECIFIED.,.F.,
  .F.,(2,2),(-5.293,-4.357),.PIECEWISE_BEZIER_KNOTS.);
#8817 = CARTESIAN_POINT('',(1.985610766952,-0.858));
#8818 = CARTESIAN_POINT('',(1.985610766952,7.8E-02));
#8819 = ( GEOMETRIC_REPRESENTATION_CONTEXT(2) 
PARAMETRIC_REPRESENTATION_CONTEXT() REPRESENTATION_CONTEXT('2D SPACE',''
  ) );
#8820 = PCURVE('',#5907,#8821);
#8821 = DEFINITIONAL_REPRESENTATION('',(#8822),#8825);
#8822 = B_SPLINE_CURVE_WITH_KNOTS('',1,(#8823,#8824),.UNSPECIFIED.,.F.,
  .F.,(2,2),(-5.293,-4.357),.PIECEWISE_BEZIER_KNOTS.);
#8823 = CARTESIAN_POINT('',(-6.392647469032,-5.293));
#8824 = CARTESIAN_POINT('',(-6.392647469032,-4.357));
#8825 = ( GEOMETRIC_REPRESENTATION_CONTEXT(2) 
PARAMETRIC_REPRESENTATION_CONTEXT() REPRESENTATION_CONTEXT('2D SPACE',''
  ) );
#8826 = ADVANCED_FACE('',(#8827),#3235,.T.);
#8827 = FACE_BOUND('',#8828,.T.);
#8828 = EDGE_LOOP('',(#8829,#8852,#8871,#8872));
#8829 = ORIENTED_EDGE('',*,*,#8830,.F.);
#8830 = EDGE_CURVE('',#8831,#3221,#8833,.T.);
#8831 = VERTEX_POINT('',#8832);
#8832 = CARTESIAN_POINT('',(0.65,48.414389233048,6.035));
#8833 = SURFACE_CURVE('',#8834,(#8838,#8845),.PCURVE_S1.);
#8834 = LINE('',#8835,#8836);
#8835 = CARTESIAN_POINT('',(0.65,46.,6.035));
#8836 = VECTOR('',#8837,1.);
#8837 = DIRECTION('',(1.110223024625E-16,1.,0.));
#8838 = PCURVE('',#3235,#8839);
#8839 = DEFINITIONAL_REPRESENTATION('',(#8840),#8844);
#8840 = LINE('',#8841,#8842);
#8841 = CARTESIAN_POINT('',(0.,0.));
#8842 = VECTOR('',#8843,1.);
#8843 = DIRECTION('',(1.,0.));
#8844 = ( GEOMETRIC_REPRESENTATION_CONTEXT(2) 
PARAMETRIC_REPRESENTATION_CONTEXT() REPRESENTATION_CONTEXT('2D SPACE',''
  ) );
#8845 = PCURVE('',#3263,#8846);
#8846 = DEFINITIONAL_REPRESENTATION('',(#8847),#8851);
#8847 = LINE('',#8848,#8849);
#8848 = CARTESIAN_POINT('',(-2.2,-0.65));
#8849 = VECTOR('',#8850,1.);
#8850 = DIRECTION('',(1.,0.));
#8851 = ( GEOMETRIC_REPRESENTATION_CONTEXT(2) 
PARAMETRIC_REPRESENTATION_CONTEXT() REPRESENTATION_CONTEXT('2D SPACE',''
  ) );
#8852 = ORIENTED_EDGE('',*,*,#8853,.F.);
#8853 = EDGE_CURVE('',#8710,#8831,#8854,.T.);
#8854 = SURFACE_CURVE('',#8855,(#8859,#8865),.PCURVE_S1.);
#8855 = LINE('',#8856,#8857);
#8856 = CARTESIAN_POINT('',(0.65,48.414389233048,1.6));
#8857 = VECTOR('',#8858,1.);
#8858 = DIRECTION('',(0.,-0.,-1.));
#8859 = PCURVE('',#3235,#8860);
#8860 = DEFINITIONAL_REPRESENTATION('',(#8861),#8864);
#8861 = B_SPLINE_CURVE_WITH_KNOTS('',1,(#8862,#8863),.UNSPECIFIED.,.F.,
  .F.,(2,2),(-5.293,-4.357),.PIECEWISE_BEZIER_KNOTS.);
#8862 = CARTESIAN_POINT('',(2.414389233048,-0.858));
#8863 = CARTESIAN_POINT('',(2.414389233048,7.8E-02));
#8864 = ( GEOMETRIC_REPRESENTATION_CONTEXT(2) 
PARAMETRIC_REPRESENTATION_CONTEXT() REPRESENTATION_CONTEXT('2D SPACE',''
  ) );
#8865 = PCURVE('',#5907,#8866);
#8866 = DEFINITIONAL_REPRESENTATION('',(#8867),#8870);
#8867 = B_SPLINE_CURVE_WITH_KNOTS('',1,(#8868,#8869),.UNSPECIFIED.,.F.,
  .F.,(2,2),(-5.293,-4.357),.PIECEWISE_BEZIER_KNOTS.);
#8868 = CARTESIAN_POINT('',(-6.173723145327,-5.293));
#8869 = CARTESIAN_POINT('',(-6.173723145327,-4.357));
#8870 = ( GEOMETRIC_REPRESENTATION_CONTEXT(2) 
PARAMETRIC_REPRESENTATION_CONTEXT() REPRESENTATION_CONTEXT('2D SPACE',''
  ) );
#8871 = ORIENTED_EDGE('',*,*,#8737,.T.);
#8872 = ORIENTED_EDGE('',*,*,#3220,.T.);
#8873 = ADVANCED_FACE('',(#8874),#3263,.T.);
#8874 = FACE_BOUND('',#8875,.T.);
#8875 = EDGE_LOOP('',(#8876,#8902,#8903,#8904));
#8876 = ORIENTED_EDGE('',*,*,#8877,.T.);
#8877 = EDGE_CURVE('',#8784,#8831,#8878,.T.);
#8878 = SURFACE_CURVE('',#8879,(#8884,#8895),.PCURVE_S1.);
#8879 = CIRCLE('',#8880,5.95);
#8880 = AXIS2_PLACEMENT_3D('',#8881,#8882,#8883);
#8881 = CARTESIAN_POINT('',(4.718447854657E-15,42.5,6.035));
#8882 = DIRECTION('',(0.,0.,-1.));
#8883 = DIRECTION('',(1.110223024625E-16,1.,0.));
#8884 = PCURVE('',#3263,#8885);
#8885 = DEFINITIONAL_REPRESENTATION('',(#8886),#8894);
#8886 = ( BOUNDED_CURVE() B_SPLINE_CURVE(2,(#8887,#8888,#8889,#8890,
#8891,#8892,#8893),.UNSPECIFIED.,.T.,.F.) B_SPLINE_CURVE_WITH_KNOTS((1,2
    ,2,2,2,1),(-2.094395102393,0.,2.094395102393,4.188790204786,
6.28318530718,8.377580409573),.UNSPECIFIED.) CURVE() 
GEOMETRIC_REPRESENTATION_ITEM() RATIONAL_B_SPLINE_CURVE((1.,0.5,1.,0.5,
1.,0.5,1.)) REPRESENTATION_ITEM('') );
#8887 = CARTESIAN_POINT('',(0.25,0.));
#8888 = CARTESIAN_POINT('',(0.25,-10.30570230503));
#8889 = CARTESIAN_POINT('',(-8.675,-5.152851152517));
#8890 = CARTESIAN_POINT('',(-17.6,-1.457329690985E-15));
#8891 = CARTESIAN_POINT('',(-8.675,5.152851152517));
#8892 = CARTESIAN_POINT('',(0.25,10.305702305035));
#8893 = CARTESIAN_POINT('',(0.25,0.));
#8894 = ( GEOMETRIC_REPRESENTATION_CONTEXT(2) 
PARAMETRIC_REPRESENTATION_CONTEXT() REPRESENTATION_CONTEXT('2D SPACE',''
  ) );
#8895 = PCURVE('',#5907,#8896);
#8896 = DEFINITIONAL_REPRESENTATION('',(#8897),#8901);
#8897 = LINE('',#8898,#8899);
#8898 = CARTESIAN_POINT('',(-12.56637061435,-4.435));
#8899 = VECTOR('',#8900,1.);
#8900 = DIRECTION('',(1.,-0.));
#8901 = ( GEOMETRIC_REPRESENTATION_CONTEXT(2) 
PARAMETRIC_REPRESENTATION_CONTEXT() REPRESENTATION_CONTEXT('2D SPACE',''
  ) );
#8902 = ORIENTED_EDGE('',*,*,#8830,.T.);
#8903 = ORIENTED_EDGE('',*,*,#3246,.F.);
#8904 = ORIENTED_EDGE('',*,*,#8783,.T.);
#8905 = ADVANCED_FACE('',(#8906),#3324,.F.);
#8906 = FACE_BOUND('',#8907,.F.);
#8907 = EDGE_LOOP('',(#8908,#8938,#8959,#8960));
#8908 = ORIENTED_EDGE('',*,*,#8909,.T.);
#8909 = EDGE_CURVE('',#8910,#8912,#8914,.T.);
#8910 = VERTEX_POINT('',#8911);
#8911 = CARTESIAN_POINT('',(-0.65,48.414389233049,5.765));
#8912 = VERTEX_POINT('',#8913);
#8913 = CARTESIAN_POINT('',(0.65,48.414389233048,5.765));
#8914 = SURFACE_CURVE('',#8915,(#8920,#8931),.PCURVE_S1.);
#8915 = CIRCLE('',#8916,5.95);
#8916 = AXIS2_PLACEMENT_3D('',#8917,#8918,#8919);
#8917 = CARTESIAN_POINT('',(4.718447854657E-15,42.5,5.765));
#8918 = DIRECTION('',(0.,0.,-1.));
#8919 = DIRECTION('',(1.110223024625E-16,1.,0.));
#8920 = PCURVE('',#3324,#8921);
#8921 = DEFINITIONAL_REPRESENTATION('',(#8922),#8930);
#8922 = ( BOUNDED_CURVE() B_SPLINE_CURVE(2,(#8923,#8924,#8925,#8926,
#8927,#8928,#8929),.UNSPECIFIED.,.T.,.F.) B_SPLINE_CURVE_WITH_KNOTS((1,2
    ,2,2,2,1),(-2.094395102393,0.,2.094395102393,4.188790204786,
6.28318530718,8.377580409573),.UNSPECIFIED.) CURVE() 
GEOMETRIC_REPRESENTATION_ITEM() RATIONAL_B_SPLINE_CURVE((1.,0.5,1.,0.5,
1.,0.5,1.)) REPRESENTATION_ITEM('') );
#8923 = CARTESIAN_POINT('',(0.25,0.));
#8924 = CARTESIAN_POINT('',(0.25,-10.30570230503));
#8925 = CARTESIAN_POINT('',(-8.675,-5.152851152517));
#8926 = CARTESIAN_POINT('',(-17.6,-1.457329690985E-15));
#8927 = CARTESIAN_POINT('',(-8.675,5.152851152517));
#8928 = CARTESIAN_POINT('',(0.25,10.305702305035));
#8929 = CARTESIAN_POINT('',(0.25,0.));
#8930 = ( GEOMETRIC_REPRESENTATION_CONTEXT(2) 
PARAMETRIC_REPRESENTATION_CONTEXT() REPRESENTATION_CONTEXT('2D SPACE',''
  ) );
#8931 = PCURVE('',#5907,#8932);
#8932 = DEFINITIONAL_REPRESENTATION('',(#8933),#8937);
#8933 = LINE('',#8934,#8935);
#8934 = CARTESIAN_POINT('',(-12.56637061435,-4.165));
#8935 = VECTOR('',#8936,1.);
#8936 = DIRECTION('',(1.,-0.));
#8937 = ( GEOMETRIC_REPRESENTATION_CONTEXT(2) 
PARAMETRIC_REPRESENTATION_CONTEXT() REPRESENTATION_CONTEXT('2D SPACE',''
  ) );
#8938 = ORIENTED_EDGE('',*,*,#8939,.T.);
#8939 = EDGE_CURVE('',#8912,#3308,#8940,.T.);
#8940 = SURFACE_CURVE('',#8941,(#8945,#8952),.PCURVE_S1.);
#8941 = LINE('',#8942,#8943);
#8942 = CARTESIAN_POINT('',(0.65,46.,5.765));
#8943 = VECTOR('',#8944,1.);
#8944 = DIRECTION('',(1.110223024625E-16,1.,0.));
#8945 = PCURVE('',#3324,#8946);
#8946 = DEFINITIONAL_REPRESENTATION('',(#8947),#8951);
#8947 = LINE('',#8948,#8949);
#8948 = CARTESIAN_POINT('',(-2.2,-0.65));
#8949 = VECTOR('',#8950,1.);
#8950 = DIRECTION('',(1.,0.));
#8951 = ( GEOMETRIC_REPRESENTATION_CONTEXT(2) 
PARAMETRIC_REPRESENTATION_CONTEXT() REPRESENTATION_CONTEXT('2D SPACE',''
  ) );
#8952 = PCURVE('',#3355,#8953);
#8953 = DEFINITIONAL_REPRESENTATION('',(#8954),#8958);
#8954 = LINE('',#8955,#8956);
#8955 = CARTESIAN_POINT('',(0.,-0.78));
#8956 = VECTOR('',#8957,1.);
#8957 = DIRECTION('',(1.,0.));
#8958 = ( GEOMETRIC_REPRESENTATION_CONTEXT(2) 
PARAMETRIC_REPRESENTATION_CONTEXT() REPRESENTATION_CONTEXT('2D SPACE',''
  ) );
#8959 = ORIENTED_EDGE('',*,*,#3305,.F.);
#8960 = ORIENTED_EDGE('',*,*,#8961,.T.);
#8961 = EDGE_CURVE('',#3306,#8910,#8962,.T.);
#8962 = SURFACE_CURVE('',#8963,(#8967,#8974),.PCURVE_S1.);
#8963 = LINE('',#8964,#8965);
#8964 = CARTESIAN_POINT('',(-0.65,50.4,5.765));
#8965 = VECTOR('',#8966,1.);
#8966 = DIRECTION('',(-1.110223024625E-16,-1.,0.));
#8967 = PCURVE('',#3324,#8968);
#8968 = DEFINITIONAL_REPRESENTATION('',(#8969),#8973);
#8969 = LINE('',#8970,#8971);
#8970 = CARTESIAN_POINT('',(2.2,0.65));
#8971 = VECTOR('',#8972,1.);
#8972 = DIRECTION('',(-1.,0.));
#8973 = ( GEOMETRIC_REPRESENTATION_CONTEXT(2) 
PARAMETRIC_REPRESENTATION_CONTEXT() REPRESENTATION_CONTEXT('2D SPACE',''
  ) );
#8974 = PCURVE('',#3412,#8975);
#8975 = DEFINITIONAL_REPRESENTATION('',(#8976),#8980);
#8976 = LINE('',#8977,#8978);
#8977 = CARTESIAN_POINT('',(0.,-0.78));
#8978 = VECTOR('',#8979,1.);
#8979 = DIRECTION('',(1.,0.));
#8980 = ( GEOMETRIC_REPRESENTATION_CONTEXT(2) 
PARAMETRIC_REPRESENTATION_CONTEXT() REPRESENTATION_CONTEXT('2D SPACE',''
  ) );
#8981 = ADVANCED_FACE('',(#8982),#3412,.T.);
#8982 = FACE_BOUND('',#8983,.T.);
#8983 = EDGE_LOOP('',(#8984,#9007,#9008,#9009));
#8984 = ORIENTED_EDGE('',*,*,#8985,.F.);
#8985 = EDGE_CURVE('',#3367,#8986,#8988,.T.);
#8986 = VERTEX_POINT('',#8987);
#8987 = CARTESIAN_POINT('',(-0.65,48.414389233049,4.985));
#8988 = SURFACE_CURVE('',#8989,(#8993,#9000),.PCURVE_S1.);
#8989 = LINE('',#8990,#8991);
#8990 = CARTESIAN_POINT('',(-0.65,50.4,4.985));
#8991 = VECTOR('',#8992,1.);
#8992 = DIRECTION('',(-1.110223024625E-16,-1.,0.));
#8993 = PCURVE('',#3412,#8994);
#8994 = DEFINITIONAL_REPRESENTATION('',(#8995),#8999);
#8995 = LINE('',#8996,#8997);
#8996 = CARTESIAN_POINT('',(0.,0.));
#8997 = VECTOR('',#8998,1.);
#8998 = DIRECTION('',(1.,0.));
#8999 = ( GEOMETRIC_REPRESENTATION_CONTEXT(2) 
PARAMETRIC_REPRESENTATION_CONTEXT() REPRESENTATION_CONTEXT('2D SPACE',''
  ) );
#9000 = PCURVE('',#3383,#9001);
#9001 = DEFINITIONAL_REPRESENTATION('',(#9002),#9006);
#9002 = LINE('',#9003,#9004);
#9003 = CARTESIAN_POINT('',(2.2,0.65));
#9004 = VECTOR('',#9005,1.);
#9005 = DIRECTION('',(-1.,0.));
#9006 = ( GEOMETRIC_REPRESENTATION_CONTEXT(2) 
PARAMETRIC_REPRESENTATION_CONTEXT() REPRESENTATION_CONTEXT('2D SPACE',''
  ) );
#9007 = ORIENTED_EDGE('',*,*,#3399,.F.);
#9008 = ORIENTED_EDGE('',*,*,#8961,.T.);
#9009 = ORIENTED_EDGE('',*,*,#9010,.T.);
#9010 = EDGE_CURVE('',#8910,#8986,#9011,.T.);
#9011 = SURFACE_CURVE('',#9012,(#9016,#9022),.PCURVE_S1.);
#9012 = LINE('',#9013,#9014);
#9013 = CARTESIAN_POINT('',(-0.65,48.414389233048,1.6));
#9014 = VECTOR('',#9015,1.);
#9015 = DIRECTION('',(0.,-0.,-1.));
#9016 = PCURVE('',#3412,#9017);
#9017 = DEFINITIONAL_REPRESENTATION('',(#9018),#9021);
#9018 = B_SPLINE_CURVE_WITH_KNOTS('',1,(#9019,#9020),.UNSPECIFIED.,.F.,
  .F.,(2,2),(-4.243,-3.307),.PIECEWISE_BEZIER_KNOTS.);
#9019 = CARTESIAN_POINT('',(1.985610766952,-0.858));
#9020 = CARTESIAN_POINT('',(1.985610766952,7.8E-02));
#9021 = ( GEOMETRIC_REPRESENTATION_CONTEXT(2) 
PARAMETRIC_REPRESENTATION_CONTEXT() REPRESENTATION_CONTEXT('2D SPACE',''
  ) );
#9022 = PCURVE('',#5907,#9023);
#9023 = DEFINITIONAL_REPRESENTATION('',(#9024),#9027);
#9024 = B_SPLINE_CURVE_WITH_KNOTS('',1,(#9025,#9026),.UNSPECIFIED.,.F.,
  .F.,(2,2),(-4.243,-3.307),.PIECEWISE_BEZIER_KNOTS.);
#9025 = CARTESIAN_POINT('',(-6.392647469032,-4.243));
#9026 = CARTESIAN_POINT('',(-6.392647469032,-3.307));
#9027 = ( GEOMETRIC_REPRESENTATION_CONTEXT(2) 
PARAMETRIC_REPRESENTATION_CONTEXT() REPRESENTATION_CONTEXT('2D SPACE',''
  ) );
#9028 = ADVANCED_FACE('',(#9029),#3355,.T.);
#9029 = FACE_BOUND('',#9030,.T.);
#9030 = EDGE_LOOP('',(#9031,#9054,#9073,#9074));
#9031 = ORIENTED_EDGE('',*,*,#9032,.F.);
#9032 = EDGE_CURVE('',#9033,#3341,#9035,.T.);
#9033 = VERTEX_POINT('',#9034);
#9034 = CARTESIAN_POINT('',(0.65,48.414389233048,4.985));
#9035 = SURFACE_CURVE('',#9036,(#9040,#9047),.PCURVE_S1.);
#9036 = LINE('',#9037,#9038);
#9037 = CARTESIAN_POINT('',(0.65,46.,4.985));
#9038 = VECTOR('',#9039,1.);
#9039 = DIRECTION('',(1.110223024625E-16,1.,0.));
#9040 = PCURVE('',#3355,#9041);
#9041 = DEFINITIONAL_REPRESENTATION('',(#9042),#9046);
#9042 = LINE('',#9043,#9044);
#9043 = CARTESIAN_POINT('',(0.,0.));
#9044 = VECTOR('',#9045,1.);
#9045 = DIRECTION('',(1.,0.));
#9046 = ( GEOMETRIC_REPRESENTATION_CONTEXT(2) 
PARAMETRIC_REPRESENTATION_CONTEXT() REPRESENTATION_CONTEXT('2D SPACE',''
  ) );
#9047 = PCURVE('',#3383,#9048);
#9048 = DEFINITIONAL_REPRESENTATION('',(#9049),#9053);
#9049 = LINE('',#9050,#9051);
#9050 = CARTESIAN_POINT('',(-2.2,-0.65));
#9051 = VECTOR('',#9052,1.);
#9052 = DIRECTION('',(1.,0.));
#9053 = ( GEOMETRIC_REPRESENTATION_CONTEXT(2) 
PARAMETRIC_REPRESENTATION_CONTEXT() REPRESENTATION_CONTEXT('2D SPACE',''
  ) );
#9054 = ORIENTED_EDGE('',*,*,#9055,.F.);
#9055 = EDGE_CURVE('',#8912,#9033,#9056,.T.);
#9056 = SURFACE_CURVE('',#9057,(#9061,#9067),.PCURVE_S1.);
#9057 = LINE('',#9058,#9059);
#9058 = CARTESIAN_POINT('',(0.65,48.414389233048,1.6));
#9059 = VECTOR('',#9060,1.);
#9060 = DIRECTION('',(0.,-0.,-1.));
#9061 = PCURVE('',#3355,#9062);
#9062 = DEFINITIONAL_REPRESENTATION('',(#9063),#9066);
#9063 = B_SPLINE_CURVE_WITH_KNOTS('',1,(#9064,#9065),.UNSPECIFIED.,.F.,
  .F.,(2,2),(-4.243,-3.307),.PIECEWISE_BEZIER_KNOTS.);
#9064 = CARTESIAN_POINT('',(2.414389233048,-0.858));
#9065 = CARTESIAN_POINT('',(2.414389233048,7.8E-02));
#9066 = ( GEOMETRIC_REPRESENTATION_CONTEXT(2) 
PARAMETRIC_REPRESENTATION_CONTEXT() REPRESENTATION_CONTEXT('2D SPACE',''
  ) );
#9067 = PCURVE('',#5907,#9068);
#9068 = DEFINITIONAL_REPRESENTATION('',(#9069),#9072);
#9069 = B_SPLINE_CURVE_WITH_KNOTS('',1,(#9070,#9071),.UNSPECIFIED.,.F.,
  .F.,(2,2),(-4.243,-3.307),.PIECEWISE_BEZIER_KNOTS.);
#9070 = CARTESIAN_POINT('',(-6.173723145327,-4.243));
#9071 = CARTESIAN_POINT('',(-6.173723145327,-3.307));
#9072 = ( GEOMETRIC_REPRESENTATION_CONTEXT(2) 
PARAMETRIC_REPRESENTATION_CONTEXT() REPRESENTATION_CONTEXT('2D SPACE',''
  ) );
#9073 = ORIENTED_EDGE('',*,*,#8939,.T.);
#9074 = ORIENTED_EDGE('',*,*,#3340,.T.);
#9075 = ADVANCED_FACE('',(#9076),#3383,.T.);
#9076 = FACE_BOUND('',#9077,.T.);
#9077 = EDGE_LOOP('',(#9078,#9104,#9105,#9106));
#9078 = ORIENTED_EDGE('',*,*,#9079,.T.);
#9079 = EDGE_CURVE('',#8986,#9033,#9080,.T.);
#9080 = SURFACE_CURVE('',#9081,(#9086,#9097),.PCURVE_S1.);
#9081 = CIRCLE('',#9082,5.95);
#9082 = AXIS2_PLACEMENT_3D('',#9083,#9084,#9085);
#9083 = CARTESIAN_POINT('',(4.718447854657E-15,42.5,4.985));
#9084 = DIRECTION('',(0.,0.,-1.));
#9085 = DIRECTION('',(1.110223024625E-16,1.,0.));
#9086 = PCURVE('',#3383,#9087);
#9087 = DEFINITIONAL_REPRESENTATION('',(#9088),#9096);
#9088 = ( BOUNDED_CURVE() B_SPLINE_CURVE(2,(#9089,#9090,#9091,#9092,
#9093,#9094,#9095),.UNSPECIFIED.,.T.,.F.) B_SPLINE_CURVE_WITH_KNOTS((1,2
    ,2,2,2,1),(-2.094395102393,0.,2.094395102393,4.188790204786,
6.28318530718,8.377580409573),.UNSPECIFIED.) CURVE() 
GEOMETRIC_REPRESENTATION_ITEM() RATIONAL_B_SPLINE_CURVE((1.,0.5,1.,0.5,
1.,0.5,1.)) REPRESENTATION_ITEM('') );
#9089 = CARTESIAN_POINT('',(0.25,0.));
#9090 = CARTESIAN_POINT('',(0.25,-10.30570230503));
#9091 = CARTESIAN_POINT('',(-8.675,-5.152851152517));
#9092 = CARTESIAN_POINT('',(-17.6,-1.457329690985E-15));
#9093 = CARTESIAN_POINT('',(-8.675,5.152851152517));
#9094 = CARTESIAN_POINT('',(0.25,10.305702305035));
#9095 = CARTESIAN_POINT('',(0.25,0.));
#9096 = ( GEOMETRIC_REPRESENTATION_CONTEXT(2) 
PARAMETRIC_REPRESENTATION_CONTEXT() REPRESENTATION_CONTEXT('2D SPACE',''
  ) );
#9097 = PCURVE('',#5907,#9098);
#9098 = DEFINITIONAL_REPRESENTATION('',(#9099),#9103);
#9099 = LINE('',#9100,#9101);
#9100 = CARTESIAN_POINT('',(-12.56637061435,-3.385));
#9101 = VECTOR('',#9102,1.);
#9102 = DIRECTION('',(1.,-0.));
#9103 = ( GEOMETRIC_REPRESENTATION_CONTEXT(2) 
PARAMETRIC_REPRESENTATION_CONTEXT() REPRESENTATION_CONTEXT('2D SPACE',''
  ) );
#9104 = ORIENTED_EDGE('',*,*,#9032,.T.);
#9105 = ORIENTED_EDGE('',*,*,#3366,.F.);
#9106 = ORIENTED_EDGE('',*,*,#8985,.T.);
#9107 = ADVANCED_FACE('',(#9108),#3444,.F.);
#9108 = FACE_BOUND('',#9109,.F.);
#9109 = EDGE_LOOP('',(#9110,#9140,#9161,#9162));
#9110 = ORIENTED_EDGE('',*,*,#9111,.T.);
#9111 = EDGE_CURVE('',#9112,#9114,#9116,.T.);
#9112 = VERTEX_POINT('',#9113);
#9113 = CARTESIAN_POINT('',(-0.65,48.414389233049,4.715));
#9114 = VERTEX_POINT('',#9115);
#9115 = CARTESIAN_POINT('',(0.65,48.414389233048,4.715));
#9116 = SURFACE_CURVE('',#9117,(#9122,#9133),.PCURVE_S1.);
#9117 = CIRCLE('',#9118,5.95);
#9118 = AXIS2_PLACEMENT_3D('',#9119,#9120,#9121);
#9119 = CARTESIAN_POINT('',(4.718447854657E-15,42.5,4.715));
#9120 = DIRECTION('',(0.,0.,-1.));
#9121 = DIRECTION('',(1.110223024625E-16,1.,0.));
#9122 = PCURVE('',#3444,#9123);
#9123 = DEFINITIONAL_REPRESENTATION('',(#9124),#9132);
#9124 = ( BOUNDED_CURVE() B_SPLINE_CURVE(2,(#9125,#9126,#9127,#9128,
#9129,#9130,#9131),.UNSPECIFIED.,.T.,.F.) B_SPLINE_CURVE_WITH_KNOTS((1,2
    ,2,2,2,1),(-2.094395102393,0.,2.094395102393,4.188790204786,
6.28318530718,8.377580409573),.UNSPECIFIED.) CURVE() 
GEOMETRIC_REPRESENTATION_ITEM() RATIONAL_B_SPLINE_CURVE((1.,0.5,1.,0.5,
1.,0.5,1.)) REPRESENTATION_ITEM('') );
#9125 = CARTESIAN_POINT('',(0.25,0.));
#9126 = CARTESIAN_POINT('',(0.25,-10.30570230503));
#9127 = CARTESIAN_POINT('',(-8.675,-5.152851152517));
#9128 = CARTESIAN_POINT('',(-17.6,-1.457329690985E-15));
#9129 = CARTESIAN_POINT('',(-8.675,5.152851152517));
#9130 = CARTESIAN_POINT('',(0.25,10.305702305035));
#9131 = CARTESIAN_POINT('',(0.25,0.));
#9132 = ( GEOMETRIC_REPRESENTATION_CONTEXT(2) 
PARAMETRIC_REPRESENTATION_CONTEXT() REPRESENTATION_CONTEXT('2D SPACE',''
  ) );
#9133 = PCURVE('',#5907,#9134);
#9134 = DEFINITIONAL_REPRESENTATION('',(#9135),#9139);
#9135 = LINE('',#9136,#9137);
#9136 = CARTESIAN_POINT('',(-12.56637061435,-3.115));
#9137 = VECTOR('',#9138,1.);
#9138 = DIRECTION('',(1.,-0.));
#9139 = ( GEOMETRIC_REPRESENTATION_CONTEXT(2) 
PARAMETRIC_REPRESENTATION_CONTEXT() REPRESENTATION_CONTEXT('2D SPACE',''
  ) );
#9140 = ORIENTED_EDGE('',*,*,#9141,.T.);
#9141 = EDGE_CURVE('',#9114,#3428,#9142,.T.);
#9142 = SURFACE_CURVE('',#9143,(#9147,#9154),.PCURVE_S1.);
#9143 = LINE('',#9144,#9145);
#9144 = CARTESIAN_POINT('',(0.65,46.,4.715));
#9145 = VECTOR('',#9146,1.);
#9146 = DIRECTION('',(1.110223024625E-16,1.,0.));
#9147 = PCURVE('',#3444,#9148);
#9148 = DEFINITIONAL_REPRESENTATION('',(#9149),#9153);
#9149 = LINE('',#9150,#9151);
#9150 = CARTESIAN_POINT('',(-2.2,-0.65));
#9151 = VECTOR('',#9152,1.);
#9152 = DIRECTION('',(1.,0.));
#9153 = ( GEOMETRIC_REPRESENTATION_CONTEXT(2) 
PARAMETRIC_REPRESENTATION_CONTEXT() REPRESENTATION_CONTEXT('2D SPACE',''
  ) );
#9154 = PCURVE('',#3475,#9155);
#9155 = DEFINITIONAL_REPRESENTATION('',(#9156),#9160);
#9156 = LINE('',#9157,#9158);
#9157 = CARTESIAN_POINT('',(0.,-0.78));
#9158 = VECTOR('',#9159,1.);
#9159 = DIRECTION('',(1.,0.));
#9160 = ( GEOMETRIC_REPRESENTATION_CONTEXT(2) 
PARAMETRIC_REPRESENTATION_CONTEXT() REPRESENTATION_CONTEXT('2D SPACE',''
  ) );
#9161 = ORIENTED_EDGE('',*,*,#3425,.F.);
#9162 = ORIENTED_EDGE('',*,*,#9163,.T.);
#9163 = EDGE_CURVE('',#3426,#9112,#9164,.T.);
#9164 = SURFACE_CURVE('',#9165,(#9169,#9176),.PCURVE_S1.);
#9165 = LINE('',#9166,#9167);
#9166 = CARTESIAN_POINT('',(-0.65,50.4,4.715));
#9167 = VECTOR('',#9168,1.);
#9168 = DIRECTION('',(-1.110223024625E-16,-1.,0.));
#9169 = PCURVE('',#3444,#9170);
#9170 = DEFINITIONAL_REPRESENTATION('',(#9171),#9175);
#9171 = LINE('',#9172,#9173);
#9172 = CARTESIAN_POINT('',(2.2,0.65));
#9173 = VECTOR('',#9174,1.);
#9174 = DIRECTION('',(-1.,0.));
#9175 = ( GEOMETRIC_REPRESENTATION_CONTEXT(2) 
PARAMETRIC_REPRESENTATION_CONTEXT() REPRESENTATION_CONTEXT('2D SPACE',''
  ) );
#9176 = PCURVE('',#3532,#9177);
#9177 = DEFINITIONAL_REPRESENTATION('',(#9178),#9182);
#9178 = LINE('',#9179,#9180);
#9179 = CARTESIAN_POINT('',(0.,-0.78));
#9180 = VECTOR('',#9181,1.);
#9181 = DIRECTION('',(1.,0.));
#9182 = ( GEOMETRIC_REPRESENTATION_CONTEXT(2) 
PARAMETRIC_REPRESENTATION_CONTEXT() REPRESENTATION_CONTEXT('2D SPACE',''
  ) );
#9183 = ADVANCED_FACE('',(#9184),#3532,.T.);
#9184 = FACE_BOUND('',#9185,.T.);
#9185 = EDGE_LOOP('',(#9186,#9209,#9210,#9211));
#9186 = ORIENTED_EDGE('',*,*,#9187,.F.);
#9187 = EDGE_CURVE('',#3487,#9188,#9190,.T.);
#9188 = VERTEX_POINT('',#9189);
#9189 = CARTESIAN_POINT('',(-0.65,48.414389233049,3.935));
#9190 = SURFACE_CURVE('',#9191,(#9195,#9202),.PCURVE_S1.);
#9191 = LINE('',#9192,#9193);
#9192 = CARTESIAN_POINT('',(-0.65,50.4,3.935));
#9193 = VECTOR('',#9194,1.);
#9194 = DIRECTION('',(-1.110223024625E-16,-1.,0.));
#9195 = PCURVE('',#3532,#9196);
#9196 = DEFINITIONAL_REPRESENTATION('',(#9197),#9201);
#9197 = LINE('',#9198,#9199);
#9198 = CARTESIAN_POINT('',(0.,0.));
#9199 = VECTOR('',#9200,1.);
#9200 = DIRECTION('',(1.,0.));
#9201 = ( GEOMETRIC_REPRESENTATION_CONTEXT(2) 
PARAMETRIC_REPRESENTATION_CONTEXT() REPRESENTATION_CONTEXT('2D SPACE',''
  ) );
#9202 = PCURVE('',#3503,#9203);
#9203 = DEFINITIONAL_REPRESENTATION('',(#9204),#9208);
#9204 = LINE('',#9205,#9206);
#9205 = CARTESIAN_POINT('',(2.2,0.65));
#9206 = VECTOR('',#9207,1.);
#9207 = DIRECTION('',(-1.,0.));
#9208 = ( GEOMETRIC_REPRESENTATION_CONTEXT(2) 
PARAMETRIC_REPRESENTATION_CONTEXT() REPRESENTATION_CONTEXT('2D SPACE',''
  ) );
#9209 = ORIENTED_EDGE('',*,*,#3519,.F.);
#9210 = ORIENTED_EDGE('',*,*,#9163,.T.);
#9211 = ORIENTED_EDGE('',*,*,#9212,.T.);
#9212 = EDGE_CURVE('',#9112,#9188,#9213,.T.);
#9213 = SURFACE_CURVE('',#9214,(#9218,#9224),.PCURVE_S1.);
#9214 = LINE('',#9215,#9216);
#9215 = CARTESIAN_POINT('',(-0.65,48.414389233048,1.6));
#9216 = VECTOR('',#9217,1.);
#9217 = DIRECTION('',(0.,-0.,-1.));
#9218 = PCURVE('',#3532,#9219);
#9219 = DEFINITIONAL_REPRESENTATION('',(#9220),#9223);
#9220 = B_SPLINE_CURVE_WITH_KNOTS('',1,(#9221,#9222),.UNSPECIFIED.,.F.,
  .F.,(2,2),(-3.193,-2.257),.PIECEWISE_BEZIER_KNOTS.);
#9221 = CARTESIAN_POINT('',(1.985610766952,-0.858));
#9222 = CARTESIAN_POINT('',(1.985610766952,7.8E-02));
#9223 = ( GEOMETRIC_REPRESENTATION_CONTEXT(2) 
PARAMETRIC_REPRESENTATION_CONTEXT() REPRESENTATION_CONTEXT('2D SPACE',''
  ) );
#9224 = PCURVE('',#5907,#9225);
#9225 = DEFINITIONAL_REPRESENTATION('',(#9226),#9229);
#9226 = B_SPLINE_CURVE_WITH_KNOTS('',1,(#9227,#9228),.UNSPECIFIED.,.F.,
  .F.,(2,2),(-3.193,-2.257),.PIECEWISE_BEZIER_KNOTS.);
#9227 = CARTESIAN_POINT('',(-6.392647469032,-3.193));
#9228 = CARTESIAN_POINT('',(-6.392647469032,-2.257));
#9229 = ( GEOMETRIC_REPRESENTATION_CONTEXT(2) 
PARAMETRIC_REPRESENTATION_CONTEXT() REPRESENTATION_CONTEXT('2D SPACE',''
  ) );
#9230 = ADVANCED_FACE('',(#9231),#3475,.T.);
#9231 = FACE_BOUND('',#9232,.T.);
#9232 = EDGE_LOOP('',(#9233,#9256,#9275,#9276));
#9233 = ORIENTED_EDGE('',*,*,#9234,.F.);
#9234 = EDGE_CURVE('',#9235,#3461,#9237,.T.);
#9235 = VERTEX_POINT('',#9236);
#9236 = CARTESIAN_POINT('',(0.65,48.414389233048,3.935));
#9237 = SURFACE_CURVE('',#9238,(#9242,#9249),.PCURVE_S1.);
#9238 = LINE('',#9239,#9240);
#9239 = CARTESIAN_POINT('',(0.65,46.,3.935));
#9240 = VECTOR('',#9241,1.);
#9241 = DIRECTION('',(1.110223024625E-16,1.,0.));
#9242 = PCURVE('',#3475,#9243);
#9243 = DEFINITIONAL_REPRESENTATION('',(#9244),#9248);
#9244 = LINE('',#9245,#9246);
#9245 = CARTESIAN_POINT('',(0.,0.));
#9246 = VECTOR('',#9247,1.);
#9247 = DIRECTION('',(1.,0.));
#9248 = ( GEOMETRIC_REPRESENTATION_CONTEXT(2) 
PARAMETRIC_REPRESENTATION_CONTEXT() REPRESENTATION_CONTEXT('2D SPACE',''
  ) );
#9249 = PCURVE('',#3503,#9250);
#9250 = DEFINITIONAL_REPRESENTATION('',(#9251),#9255);
#9251 = LINE('',#9252,#9253);
#9252 = CARTESIAN_POINT('',(-2.2,-0.65));
#9253 = VECTOR('',#9254,1.);
#9254 = DIRECTION('',(1.,0.));
#9255 = ( GEOMETRIC_REPRESENTATION_CONTEXT(2) 
PARAMETRIC_REPRESENTATION_CONTEXT() REPRESENTATION_CONTEXT('2D SPACE',''
  ) );
#9256 = ORIENTED_EDGE('',*,*,#9257,.F.);
#9257 = EDGE_CURVE('',#9114,#9235,#9258,.T.);
#9258 = SURFACE_CURVE('',#9259,(#9263,#9269),.PCURVE_S1.);
#9259 = LINE('',#9260,#9261);
#9260 = CARTESIAN_POINT('',(0.65,48.414389233048,1.6));
#9261 = VECTOR('',#9262,1.);
#9262 = DIRECTION('',(0.,-0.,-1.));
#9263 = PCURVE('',#3475,#9264);
#9264 = DEFINITIONAL_REPRESENTATION('',(#9265),#9268);
#9265 = B_SPLINE_CURVE_WITH_KNOTS('',1,(#9266,#9267),.UNSPECIFIED.,.F.,
  .F.,(2,2),(-3.193,-2.257),.PIECEWISE_BEZIER_KNOTS.);
#9266 = CARTESIAN_POINT('',(2.414389233048,-0.858));
#9267 = CARTESIAN_POINT('',(2.414389233048,7.8E-02));
#9268 = ( GEOMETRIC_REPRESENTATION_CONTEXT(2) 
PARAMETRIC_REPRESENTATION_CONTEXT() REPRESENTATION_CONTEXT('2D SPACE',''
  ) );
#9269 = PCURVE('',#5907,#9270);
#9270 = DEFINITIONAL_REPRESENTATION('',(#9271),#9274);
#9271 = B_SPLINE_CURVE_WITH_KNOTS('',1,(#9272,#9273),.UNSPECIFIED.,.F.,
  .F.,(2,2),(-3.193,-2.257),.PIECEWISE_BEZIER_KNOTS.);
#9272 = CARTESIAN_POINT('',(-6.173723145327,-3.193));
#9273 = CARTESIAN_POINT('',(-6.173723145327,-2.257));
#9274 = ( GEOMETRIC_REPRESENTATION_CONTEXT(2) 
PARAMETRIC_REPRESENTATION_CONTEXT() REPRESENTATION_CONTEXT('2D SPACE',''
  ) );
#9275 = ORIENTED_EDGE('',*,*,#9141,.T.);
#9276 = ORIENTED_EDGE('',*,*,#3460,.T.);
#9277 = ADVANCED_FACE('',(#9278),#3503,.T.);
#9278 = FACE_BOUND('',#9279,.T.);
#9279 = EDGE_LOOP('',(#9280,#9306,#9307,#9308));
#9280 = ORIENTED_EDGE('',*,*,#9281,.T.);
#9281 = EDGE_CURVE('',#9188,#9235,#9282,.T.);
#9282 = SURFACE_CURVE('',#9283,(#9288,#9299),.PCURVE_S1.);
#9283 = CIRCLE('',#9284,5.95);
#9284 = AXIS2_PLACEMENT_3D('',#9285,#9286,#9287);
#9285 = CARTESIAN_POINT('',(4.718447854657E-15,42.5,3.935));
#9286 = DIRECTION('',(0.,0.,-1.));
#9287 = DIRECTION('',(1.110223024625E-16,1.,0.));
#9288 = PCURVE('',#3503,#9289);
#9289 = DEFINITIONAL_REPRESENTATION('',(#9290),#9298);
#9290 = ( BOUNDED_CURVE() B_SPLINE_CURVE(2,(#9291,#9292,#9293,#9294,
#9295,#9296,#9297),.UNSPECIFIED.,.T.,.F.) B_SPLINE_CURVE_WITH_KNOTS((1,2
    ,2,2,2,1),(-2.094395102393,0.,2.094395102393,4.188790204786,
6.28318530718,8.377580409573),.UNSPECIFIED.) CURVE() 
GEOMETRIC_REPRESENTATION_ITEM() RATIONAL_B_SPLINE_CURVE((1.,0.5,1.,0.5,
1.,0.5,1.)) REPRESENTATION_ITEM('') );
#9291 = CARTESIAN_POINT('',(0.25,0.));
#9292 = CARTESIAN_POINT('',(0.25,-10.30570230503));
#9293 = CARTESIAN_POINT('',(-8.675,-5.152851152517));
#9294 = CARTESIAN_POINT('',(-17.6,-1.457329690985E-15));
#9295 = CARTESIAN_POINT('',(-8.675,5.152851152517));
#9296 = CARTESIAN_POINT('',(0.25,10.305702305035));
#9297 = CARTESIAN_POINT('',(0.25,0.));
#9298 = ( GEOMETRIC_REPRESENTATION_CONTEXT(2) 
PARAMETRIC_REPRESENTATION_CONTEXT() REPRESENTATION_CONTEXT('2D SPACE',''
  ) );
#9299 = PCURVE('',#5907,#9300);
#9300 = DEFINITIONAL_REPRESENTATION('',(#9301),#9305);
#9301 = LINE('',#9302,#9303);
#9302 = CARTESIAN_POINT('',(-12.56637061435,-2.335));
#9303 = VECTOR('',#9304,1.);
#9304 = DIRECTION('',(1.,-0.));
#9305 = ( GEOMETRIC_REPRESENTATION_CONTEXT(2) 
PARAMETRIC_REPRESENTATION_CONTEXT() REPRESENTATION_CONTEXT('2D SPACE',''
  ) );
#9306 = ORIENTED_EDGE('',*,*,#9234,.T.);
#9307 = ORIENTED_EDGE('',*,*,#3486,.F.);
#9308 = ORIENTED_EDGE('',*,*,#9187,.T.);
#9309 = ADVANCED_FACE('',(#9310),#3564,.F.);
#9310 = FACE_BOUND('',#9311,.F.);
#9311 = EDGE_LOOP('',(#9312,#9342,#9363,#9364));
#9312 = ORIENTED_EDGE('',*,*,#9313,.T.);
#9313 = EDGE_CURVE('',#9314,#9316,#9318,.T.);
#9314 = VERTEX_POINT('',#9315);
#9315 = CARTESIAN_POINT('',(-0.65,48.414389233049,3.665));
#9316 = VERTEX_POINT('',#9317);
#9317 = CARTESIAN_POINT('',(0.65,48.414389233048,3.665));
#9318 = SURFACE_CURVE('',#9319,(#9324,#9335),.PCURVE_S1.);
#9319 = CIRCLE('',#9320,5.95);
#9320 = AXIS2_PLACEMENT_3D('',#9321,#9322,#9323);
#9321 = CARTESIAN_POINT('',(4.718447854657E-15,42.5,3.665));
#9322 = DIRECTION('',(0.,0.,-1.));
#9323 = DIRECTION('',(1.110223024625E-16,1.,0.));
#9324 = PCURVE('',#3564,#9325);
#9325 = DEFINITIONAL_REPRESENTATION('',(#9326),#9334);
#9326 = ( BOUNDED_CURVE() B_SPLINE_CURVE(2,(#9327,#9328,#9329,#9330,
#9331,#9332,#9333),.UNSPECIFIED.,.T.,.F.) B_SPLINE_CURVE_WITH_KNOTS((1,2
    ,2,2,2,1),(-2.094395102393,0.,2.094395102393,4.188790204786,
6.28318530718,8.377580409573),.UNSPECIFIED.) CURVE() 
GEOMETRIC_REPRESENTATION_ITEM() RATIONAL_B_SPLINE_CURVE((1.,0.5,1.,0.5,
1.,0.5,1.)) REPRESENTATION_ITEM('') );
#9327 = CARTESIAN_POINT('',(0.25,0.));
#9328 = CARTESIAN_POINT('',(0.25,-10.30570230503));
#9329 = CARTESIAN_POINT('',(-8.675,-5.152851152517));
#9330 = CARTESIAN_POINT('',(-17.6,-1.457329690985E-15));
#9331 = CARTESIAN_POINT('',(-8.675,5.152851152517));
#9332 = CARTESIAN_POINT('',(0.25,10.305702305035));
#9333 = CARTESIAN_POINT('',(0.25,0.));
#9334 = ( GEOMETRIC_REPRESENTATION_CONTEXT(2) 
PARAMETRIC_REPRESENTATION_CONTEXT() REPRESENTATION_CONTEXT('2D SPACE',''
  ) );
#9335 = PCURVE('',#5907,#9336);
#9336 = DEFINITIONAL_REPRESENTATION('',(#9337),#9341);
#9337 = LINE('',#9338,#9339);
#9338 = CARTESIAN_POINT('',(-12.56637061435,-2.065));
#9339 = VECTOR('',#9340,1.);
#9340 = DIRECTION('',(1.,-0.));
#9341 = ( GEOMETRIC_REPRESENTATION_CONTEXT(2) 
PARAMETRIC_REPRESENTATION_CONTEXT() REPRESENTATION_CONTEXT('2D SPACE',''
  ) );
#9342 = ORIENTED_EDGE('',*,*,#9343,.T.);
#9343 = EDGE_CURVE('',#9316,#3548,#9344,.T.);
#9344 = SURFACE_CURVE('',#9345,(#9349,#9356),.PCURVE_S1.);
#9345 = LINE('',#9346,#9347);
#9346 = CARTESIAN_POINT('',(0.65,46.,3.665));
#9347 = VECTOR('',#9348,1.);
#9348 = DIRECTION('',(1.110223024625E-16,1.,0.));
#9349 = PCURVE('',#3564,#9350);
#9350 = DEFINITIONAL_REPRESENTATION('',(#9351),#9355);
#9351 = LINE('',#9352,#9353);
#9352 = CARTESIAN_POINT('',(-2.2,-0.65));
#9353 = VECTOR('',#9354,1.);
#9354 = DIRECTION('',(1.,0.));
#9355 = ( GEOMETRIC_REPRESENTATION_CONTEXT(2) 
PARAMETRIC_REPRESENTATION_CONTEXT() REPRESENTATION_CONTEXT('2D SPACE',''
  ) );
#9356 = PCURVE('',#3595,#9357);
#9357 = DEFINITIONAL_REPRESENTATION('',(#9358),#9362);
#9358 = LINE('',#9359,#9360);
#9359 = CARTESIAN_POINT('',(0.,-0.78));
#9360 = VECTOR('',#9361,1.);
#9361 = DIRECTION('',(1.,0.));
#9362 = ( GEOMETRIC_REPRESENTATION_CONTEXT(2) 
PARAMETRIC_REPRESENTATION_CONTEXT() REPRESENTATION_CONTEXT('2D SPACE',''
  ) );
#9363 = ORIENTED_EDGE('',*,*,#3545,.F.);
#9364 = ORIENTED_EDGE('',*,*,#9365,.T.);
#9365 = EDGE_CURVE('',#3546,#9314,#9366,.T.);
#9366 = SURFACE_CURVE('',#9367,(#9371,#9378),.PCURVE_S1.);
#9367 = LINE('',#9368,#9369);
#9368 = CARTESIAN_POINT('',(-0.65,50.4,3.665));
#9369 = VECTOR('',#9370,1.);
#9370 = DIRECTION('',(-1.110223024625E-16,-1.,0.));
#9371 = PCURVE('',#3564,#9372);
#9372 = DEFINITIONAL_REPRESENTATION('',(#9373),#9377);
#9373 = LINE('',#9374,#9375);
#9374 = CARTESIAN_POINT('',(2.2,0.65));
#9375 = VECTOR('',#9376,1.);
#9376 = DIRECTION('',(-1.,0.));
#9377 = ( GEOMETRIC_REPRESENTATION_CONTEXT(2) 
PARAMETRIC_REPRESENTATION_CONTEXT() REPRESENTATION_CONTEXT('2D SPACE',''
  ) );
#9378 = PCURVE('',#3652,#9379);
#9379 = DEFINITIONAL_REPRESENTATION('',(#9380),#9384);
#9380 = LINE('',#9381,#9382);
#9381 = CARTESIAN_POINT('',(0.,-0.78));
#9382 = VECTOR('',#9383,1.);
#9383 = DIRECTION('',(1.,0.));
#9384 = ( GEOMETRIC_REPRESENTATION_CONTEXT(2) 
PARAMETRIC_REPRESENTATION_CONTEXT() REPRESENTATION_CONTEXT('2D SPACE',''
  ) );
#9385 = ADVANCED_FACE('',(#9386),#3652,.T.);
#9386 = FACE_BOUND('',#9387,.T.);
#9387 = EDGE_LOOP('',(#9388,#9411,#9412,#9413));
#9388 = ORIENTED_EDGE('',*,*,#9389,.F.);
#9389 = EDGE_CURVE('',#3607,#9390,#9392,.T.);
#9390 = VERTEX_POINT('',#9391);
#9391 = CARTESIAN_POINT('',(-0.65,48.414389233049,2.885));
#9392 = SURFACE_CURVE('',#9393,(#9397,#9404),.PCURVE_S1.);
#9393 = LINE('',#9394,#9395);
#9394 = CARTESIAN_POINT('',(-0.65,50.4,2.885));
#9395 = VECTOR('',#9396,1.);
#9396 = DIRECTION('',(-1.110223024625E-16,-1.,0.));
#9397 = PCURVE('',#3652,#9398);
#9398 = DEFINITIONAL_REPRESENTATION('',(#9399),#9403);
#9399 = LINE('',#9400,#9401);
#9400 = CARTESIAN_POINT('',(0.,0.));
#9401 = VECTOR('',#9402,1.);
#9402 = DIRECTION('',(1.,0.));
#9403 = ( GEOMETRIC_REPRESENTATION_CONTEXT(2) 
PARAMETRIC_REPRESENTATION_CONTEXT() REPRESENTATION_CONTEXT('2D SPACE',''
  ) );
#9404 = PCURVE('',#3623,#9405);
#9405 = DEFINITIONAL_REPRESENTATION('',(#9406),#9410);
#9406 = LINE('',#9407,#9408);
#9407 = CARTESIAN_POINT('',(2.2,0.65));
#9408 = VECTOR('',#9409,1.);
#9409 = DIRECTION('',(-1.,0.));
#9410 = ( GEOMETRIC_REPRESENTATION_CONTEXT(2) 
PARAMETRIC_REPRESENTATION_CONTEXT() REPRESENTATION_CONTEXT('2D SPACE',''
  ) );
#9411 = ORIENTED_EDGE('',*,*,#3639,.F.);
#9412 = ORIENTED_EDGE('',*,*,#9365,.T.);
#9413 = ORIENTED_EDGE('',*,*,#9414,.T.);
#9414 = EDGE_CURVE('',#9314,#9390,#9415,.T.);
#9415 = SURFACE_CURVE('',#9416,(#9420,#9426),.PCURVE_S1.);
#9416 = LINE('',#9417,#9418);
#9417 = CARTESIAN_POINT('',(-0.65,48.414389233048,1.6));
#9418 = VECTOR('',#9419,1.);
#9419 = DIRECTION('',(0.,-0.,-1.));
#9420 = PCURVE('',#3652,#9421);
#9421 = DEFINITIONAL_REPRESENTATION('',(#9422),#9425);
#9422 = B_SPLINE_CURVE_WITH_KNOTS('',1,(#9423,#9424),.UNSPECIFIED.,.F.,
  .F.,(2,2),(-2.143,-1.207),.PIECEWISE_BEZIER_KNOTS.);
#9423 = CARTESIAN_POINT('',(1.985610766952,-0.858));
#9424 = CARTESIAN_POINT('',(1.985610766952,7.8E-02));
#9425 = ( GEOMETRIC_REPRESENTATION_CONTEXT(2) 
PARAMETRIC_REPRESENTATION_CONTEXT() REPRESENTATION_CONTEXT('2D SPACE',''
  ) );
#9426 = PCURVE('',#5907,#9427);
#9427 = DEFINITIONAL_REPRESENTATION('',(#9428),#9431);
#9428 = B_SPLINE_CURVE_WITH_KNOTS('',1,(#9429,#9430),.UNSPECIFIED.,.F.,
  .F.,(2,2),(-2.143,-1.207),.PIECEWISE_BEZIER_KNOTS.);
#9429 = CARTESIAN_POINT('',(-6.392647469032,-2.143));
#9430 = CARTESIAN_POINT('',(-6.392647469032,-1.207));
#9431 = ( GEOMETRIC_REPRESENTATION_CONTEXT(2) 
PARAMETRIC_REPRESENTATION_CONTEXT() REPRESENTATION_CONTEXT('2D SPACE',''
  ) );
#9432 = ADVANCED_FACE('',(#9433),#3595,.T.);
#9433 = FACE_BOUND('',#9434,.T.);
#9434 = EDGE_LOOP('',(#9435,#9458,#9477,#9478));
#9435 = ORIENTED_EDGE('',*,*,#9436,.F.);
#9436 = EDGE_CURVE('',#9437,#3581,#9439,.T.);
#9437 = VERTEX_POINT('',#9438);
#9438 = CARTESIAN_POINT('',(0.65,48.414389233048,2.885));
#9439 = SURFACE_CURVE('',#9440,(#9444,#9451),.PCURVE_S1.);
#9440 = LINE('',#9441,#9442);
#9441 = CARTESIAN_POINT('',(0.65,46.,2.885));
#9442 = VECTOR('',#9443,1.);
#9443 = DIRECTION('',(1.110223024625E-16,1.,0.));
#9444 = PCURVE('',#3595,#9445);
#9445 = DEFINITIONAL_REPRESENTATION('',(#9446),#9450);
#9446 = LINE('',#9447,#9448);
#9447 = CARTESIAN_POINT('',(0.,0.));
#9448 = VECTOR('',#9449,1.);
#9449 = DIRECTION('',(1.,0.));
#9450 = ( GEOMETRIC_REPRESENTATION_CONTEXT(2) 
PARAMETRIC_REPRESENTATION_CONTEXT() REPRESENTATION_CONTEXT('2D SPACE',''
  ) );
#9451 = PCURVE('',#3623,#9452);
#9452 = DEFINITIONAL_REPRESENTATION('',(#9453),#9457);
#9453 = LINE('',#9454,#9455);
#9454 = CARTESIAN_POINT('',(-2.2,-0.65));
#9455 = VECTOR('',#9456,1.);
#9456 = DIRECTION('',(1.,0.));
#9457 = ( GEOMETRIC_REPRESENTATION_CONTEXT(2) 
PARAMETRIC_REPRESENTATION_CONTEXT() REPRESENTATION_CONTEXT('2D SPACE',''
  ) );
#9458 = ORIENTED_EDGE('',*,*,#9459,.F.);
#9459 = EDGE_CURVE('',#9316,#9437,#9460,.T.);
#9460 = SURFACE_CURVE('',#9461,(#9465,#9471),.PCURVE_S1.);
#9461 = LINE('',#9462,#9463);
#9462 = CARTESIAN_POINT('',(0.65,48.414389233048,1.6));
#9463 = VECTOR('',#9464,1.);
#9464 = DIRECTION('',(0.,-0.,-1.));
#9465 = PCURVE('',#3595,#9466);
#9466 = DEFINITIONAL_REPRESENTATION('',(#9467),#9470);
#9467 = B_SPLINE_CURVE_WITH_KNOTS('',1,(#9468,#9469),.UNSPECIFIED.,.F.,
  .F.,(2,2),(-2.143,-1.207),.PIECEWISE_BEZIER_KNOTS.);
#9468 = CARTESIAN_POINT('',(2.414389233048,-0.858));
#9469 = CARTESIAN_POINT('',(2.414389233048,7.8E-02));
#9470 = ( GEOMETRIC_REPRESENTATION_CONTEXT(2) 
PARAMETRIC_REPRESENTATION_CONTEXT() REPRESENTATION_CONTEXT('2D SPACE',''
  ) );
#9471 = PCURVE('',#5907,#9472);
#9472 = DEFINITIONAL_REPRESENTATION('',(#9473),#9476);
#9473 = B_SPLINE_CURVE_WITH_KNOTS('',1,(#9474,#9475),.UNSPECIFIED.,.F.,
  .F.,(2,2),(-2.143,-1.207),.PIECEWISE_BEZIER_KNOTS.);
#9474 = CARTESIAN_POINT('',(-6.173723145327,-2.143));
#9475 = CARTESIAN_POINT('',(-6.173723145327,-1.207));
#9476 = ( GEOMETRIC_REPRESENTATION_CONTEXT(2) 
PARAMETRIC_REPRESENTATION_CONTEXT() REPRESENTATION_CONTEXT('2D SPACE',''
  ) );
#9477 = ORIENTED_EDGE('',*,*,#9343,.T.);
#9478 = ORIENTED_EDGE('',*,*,#3580,.T.);
#9479 = ADVANCED_FACE('',(#9480),#3623,.T.);
#9480 = FACE_BOUND('',#9481,.T.);
#9481 = EDGE_LOOP('',(#9482,#9508,#9509,#9510));
#9482 = ORIENTED_EDGE('',*,*,#9483,.T.);
#9483 = EDGE_CURVE('',#9390,#9437,#9484,.T.);
#9484 = SURFACE_CURVE('',#9485,(#9490,#9501),.PCURVE_S1.);
#9485 = CIRCLE('',#9486,5.95);
#9486 = AXIS2_PLACEMENT_3D('',#9487,#9488,#9489);
#9487 = CARTESIAN_POINT('',(4.718447854657E-15,42.5,2.885));
#9488 = DIRECTION('',(0.,0.,-1.));
#9489 = DIRECTION('',(1.110223024625E-16,1.,0.));
#9490 = PCURVE('',#3623,#9491);
#9491 = DEFINITIONAL_REPRESENTATION('',(#9492),#9500);
#9492 = ( BOUNDED_CURVE() B_SPLINE_CURVE(2,(#9493,#9494,#9495,#9496,
#9497,#9498,#9499),.UNSPECIFIED.,.T.,.F.) B_SPLINE_CURVE_WITH_KNOTS((1,2
    ,2,2,2,1),(-2.094395102393,0.,2.094395102393,4.188790204786,
6.28318530718,8.377580409573),.UNSPECIFIED.) CURVE() 
GEOMETRIC_REPRESENTATION_ITEM() RATIONAL_B_SPLINE_CURVE((1.,0.5,1.,0.5,
1.,0.5,1.)) REPRESENTATION_ITEM('') );
#9493 = CARTESIAN_POINT('',(0.25,0.));
#9494 = CARTESIAN_POINT('',(0.25,-10.30570230503));
#9495 = CARTESIAN_POINT('',(-8.675,-5.152851152517));
#9496 = CARTESIAN_POINT('',(-17.6,-1.457329690985E-15));
#9497 = CARTESIAN_POINT('',(-8.675,5.152851152517));
#9498 = CARTESIAN_POINT('',(0.25,10.305702305035));
#9499 = CARTESIAN_POINT('',(0.25,0.));
#9500 = ( GEOMETRIC_REPRESENTATION_CONTEXT(2) 
PARAMETRIC_REPRESENTATION_CONTEXT() REPRESENTATION_CONTEXT('2D SPACE',''
  ) );
#9501 = PCURVE('',#5907,#9502);
#9502 = DEFINITIONAL_REPRESENTATION('',(#9503),#9507);
#9503 = LINE('',#9504,#9505);
#9504 = CARTESIAN_POINT('',(-12.56637061435,-1.285));
#9505 = VECTOR('',#9506,1.);
#9506 = DIRECTION('',(1.,-0.));
#9507 = ( GEOMETRIC_REPRESENTATION_CONTEXT(2) 
PARAMETRIC_REPRESENTATION_CONTEXT() REPRESENTATION_CONTEXT('2D SPACE',''
  ) );
#9508 = ORIENTED_EDGE('',*,*,#9436,.T.);
#9509 = ORIENTED_EDGE('',*,*,#3606,.F.);
#9510 = ORIENTED_EDGE('',*,*,#9389,.T.);
#9511 = ADVANCED_FACE('',(#9512),#3684,.F.);
#9512 = FACE_BOUND('',#9513,.F.);
#9513 = EDGE_LOOP('',(#9514,#9544,#9565,#9566));
#9514 = ORIENTED_EDGE('',*,*,#9515,.T.);
#9515 = EDGE_CURVE('',#9516,#9518,#9520,.T.);
#9516 = VERTEX_POINT('',#9517);
#9517 = CARTESIAN_POINT('',(-0.65,48.414389233049,2.615));
#9518 = VERTEX_POINT('',#9519);
#9519 = CARTESIAN_POINT('',(0.65,48.414389233048,2.615));
#9520 = SURFACE_CURVE('',#9521,(#9526,#9537),.PCURVE_S1.);
#9521 = CIRCLE('',#9522,5.95);
#9522 = AXIS2_PLACEMENT_3D('',#9523,#9524,#9525);
#9523 = CARTESIAN_POINT('',(4.718447854657E-15,42.5,2.615));
#9524 = DIRECTION('',(0.,0.,-1.));
#9525 = DIRECTION('',(1.110223024625E-16,1.,0.));
#9526 = PCURVE('',#3684,#9527);
#9527 = DEFINITIONAL_REPRESENTATION('',(#9528),#9536);
#9528 = ( BOUNDED_CURVE() B_SPLINE_CURVE(2,(#9529,#9530,#9531,#9532,
#9533,#9534,#9535),.UNSPECIFIED.,.T.,.F.) B_SPLINE_CURVE_WITH_KNOTS((1,2
    ,2,2,2,1),(-2.094395102393,0.,2.094395102393,4.188790204786,
6.28318530718,8.377580409573),.UNSPECIFIED.) CURVE() 
GEOMETRIC_REPRESENTATION_ITEM() RATIONAL_B_SPLINE_CURVE((1.,0.5,1.,0.5,
1.,0.5,1.)) REPRESENTATION_ITEM('') );
#9529 = CARTESIAN_POINT('',(0.25,0.));
#9530 = CARTESIAN_POINT('',(0.25,-10.30570230503));
#9531 = CARTESIAN_POINT('',(-8.675,-5.152851152517));
#9532 = CARTESIAN_POINT('',(-17.6,-1.457329690985E-15));
#9533 = CARTESIAN_POINT('',(-8.675,5.152851152517));
#9534 = CARTESIAN_POINT('',(0.25,10.305702305035));
#9535 = CARTESIAN_POINT('',(0.25,0.));
#9536 = ( GEOMETRIC_REPRESENTATION_CONTEXT(2) 
PARAMETRIC_REPRESENTATION_CONTEXT() REPRESENTATION_CONTEXT('2D SPACE',''
  ) );
#9537 = PCURVE('',#5907,#9538);
#9538 = DEFINITIONAL_REPRESENTATION('',(#9539),#9543);
#9539 = LINE('',#9540,#9541);
#9540 = CARTESIAN_POINT('',(-12.56637061435,-1.015));
#9541 = VECTOR('',#9542,1.);
#9542 = DIRECTION('',(1.,-0.));
#9543 = ( GEOMETRIC_REPRESENTATION_CONTEXT(2) 
PARAMETRIC_REPRESENTATION_CONTEXT() REPRESENTATION_CONTEXT('2D SPACE',''
  ) );
#9544 = ORIENTED_EDGE('',*,*,#9545,.T.);
#9545 = EDGE_CURVE('',#9518,#3668,#9546,.T.);
#9546 = SURFACE_CURVE('',#9547,(#9551,#9558),.PCURVE_S1.);
#9547 = LINE('',#9548,#9549);
#9548 = CARTESIAN_POINT('',(0.65,46.,2.615));
#9549 = VECTOR('',#9550,1.);
#9550 = DIRECTION('',(1.110223024625E-16,1.,0.));
#9551 = PCURVE('',#3684,#9552);
#9552 = DEFINITIONAL_REPRESENTATION('',(#9553),#9557);
#9553 = LINE('',#9554,#9555);
#9554 = CARTESIAN_POINT('',(-2.2,-0.65));
#9555 = VECTOR('',#9556,1.);
#9556 = DIRECTION('',(1.,0.));
#9557 = ( GEOMETRIC_REPRESENTATION_CONTEXT(2) 
PARAMETRIC_REPRESENTATION_CONTEXT() REPRESENTATION_CONTEXT('2D SPACE',''
  ) );
#9558 = PCURVE('',#3715,#9559);
#9559 = DEFINITIONAL_REPRESENTATION('',(#9560),#9564);
#9560 = LINE('',#9561,#9562);
#9561 = CARTESIAN_POINT('',(0.,-0.78));
#9562 = VECTOR('',#9563,1.);
#9563 = DIRECTION('',(1.,0.));
#9564 = ( GEOMETRIC_REPRESENTATION_CONTEXT(2) 
PARAMETRIC_REPRESENTATION_CONTEXT() REPRESENTATION_CONTEXT('2D SPACE',''
  ) );
#9565 = ORIENTED_EDGE('',*,*,#3665,.F.);
#9566 = ORIENTED_EDGE('',*,*,#9567,.T.);
#9567 = EDGE_CURVE('',#3666,#9516,#9568,.T.);
#9568 = SURFACE_CURVE('',#9569,(#9573,#9580),.PCURVE_S1.);
#9569 = LINE('',#9570,#9571);
#9570 = CARTESIAN_POINT('',(-0.65,50.4,2.615));
#9571 = VECTOR('',#9572,1.);
#9572 = DIRECTION('',(-1.110223024625E-16,-1.,0.));
#9573 = PCURVE('',#3684,#9574);
#9574 = DEFINITIONAL_REPRESENTATION('',(#9575),#9579);
#9575 = LINE('',#9576,#9577);
#9576 = CARTESIAN_POINT('',(2.2,0.65));
#9577 = VECTOR('',#9578,1.);
#9578 = DIRECTION('',(-1.,0.));
#9579 = ( GEOMETRIC_REPRESENTATION_CONTEXT(2) 
PARAMETRIC_REPRESENTATION_CONTEXT() REPRESENTATION_CONTEXT('2D SPACE',''
  ) );
#9580 = PCURVE('',#3772,#9581);
#9581 = DEFINITIONAL_REPRESENTATION('',(#9582),#9586);
#9582 = LINE('',#9583,#9584);
#9583 = CARTESIAN_POINT('',(0.,-0.78));
#9584 = VECTOR('',#9585,1.);
#9585 = DIRECTION('',(1.,0.));
#9586 = ( GEOMETRIC_REPRESENTATION_CONTEXT(2) 
PARAMETRIC_REPRESENTATION_CONTEXT() REPRESENTATION_CONTEXT('2D SPACE',''
  ) );
#9587 = ADVANCED_FACE('',(#9588),#3772,.T.);
#9588 = FACE_BOUND('',#9589,.T.);
#9589 = EDGE_LOOP('',(#9590,#9613,#9614,#9615));
#9590 = ORIENTED_EDGE('',*,*,#9591,.F.);
#9591 = EDGE_CURVE('',#3727,#9592,#9594,.T.);
#9592 = VERTEX_POINT('',#9593);
#9593 = CARTESIAN_POINT('',(-0.65,48.414389233049,1.835));
#9594 = SURFACE_CURVE('',#9595,(#9599,#9606),.PCURVE_S1.);
#9595 = LINE('',#9596,#9597);
#9596 = CARTESIAN_POINT('',(-0.65,50.4,1.835));
#9597 = VECTOR('',#9598,1.);
#9598 = DIRECTION('',(-1.110223024625E-16,-1.,0.));
#9599 = PCURVE('',#3772,#9600);
#9600 = DEFINITIONAL_REPRESENTATION('',(#9601),#9605);
#9601 = LINE('',#9602,#9603);
#9602 = CARTESIAN_POINT('',(0.,0.));
#9603 = VECTOR('',#9604,1.);
#9604 = DIRECTION('',(1.,0.));
#9605 = ( GEOMETRIC_REPRESENTATION_CONTEXT(2) 
PARAMETRIC_REPRESENTATION_CONTEXT() REPRESENTATION_CONTEXT('2D SPACE',''
  ) );
#9606 = PCURVE('',#3743,#9607);
#9607 = DEFINITIONAL_REPRESENTATION('',(#9608),#9612);
#9608 = LINE('',#9609,#9610);
#9609 = CARTESIAN_POINT('',(2.2,0.65));
#9610 = VECTOR('',#9611,1.);
#9611 = DIRECTION('',(-1.,0.));
#9612 = ( GEOMETRIC_REPRESENTATION_CONTEXT(2) 
PARAMETRIC_REPRESENTATION_CONTEXT() REPRESENTATION_CONTEXT('2D SPACE',''
  ) );
#9613 = ORIENTED_EDGE('',*,*,#3759,.F.);
#9614 = ORIENTED_EDGE('',*,*,#9567,.T.);
#9615 = ORIENTED_EDGE('',*,*,#9616,.T.);
#9616 = EDGE_CURVE('',#9516,#9592,#9617,.T.);
#9617 = SURFACE_CURVE('',#9618,(#9622,#9628),.PCURVE_S1.);
#9618 = LINE('',#9619,#9620);
#9619 = CARTESIAN_POINT('',(-0.65,48.414389233048,1.6));
#9620 = VECTOR('',#9621,1.);
#9621 = DIRECTION('',(0.,-0.,-1.));
#9622 = PCURVE('',#3772,#9623);
#9623 = DEFINITIONAL_REPRESENTATION('',(#9624),#9627);
#9624 = B_SPLINE_CURVE_WITH_KNOTS('',1,(#9625,#9626),.UNSPECIFIED.,.F.,
  .F.,(2,2),(-1.093,-0.157),.PIECEWISE_BEZIER_KNOTS.);
#9625 = CARTESIAN_POINT('',(1.985610766952,-0.858));
#9626 = CARTESIAN_POINT('',(1.985610766952,7.8E-02));
#9627 = ( GEOMETRIC_REPRESENTATION_CONTEXT(2) 
PARAMETRIC_REPRESENTATION_CONTEXT() REPRESENTATION_CONTEXT('2D SPACE',''
  ) );
#9628 = PCURVE('',#5907,#9629);
#9629 = DEFINITIONAL_REPRESENTATION('',(#9630),#9633);
#9630 = B_SPLINE_CURVE_WITH_KNOTS('',1,(#9631,#9632),.UNSPECIFIED.,.F.,
  .F.,(2,2),(-1.093,-0.157),.PIECEWISE_BEZIER_KNOTS.);
#9631 = CARTESIAN_POINT('',(-6.392647469032,-1.093));
#9632 = CARTESIAN_POINT('',(-6.392647469032,-0.157));
#9633 = ( GEOMETRIC_REPRESENTATION_CONTEXT(2) 
PARAMETRIC_REPRESENTATION_CONTEXT() REPRESENTATION_CONTEXT('2D SPACE',''
  ) );
#9634 = ADVANCED_FACE('',(#9635),#3715,.T.);
#9635 = FACE_BOUND('',#9636,.T.);
#9636 = EDGE_LOOP('',(#9637,#9660,#9679,#9680));
#9637 = ORIENTED_EDGE('',*,*,#9638,.F.);
#9638 = EDGE_CURVE('',#9639,#3701,#9641,.T.);
#9639 = VERTEX_POINT('',#9640);
#9640 = CARTESIAN_POINT('',(0.65,48.414389233048,1.835));
#9641 = SURFACE_CURVE('',#9642,(#9646,#9653),.PCURVE_S1.);
#9642 = LINE('',#9643,#9644);
#9643 = CARTESIAN_POINT('',(0.65,46.,1.835));
#9644 = VECTOR('',#9645,1.);
#9645 = DIRECTION('',(1.110223024625E-16,1.,0.));
#9646 = PCURVE('',#3715,#9647);
#9647 = DEFINITIONAL_REPRESENTATION('',(#9648),#9652);
#9648 = LINE('',#9649,#9650);
#9649 = CARTESIAN_POINT('',(0.,0.));
#9650 = VECTOR('',#9651,1.);
#9651 = DIRECTION('',(1.,0.));
#9652 = ( GEOMETRIC_REPRESENTATION_CONTEXT(2) 
PARAMETRIC_REPRESENTATION_CONTEXT() REPRESENTATION_CONTEXT('2D SPACE',''
  ) );
#9653 = PCURVE('',#3743,#9654);
#9654 = DEFINITIONAL_REPRESENTATION('',(#9655),#9659);
#9655 = LINE('',#9656,#9657);
#9656 = CARTESIAN_POINT('',(-2.2,-0.65));
#9657 = VECTOR('',#9658,1.);
#9658 = DIRECTION('',(1.,0.));
#9659 = ( GEOMETRIC_REPRESENTATION_CONTEXT(2) 
PARAMETRIC_REPRESENTATION_CONTEXT() REPRESENTATION_CONTEXT('2D SPACE',''
  ) );
#9660 = ORIENTED_EDGE('',*,*,#9661,.F.);
#9661 = EDGE_CURVE('',#9518,#9639,#9662,.T.);
#9662 = SURFACE_CURVE('',#9663,(#9667,#9673),.PCURVE_S1.);
#9663 = LINE('',#9664,#9665);
#9664 = CARTESIAN_POINT('',(0.65,48.414389233048,1.6));
#9665 = VECTOR('',#9666,1.);
#9666 = DIRECTION('',(0.,-0.,-1.));
#9667 = PCURVE('',#3715,#9668);
#9668 = DEFINITIONAL_REPRESENTATION('',(#9669),#9672);
#9669 = B_SPLINE_CURVE_WITH_KNOTS('',1,(#9670,#9671),.UNSPECIFIED.,.F.,
  .F.,(2,2),(-1.093,-0.157),.PIECEWISE_BEZIER_KNOTS.);
#9670 = CARTESIAN_POINT('',(2.414389233048,-0.858));
#9671 = CARTESIAN_POINT('',(2.414389233048,7.8E-02));
#9672 = ( GEOMETRIC_REPRESENTATION_CONTEXT(2) 
PARAMETRIC_REPRESENTATION_CONTEXT() REPRESENTATION_CONTEXT('2D SPACE',''
  ) );
#9673 = PCURVE('',#5907,#9674);
#9674 = DEFINITIONAL_REPRESENTATION('',(#9675),#9678);
#9675 = B_SPLINE_CURVE_WITH_KNOTS('',1,(#9676,#9677),.UNSPECIFIED.,.F.,
  .F.,(2,2),(-1.093,-0.157),.PIECEWISE_BEZIER_KNOTS.);
#9676 = CARTESIAN_POINT('',(-6.173723145327,-1.093));
#9677 = CARTESIAN_POINT('',(-6.173723145327,-0.157));
#9678 = ( GEOMETRIC_REPRESENTATION_CONTEXT(2) 
PARAMETRIC_REPRESENTATION_CONTEXT() REPRESENTATION_CONTEXT('2D SPACE',''
  ) );
#9679 = ORIENTED_EDGE('',*,*,#9545,.T.);
#9680 = ORIENTED_EDGE('',*,*,#3700,.T.);
#9681 = ADVANCED_FACE('',(#9682),#3743,.T.);
#9682 = FACE_BOUND('',#9683,.T.);
#9683 = EDGE_LOOP('',(#9684,#9710,#9711,#9712));
#9684 = ORIENTED_EDGE('',*,*,#9685,.T.);
#9685 = EDGE_CURVE('',#9592,#9639,#9686,.T.);
#9686 = SURFACE_CURVE('',#9687,(#9692,#9703),.PCURVE_S1.);
#9687 = CIRCLE('',#9688,5.95);
#9688 = AXIS2_PLACEMENT_3D('',#9689,#9690,#9691);
#9689 = CARTESIAN_POINT('',(4.718447854657E-15,42.5,1.835));
#9690 = DIRECTION('',(0.,0.,-1.));
#9691 = DIRECTION('',(1.110223024625E-16,1.,0.));
#9692 = PCURVE('',#3743,#9693);
#9693 = DEFINITIONAL_REPRESENTATION('',(#9694),#9702);
#9694 = ( BOUNDED_CURVE() B_SPLINE_CURVE(2,(#9695,#9696,#9697,#9698,
#9699,#9700,#9701),.UNSPECIFIED.,.T.,.F.) B_SPLINE_CURVE_WITH_KNOTS((1,2
    ,2,2,2,1),(-2.094395102393,0.,2.094395102393,4.188790204786,
6.28318530718,8.377580409573),.UNSPECIFIED.) CURVE() 
GEOMETRIC_REPRESENTATION_ITEM() RATIONAL_B_SPLINE_CURVE((1.,0.5,1.,0.5,
1.,0.5,1.)) REPRESENTATION_ITEM('') );
#9695 = CARTESIAN_POINT('',(0.25,0.));
#9696 = CARTESIAN_POINT('',(0.25,-10.30570230503));
#9697 = CARTESIAN_POINT('',(-8.675,-5.152851152517));
#9698 = CARTESIAN_POINT('',(-17.6,-1.457329690985E-15));
#9699 = CARTESIAN_POINT('',(-8.675,5.152851152517));
#9700 = CARTESIAN_POINT('',(0.25,10.305702305035));
#9701 = CARTESIAN_POINT('',(0.25,0.));
#9702 = ( GEOMETRIC_REPRESENTATION_CONTEXT(2) 
PARAMETRIC_REPRESENTATION_CONTEXT() REPRESENTATION_CONTEXT('2D SPACE',''
  ) );
#9703 = PCURVE('',#5907,#9704);
#9704 = DEFINITIONAL_REPRESENTATION('',(#9705),#9709);
#9705 = LINE('',#9706,#9707);
#9706 = CARTESIAN_POINT('',(-12.56637061435,-0.235));
#9707 = VECTOR('',#9708,1.);
#9708 = DIRECTION('',(1.,-0.));
#9709 = ( GEOMETRIC_REPRESENTATION_CONTEXT(2) 
PARAMETRIC_REPRESENTATION_CONTEXT() REPRESENTATION_CONTEXT('2D SPACE',''
  ) );
#9710 = ORIENTED_EDGE('',*,*,#9638,.T.);
#9711 = ORIENTED_EDGE('',*,*,#3726,.F.);
#9712 = ORIENTED_EDGE('',*,*,#9591,.T.);
#9713 = ADVANCED_FACE('',(#9714),#4058,.F.);
#9714 = FACE_BOUND('',#9715,.F.);
#9715 = EDGE_LOOP('',(#9716,#9746,#9767,#9768));
#9716 = ORIENTED_EDGE('',*,*,#9717,.T.);
#9717 = EDGE_CURVE('',#9718,#9720,#9722,.T.);
#9718 = VERTEX_POINT('',#9719);
#9719 = CARTESIAN_POINT('',(-48.41438923304,-0.65,7.865));
#9720 = VERTEX_POINT('',#9721);
#9721 = CARTESIAN_POINT('',(-48.41438923304,0.65,7.865));
#9722 = SURFACE_CURVE('',#9723,(#9728,#9739),.PCURVE_S1.);
#9723 = CIRCLE('',#9724,5.95);
#9724 = AXIS2_PLACEMENT_3D('',#9725,#9726,#9727);
#9725 = CARTESIAN_POINT('',(-42.5,5.204748896376E-15,7.865));
#9726 = DIRECTION('',(0.,0.,-1.));
#9727 = DIRECTION('',(-1.,1.224646799147E-16,0.));
#9728 = PCURVE('',#4058,#9729);
#9729 = DEFINITIONAL_REPRESENTATION('',(#9730),#9738);
#9730 = ( BOUNDED_CURVE() B_SPLINE_CURVE(2,(#9731,#9732,#9733,#9734,
#9735,#9736,#9737),.UNSPECIFIED.,.T.,.F.) B_SPLINE_CURVE_WITH_KNOTS((1,2
    ,2,2,2,1),(-2.094395102393,0.,2.094395102393,4.188790204786,
6.28318530718,8.377580409573),.UNSPECIFIED.) CURVE() 
GEOMETRIC_REPRESENTATION_ITEM() RATIONAL_B_SPLINE_CURVE((1.,0.5,1.,0.5,
1.,0.5,1.)) REPRESENTATION_ITEM('') );
#9731 = CARTESIAN_POINT('',(0.25,9.310691592376E-32));
#9732 = CARTESIAN_POINT('',(0.25,-10.30570230503));
#9733 = CARTESIAN_POINT('',(-8.675,-5.152851152517));
#9734 = CARTESIAN_POINT('',(-17.6,-1.457329690985E-15));
#9735 = CARTESIAN_POINT('',(-8.675,5.152851152517));
#9736 = CARTESIAN_POINT('',(0.25,10.305702305035));
#9737 = CARTESIAN_POINT('',(0.25,9.310691592376E-32));
#9738 = ( GEOMETRIC_REPRESENTATION_CONTEXT(2) 
PARAMETRIC_REPRESENTATION_CONTEXT() REPRESENTATION_CONTEXT('2D SPACE',''
  ) );
#9739 = PCURVE('',#5665,#9740);
#9740 = DEFINITIONAL_REPRESENTATION('',(#9741),#9745);
#9741 = LINE('',#9742,#9743);
#9742 = CARTESIAN_POINT('',(-12.56637061435,-6.265));
#9743 = VECTOR('',#9744,1.);
#9744 = DIRECTION('',(1.,-0.));
#9745 = ( GEOMETRIC_REPRESENTATION_CONTEXT(2) 
PARAMETRIC_REPRESENTATION_CONTEXT() REPRESENTATION_CONTEXT('2D SPACE',''
  ) );
#9746 = ORIENTED_EDGE('',*,*,#9747,.T.);
#9747 = EDGE_CURVE('',#9720,#4042,#9748,.T.);
#9748 = SURFACE_CURVE('',#9749,(#9753,#9760),.PCURVE_S1.);
#9749 = LINE('',#9750,#9751);
#9750 = CARTESIAN_POINT('',(-46.,0.65,7.865));
#9751 = VECTOR('',#9752,1.);
#9752 = DIRECTION('',(-1.,1.224646799147E-16,0.));
#9753 = PCURVE('',#4058,#9754);
#9754 = DEFINITIONAL_REPRESENTATION('',(#9755),#9759);
#9755 = LINE('',#9756,#9757);
#9756 = CARTESIAN_POINT('',(-2.2,-0.65));
#9757 = VECTOR('',#9758,1.);
#9758 = DIRECTION('',(1.,0.));
#9759 = ( GEOMETRIC_REPRESENTATION_CONTEXT(2) 
PARAMETRIC_REPRESENTATION_CONTEXT() REPRESENTATION_CONTEXT('2D SPACE',''
  ) );
#9760 = PCURVE('',#4089,#9761);
#9761 = DEFINITIONAL_REPRESENTATION('',(#9762),#9766);
#9762 = LINE('',#9763,#9764);
#9763 = CARTESIAN_POINT('',(0.,-0.78));
#9764 = VECTOR('',#9765,1.);
#9765 = DIRECTION('',(1.,0.));
#9766 = ( GEOMETRIC_REPRESENTATION_CONTEXT(2) 
PARAMETRIC_REPRESENTATION_CONTEXT() REPRESENTATION_CONTEXT('2D SPACE',''
  ) );
#9767 = ORIENTED_EDGE('',*,*,#4039,.F.);
#9768 = ORIENTED_EDGE('',*,*,#9769,.T.);
#9769 = EDGE_CURVE('',#4040,#9718,#9770,.T.);
#9770 = SURFACE_CURVE('',#9771,(#9775,#9782),.PCURVE_S1.);
#9771 = LINE('',#9772,#9773);
#9772 = CARTESIAN_POINT('',(-50.4,-0.65,7.865));
#9773 = VECTOR('',#9774,1.);
#9774 = DIRECTION('',(1.,-1.224646799147E-16,0.));
#9775 = PCURVE('',#4058,#9776);
#9776 = DEFINITIONAL_REPRESENTATION('',(#9777),#9781);
#9777 = LINE('',#9778,#9779);
#9778 = CARTESIAN_POINT('',(2.2,0.65));
#9779 = VECTOR('',#9780,1.);
#9780 = DIRECTION('',(-1.,0.));
#9781 = ( GEOMETRIC_REPRESENTATION_CONTEXT(2) 
PARAMETRIC_REPRESENTATION_CONTEXT() REPRESENTATION_CONTEXT('2D SPACE',''
  ) );
#9782 = PCURVE('',#4146,#9783);
#9783 = DEFINITIONAL_REPRESENTATION('',(#9784),#9788);
#9784 = LINE('',#9785,#9786);
#9785 = CARTESIAN_POINT('',(0.,-0.78));
#9786 = VECTOR('',#9787,1.);
#9787 = DIRECTION('',(1.,0.));
#9788 = ( GEOMETRIC_REPRESENTATION_CONTEXT(2) 
PARAMETRIC_REPRESENTATION_CONTEXT() REPRESENTATION_CONTEXT('2D SPACE',''
  ) );
#9789 = ADVANCED_FACE('',(#9790),#4146,.T.);
#9790 = FACE_BOUND('',#9791,.T.);
#9791 = EDGE_LOOP('',(#9792,#9815,#9816,#9817));
#9792 = ORIENTED_EDGE('',*,*,#9793,.F.);
#9793 = EDGE_CURVE('',#4101,#9794,#9796,.T.);
#9794 = VERTEX_POINT('',#9795);
#9795 = CARTESIAN_POINT('',(-48.41438923304,-0.65,7.085));
#9796 = SURFACE_CURVE('',#9797,(#9801,#9808),.PCURVE_S1.);
#9797 = LINE('',#9798,#9799);
#9798 = CARTESIAN_POINT('',(-50.4,-0.65,7.085));
#9799 = VECTOR('',#9800,1.);
#9800 = DIRECTION('',(1.,-1.224646799147E-16,0.));
#9801 = PCURVE('',#4146,#9802);
#9802 = DEFINITIONAL_REPRESENTATION('',(#9803),#9807);
#9803 = LINE('',#9804,#9805);
#9804 = CARTESIAN_POINT('',(0.,0.));
#9805 = VECTOR('',#9806,1.);
#9806 = DIRECTION('',(1.,0.));
#9807 = ( GEOMETRIC_REPRESENTATION_CONTEXT(2) 
PARAMETRIC_REPRESENTATION_CONTEXT() REPRESENTATION_CONTEXT('2D SPACE',''
  ) );
#9808 = PCURVE('',#4117,#9809);
#9809 = DEFINITIONAL_REPRESENTATION('',(#9810),#9814);
#9810 = LINE('',#9811,#9812);
#9811 = CARTESIAN_POINT('',(2.2,0.65));
#9812 = VECTOR('',#9813,1.);
#9813 = DIRECTION('',(-1.,0.));
#9814 = ( GEOMETRIC_REPRESENTATION_CONTEXT(2) 
PARAMETRIC_REPRESENTATION_CONTEXT() REPRESENTATION_CONTEXT('2D SPACE',''
  ) );
#9815 = ORIENTED_EDGE('',*,*,#4133,.F.);
#9816 = ORIENTED_EDGE('',*,*,#9769,.T.);
#9817 = ORIENTED_EDGE('',*,*,#9818,.T.);
#9818 = EDGE_CURVE('',#9718,#9794,#9819,.T.);
#9819 = SURFACE_CURVE('',#9820,(#9824,#9830),.PCURVE_S1.);
#9820 = LINE('',#9821,#9822);
#9821 = CARTESIAN_POINT('',(-48.41438923304,-0.65,1.6));
#9822 = VECTOR('',#9823,1.);
#9823 = DIRECTION('',(0.,0.,-1.));
#9824 = PCURVE('',#4146,#9825);
#9825 = DEFINITIONAL_REPRESENTATION('',(#9826),#9829);
#9826 = B_SPLINE_CURVE_WITH_KNOTS('',1,(#9827,#9828),.UNSPECIFIED.,.F.,
  .F.,(2,2),(-6.343,-5.407),.PIECEWISE_BEZIER_KNOTS.);
#9827 = CARTESIAN_POINT('',(1.985610766952,-0.858));
#9828 = CARTESIAN_POINT('',(1.985610766952,7.8E-02));
#9829 = ( GEOMETRIC_REPRESENTATION_CONTEXT(2) 
PARAMETRIC_REPRESENTATION_CONTEXT() REPRESENTATION_CONTEXT('2D SPACE',''
  ) );
#9830 = PCURVE('',#5665,#9831);
#9831 = DEFINITIONAL_REPRESENTATION('',(#9832),#9835);
#9832 = B_SPLINE_CURVE_WITH_KNOTS('',1,(#9833,#9834),.UNSPECIFIED.,.F.,
  .F.,(2,2),(-6.343,-5.407),.PIECEWISE_BEZIER_KNOTS.);
#9833 = CARTESIAN_POINT('',(-6.392647469032,-6.343));
#9834 = CARTESIAN_POINT('',(-6.392647469032,-5.407));
#9835 = ( GEOMETRIC_REPRESENTATION_CONTEXT(2) 
PARAMETRIC_REPRESENTATION_CONTEXT() REPRESENTATION_CONTEXT('2D SPACE',''
  ) );
#9836 = ADVANCED_FACE('',(#9837),#4117,.T.);
#9837 = FACE_BOUND('',#9838,.T.);
#9838 = EDGE_LOOP('',(#9839,#9867,#9888,#9889));
#9839 = ORIENTED_EDGE('',*,*,#9840,.T.);
#9840 = EDGE_CURVE('',#9794,#9841,#9843,.T.);
#9841 = VERTEX_POINT('',#9842);
#9842 = CARTESIAN_POINT('',(-48.41438923304,0.65,7.085));
#9843 = SURFACE_CURVE('',#9844,(#9849,#9860),.PCURVE_S1.);
#9844 = CIRCLE('',#9845,5.95);
#9845 = AXIS2_PLACEMENT_3D('',#9846,#9847,#9848);
#9846 = CARTESIAN_POINT('',(-42.5,5.204748896376E-15,7.085));
#9847 = DIRECTION('',(0.,0.,-1.));
#9848 = DIRECTION('',(-1.,1.224646799147E-16,0.));
#9849 = PCURVE('',#4117,#9850);
#9850 = DEFINITIONAL_REPRESENTATION('',(#9851),#9859);
#9851 = ( BOUNDED_CURVE() B_SPLINE_CURVE(2,(#9852,#9853,#9854,#9855,
#9856,#9857,#9858),.UNSPECIFIED.,.T.,.F.) B_SPLINE_CURVE_WITH_KNOTS((1,2
    ,2,2,2,1),(-2.094395102393,0.,2.094395102393,4.188790204786,
6.28318530718,8.377580409573),.UNSPECIFIED.) CURVE() 
GEOMETRIC_REPRESENTATION_ITEM() RATIONAL_B_SPLINE_CURVE((1.,0.5,1.,0.5,
1.,0.5,1.)) REPRESENTATION_ITEM('') );
#9852 = CARTESIAN_POINT('',(0.25,9.310691592376E-32));
#9853 = CARTESIAN_POINT('',(0.25,-10.30570230503));
#9854 = CARTESIAN_POINT('',(-8.675,-5.152851152517));
#9855 = CARTESIAN_POINT('',(-17.6,-1.457329690985E-15));
#9856 = CARTESIAN_POINT('',(-8.675,5.152851152517));
#9857 = CARTESIAN_POINT('',(0.25,10.305702305035));
#9858 = CARTESIAN_POINT('',(0.25,9.310691592376E-32));
#9859 = ( GEOMETRIC_REPRESENTATION_CONTEXT(2) 
PARAMETRIC_REPRESENTATION_CONTEXT() REPRESENTATION_CONTEXT('2D SPACE',''
  ) );
#9860 = PCURVE('',#5665,#9861);
#9861 = DEFINITIONAL_REPRESENTATION('',(#9862),#9866);
#9862 = LINE('',#9863,#9864);
#9863 = CARTESIAN_POINT('',(-12.56637061435,-5.485));
#9864 = VECTOR('',#9865,1.);
#9865 = DIRECTION('',(1.,-0.));
#9866 = ( GEOMETRIC_REPRESENTATION_CONTEXT(2) 
PARAMETRIC_REPRESENTATION_CONTEXT() REPRESENTATION_CONTEXT('2D SPACE',''
  ) );
#9867 = ORIENTED_EDGE('',*,*,#9868,.T.);
#9868 = EDGE_CURVE('',#9841,#4075,#9869,.T.);
#9869 = SURFACE_CURVE('',#9870,(#9874,#9881),.PCURVE_S1.);
#9870 = LINE('',#9871,#9872);
#9871 = CARTESIAN_POINT('',(-46.,0.65,7.085));
#9872 = VECTOR('',#9873,1.);
#9873 = DIRECTION('',(-1.,1.224646799147E-16,0.));
#9874 = PCURVE('',#4117,#9875);
#9875 = DEFINITIONAL_REPRESENTATION('',(#9876),#9880);
#9876 = LINE('',#9877,#9878);
#9877 = CARTESIAN_POINT('',(-2.2,-0.65));
#9878 = VECTOR('',#9879,1.);
#9879 = DIRECTION('',(1.,0.));
#9880 = ( GEOMETRIC_REPRESENTATION_CONTEXT(2) 
PARAMETRIC_REPRESENTATION_CONTEXT() REPRESENTATION_CONTEXT('2D SPACE',''
  ) );
#9881 = PCURVE('',#4089,#9882);
#9882 = DEFINITIONAL_REPRESENTATION('',(#9883),#9887);
#9883 = LINE('',#9884,#9885);
#9884 = CARTESIAN_POINT('',(0.,0.));
#9885 = VECTOR('',#9886,1.);
#9886 = DIRECTION('',(1.,0.));
#9887 = ( GEOMETRIC_REPRESENTATION_CONTEXT(2) 
PARAMETRIC_REPRESENTATION_CONTEXT() REPRESENTATION_CONTEXT('2D SPACE',''
  ) );
#9888 = ORIENTED_EDGE('',*,*,#4100,.F.);
#9889 = ORIENTED_EDGE('',*,*,#9793,.T.);
#9890 = ADVANCED_FACE('',(#9891),#4089,.T.);
#9891 = FACE_BOUND('',#9892,.T.);
#9892 = EDGE_LOOP('',(#9893,#9894,#9913,#9914));
#9893 = ORIENTED_EDGE('',*,*,#9868,.F.);
#9894 = ORIENTED_EDGE('',*,*,#9895,.F.);
#9895 = EDGE_CURVE('',#9720,#9841,#9896,.T.);
#9896 = SURFACE_CURVE('',#9897,(#9901,#9907),.PCURVE_S1.);
#9897 = LINE('',#9898,#9899);
#9898 = CARTESIAN_POINT('',(-48.41438923304,0.65,1.6));
#9899 = VECTOR('',#9900,1.);
#9900 = DIRECTION('',(0.,0.,-1.));
#9901 = PCURVE('',#4089,#9902);
#9902 = DEFINITIONAL_REPRESENTATION('',(#9903),#9906);
#9903 = B_SPLINE_CURVE_WITH_KNOTS('',1,(#9904,#9905),.UNSPECIFIED.,.F.,
  .F.,(2,2),(-6.343,-5.407),.PIECEWISE_BEZIER_KNOTS.);
#9904 = CARTESIAN_POINT('',(2.414389233048,-0.858));
#9905 = CARTESIAN_POINT('',(2.414389233048,7.8E-02));
#9906 = ( GEOMETRIC_REPRESENTATION_CONTEXT(2) 
PARAMETRIC_REPRESENTATION_CONTEXT() REPRESENTATION_CONTEXT('2D SPACE',''
  ) );
#9907 = PCURVE('',#5665,#9908);
#9908 = DEFINITIONAL_REPRESENTATION('',(#9909),#9912);
#9909 = B_SPLINE_CURVE_WITH_KNOTS('',1,(#9910,#9911),.UNSPECIFIED.,.F.,
  .F.,(2,2),(-6.343,-5.407),.PIECEWISE_BEZIER_KNOTS.);
#9910 = CARTESIAN_POINT('',(-6.173723145327,-6.343));
#9911 = CARTESIAN_POINT('',(-6.173723145327,-5.407));
#9912 = ( GEOMETRIC_REPRESENTATION_CONTEXT(2) 
PARAMETRIC_REPRESENTATION_CONTEXT() REPRESENTATION_CONTEXT('2D SPACE',''
  ) );
#9913 = ORIENTED_EDGE('',*,*,#9747,.T.);
#9914 = ORIENTED_EDGE('',*,*,#4074,.T.);
#9915 = ADVANCED_FACE('',(#9916),#4178,.F.);
#9916 = FACE_BOUND('',#9917,.F.);
#9917 = EDGE_LOOP('',(#9918,#9948,#9969,#9970));
#9918 = ORIENTED_EDGE('',*,*,#9919,.T.);
#9919 = EDGE_CURVE('',#9920,#9922,#9924,.T.);
#9920 = VERTEX_POINT('',#9921);
#9921 = CARTESIAN_POINT('',(-48.41438923304,-0.65,6.815));
#9922 = VERTEX_POINT('',#9923);
#9923 = CARTESIAN_POINT('',(-48.41438923304,0.65,6.815));
#9924 = SURFACE_CURVE('',#9925,(#9930,#9941),.PCURVE_S1.);
#9925 = CIRCLE('',#9926,5.95);
#9926 = AXIS2_PLACEMENT_3D('',#9927,#9928,#9929);
#9927 = CARTESIAN_POINT('',(-42.5,5.204748896376E-15,6.815));
#9928 = DIRECTION('',(0.,0.,-1.));
#9929 = DIRECTION('',(-1.,1.224646799147E-16,0.));
#9930 = PCURVE('',#4178,#9931);
#9931 = DEFINITIONAL_REPRESENTATION('',(#9932),#9940);
#9932 = ( BOUNDED_CURVE() B_SPLINE_CURVE(2,(#9933,#9934,#9935,#9936,
#9937,#9938,#9939),.UNSPECIFIED.,.T.,.F.) B_SPLINE_CURVE_WITH_KNOTS((1,2
    ,2,2,2,1),(-2.094395102393,0.,2.094395102393,4.188790204786,
6.28318530718,8.377580409573),.UNSPECIFIED.) CURVE() 
GEOMETRIC_REPRESENTATION_ITEM() RATIONAL_B_SPLINE_CURVE((1.,0.5,1.,0.5,
1.,0.5,1.)) REPRESENTATION_ITEM('') );
#9933 = CARTESIAN_POINT('',(0.25,9.310691592376E-32));
#9934 = CARTESIAN_POINT('',(0.25,-10.30570230503));
#9935 = CARTESIAN_POINT('',(-8.675,-5.152851152517));
#9936 = CARTESIAN_POINT('',(-17.6,-1.457329690985E-15));
#9937 = CARTESIAN_POINT('',(-8.675,5.152851152517));
#9938 = CARTESIAN_POINT('',(0.25,10.305702305035));
#9939 = CARTESIAN_POINT('',(0.25,9.310691592376E-32));
#9940 = ( GEOMETRIC_REPRESENTATION_CONTEXT(2) 
PARAMETRIC_REPRESENTATION_CONTEXT() REPRESENTATION_CONTEXT('2D SPACE',''
  ) );
#9941 = PCURVE('',#5665,#9942);
#9942 = DEFINITIONAL_REPRESENTATION('',(#9943),#9947);
#9943 = LINE('',#9944,#9945);
#9944 = CARTESIAN_POINT('',(-12.56637061435,-5.215));
#9945 = VECTOR('',#9946,1.);
#9946 = DIRECTION('',(1.,-0.));
#9947 = ( GEOMETRIC_REPRESENTATION_CONTEXT(2) 
PARAMETRIC_REPRESENTATION_CONTEXT() REPRESENTATION_CONTEXT('2D SPACE',''
  ) );
#9948 = ORIENTED_EDGE('',*,*,#9949,.T.);
#9949 = EDGE_CURVE('',#9922,#4162,#9950,.T.);
#9950 = SURFACE_CURVE('',#9951,(#9955,#9962),.PCURVE_S1.);
#9951 = LINE('',#9952,#9953);
#9952 = CARTESIAN_POINT('',(-46.,0.65,6.815));
#9953 = VECTOR('',#9954,1.);
#9954 = DIRECTION('',(-1.,1.224646799147E-16,0.));
#9955 = PCURVE('',#4178,#9956);
#9956 = DEFINITIONAL_REPRESENTATION('',(#9957),#9961);
#9957 = LINE('',#9958,#9959);
#9958 = CARTESIAN_POINT('',(-2.2,-0.65));
#9959 = VECTOR('',#9960,1.);
#9960 = DIRECTION('',(1.,0.));
#9961 = ( GEOMETRIC_REPRESENTATION_CONTEXT(2) 
PARAMETRIC_REPRESENTATION_CONTEXT() REPRESENTATION_CONTEXT('2D SPACE',''
  ) );
#9962 = PCURVE('',#4209,#9963);
#9963 = DEFINITIONAL_REPRESENTATION('',(#9964),#9968);
#9964 = LINE('',#9965,#9966);
#9965 = CARTESIAN_POINT('',(0.,-0.78));
#9966 = VECTOR('',#9967,1.);
#9967 = DIRECTION('',(1.,0.));
#9968 = ( GEOMETRIC_REPRESENTATION_CONTEXT(2) 
PARAMETRIC_REPRESENTATION_CONTEXT() REPRESENTATION_CONTEXT('2D SPACE',''
  ) );
#9969 = ORIENTED_EDGE('',*,*,#4159,.F.);
#9970 = ORIENTED_EDGE('',*,*,#9971,.T.);
#9971 = EDGE_CURVE('',#4160,#9920,#9972,.T.);
#9972 = SURFACE_CURVE('',#9973,(#9977,#9984),.PCURVE_S1.);
#9973 = LINE('',#9974,#9975);
#9974 = CARTESIAN_POINT('',(-50.4,-0.65,6.815));
#9975 = VECTOR('',#9976,1.);
#9976 = DIRECTION('',(1.,-1.224646799147E-16,0.));
#9977 = PCURVE('',#4178,#9978);
#9978 = DEFINITIONAL_REPRESENTATION('',(#9979),#9983);
#9979 = LINE('',#9980,#9981);
#9980 = CARTESIAN_POINT('',(2.2,0.65));
#9981 = VECTOR('',#9982,1.);
#9982 = DIRECTION('',(-1.,0.));
#9983 = ( GEOMETRIC_REPRESENTATION_CONTEXT(2) 
PARAMETRIC_REPRESENTATION_CONTEXT() REPRESENTATION_CONTEXT('2D SPACE',''
  ) );
#9984 = PCURVE('',#4266,#9985);
#9985 = DEFINITIONAL_REPRESENTATION('',(#9986),#9990);
#9986 = LINE('',#9987,#9988);
#9987 = CARTESIAN_POINT('',(0.,-0.78));
#9988 = VECTOR('',#9989,1.);
#9989 = DIRECTION('',(1.,0.));
#9990 = ( GEOMETRIC_REPRESENTATION_CONTEXT(2) 
PARAMETRIC_REPRESENTATION_CONTEXT() REPRESENTATION_CONTEXT('2D SPACE',''
  ) );
#9991 = ADVANCED_FACE('',(#9992),#4266,.T.);
#9992 = FACE_BOUND('',#9993,.T.);
#9993 = EDGE_LOOP('',(#9994,#10017,#10018,#10019));
#9994 = ORIENTED_EDGE('',*,*,#9995,.F.);
#9995 = EDGE_CURVE('',#4221,#9996,#9998,.T.);
#9996 = VERTEX_POINT('',#9997);
#9997 = CARTESIAN_POINT('',(-48.41438923304,-0.65,6.035));
#9998 = SURFACE_CURVE('',#9999,(#10003,#10010),.PCURVE_S1.);
#9999 = LINE('',#10000,#10001);
#10000 = CARTESIAN_POINT('',(-50.4,-0.65,6.035));
#10001 = VECTOR('',#10002,1.);
#10002 = DIRECTION('',(1.,-1.224646799147E-16,0.));
#10003 = PCURVE('',#4266,#10004);
#10004 = DEFINITIONAL_REPRESENTATION('',(#10005),#10009);
#10005 = LINE('',#10006,#10007);
#10006 = CARTESIAN_POINT('',(0.,0.));
#10007 = VECTOR('',#10008,1.);
#10008 = DIRECTION('',(1.,0.));
#10009 = ( GEOMETRIC_REPRESENTATION_CONTEXT(2) 
PARAMETRIC_REPRESENTATION_CONTEXT() REPRESENTATION_CONTEXT('2D SPACE',''
  ) );
#10010 = PCURVE('',#4237,#10011);
#10011 = DEFINITIONAL_REPRESENTATION('',(#10012),#10016);
#10012 = LINE('',#10013,#10014);
#10013 = CARTESIAN_POINT('',(2.2,0.65));
#10014 = VECTOR('',#10015,1.);
#10015 = DIRECTION('',(-1.,0.));
#10016 = ( GEOMETRIC_REPRESENTATION_CONTEXT(2) 
PARAMETRIC_REPRESENTATION_CONTEXT() REPRESENTATION_CONTEXT('2D SPACE',''
  ) );
#10017 = ORIENTED_EDGE('',*,*,#4253,.F.);
#10018 = ORIENTED_EDGE('',*,*,#9971,.T.);
#10019 = ORIENTED_EDGE('',*,*,#10020,.T.);
#10020 = EDGE_CURVE('',#9920,#9996,#10021,.T.);
#10021 = SURFACE_CURVE('',#10022,(#10026,#10032),.PCURVE_S1.);
#10022 = LINE('',#10023,#10024);
#10023 = CARTESIAN_POINT('',(-48.41438923304,-0.65,1.6));
#10024 = VECTOR('',#10025,1.);
#10025 = DIRECTION('',(0.,0.,-1.));
#10026 = PCURVE('',#4266,#10027);
#10027 = DEFINITIONAL_REPRESENTATION('',(#10028),#10031);
#10028 = B_SPLINE_CURVE_WITH_KNOTS('',1,(#10029,#10030),.UNSPECIFIED.,
  .F.,.F.,(2,2),(-5.293,-4.357),.PIECEWISE_BEZIER_KNOTS.);
#10029 = CARTESIAN_POINT('',(1.985610766952,-0.858));
#10030 = CARTESIAN_POINT('',(1.985610766952,7.8E-02));
#10031 = ( GEOMETRIC_REPRESENTATION_CONTEXT(2) 
PARAMETRIC_REPRESENTATION_CONTEXT() REPRESENTATION_CONTEXT('2D SPACE',''
  ) );
#10032 = PCURVE('',#5665,#10033);
#10033 = DEFINITIONAL_REPRESENTATION('',(#10034),#10037);
#10034 = B_SPLINE_CURVE_WITH_KNOTS('',1,(#10035,#10036),.UNSPECIFIED.,
  .F.,.F.,(2,2),(-5.293,-4.357),.PIECEWISE_BEZIER_KNOTS.);
#10035 = CARTESIAN_POINT('',(-6.392647469032,-5.293));
#10036 = CARTESIAN_POINT('',(-6.392647469032,-4.357));
#10037 = ( GEOMETRIC_REPRESENTATION_CONTEXT(2) 
PARAMETRIC_REPRESENTATION_CONTEXT() REPRESENTATION_CONTEXT('2D SPACE',''
  ) );
#10038 = ADVANCED_FACE('',(#10039),#4209,.T.);
#10039 = FACE_BOUND('',#10040,.T.);
#10040 = EDGE_LOOP('',(#10041,#10064,#10083,#10084));
#10041 = ORIENTED_EDGE('',*,*,#10042,.F.);
#10042 = EDGE_CURVE('',#10043,#4195,#10045,.T.);
#10043 = VERTEX_POINT('',#10044);
#10044 = CARTESIAN_POINT('',(-48.41438923304,0.65,6.035));
#10045 = SURFACE_CURVE('',#10046,(#10050,#10057),.PCURVE_S1.);
#10046 = LINE('',#10047,#10048);
#10047 = CARTESIAN_POINT('',(-46.,0.65,6.035));
#10048 = VECTOR('',#10049,1.);
#10049 = DIRECTION('',(-1.,1.224646799147E-16,0.));
#10050 = PCURVE('',#4209,#10051);
#10051 = DEFINITIONAL_REPRESENTATION('',(#10052),#10056);
#10052 = LINE('',#10053,#10054);
#10053 = CARTESIAN_POINT('',(0.,0.));
#10054 = VECTOR('',#10055,1.);
#10055 = DIRECTION('',(1.,0.));
#10056 = ( GEOMETRIC_REPRESENTATION_CONTEXT(2) 
PARAMETRIC_REPRESENTATION_CONTEXT() REPRESENTATION_CONTEXT('2D SPACE',''
  ) );
#10057 = PCURVE('',#4237,#10058);
#10058 = DEFINITIONAL_REPRESENTATION('',(#10059),#10063);
#10059 = LINE('',#10060,#10061);
#10060 = CARTESIAN_POINT('',(-2.2,-0.65));
#10061 = VECTOR('',#10062,1.);
#10062 = DIRECTION('',(1.,0.));
#10063 = ( GEOMETRIC_REPRESENTATION_CONTEXT(2) 
PARAMETRIC_REPRESENTATION_CONTEXT() REPRESENTATION_CONTEXT('2D SPACE',''
  ) );
#10064 = ORIENTED_EDGE('',*,*,#10065,.F.);
#10065 = EDGE_CURVE('',#9922,#10043,#10066,.T.);
#10066 = SURFACE_CURVE('',#10067,(#10071,#10077),.PCURVE_S1.);
#10067 = LINE('',#10068,#10069);
#10068 = CARTESIAN_POINT('',(-48.41438923304,0.65,1.6));
#10069 = VECTOR('',#10070,1.);
#10070 = DIRECTION('',(0.,0.,-1.));
#10071 = PCURVE('',#4209,#10072);
#10072 = DEFINITIONAL_REPRESENTATION('',(#10073),#10076);
#10073 = B_SPLINE_CURVE_WITH_KNOTS('',1,(#10074,#10075),.UNSPECIFIED.,
  .F.,.F.,(2,2),(-5.293,-4.357),.PIECEWISE_BEZIER_KNOTS.);
#10074 = CARTESIAN_POINT('',(2.414389233048,-0.858));
#10075 = CARTESIAN_POINT('',(2.414389233048,7.8E-02));
#10076 = ( GEOMETRIC_REPRESENTATION_CONTEXT(2) 
PARAMETRIC_REPRESENTATION_CONTEXT() REPRESENTATION_CONTEXT('2D SPACE',''
  ) );
#10077 = PCURVE('',#5665,#10078);
#10078 = DEFINITIONAL_REPRESENTATION('',(#10079),#10082);
#10079 = B_SPLINE_CURVE_WITH_KNOTS('',1,(#10080,#10081),.UNSPECIFIED.,
  .F.,.F.,(2,2),(-5.293,-4.357),.PIECEWISE_BEZIER_KNOTS.);
#10080 = CARTESIAN_POINT('',(-6.173723145327,-5.293));
#10081 = CARTESIAN_POINT('',(-6.173723145327,-4.357));
#10082 = ( GEOMETRIC_REPRESENTATION_CONTEXT(2) 
PARAMETRIC_REPRESENTATION_CONTEXT() REPRESENTATION_CONTEXT('2D SPACE',''
  ) );
#10083 = ORIENTED_EDGE('',*,*,#9949,.T.);
#10084 = ORIENTED_EDGE('',*,*,#4194,.T.);
#10085 = ADVANCED_FACE('',(#10086),#4237,.T.);
#10086 = FACE_BOUND('',#10087,.T.);
#10087 = EDGE_LOOP('',(#10088,#10114,#10115,#10116));
#10088 = ORIENTED_EDGE('',*,*,#10089,.T.);
#10089 = EDGE_CURVE('',#9996,#10043,#10090,.T.);
#10090 = SURFACE_CURVE('',#10091,(#10096,#10107),.PCURVE_S1.);
#10091 = CIRCLE('',#10092,5.95);
#10092 = AXIS2_PLACEMENT_3D('',#10093,#10094,#10095);
#10093 = CARTESIAN_POINT('',(-42.5,5.204748896376E-15,6.035));
#10094 = DIRECTION('',(0.,0.,-1.));
#10095 = DIRECTION('',(-1.,1.224646799147E-16,0.));
#10096 = PCURVE('',#4237,#10097);
#10097 = DEFINITIONAL_REPRESENTATION('',(#10098),#10106);
#10098 = ( BOUNDED_CURVE() B_SPLINE_CURVE(2,(#10099,#10100,#10101,#10102
    ,#10103,#10104,#10105),.UNSPECIFIED.,.T.,.F.) 
B_SPLINE_CURVE_WITH_KNOTS((1,2,2,2,2,1),(-2.094395102393,0.,
    2.094395102393,4.188790204786,6.28318530718,8.377580409573),
.UNSPECIFIED.) CURVE() GEOMETRIC_REPRESENTATION_ITEM() 
RATIONAL_B_SPLINE_CURVE((1.,0.5,1.,0.5,1.,0.5,1.)) REPRESENTATION_ITEM(
  '') );
#10099 = CARTESIAN_POINT('',(0.25,9.310691592376E-32));
#10100 = CARTESIAN_POINT('',(0.25,-10.30570230503));
#10101 = CARTESIAN_POINT('',(-8.675,-5.152851152517));
#10102 = CARTESIAN_POINT('',(-17.6,-1.457329690985E-15));
#10103 = CARTESIAN_POINT('',(-8.675,5.152851152517));
#10104 = CARTESIAN_POINT('',(0.25,10.305702305035));
#10105 = CARTESIAN_POINT('',(0.25,9.310691592376E-32));
#10106 = ( GEOMETRIC_REPRESENTATION_CONTEXT(2) 
PARAMETRIC_REPRESENTATION_CONTEXT() REPRESENTATION_CONTEXT('2D SPACE',''
  ) );
#10107 = PCURVE('',#5665,#10108);
#10108 = DEFINITIONAL_REPRESENTATION('',(#10109),#10113);
#10109 = LINE('',#10110,#10111);
#10110 = CARTESIAN_POINT('',(-12.56637061435,-4.435));
#10111 = VECTOR('',#10112,1.);
#10112 = DIRECTION('',(1.,-0.));
#10113 = ( GEOMETRIC_REPRESENTATION_CONTEXT(2) 
PARAMETRIC_REPRESENTATION_CONTEXT() REPRESENTATION_CONTEXT('2D SPACE',''
  ) );
#10114 = ORIENTED_EDGE('',*,*,#10042,.T.);
#10115 = ORIENTED_EDGE('',*,*,#4220,.F.);
#10116 = ORIENTED_EDGE('',*,*,#9995,.T.);
#10117 = ADVANCED_FACE('',(#10118),#4298,.F.);
#10118 = FACE_BOUND('',#10119,.F.);
#10119 = EDGE_LOOP('',(#10120,#10150,#10171,#10172));
#10120 = ORIENTED_EDGE('',*,*,#10121,.T.);
#10121 = EDGE_CURVE('',#10122,#10124,#10126,.T.);
#10122 = VERTEX_POINT('',#10123);
#10123 = CARTESIAN_POINT('',(-48.41438923304,-0.65,5.765));
#10124 = VERTEX_POINT('',#10125);
#10125 = CARTESIAN_POINT('',(-48.41438923304,0.65,5.765));
#10126 = SURFACE_CURVE('',#10127,(#10132,#10143),.PCURVE_S1.);
#10127 = CIRCLE('',#10128,5.95);
#10128 = AXIS2_PLACEMENT_3D('',#10129,#10130,#10131);
#10129 = CARTESIAN_POINT('',(-42.5,5.204748896376E-15,5.765));
#10130 = DIRECTION('',(0.,0.,-1.));
#10131 = DIRECTION('',(-1.,1.224646799147E-16,0.));
#10132 = PCURVE('',#4298,#10133);
#10133 = DEFINITIONAL_REPRESENTATION('',(#10134),#10142);
#10134 = ( BOUNDED_CURVE() B_SPLINE_CURVE(2,(#10135,#10136,#10137,#10138
    ,#10139,#10140,#10141),.UNSPECIFIED.,.T.,.F.) 
B_SPLINE_CURVE_WITH_KNOTS((1,2,2,2,2,1),(-2.094395102393,0.,
    2.094395102393,4.188790204786,6.28318530718,8.377580409573),
.UNSPECIFIED.) CURVE() GEOMETRIC_REPRESENTATION_ITEM() 
RATIONAL_B_SPLINE_CURVE((1.,0.5,1.,0.5,1.,0.5,1.)) REPRESENTATION_ITEM(
  '') );
#10135 = CARTESIAN_POINT('',(0.25,9.310691592376E-32));
#10136 = CARTESIAN_POINT('',(0.25,-10.30570230503));
#10137 = CARTESIAN_POINT('',(-8.675,-5.152851152517));
#10138 = CARTESIAN_POINT('',(-17.6,-1.457329690985E-15));
#10139 = CARTESIAN_POINT('',(-8.675,5.152851152517));
#10140 = CARTESIAN_POINT('',(0.25,10.305702305035));
#10141 = CARTESIAN_POINT('',(0.25,9.310691592376E-32));
#10142 = ( GEOMETRIC_REPRESENTATION_CONTEXT(2) 
PARAMETRIC_REPRESENTATION_CONTEXT() REPRESENTATION_CONTEXT('2D SPACE',''
  ) );
#10143 = PCURVE('',#5665,#10144);
#10144 = DEFINITIONAL_REPRESENTATION('',(#10145),#10149);
#10145 = LINE('',#10146,#10147);
#10146 = CARTESIAN_POINT('',(-12.56637061435,-4.165));
#10147 = VECTOR('',#10148,1.);
#10148 = DIRECTION('',(1.,-0.));
#10149 = ( GEOMETRIC_REPRESENTATION_CONTEXT(2) 
PARAMETRIC_REPRESENTATION_CONTEXT() REPRESENTATION_CONTEXT('2D SPACE',''
  ) );
#10150 = ORIENTED_EDGE('',*,*,#10151,.T.);
#10151 = EDGE_CURVE('',#10124,#4282,#10152,.T.);
#10152 = SURFACE_CURVE('',#10153,(#10157,#10164),.PCURVE_S1.);
#10153 = LINE('',#10154,#10155);
#10154 = CARTESIAN_POINT('',(-46.,0.65,5.765));
#10155 = VECTOR('',#10156,1.);
#10156 = DIRECTION('',(-1.,1.224646799147E-16,0.));
#10157 = PCURVE('',#4298,#10158);
#10158 = DEFINITIONAL_REPRESENTATION('',(#10159),#10163);
#10159 = LINE('',#10160,#10161);
#10160 = CARTESIAN_POINT('',(-2.2,-0.65));
#10161 = VECTOR('',#10162,1.);
#10162 = DIRECTION('',(1.,0.));
#10163 = ( GEOMETRIC_REPRESENTATION_CONTEXT(2) 
PARAMETRIC_REPRESENTATION_CONTEXT() REPRESENTATION_CONTEXT('2D SPACE',''
  ) );
#10164 = PCURVE('',#4329,#10165);
#10165 = DEFINITIONAL_REPRESENTATION('',(#10166),#10170);
#10166 = LINE('',#10167,#10168);
#10167 = CARTESIAN_POINT('',(0.,-0.78));
#10168 = VECTOR('',#10169,1.);
#10169 = DIRECTION('',(1.,0.));
#10170 = ( GEOMETRIC_REPRESENTATION_CONTEXT(2) 
PARAMETRIC_REPRESENTATION_CONTEXT() REPRESENTATION_CONTEXT('2D SPACE',''
  ) );
#10171 = ORIENTED_EDGE('',*,*,#4279,.F.);
#10172 = ORIENTED_EDGE('',*,*,#10173,.T.);
#10173 = EDGE_CURVE('',#4280,#10122,#10174,.T.);
#10174 = SURFACE_CURVE('',#10175,(#10179,#10186),.PCURVE_S1.);
#10175 = LINE('',#10176,#10177);
#10176 = CARTESIAN_POINT('',(-50.4,-0.65,5.765));
#10177 = VECTOR('',#10178,1.);
#10178 = DIRECTION('',(1.,-1.224646799147E-16,0.));
#10179 = PCURVE('',#4298,#10180);
#10180 = DEFINITIONAL_REPRESENTATION('',(#10181),#10185);
#10181 = LINE('',#10182,#10183);
#10182 = CARTESIAN_POINT('',(2.2,0.65));
#10183 = VECTOR('',#10184,1.);
#10184 = DIRECTION('',(-1.,0.));
#10185 = ( GEOMETRIC_REPRESENTATION_CONTEXT(2) 
PARAMETRIC_REPRESENTATION_CONTEXT() REPRESENTATION_CONTEXT('2D SPACE',''
  ) );
#10186 = PCURVE('',#4386,#10187);
#10187 = DEFINITIONAL_REPRESENTATION('',(#10188),#10192);
#10188 = LINE('',#10189,#10190);
#10189 = CARTESIAN_POINT('',(0.,-0.78));
#10190 = VECTOR('',#10191,1.);
#10191 = DIRECTION('',(1.,0.));
#10192 = ( GEOMETRIC_REPRESENTATION_CONTEXT(2) 
PARAMETRIC_REPRESENTATION_CONTEXT() REPRESENTATION_CONTEXT('2D SPACE',''
  ) );
#10193 = ADVANCED_FACE('',(#10194),#4386,.T.);
#10194 = FACE_BOUND('',#10195,.T.);
#10195 = EDGE_LOOP('',(#10196,#10219,#10220,#10221));
#10196 = ORIENTED_EDGE('',*,*,#10197,.F.);
#10197 = EDGE_CURVE('',#4341,#10198,#10200,.T.);
#10198 = VERTEX_POINT('',#10199);
#10199 = CARTESIAN_POINT('',(-48.41438923304,-0.65,4.985));
#10200 = SURFACE_CURVE('',#10201,(#10205,#10212),.PCURVE_S1.);
#10201 = LINE('',#10202,#10203);
#10202 = CARTESIAN_POINT('',(-50.4,-0.65,4.985));
#10203 = VECTOR('',#10204,1.);
#10204 = DIRECTION('',(1.,-1.224646799147E-16,0.));
#10205 = PCURVE('',#4386,#10206);
#10206 = DEFINITIONAL_REPRESENTATION('',(#10207),#10211);
#10207 = LINE('',#10208,#10209);
#10208 = CARTESIAN_POINT('',(0.,0.));
#10209 = VECTOR('',#10210,1.);
#10210 = DIRECTION('',(1.,0.));
#10211 = ( GEOMETRIC_REPRESENTATION_CONTEXT(2) 
PARAMETRIC_REPRESENTATION_CONTEXT() REPRESENTATION_CONTEXT('2D SPACE',''
  ) );
#10212 = PCURVE('',#4357,#10213);
#10213 = DEFINITIONAL_REPRESENTATION('',(#10214),#10218);
#10214 = LINE('',#10215,#10216);
#10215 = CARTESIAN_POINT('',(2.2,0.65));
#10216 = VECTOR('',#10217,1.);
#10217 = DIRECTION('',(-1.,0.));
#10218 = ( GEOMETRIC_REPRESENTATION_CONTEXT(2) 
PARAMETRIC_REPRESENTATION_CONTEXT() REPRESENTATION_CONTEXT('2D SPACE',''
  ) );
#10219 = ORIENTED_EDGE('',*,*,#4373,.F.);
#10220 = ORIENTED_EDGE('',*,*,#10173,.T.);
#10221 = ORIENTED_EDGE('',*,*,#10222,.T.);
#10222 = EDGE_CURVE('',#10122,#10198,#10223,.T.);
#10223 = SURFACE_CURVE('',#10224,(#10228,#10234),.PCURVE_S1.);
#10224 = LINE('',#10225,#10226);
#10225 = CARTESIAN_POINT('',(-48.41438923304,-0.65,1.6));
#10226 = VECTOR('',#10227,1.);
#10227 = DIRECTION('',(0.,0.,-1.));
#10228 = PCURVE('',#4386,#10229);
#10229 = DEFINITIONAL_REPRESENTATION('',(#10230),#10233);
#10230 = B_SPLINE_CURVE_WITH_KNOTS('',1,(#10231,#10232),.UNSPECIFIED.,
  .F.,.F.,(2,2),(-4.243,-3.307),.PIECEWISE_BEZIER_KNOTS.);
#10231 = CARTESIAN_POINT('',(1.985610766952,-0.858));
#10232 = CARTESIAN_POINT('',(1.985610766952,7.8E-02));
#10233 = ( GEOMETRIC_REPRESENTATION_CONTEXT(2) 
PARAMETRIC_REPRESENTATION_CONTEXT() REPRESENTATION_CONTEXT('2D SPACE',''
  ) );
#10234 = PCURVE('',#5665,#10235);
#10235 = DEFINITIONAL_REPRESENTATION('',(#10236),#10239);
#10236 = B_SPLINE_CURVE_WITH_KNOTS('',1,(#10237,#10238),.UNSPECIFIED.,
  .F.,.F.,(2,2),(-4.243,-3.307),.PIECEWISE_BEZIER_KNOTS.);
#10237 = CARTESIAN_POINT('',(-6.392647469032,-4.243));
#10238 = CARTESIAN_POINT('',(-6.392647469032,-3.307));
#10239 = ( GEOMETRIC_REPRESENTATION_CONTEXT(2) 
PARAMETRIC_REPRESENTATION_CONTEXT() REPRESENTATION_CONTEXT('2D SPACE',''
  ) );
#10240 = ADVANCED_FACE('',(#10241),#4329,.T.);
#10241 = FACE_BOUND('',#10242,.T.);
#10242 = EDGE_LOOP('',(#10243,#10266,#10285,#10286));
#10243 = ORIENTED_EDGE('',*,*,#10244,.F.);
#10244 = EDGE_CURVE('',#10245,#4315,#10247,.T.);
#10245 = VERTEX_POINT('',#10246);
#10246 = CARTESIAN_POINT('',(-48.41438923304,0.65,4.985));
#10247 = SURFACE_CURVE('',#10248,(#10252,#10259),.PCURVE_S1.);
#10248 = LINE('',#10249,#10250);
#10249 = CARTESIAN_POINT('',(-46.,0.65,4.985));
#10250 = VECTOR('',#10251,1.);
#10251 = DIRECTION('',(-1.,1.224646799147E-16,0.));
#10252 = PCURVE('',#4329,#10253);
#10253 = DEFINITIONAL_REPRESENTATION('',(#10254),#10258);
#10254 = LINE('',#10255,#10256);
#10255 = CARTESIAN_POINT('',(0.,0.));
#10256 = VECTOR('',#10257,1.);
#10257 = DIRECTION('',(1.,0.));
#10258 = ( GEOMETRIC_REPRESENTATION_CONTEXT(2) 
PARAMETRIC_REPRESENTATION_CONTEXT() REPRESENTATION_CONTEXT('2D SPACE',''
  ) );
#10259 = PCURVE('',#4357,#10260);
#10260 = DEFINITIONAL_REPRESENTATION('',(#10261),#10265);
#10261 = LINE('',#10262,#10263);
#10262 = CARTESIAN_POINT('',(-2.2,-0.65));
#10263 = VECTOR('',#10264,1.);
#10264 = DIRECTION('',(1.,0.));
#10265 = ( GEOMETRIC_REPRESENTATION_CONTEXT(2) 
PARAMETRIC_REPRESENTATION_CONTEXT() REPRESENTATION_CONTEXT('2D SPACE',''
  ) );
#10266 = ORIENTED_EDGE('',*,*,#10267,.F.);
#10267 = EDGE_CURVE('',#10124,#10245,#10268,.T.);
#10268 = SURFACE_CURVE('',#10269,(#10273,#10279),.PCURVE_S1.);
#10269 = LINE('',#10270,#10271);
#10270 = CARTESIAN_POINT('',(-48.41438923304,0.65,1.6));
#10271 = VECTOR('',#10272,1.);
#10272 = DIRECTION('',(0.,0.,-1.));
#10273 = PCURVE('',#4329,#10274);
#10274 = DEFINITIONAL_REPRESENTATION('',(#10275),#10278);
#10275 = B_SPLINE_CURVE_WITH_KNOTS('',1,(#10276,#10277),.UNSPECIFIED.,
  .F.,.F.,(2,2),(-4.243,-3.307),.PIECEWISE_BEZIER_KNOTS.);
#10276 = CARTESIAN_POINT('',(2.414389233048,-0.858));
#10277 = CARTESIAN_POINT('',(2.414389233048,7.8E-02));
#10278 = ( GEOMETRIC_REPRESENTATION_CONTEXT(2) 
PARAMETRIC_REPRESENTATION_CONTEXT() REPRESENTATION_CONTEXT('2D SPACE',''
  ) );
#10279 = PCURVE('',#5665,#10280);
#10280 = DEFINITIONAL_REPRESENTATION('',(#10281),#10284);
#10281 = B_SPLINE_CURVE_WITH_KNOTS('',1,(#10282,#10283),.UNSPECIFIED.,
  .F.,.F.,(2,2),(-4.243,-3.307),.PIECEWISE_BEZIER_KNOTS.);
#10282 = CARTESIAN_POINT('',(-6.173723145327,-4.243));
#10283 = CARTESIAN_POINT('',(-6.173723145327,-3.307));
#10284 = ( GEOMETRIC_REPRESENTATION_CONTEXT(2) 
PARAMETRIC_REPRESENTATION_CONTEXT() REPRESENTATION_CONTEXT('2D SPACE',''
  ) );
#10285 = ORIENTED_EDGE('',*,*,#10151,.T.);
#10286 = ORIENTED_EDGE('',*,*,#4314,.T.);
#10287 = ADVANCED_FACE('',(#10288),#4357,.T.);
#10288 = FACE_BOUND('',#10289,.T.);
#10289 = EDGE_LOOP('',(#10290,#10316,#10317,#10318));
#10290 = ORIENTED_EDGE('',*,*,#10291,.T.);
#10291 = EDGE_CURVE('',#10198,#10245,#10292,.T.);
#10292 = SURFACE_CURVE('',#10293,(#10298,#10309),.PCURVE_S1.);
#10293 = CIRCLE('',#10294,5.95);
#10294 = AXIS2_PLACEMENT_3D('',#10295,#10296,#10297);
#10295 = CARTESIAN_POINT('',(-42.5,5.204748896376E-15,4.985));
#10296 = DIRECTION('',(0.,0.,-1.));
#10297 = DIRECTION('',(-1.,1.224646799147E-16,0.));
#10298 = PCURVE('',#4357,#10299);
#10299 = DEFINITIONAL_REPRESENTATION('',(#10300),#10308);
#10300 = ( BOUNDED_CURVE() B_SPLINE_CURVE(2,(#10301,#10302,#10303,#10304
    ,#10305,#10306,#10307),.UNSPECIFIED.,.T.,.F.) 
B_SPLINE_CURVE_WITH_KNOTS((1,2,2,2,2,1),(-2.094395102393,0.,
    2.094395102393,4.188790204786,6.28318530718,8.377580409573),
.UNSPECIFIED.) CURVE() GEOMETRIC_REPRESENTATION_ITEM() 
RATIONAL_B_SPLINE_CURVE((1.,0.5,1.,0.5,1.,0.5,1.)) REPRESENTATION_ITEM(
  '') );
#10301 = CARTESIAN_POINT('',(0.25,9.310691592376E-32));
#10302 = CARTESIAN_POINT('',(0.25,-10.30570230503));
#10303 = CARTESIAN_POINT('',(-8.675,-5.152851152517));
#10304 = CARTESIAN_POINT('',(-17.6,-1.457329690985E-15));
#10305 = CARTESIAN_POINT('',(-8.675,5.152851152517));
#10306 = CARTESIAN_POINT('',(0.25,10.305702305035));
#10307 = CARTESIAN_POINT('',(0.25,9.310691592376E-32));
#10308 = ( GEOMETRIC_REPRESENTATION_CONTEXT(2) 
PARAMETRIC_REPRESENTATION_CONTEXT() REPRESENTATION_CONTEXT('2D SPACE',''
  ) );
#10309 = PCURVE('',#5665,#10310);
#10310 = DEFINITIONAL_REPRESENTATION('',(#10311),#10315);
#10311 = LINE('',#10312,#10313);
#10312 = CARTESIAN_POINT('',(-12.56637061435,-3.385));
#10313 = VECTOR('',#10314,1.);
#10314 = DIRECTION('',(1.,-0.));
#10315 = ( GEOMETRIC_REPRESENTATION_CONTEXT(2) 
PARAMETRIC_REPRESENTATION_CONTEXT() REPRESENTATION_CONTEXT('2D SPACE',''
  ) );
#10316 = ORIENTED_EDGE('',*,*,#10244,.T.);
#10317 = ORIENTED_EDGE('',*,*,#4340,.F.);
#10318 = ORIENTED_EDGE('',*,*,#10197,.T.);
#10319 = ADVANCED_FACE('',(#10320),#4418,.F.);
#10320 = FACE_BOUND('',#10321,.F.);
#10321 = EDGE_LOOP('',(#10322,#10352,#10373,#10374));
#10322 = ORIENTED_EDGE('',*,*,#10323,.T.);
#10323 = EDGE_CURVE('',#10324,#10326,#10328,.T.);
#10324 = VERTEX_POINT('',#10325);
#10325 = CARTESIAN_POINT('',(-48.41438923304,-0.65,4.715));
#10326 = VERTEX_POINT('',#10327);
#10327 = CARTESIAN_POINT('',(-48.41438923304,0.65,4.715));
#10328 = SURFACE_CURVE('',#10329,(#10334,#10345),.PCURVE_S1.);
#10329 = CIRCLE('',#10330,5.95);
#10330 = AXIS2_PLACEMENT_3D('',#10331,#10332,#10333);
#10331 = CARTESIAN_POINT('',(-42.5,5.204748896376E-15,4.715));
#10332 = DIRECTION('',(0.,0.,-1.));
#10333 = DIRECTION('',(-1.,1.224646799147E-16,0.));
#10334 = PCURVE('',#4418,#10335);
#10335 = DEFINITIONAL_REPRESENTATION('',(#10336),#10344);
#10336 = ( BOUNDED_CURVE() B_SPLINE_CURVE(2,(#10337,#10338,#10339,#10340
    ,#10341,#10342,#10343),.UNSPECIFIED.,.T.,.F.) 
B_SPLINE_CURVE_WITH_KNOTS((1,2,2,2,2,1),(-2.094395102393,0.,
    2.094395102393,4.188790204786,6.28318530718,8.377580409573),
.UNSPECIFIED.) CURVE() GEOMETRIC_REPRESENTATION_ITEM() 
RATIONAL_B_SPLINE_CURVE((1.,0.5,1.,0.5,1.,0.5,1.)) REPRESENTATION_ITEM(
  '') );
#10337 = CARTESIAN_POINT('',(0.25,9.310691592376E-32));
#10338 = CARTESIAN_POINT('',(0.25,-10.30570230503));
#10339 = CARTESIAN_POINT('',(-8.675,-5.152851152517));
#10340 = CARTESIAN_POINT('',(-17.6,-1.457329690985E-15));
#10341 = CARTESIAN_POINT('',(-8.675,5.152851152517));
#10342 = CARTESIAN_POINT('',(0.25,10.305702305035));
#10343 = CARTESIAN_POINT('',(0.25,9.310691592376E-32));
#10344 = ( GEOMETRIC_REPRESENTATION_CONTEXT(2) 
PARAMETRIC_REPRESENTATION_CONTEXT() REPRESENTATION_CONTEXT('2D SPACE',''
  ) );
#10345 = PCURVE('',#5665,#10346);
#10346 = DEFINITIONAL_REPRESENTATION('',(#10347),#10351);
#10347 = LINE('',#10348,#10349);
#10348 = CARTESIAN_POINT('',(-12.56637061435,-3.115));
#10349 = VECTOR('',#10350,1.);
#10350 = DIRECTION('',(1.,-0.));
#10351 = ( GEOMETRIC_REPRESENTATION_CONTEXT(2) 
PARAMETRIC_REPRESENTATION_CONTEXT() REPRESENTATION_CONTEXT('2D SPACE',''
  ) );
#10352 = ORIENTED_EDGE('',*,*,#10353,.T.);
#10353 = EDGE_CURVE('',#10326,#4402,#10354,.T.);
#10354 = SURFACE_CURVE('',#10355,(#10359,#10366),.PCURVE_S1.);
#10355 = LINE('',#10356,#10357);
#10356 = CARTESIAN_POINT('',(-46.,0.65,4.715));
#10357 = VECTOR('',#10358,1.);
#10358 = DIRECTION('',(-1.,1.224646799147E-16,0.));
#10359 = PCURVE('',#4418,#10360);
#10360 = DEFINITIONAL_REPRESENTATION('',(#10361),#10365);
#10361 = LINE('',#10362,#10363);
#10362 = CARTESIAN_POINT('',(-2.2,-0.65));
#10363 = VECTOR('',#10364,1.);
#10364 = DIRECTION('',(1.,0.));
#10365 = ( GEOMETRIC_REPRESENTATION_CONTEXT(2) 
PARAMETRIC_REPRESENTATION_CONTEXT() REPRESENTATION_CONTEXT('2D SPACE',''
  ) );
#10366 = PCURVE('',#4449,#10367);
#10367 = DEFINITIONAL_REPRESENTATION('',(#10368),#10372);
#10368 = LINE('',#10369,#10370);
#10369 = CARTESIAN_POINT('',(0.,-0.78));
#10370 = VECTOR('',#10371,1.);
#10371 = DIRECTION('',(1.,0.));
#10372 = ( GEOMETRIC_REPRESENTATION_CONTEXT(2) 
PARAMETRIC_REPRESENTATION_CONTEXT() REPRESENTATION_CONTEXT('2D SPACE',''
  ) );
#10373 = ORIENTED_EDGE('',*,*,#4399,.F.);
#10374 = ORIENTED_EDGE('',*,*,#10375,.T.);
#10375 = EDGE_CURVE('',#4400,#10324,#10376,.T.);
#10376 = SURFACE_CURVE('',#10377,(#10381,#10388),.PCURVE_S1.);
#10377 = LINE('',#10378,#10379);
#10378 = CARTESIAN_POINT('',(-50.4,-0.65,4.715));
#10379 = VECTOR('',#10380,1.);
#10380 = DIRECTION('',(1.,-1.224646799147E-16,0.));
#10381 = PCURVE('',#4418,#10382);
#10382 = DEFINITIONAL_REPRESENTATION('',(#10383),#10387);
#10383 = LINE('',#10384,#10385);
#10384 = CARTESIAN_POINT('',(2.2,0.65));
#10385 = VECTOR('',#10386,1.);
#10386 = DIRECTION('',(-1.,0.));
#10387 = ( GEOMETRIC_REPRESENTATION_CONTEXT(2) 
PARAMETRIC_REPRESENTATION_CONTEXT() REPRESENTATION_CONTEXT('2D SPACE',''
  ) );
#10388 = PCURVE('',#4506,#10389);
#10389 = DEFINITIONAL_REPRESENTATION('',(#10390),#10394);
#10390 = LINE('',#10391,#10392);
#10391 = CARTESIAN_POINT('',(0.,-0.78));
#10392 = VECTOR('',#10393,1.);
#10393 = DIRECTION('',(1.,0.));
#10394 = ( GEOMETRIC_REPRESENTATION_CONTEXT(2) 
PARAMETRIC_REPRESENTATION_CONTEXT() REPRESENTATION_CONTEXT('2D SPACE',''
  ) );
#10395 = ADVANCED_FACE('',(#10396),#4506,.T.);
#10396 = FACE_BOUND('',#10397,.T.);
#10397 = EDGE_LOOP('',(#10398,#10421,#10422,#10423));
#10398 = ORIENTED_EDGE('',*,*,#10399,.F.);
#10399 = EDGE_CURVE('',#4461,#10400,#10402,.T.);
#10400 = VERTEX_POINT('',#10401);
#10401 = CARTESIAN_POINT('',(-48.41438923304,-0.65,3.935));
#10402 = SURFACE_CURVE('',#10403,(#10407,#10414),.PCURVE_S1.);
#10403 = LINE('',#10404,#10405);
#10404 = CARTESIAN_POINT('',(-50.4,-0.65,3.935));
#10405 = VECTOR('',#10406,1.);
#10406 = DIRECTION('',(1.,-1.224646799147E-16,0.));
#10407 = PCURVE('',#4506,#10408);
#10408 = DEFINITIONAL_REPRESENTATION('',(#10409),#10413);
#10409 = LINE('',#10410,#10411);
#10410 = CARTESIAN_POINT('',(0.,0.));
#10411 = VECTOR('',#10412,1.);
#10412 = DIRECTION('',(1.,0.));
#10413 = ( GEOMETRIC_REPRESENTATION_CONTEXT(2) 
PARAMETRIC_REPRESENTATION_CONTEXT() REPRESENTATION_CONTEXT('2D SPACE',''
  ) );
#10414 = PCURVE('',#4477,#10415);
#10415 = DEFINITIONAL_REPRESENTATION('',(#10416),#10420);
#10416 = LINE('',#10417,#10418);
#10417 = CARTESIAN_POINT('',(2.2,0.65));
#10418 = VECTOR('',#10419,1.);
#10419 = DIRECTION('',(-1.,0.));
#10420 = ( GEOMETRIC_REPRESENTATION_CONTEXT(2) 
PARAMETRIC_REPRESENTATION_CONTEXT() REPRESENTATION_CONTEXT('2D SPACE',''
  ) );
#10421 = ORIENTED_EDGE('',*,*,#4493,.F.);
#10422 = ORIENTED_EDGE('',*,*,#10375,.T.);
#10423 = ORIENTED_EDGE('',*,*,#10424,.T.);
#10424 = EDGE_CURVE('',#10324,#10400,#10425,.T.);
#10425 = SURFACE_CURVE('',#10426,(#10430,#10436),.PCURVE_S1.);
#10426 = LINE('',#10427,#10428);
#10427 = CARTESIAN_POINT('',(-48.41438923304,-0.65,1.6));
#10428 = VECTOR('',#10429,1.);
#10429 = DIRECTION('',(0.,0.,-1.));
#10430 = PCURVE('',#4506,#10431);
#10431 = DEFINITIONAL_REPRESENTATION('',(#10432),#10435);
#10432 = B_SPLINE_CURVE_WITH_KNOTS('',1,(#10433,#10434),.UNSPECIFIED.,
  .F.,.F.,(2,2),(-3.193,-2.257),.PIECEWISE_BEZIER_KNOTS.);
#10433 = CARTESIAN_POINT('',(1.985610766952,-0.858));
#10434 = CARTESIAN_POINT('',(1.985610766952,7.8E-02));
#10435 = ( GEOMETRIC_REPRESENTATION_CONTEXT(2) 
PARAMETRIC_REPRESENTATION_CONTEXT() REPRESENTATION_CONTEXT('2D SPACE',''
  ) );
#10436 = PCURVE('',#5665,#10437);
#10437 = DEFINITIONAL_REPRESENTATION('',(#10438),#10441);
#10438 = B_SPLINE_CURVE_WITH_KNOTS('',1,(#10439,#10440),.UNSPECIFIED.,
  .F.,.F.,(2,2),(-3.193,-2.257),.PIECEWISE_BEZIER_KNOTS.);
#10439 = CARTESIAN_POINT('',(-6.392647469032,-3.193));
#10440 = CARTESIAN_POINT('',(-6.392647469032,-2.257));
#10441 = ( GEOMETRIC_REPRESENTATION_CONTEXT(2) 
PARAMETRIC_REPRESENTATION_CONTEXT() REPRESENTATION_CONTEXT('2D SPACE',''
  ) );
#10442 = ADVANCED_FACE('',(#10443),#4449,.T.);
#10443 = FACE_BOUND('',#10444,.T.);
#10444 = EDGE_LOOP('',(#10445,#10468,#10487,#10488));
#10445 = ORIENTED_EDGE('',*,*,#10446,.F.);
#10446 = EDGE_CURVE('',#10447,#4435,#10449,.T.);
#10447 = VERTEX_POINT('',#10448);
#10448 = CARTESIAN_POINT('',(-48.41438923304,0.65,3.935));
#10449 = SURFACE_CURVE('',#10450,(#10454,#10461),.PCURVE_S1.);
#10450 = LINE('',#10451,#10452);
#10451 = CARTESIAN_POINT('',(-46.,0.65,3.935));
#10452 = VECTOR('',#10453,1.);
#10453 = DIRECTION('',(-1.,1.224646799147E-16,0.));
#10454 = PCURVE('',#4449,#10455);
#10455 = DEFINITIONAL_REPRESENTATION('',(#10456),#10460);
#10456 = LINE('',#10457,#10458);
#10457 = CARTESIAN_POINT('',(0.,0.));
#10458 = VECTOR('',#10459,1.);
#10459 = DIRECTION('',(1.,0.));
#10460 = ( GEOMETRIC_REPRESENTATION_CONTEXT(2) 
PARAMETRIC_REPRESENTATION_CONTEXT() REPRESENTATION_CONTEXT('2D SPACE',''
  ) );
#10461 = PCURVE('',#4477,#10462);
#10462 = DEFINITIONAL_REPRESENTATION('',(#10463),#10467);
#10463 = LINE('',#10464,#10465);
#10464 = CARTESIAN_POINT('',(-2.2,-0.65));
#10465 = VECTOR('',#10466,1.);
#10466 = DIRECTION('',(1.,0.));
#10467 = ( GEOMETRIC_REPRESENTATION_CONTEXT(2) 
PARAMETRIC_REPRESENTATION_CONTEXT() REPRESENTATION_CONTEXT('2D SPACE',''
  ) );
#10468 = ORIENTED_EDGE('',*,*,#10469,.F.);
#10469 = EDGE_CURVE('',#10326,#10447,#10470,.T.);
#10470 = SURFACE_CURVE('',#10471,(#10475,#10481),.PCURVE_S1.);
#10471 = LINE('',#10472,#10473);
#10472 = CARTESIAN_POINT('',(-48.41438923304,0.65,1.6));
#10473 = VECTOR('',#10474,1.);
#10474 = DIRECTION('',(0.,0.,-1.));
#10475 = PCURVE('',#4449,#10476);
#10476 = DEFINITIONAL_REPRESENTATION('',(#10477),#10480);
#10477 = B_SPLINE_CURVE_WITH_KNOTS('',1,(#10478,#10479),.UNSPECIFIED.,
  .F.,.F.,(2,2),(-3.193,-2.257),.PIECEWISE_BEZIER_KNOTS.);
#10478 = CARTESIAN_POINT('',(2.414389233048,-0.858));
#10479 = CARTESIAN_POINT('',(2.414389233048,7.8E-02));
#10480 = ( GEOMETRIC_REPRESENTATION_CONTEXT(2) 
PARAMETRIC_REPRESENTATION_CONTEXT() REPRESENTATION_CONTEXT('2D SPACE',''
  ) );
#10481 = PCURVE('',#5665,#10482);
#10482 = DEFINITIONAL_REPRESENTATION('',(#10483),#10486);
#10483 = B_SPLINE_CURVE_WITH_KNOTS('',1,(#10484,#10485),.UNSPECIFIED.,
  .F.,.F.,(2,2),(-3.193,-2.257),.PIECEWISE_BEZIER_KNOTS.);
#10484 = CARTESIAN_POINT('',(-6.173723145327,-3.193));
#10485 = CARTESIAN_POINT('',(-6.173723145327,-2.257));
#10486 = ( GEOMETRIC_REPRESENTATION_CONTEXT(2) 
PARAMETRIC_REPRESENTATION_CONTEXT() REPRESENTATION_CONTEXT('2D SPACE',''
  ) );
#10487 = ORIENTED_EDGE('',*,*,#10353,.T.);
#10488 = ORIENTED_EDGE('',*,*,#4434,.T.);
#10489 = ADVANCED_FACE('',(#10490),#4477,.T.);
#10490 = FACE_BOUND('',#10491,.T.);
#10491 = EDGE_LOOP('',(#10492,#10518,#10519,#10520));
#10492 = ORIENTED_EDGE('',*,*,#10493,.T.);
#10493 = EDGE_CURVE('',#10400,#10447,#10494,.T.);
#10494 = SURFACE_CURVE('',#10495,(#10500,#10511),.PCURVE_S1.);
#10495 = CIRCLE('',#10496,5.95);
#10496 = AXIS2_PLACEMENT_3D('',#10497,#10498,#10499);
#10497 = CARTESIAN_POINT('',(-42.5,5.204748896376E-15,3.935));
#10498 = DIRECTION('',(0.,0.,-1.));
#10499 = DIRECTION('',(-1.,1.224646799147E-16,0.));
#10500 = PCURVE('',#4477,#10501);
#10501 = DEFINITIONAL_REPRESENTATION('',(#10502),#10510);
#10502 = ( BOUNDED_CURVE() B_SPLINE_CURVE(2,(#10503,#10504,#10505,#10506
    ,#10507,#10508,#10509),.UNSPECIFIED.,.T.,.F.) 
B_SPLINE_CURVE_WITH_KNOTS((1,2,2,2,2,1),(-2.094395102393,0.,
    2.094395102393,4.188790204786,6.28318530718,8.377580409573),
.UNSPECIFIED.) CURVE() GEOMETRIC_REPRESENTATION_ITEM() 
RATIONAL_B_SPLINE_CURVE((1.,0.5,1.,0.5,1.,0.5,1.)) REPRESENTATION_ITEM(
  '') );
#10503 = CARTESIAN_POINT('',(0.25,9.310691592376E-32));
#10504 = CARTESIAN_POINT('',(0.25,-10.30570230503));
#10505 = CARTESIAN_POINT('',(-8.675,-5.152851152517));
#10506 = CARTESIAN_POINT('',(-17.6,-1.457329690985E-15));
#10507 = CARTESIAN_POINT('',(-8.675,5.152851152517));
#10508 = CARTESIAN_POINT('',(0.25,10.305702305035));
#10509 = CARTESIAN_POINT('',(0.25,9.310691592376E-32));
#10510 = ( GEOMETRIC_REPRESENTATION_CONTEXT(2) 
PARAMETRIC_REPRESENTATION_CONTEXT() REPRESENTATION_CONTEXT('2D SPACE',''
  ) );
#10511 = PCURVE('',#5665,#10512);
#10512 = DEFINITIONAL_REPRESENTATION('',(#10513),#10517);
#10513 = LINE('',#10514,#10515);
#10514 = CARTESIAN_POINT('',(-12.56637061435,-2.335));
#10515 = VECTOR('',#10516,1.);
#10516 = DIRECTION('',(1.,-0.));
#10517 = ( GEOMETRIC_REPRESENTATION_CONTEXT(2) 
PARAMETRIC_REPRESENTATION_CONTEXT() REPRESENTATION_CONTEXT('2D SPACE',''
  ) );
#10518 = ORIENTED_EDGE('',*,*,#10446,.T.);
#10519 = ORIENTED_EDGE('',*,*,#4460,.F.);
#10520 = ORIENTED_EDGE('',*,*,#10399,.T.);
#10521 = ADVANCED_FACE('',(#10522),#4538,.F.);
#10522 = FACE_BOUND('',#10523,.F.);
#10523 = EDGE_LOOP('',(#10524,#10554,#10575,#10576));
#10524 = ORIENTED_EDGE('',*,*,#10525,.T.);
#10525 = EDGE_CURVE('',#10526,#10528,#10530,.T.);
#10526 = VERTEX_POINT('',#10527);
#10527 = CARTESIAN_POINT('',(-48.41438923304,-0.65,3.665));
#10528 = VERTEX_POINT('',#10529);
#10529 = CARTESIAN_POINT('',(-48.41438923304,0.65,3.665));
#10530 = SURFACE_CURVE('',#10531,(#10536,#10547),.PCURVE_S1.);
#10531 = CIRCLE('',#10532,5.95);
#10532 = AXIS2_PLACEMENT_3D('',#10533,#10534,#10535);
#10533 = CARTESIAN_POINT('',(-42.5,5.204748896376E-15,3.665));
#10534 = DIRECTION('',(0.,0.,-1.));
#10535 = DIRECTION('',(-1.,1.224646799147E-16,0.));
#10536 = PCURVE('',#4538,#10537);
#10537 = DEFINITIONAL_REPRESENTATION('',(#10538),#10546);
#10538 = ( BOUNDED_CURVE() B_SPLINE_CURVE(2,(#10539,#10540,#10541,#10542
    ,#10543,#10544,#10545),.UNSPECIFIED.,.T.,.F.) 
B_SPLINE_CURVE_WITH_KNOTS((1,2,2,2,2,1),(-2.094395102393,0.,
    2.094395102393,4.188790204786,6.28318530718,8.377580409573),
.UNSPECIFIED.) CURVE() GEOMETRIC_REPRESENTATION_ITEM() 
RATIONAL_B_SPLINE_CURVE((1.,0.5,1.,0.5,1.,0.5,1.)) REPRESENTATION_ITEM(
  '') );
#10539 = CARTESIAN_POINT('',(0.25,9.310691592376E-32));
#10540 = CARTESIAN_POINT('',(0.25,-10.30570230503));
#10541 = CARTESIAN_POINT('',(-8.675,-5.152851152517));
#10542 = CARTESIAN_POINT('',(-17.6,-1.457329690985E-15));
#10543 = CARTESIAN_POINT('',(-8.675,5.152851152517));
#10544 = CARTESIAN_POINT('',(0.25,10.305702305035));
#10545 = CARTESIAN_POINT('',(0.25,9.310691592376E-32));
#10546 = ( GEOMETRIC_REPRESENTATION_CONTEXT(2) 
PARAMETRIC_REPRESENTATION_CONTEXT() REPRESENTATION_CONTEXT('2D SPACE',''
  ) );
#10547 = PCURVE('',#5665,#10548);
#10548 = DEFINITIONAL_REPRESENTATION('',(#10549),#10553);
#10549 = LINE('',#10550,#10551);
#10550 = CARTESIAN_POINT('',(-12.56637061435,-2.065));
#10551 = VECTOR('',#10552,1.);
#10552 = DIRECTION('',(1.,-0.));
#10553 = ( GEOMETRIC_REPRESENTATION_CONTEXT(2) 
PARAMETRIC_REPRESENTATION_CONTEXT() REPRESENTATION_CONTEXT('2D SPACE',''
  ) );
#10554 = ORIENTED_EDGE('',*,*,#10555,.T.);
#10555 = EDGE_CURVE('',#10528,#4522,#10556,.T.);
#10556 = SURFACE_CURVE('',#10557,(#10561,#10568),.PCURVE_S1.);
#10557 = LINE('',#10558,#10559);
#10558 = CARTESIAN_POINT('',(-46.,0.65,3.665));
#10559 = VECTOR('',#10560,1.);
#10560 = DIRECTION('',(-1.,1.224646799147E-16,0.));
#10561 = PCURVE('',#4538,#10562);
#10562 = DEFINITIONAL_REPRESENTATION('',(#10563),#10567);
#10563 = LINE('',#10564,#10565);
#10564 = CARTESIAN_POINT('',(-2.2,-0.65));
#10565 = VECTOR('',#10566,1.);
#10566 = DIRECTION('',(1.,0.));
#10567 = ( GEOMETRIC_REPRESENTATION_CONTEXT(2) 
PARAMETRIC_REPRESENTATION_CONTEXT() REPRESENTATION_CONTEXT('2D SPACE',''
  ) );
#10568 = PCURVE('',#4569,#10569);
#10569 = DEFINITIONAL_REPRESENTATION('',(#10570),#10574);
#10570 = LINE('',#10571,#10572);
#10571 = CARTESIAN_POINT('',(0.,-0.78));
#10572 = VECTOR('',#10573,1.);
#10573 = DIRECTION('',(1.,0.));
#10574 = ( GEOMETRIC_REPRESENTATION_CONTEXT(2) 
PARAMETRIC_REPRESENTATION_CONTEXT() REPRESENTATION_CONTEXT('2D SPACE',''
  ) );
#10575 = ORIENTED_EDGE('',*,*,#4519,.F.);
#10576 = ORIENTED_EDGE('',*,*,#10577,.T.);
#10577 = EDGE_CURVE('',#4520,#10526,#10578,.T.);
#10578 = SURFACE_CURVE('',#10579,(#10583,#10590),.PCURVE_S1.);
#10579 = LINE('',#10580,#10581);
#10580 = CARTESIAN_POINT('',(-50.4,-0.65,3.665));
#10581 = VECTOR('',#10582,1.);
#10582 = DIRECTION('',(1.,-1.224646799147E-16,0.));
#10583 = PCURVE('',#4538,#10584);
#10584 = DEFINITIONAL_REPRESENTATION('',(#10585),#10589);
#10585 = LINE('',#10586,#10587);
#10586 = CARTESIAN_POINT('',(2.2,0.65));
#10587 = VECTOR('',#10588,1.);
#10588 = DIRECTION('',(-1.,0.));
#10589 = ( GEOMETRIC_REPRESENTATION_CONTEXT(2) 
PARAMETRIC_REPRESENTATION_CONTEXT() REPRESENTATION_CONTEXT('2D SPACE',''
  ) );
#10590 = PCURVE('',#4626,#10591);
#10591 = DEFINITIONAL_REPRESENTATION('',(#10592),#10596);
#10592 = LINE('',#10593,#10594);
#10593 = CARTESIAN_POINT('',(0.,-0.78));
#10594 = VECTOR('',#10595,1.);
#10595 = DIRECTION('',(1.,0.));
#10596 = ( GEOMETRIC_REPRESENTATION_CONTEXT(2) 
PARAMETRIC_REPRESENTATION_CONTEXT() REPRESENTATION_CONTEXT('2D SPACE',''
  ) );
#10597 = ADVANCED_FACE('',(#10598),#4626,.T.);
#10598 = FACE_BOUND('',#10599,.T.);
#10599 = EDGE_LOOP('',(#10600,#10623,#10624,#10625));
#10600 = ORIENTED_EDGE('',*,*,#10601,.F.);
#10601 = EDGE_CURVE('',#4581,#10602,#10604,.T.);
#10602 = VERTEX_POINT('',#10603);
#10603 = CARTESIAN_POINT('',(-48.41438923304,-0.65,2.885));
#10604 = SURFACE_CURVE('',#10605,(#10609,#10616),.PCURVE_S1.);
#10605 = LINE('',#10606,#10607);
#10606 = CARTESIAN_POINT('',(-50.4,-0.65,2.885));
#10607 = VECTOR('',#10608,1.);
#10608 = DIRECTION('',(1.,-1.224646799147E-16,0.));
#10609 = PCURVE('',#4626,#10610);
#10610 = DEFINITIONAL_REPRESENTATION('',(#10611),#10615);
#10611 = LINE('',#10612,#10613);
#10612 = CARTESIAN_POINT('',(0.,0.));
#10613 = VECTOR('',#10614,1.);
#10614 = DIRECTION('',(1.,0.));
#10615 = ( GEOMETRIC_REPRESENTATION_CONTEXT(2) 
PARAMETRIC_REPRESENTATION_CONTEXT() REPRESENTATION_CONTEXT('2D SPACE',''
  ) );
#10616 = PCURVE('',#4597,#10617);
#10617 = DEFINITIONAL_REPRESENTATION('',(#10618),#10622);
#10618 = LINE('',#10619,#10620);
#10619 = CARTESIAN_POINT('',(2.2,0.65));
#10620 = VECTOR('',#10621,1.);
#10621 = DIRECTION('',(-1.,0.));
#10622 = ( GEOMETRIC_REPRESENTATION_CONTEXT(2) 
PARAMETRIC_REPRESENTATION_CONTEXT() REPRESENTATION_CONTEXT('2D SPACE',''
  ) );
#10623 = ORIENTED_EDGE('',*,*,#4613,.F.);
#10624 = ORIENTED_EDGE('',*,*,#10577,.T.);
#10625 = ORIENTED_EDGE('',*,*,#10626,.T.);
#10626 = EDGE_CURVE('',#10526,#10602,#10627,.T.);
#10627 = SURFACE_CURVE('',#10628,(#10632,#10638),.PCURVE_S1.);
#10628 = LINE('',#10629,#10630);
#10629 = CARTESIAN_POINT('',(-48.41438923304,-0.65,1.6));
#10630 = VECTOR('',#10631,1.);
#10631 = DIRECTION('',(0.,0.,-1.));
#10632 = PCURVE('',#4626,#10633);
#10633 = DEFINITIONAL_REPRESENTATION('',(#10634),#10637);
#10634 = B_SPLINE_CURVE_WITH_KNOTS('',1,(#10635,#10636),.UNSPECIFIED.,
  .F.,.F.,(2,2),(-2.143,-1.207),.PIECEWISE_BEZIER_KNOTS.);
#10635 = CARTESIAN_POINT('',(1.985610766952,-0.858));
#10636 = CARTESIAN_POINT('',(1.985610766952,7.8E-02));
#10637 = ( GEOMETRIC_REPRESENTATION_CONTEXT(2) 
PARAMETRIC_REPRESENTATION_CONTEXT() REPRESENTATION_CONTEXT('2D SPACE',''
  ) );
#10638 = PCURVE('',#5665,#10639);
#10639 = DEFINITIONAL_REPRESENTATION('',(#10640),#10643);
#10640 = B_SPLINE_CURVE_WITH_KNOTS('',1,(#10641,#10642),.UNSPECIFIED.,
  .F.,.F.,(2,2),(-2.143,-1.207),.PIECEWISE_BEZIER_KNOTS.);
#10641 = CARTESIAN_POINT('',(-6.392647469032,-2.143));
#10642 = CARTESIAN_POINT('',(-6.392647469032,-1.207));
#10643 = ( GEOMETRIC_REPRESENTATION_CONTEXT(2) 
PARAMETRIC_REPRESENTATION_CONTEXT() REPRESENTATION_CONTEXT('2D SPACE',''
  ) );
#10644 = ADVANCED_FACE('',(#10645),#4569,.T.);
#10645 = FACE_BOUND('',#10646,.T.);
#10646 = EDGE_LOOP('',(#10647,#10670,#10689,#10690));
#10647 = ORIENTED_EDGE('',*,*,#10648,.F.);
#10648 = EDGE_CURVE('',#10649,#4555,#10651,.T.);
#10649 = VERTEX_POINT('',#10650);
#10650 = CARTESIAN_POINT('',(-48.41438923304,0.65,2.885));
#10651 = SURFACE_CURVE('',#10652,(#10656,#10663),.PCURVE_S1.);
#10652 = LINE('',#10653,#10654);
#10653 = CARTESIAN_POINT('',(-46.,0.65,2.885));
#10654 = VECTOR('',#10655,1.);
#10655 = DIRECTION('',(-1.,1.224646799147E-16,0.));
#10656 = PCURVE('',#4569,#10657);
#10657 = DEFINITIONAL_REPRESENTATION('',(#10658),#10662);
#10658 = LINE('',#10659,#10660);
#10659 = CARTESIAN_POINT('',(0.,0.));
#10660 = VECTOR('',#10661,1.);
#10661 = DIRECTION('',(1.,0.));
#10662 = ( GEOMETRIC_REPRESENTATION_CONTEXT(2) 
PARAMETRIC_REPRESENTATION_CONTEXT() REPRESENTATION_CONTEXT('2D SPACE',''
  ) );
#10663 = PCURVE('',#4597,#10664);
#10664 = DEFINITIONAL_REPRESENTATION('',(#10665),#10669);
#10665 = LINE('',#10666,#10667);
#10666 = CARTESIAN_POINT('',(-2.2,-0.65));
#10667 = VECTOR('',#10668,1.);
#10668 = DIRECTION('',(1.,0.));
#10669 = ( GEOMETRIC_REPRESENTATION_CONTEXT(2) 
PARAMETRIC_REPRESENTATION_CONTEXT() REPRESENTATION_CONTEXT('2D SPACE',''
  ) );
#10670 = ORIENTED_EDGE('',*,*,#10671,.F.);
#10671 = EDGE_CURVE('',#10528,#10649,#10672,.T.);
#10672 = SURFACE_CURVE('',#10673,(#10677,#10683),.PCURVE_S1.);
#10673 = LINE('',#10674,#10675);
#10674 = CARTESIAN_POINT('',(-48.41438923304,0.65,1.6));
#10675 = VECTOR('',#10676,1.);
#10676 = DIRECTION('',(0.,0.,-1.));
#10677 = PCURVE('',#4569,#10678);
#10678 = DEFINITIONAL_REPRESENTATION('',(#10679),#10682);
#10679 = B_SPLINE_CURVE_WITH_KNOTS('',1,(#10680,#10681),.UNSPECIFIED.,
  .F.,.F.,(2,2),(-2.143,-1.207),.PIECEWISE_BEZIER_KNOTS.);
#10680 = CARTESIAN_POINT('',(2.414389233048,-0.858));
#10681 = CARTESIAN_POINT('',(2.414389233048,7.8E-02));
#10682 = ( GEOMETRIC_REPRESENTATION_CONTEXT(2) 
PARAMETRIC_REPRESENTATION_CONTEXT() REPRESENTATION_CONTEXT('2D SPACE',''
  ) );
#10683 = PCURVE('',#5665,#10684);
#10684 = DEFINITIONAL_REPRESENTATION('',(#10685),#10688);
#10685 = B_SPLINE_CURVE_WITH_KNOTS('',1,(#10686,#10687),.UNSPECIFIED.,
  .F.,.F.,(2,2),(-2.143,-1.207),.PIECEWISE_BEZIER_KNOTS.);
#10686 = CARTESIAN_POINT('',(-6.173723145327,-2.143));
#10687 = CARTESIAN_POINT('',(-6.173723145327,-1.207));
#10688 = ( GEOMETRIC_REPRESENTATION_CONTEXT(2) 
PARAMETRIC_REPRESENTATION_CONTEXT() REPRESENTATION_CONTEXT('2D SPACE',''
  ) );
#10689 = ORIENTED_EDGE('',*,*,#10555,.T.);
#10690 = ORIENTED_EDGE('',*,*,#4554,.T.);
#10691 = ADVANCED_FACE('',(#10692),#4597,.T.);
#10692 = FACE_BOUND('',#10693,.T.);
#10693 = EDGE_LOOP('',(#10694,#10720,#10721,#10722));
#10694 = ORIENTED_EDGE('',*,*,#10695,.T.);
#10695 = EDGE_CURVE('',#10602,#10649,#10696,.T.);
#10696 = SURFACE_CURVE('',#10697,(#10702,#10713),.PCURVE_S1.);
#10697 = CIRCLE('',#10698,5.95);
#10698 = AXIS2_PLACEMENT_3D('',#10699,#10700,#10701);
#10699 = CARTESIAN_POINT('',(-42.5,5.204748896376E-15,2.885));
#10700 = DIRECTION('',(0.,0.,-1.));
#10701 = DIRECTION('',(-1.,1.224646799147E-16,0.));
#10702 = PCURVE('',#4597,#10703);
#10703 = DEFINITIONAL_REPRESENTATION('',(#10704),#10712);
#10704 = ( BOUNDED_CURVE() B_SPLINE_CURVE(2,(#10705,#10706,#10707,#10708
    ,#10709,#10710,#10711),.UNSPECIFIED.,.T.,.F.) 
B_SPLINE_CURVE_WITH_KNOTS((1,2,2,2,2,1),(-2.094395102393,0.,
    2.094395102393,4.188790204786,6.28318530718,8.377580409573),
.UNSPECIFIED.) CURVE() GEOMETRIC_REPRESENTATION_ITEM() 
RATIONAL_B_SPLINE_CURVE((1.,0.5,1.,0.5,1.,0.5,1.)) REPRESENTATION_ITEM(
  '') );
#10705 = CARTESIAN_POINT('',(0.25,9.310691592376E-32));
#10706 = CARTESIAN_POINT('',(0.25,-10.30570230503));
#10707 = CARTESIAN_POINT('',(-8.675,-5.152851152517));
#10708 = CARTESIAN_POINT('',(-17.6,-1.457329690985E-15));
#10709 = CARTESIAN_POINT('',(-8.675,5.152851152517));
#10710 = CARTESIAN_POINT('',(0.25,10.305702305035));
#10711 = CARTESIAN_POINT('',(0.25,9.310691592376E-32));
#10712 = ( GEOMETRIC_REPRESENTATION_CONTEXT(2) 
PARAMETRIC_REPRESENTATION_CONTEXT() REPRESENTATION_CONTEXT('2D SPACE',''
  ) );
#10713 = PCURVE('',#5665,#10714);
#10714 = DEFINITIONAL_REPRESENTATION('',(#10715),#10719);
#10715 = LINE('',#10716,#10717);
#10716 = CARTESIAN_POINT('',(-12.56637061435,-1.285));
#10717 = VECTOR('',#10718,1.);
#10718 = DIRECTION('',(1.,-0.));
#10719 = ( GEOMETRIC_REPRESENTATION_CONTEXT(2) 
PARAMETRIC_REPRESENTATION_CONTEXT() REPRESENTATION_CONTEXT('2D SPACE',''
  ) );
#10720 = ORIENTED_EDGE('',*,*,#10648,.T.);
#10721 = ORIENTED_EDGE('',*,*,#4580,.F.);
#10722 = ORIENTED_EDGE('',*,*,#10601,.T.);
#10723 = ADVANCED_FACE('',(#10724),#4658,.F.);
#10724 = FACE_BOUND('',#10725,.F.);
#10725 = EDGE_LOOP('',(#10726,#10756,#10777,#10778));
#10726 = ORIENTED_EDGE('',*,*,#10727,.T.);
#10727 = EDGE_CURVE('',#10728,#10730,#10732,.T.);
#10728 = VERTEX_POINT('',#10729);
#10729 = CARTESIAN_POINT('',(-48.41438923304,-0.65,2.615));
#10730 = VERTEX_POINT('',#10731);
#10731 = CARTESIAN_POINT('',(-48.41438923304,0.65,2.615));
#10732 = SURFACE_CURVE('',#10733,(#10738,#10749),.PCURVE_S1.);
#10733 = CIRCLE('',#10734,5.95);
#10734 = AXIS2_PLACEMENT_3D('',#10735,#10736,#10737);
#10735 = CARTESIAN_POINT('',(-42.5,5.204748896376E-15,2.615));
#10736 = DIRECTION('',(0.,0.,-1.));
#10737 = DIRECTION('',(-1.,1.224646799147E-16,0.));
#10738 = PCURVE('',#4658,#10739);
#10739 = DEFINITIONAL_REPRESENTATION('',(#10740),#10748);
#10740 = ( BOUNDED_CURVE() B_SPLINE_CURVE(2,(#10741,#10742,#10743,#10744
    ,#10745,#10746,#10747),.UNSPECIFIED.,.T.,.F.) 
B_SPLINE_CURVE_WITH_KNOTS((1,2,2,2,2,1),(-2.094395102393,0.,
    2.094395102393,4.188790204786,6.28318530718,8.377580409573),
.UNSPECIFIED.) CURVE() GEOMETRIC_REPRESENTATION_ITEM() 
RATIONAL_B_SPLINE_CURVE((1.,0.5,1.,0.5,1.,0.5,1.)) REPRESENTATION_ITEM(
  '') );
#10741 = CARTESIAN_POINT('',(0.25,9.310691592376E-32));
#10742 = CARTESIAN_POINT('',(0.25,-10.30570230503));
#10743 = CARTESIAN_POINT('',(-8.675,-5.152851152517));
#10744 = CARTESIAN_POINT('',(-17.6,-1.457329690985E-15));
#10745 = CARTESIAN_POINT('',(-8.675,5.152851152517));
#10746 = CARTESIAN_POINT('',(0.25,10.305702305035));
#10747 = CARTESIAN_POINT('',(0.25,9.310691592376E-32));
#10748 = ( GEOMETRIC_REPRESENTATION_CONTEXT(2) 
PARAMETRIC_REPRESENTATION_CONTEXT() REPRESENTATION_CONTEXT('2D SPACE',''
  ) );
#10749 = PCURVE('',#5665,#10750);
#10750 = DEFINITIONAL_REPRESENTATION('',(#10751),#10755);
#10751 = LINE('',#10752,#10753);
#10752 = CARTESIAN_POINT('',(-12.56637061435,-1.015));
#10753 = VECTOR('',#10754,1.);
#10754 = DIRECTION('',(1.,-0.));
#10755 = ( GEOMETRIC_REPRESENTATION_CONTEXT(2) 
PARAMETRIC_REPRESENTATION_CONTEXT() REPRESENTATION_CONTEXT('2D SPACE',''
  ) );
#10756 = ORIENTED_EDGE('',*,*,#10757,.T.);
#10757 = EDGE_CURVE('',#10730,#4642,#10758,.T.);
#10758 = SURFACE_CURVE('',#10759,(#10763,#10770),.PCURVE_S1.);
#10759 = LINE('',#10760,#10761);
#10760 = CARTESIAN_POINT('',(-46.,0.65,2.615));
#10761 = VECTOR('',#10762,1.);
#10762 = DIRECTION('',(-1.,1.224646799147E-16,0.));
#10763 = PCURVE('',#4658,#10764);
#10764 = DEFINITIONAL_REPRESENTATION('',(#10765),#10769);
#10765 = LINE('',#10766,#10767);
#10766 = CARTESIAN_POINT('',(-2.2,-0.65));
#10767 = VECTOR('',#10768,1.);
#10768 = DIRECTION('',(1.,0.));
#10769 = ( GEOMETRIC_REPRESENTATION_CONTEXT(2) 
PARAMETRIC_REPRESENTATION_CONTEXT() REPRESENTATION_CONTEXT('2D SPACE',''
  ) );
#10770 = PCURVE('',#4689,#10771);
#10771 = DEFINITIONAL_REPRESENTATION('',(#10772),#10776);
#10772 = LINE('',#10773,#10774);
#10773 = CARTESIAN_POINT('',(0.,-0.78));
#10774 = VECTOR('',#10775,1.);
#10775 = DIRECTION('',(1.,0.));
#10776 = ( GEOMETRIC_REPRESENTATION_CONTEXT(2) 
PARAMETRIC_REPRESENTATION_CONTEXT() REPRESENTATION_CONTEXT('2D SPACE',''
  ) );
#10777 = ORIENTED_EDGE('',*,*,#4639,.F.);
#10778 = ORIENTED_EDGE('',*,*,#10779,.T.);
#10779 = EDGE_CURVE('',#4640,#10728,#10780,.T.);
#10780 = SURFACE_CURVE('',#10781,(#10785,#10792),.PCURVE_S1.);
#10781 = LINE('',#10782,#10783);
#10782 = CARTESIAN_POINT('',(-50.4,-0.65,2.615));
#10783 = VECTOR('',#10784,1.);
#10784 = DIRECTION('',(1.,-1.224646799147E-16,0.));
#10785 = PCURVE('',#4658,#10786);
#10786 = DEFINITIONAL_REPRESENTATION('',(#10787),#10791);
#10787 = LINE('',#10788,#10789);
#10788 = CARTESIAN_POINT('',(2.2,0.65));
#10789 = VECTOR('',#10790,1.);
#10790 = DIRECTION('',(-1.,0.));
#10791 = ( GEOMETRIC_REPRESENTATION_CONTEXT(2) 
PARAMETRIC_REPRESENTATION_CONTEXT() REPRESENTATION_CONTEXT('2D SPACE',''
  ) );
#10792 = PCURVE('',#4746,#10793);
#10793 = DEFINITIONAL_REPRESENTATION('',(#10794),#10798);
#10794 = LINE('',#10795,#10796);
#10795 = CARTESIAN_POINT('',(0.,-0.78));
#10796 = VECTOR('',#10797,1.);
#10797 = DIRECTION('',(1.,0.));
#10798 = ( GEOMETRIC_REPRESENTATION_CONTEXT(2) 
PARAMETRIC_REPRESENTATION_CONTEXT() REPRESENTATION_CONTEXT('2D SPACE',''
  ) );
#10799 = ADVANCED_FACE('',(#10800),#4746,.T.);
#10800 = FACE_BOUND('',#10801,.T.);
#10801 = EDGE_LOOP('',(#10802,#10825,#10826,#10827));
#10802 = ORIENTED_EDGE('',*,*,#10803,.F.);
#10803 = EDGE_CURVE('',#4701,#10804,#10806,.T.);
#10804 = VERTEX_POINT('',#10805);
#10805 = CARTESIAN_POINT('',(-48.41438923304,-0.65,1.835));
#10806 = SURFACE_CURVE('',#10807,(#10811,#10818),.PCURVE_S1.);
#10807 = LINE('',#10808,#10809);
#10808 = CARTESIAN_POINT('',(-50.4,-0.65,1.835));
#10809 = VECTOR('',#10810,1.);
#10810 = DIRECTION('',(1.,-1.224646799147E-16,0.));
#10811 = PCURVE('',#4746,#10812);
#10812 = DEFINITIONAL_REPRESENTATION('',(#10813),#10817);
#10813 = LINE('',#10814,#10815);
#10814 = CARTESIAN_POINT('',(0.,0.));
#10815 = VECTOR('',#10816,1.);
#10816 = DIRECTION('',(1.,0.));
#10817 = ( GEOMETRIC_REPRESENTATION_CONTEXT(2) 
PARAMETRIC_REPRESENTATION_CONTEXT() REPRESENTATION_CONTEXT('2D SPACE',''
  ) );
#10818 = PCURVE('',#4717,#10819);
#10819 = DEFINITIONAL_REPRESENTATION('',(#10820),#10824);
#10820 = LINE('',#10821,#10822);
#10821 = CARTESIAN_POINT('',(2.2,0.65));
#10822 = VECTOR('',#10823,1.);
#10823 = DIRECTION('',(-1.,0.));
#10824 = ( GEOMETRIC_REPRESENTATION_CONTEXT(2) 
PARAMETRIC_REPRESENTATION_CONTEXT() REPRESENTATION_CONTEXT('2D SPACE',''
  ) );
#10825 = ORIENTED_EDGE('',*,*,#4733,.F.);
#10826 = ORIENTED_EDGE('',*,*,#10779,.T.);
#10827 = ORIENTED_EDGE('',*,*,#10828,.T.);
#10828 = EDGE_CURVE('',#10728,#10804,#10829,.T.);
#10829 = SURFACE_CURVE('',#10830,(#10834,#10840),.PCURVE_S1.);
#10830 = LINE('',#10831,#10832);
#10831 = CARTESIAN_POINT('',(-48.41438923304,-0.65,1.6));
#10832 = VECTOR('',#10833,1.);
#10833 = DIRECTION('',(0.,0.,-1.));
#10834 = PCURVE('',#4746,#10835);
#10835 = DEFINITIONAL_REPRESENTATION('',(#10836),#10839);
#10836 = B_SPLINE_CURVE_WITH_KNOTS('',1,(#10837,#10838),.UNSPECIFIED.,
  .F.,.F.,(2,2),(-1.093,-0.157),.PIECEWISE_BEZIER_KNOTS.);
#10837 = CARTESIAN_POINT('',(1.985610766952,-0.858));
#10838 = CARTESIAN_POINT('',(1.985610766952,7.8E-02));
#10839 = ( GEOMETRIC_REPRESENTATION_CONTEXT(2) 
PARAMETRIC_REPRESENTATION_CONTEXT() REPRESENTATION_CONTEXT('2D SPACE',''
  ) );
#10840 = PCURVE('',#5665,#10841);
#10841 = DEFINITIONAL_REPRESENTATION('',(#10842),#10845);
#10842 = B_SPLINE_CURVE_WITH_KNOTS('',1,(#10843,#10844),.UNSPECIFIED.,
  .F.,.F.,(2,2),(-1.093,-0.157),.PIECEWISE_BEZIER_KNOTS.);
#10843 = CARTESIAN_POINT('',(-6.392647469032,-1.093));
#10844 = CARTESIAN_POINT('',(-6.392647469032,-0.157));
#10845 = ( GEOMETRIC_REPRESENTATION_CONTEXT(2) 
PARAMETRIC_REPRESENTATION_CONTEXT() REPRESENTATION_CONTEXT('2D SPACE',''
  ) );
#10846 = ADVANCED_FACE('',(#10847),#4689,.T.);
#10847 = FACE_BOUND('',#10848,.T.);
#10848 = EDGE_LOOP('',(#10849,#10872,#10891,#10892));
#10849 = ORIENTED_EDGE('',*,*,#10850,.F.);
#10850 = EDGE_CURVE('',#10851,#4675,#10853,.T.);
#10851 = VERTEX_POINT('',#10852);
#10852 = CARTESIAN_POINT('',(-48.41438923304,0.65,1.835));
#10853 = SURFACE_CURVE('',#10854,(#10858,#10865),.PCURVE_S1.);
#10854 = LINE('',#10855,#10856);
#10855 = CARTESIAN_POINT('',(-46.,0.65,1.835));
#10856 = VECTOR('',#10857,1.);
#10857 = DIRECTION('',(-1.,1.224646799147E-16,0.));
#10858 = PCURVE('',#4689,#10859);
#10859 = DEFINITIONAL_REPRESENTATION('',(#10860),#10864);
#10860 = LINE('',#10861,#10862);
#10861 = CARTESIAN_POINT('',(0.,0.));
#10862 = VECTOR('',#10863,1.);
#10863 = DIRECTION('',(1.,0.));
#10864 = ( GEOMETRIC_REPRESENTATION_CONTEXT(2) 
PARAMETRIC_REPRESENTATION_CONTEXT() REPRESENTATION_CONTEXT('2D SPACE',''
  ) );
#10865 = PCURVE('',#4717,#10866);
#10866 = DEFINITIONAL_REPRESENTATION('',(#10867),#10871);
#10867 = LINE('',#10868,#10869);
#10868 = CARTESIAN_POINT('',(-2.2,-0.65));
#10869 = VECTOR('',#10870,1.);
#10870 = DIRECTION('',(1.,0.));
#10871 = ( GEOMETRIC_REPRESENTATION_CONTEXT(2) 
PARAMETRIC_REPRESENTATION_CONTEXT() REPRESENTATION_CONTEXT('2D SPACE',''
  ) );
#10872 = ORIENTED_EDGE('',*,*,#10873,.F.);
#10873 = EDGE_CURVE('',#10730,#10851,#10874,.T.);
#10874 = SURFACE_CURVE('',#10875,(#10879,#10885),.PCURVE_S1.);
#10875 = LINE('',#10876,#10877);
#10876 = CARTESIAN_POINT('',(-48.41438923304,0.65,1.6));
#10877 = VECTOR('',#10878,1.);
#10878 = DIRECTION('',(0.,0.,-1.));
#10879 = PCURVE('',#4689,#10880);
#10880 = DEFINITIONAL_REPRESENTATION('',(#10881),#10884);
#10881 = B_SPLINE_CURVE_WITH_KNOTS('',1,(#10882,#10883),.UNSPECIFIED.,
  .F.,.F.,(2,2),(-1.093,-0.157),.PIECEWISE_BEZIER_KNOTS.);
#10882 = CARTESIAN_POINT('',(2.414389233048,-0.858));
#10883 = CARTESIAN_POINT('',(2.414389233048,7.8E-02));
#10884 = ( GEOMETRIC_REPRESENTATION_CONTEXT(2) 
PARAMETRIC_REPRESENTATION_CONTEXT() REPRESENTATION_CONTEXT('2D SPACE',''
  ) );
#10885 = PCURVE('',#5665,#10886);
#10886 = DEFINITIONAL_REPRESENTATION('',(#10887),#10890);
#10887 = B_SPLINE_CURVE_WITH_KNOTS('',1,(#10888,#10889),.UNSPECIFIED.,
  .F.,.F.,(2,2),(-1.093,-0.157),.PIECEWISE_BEZIER_KNOTS.);
#10888 = CARTESIAN_POINT('',(-6.173723145327,-1.093));
#10889 = CARTESIAN_POINT('',(-6.173723145327,-0.157));
#10890 = ( GEOMETRIC_REPRESENTATION_CONTEXT(2) 
PARAMETRIC_REPRESENTATION_CONTEXT() REPRESENTATION_CONTEXT('2D SPACE',''
  ) );
#10891 = ORIENTED_EDGE('',*,*,#10757,.T.);
#10892 = ORIENTED_EDGE('',*,*,#4674,.T.);
#10893 = ADVANCED_FACE('',(#10894),#4717,.T.);
#10894 = FACE_BOUND('',#10895,.T.);
#10895 = EDGE_LOOP('',(#10896,#10922,#10923,#10924));
#10896 = ORIENTED_EDGE('',*,*,#10897,.T.);
#10897 = EDGE_CURVE('',#10804,#10851,#10898,.T.);
#10898 = SURFACE_CURVE('',#10899,(#10904,#10915),.PCURVE_S1.);
#10899 = CIRCLE('',#10900,5.95);
#10900 = AXIS2_PLACEMENT_3D('',#10901,#10902,#10903);
#10901 = CARTESIAN_POINT('',(-42.5,5.204748896376E-15,1.835));
#10902 = DIRECTION('',(0.,0.,-1.));
#10903 = DIRECTION('',(-1.,1.224646799147E-16,0.));
#10904 = PCURVE('',#4717,#10905);
#10905 = DEFINITIONAL_REPRESENTATION('',(#10906),#10914);
#10906 = ( BOUNDED_CURVE() B_SPLINE_CURVE(2,(#10907,#10908,#10909,#10910
    ,#10911,#10912,#10913),.UNSPECIFIED.,.T.,.F.) 
B_SPLINE_CURVE_WITH_KNOTS((1,2,2,2,2,1),(-2.094395102393,0.,
    2.094395102393,4.188790204786,6.28318530718,8.377580409573),
.UNSPECIFIED.) CURVE() GEOMETRIC_REPRESENTATION_ITEM() 
RATIONAL_B_SPLINE_CURVE((1.,0.5,1.,0.5,1.,0.5,1.)) REPRESENTATION_ITEM(
  '') );
#10907 = CARTESIAN_POINT('',(0.25,9.310691592376E-32));
#10908 = CARTESIAN_POINT('',(0.25,-10.30570230503));
#10909 = CARTESIAN_POINT('',(-8.675,-5.152851152517));
#10910 = CARTESIAN_POINT('',(-17.6,-1.457329690985E-15));
#10911 = CARTESIAN_POINT('',(-8.675,5.152851152517));
#10912 = CARTESIAN_POINT('',(0.25,10.305702305035));
#10913 = CARTESIAN_POINT('',(0.25,9.310691592376E-32));
#10914 = ( GEOMETRIC_REPRESENTATION_CONTEXT(2) 
PARAMETRIC_REPRESENTATION_CONTEXT() REPRESENTATION_CONTEXT('2D SPACE',''
  ) );
#10915 = PCURVE('',#5665,#10916);
#10916 = DEFINITIONAL_REPRESENTATION('',(#10917),#10921);
#10917 = LINE('',#10918,#10919);
#10918 = CARTESIAN_POINT('',(-12.56637061435,-0.235));
#10919 = VECTOR('',#10920,1.);
#10920 = DIRECTION('',(1.,-0.));
#10921 = ( GEOMETRIC_REPRESENTATION_CONTEXT(2) 
PARAMETRIC_REPRESENTATION_CONTEXT() REPRESENTATION_CONTEXT('2D SPACE',''
  ) );
#10922 = ORIENTED_EDGE('',*,*,#10850,.T.);
#10923 = ORIENTED_EDGE('',*,*,#4700,.F.);
#10924 = ORIENTED_EDGE('',*,*,#10803,.T.);
#10925 = ADVANCED_FACE('',(#10926,#10957),#4927,.T.);
#10926 = FACE_BOUND('',#10927,.T.);
#10927 = EDGE_LOOP('',(#10928));
#10928 = ORIENTED_EDGE('',*,*,#10929,.T.);
#10929 = EDGE_CURVE('',#10930,#10930,#10932,.T.);
#10930 = VERTEX_POINT('',#10931);
#10931 = CARTESIAN_POINT('',(10.925,0.,4.5));
#10932 = SURFACE_CURVE('',#10933,(#10938,#10945),.PCURVE_S1.);
#10933 = CIRCLE('',#10934,10.925);
#10934 = AXIS2_PLACEMENT_3D('',#10935,#10936,#10937);
#10935 = CARTESIAN_POINT('',(0.,0.,4.5));
#10936 = DIRECTION('',(0.,0.,1.));
#10937 = DIRECTION('',(1.,0.,0.));
#10938 = PCURVE('',#4927,#10939);
#10939 = DEFINITIONAL_REPRESENTATION('',(#10940),#10944);
#10940 = CIRCLE('',#10941,10.925);
#10941 = AXIS2_PLACEMENT_2D('',#10942,#10943);
#10942 = CARTESIAN_POINT('',(2.503322897097E-16,-1.056018195569E-15));
#10943 = DIRECTION('',(1.,0.));
#10944 = ( GEOMETRIC_REPRESENTATION_CONTEXT(2) 
PARAMETRIC_REPRESENTATION_CONTEXT() REPRESENTATION_CONTEXT('2D SPACE',''
  ) );
#10945 = PCURVE('',#10946,#10951);
#10946 = CYLINDRICAL_SURFACE('',#10947,10.925);
#10947 = AXIS2_PLACEMENT_3D('',#10948,#10949,#10950);
#10948 = CARTESIAN_POINT('',(0.,0.,4.5));
#10949 = DIRECTION('',(-0.,-0.,-1.));
#10950 = DIRECTION('',(1.,0.,0.));
#10951 = DEFINITIONAL_REPRESENTATION('',(#10952),#10956);
#10952 = LINE('',#10953,#10954);
#10953 = CARTESIAN_POINT('',(-0.,0.));
#10954 = VECTOR('',#10955,1.);
#10955 = DIRECTION('',(-1.,0.));
#10956 = ( GEOMETRIC_REPRESENTATION_CONTEXT(2) 
PARAMETRIC_REPRESENTATION_CONTEXT() REPRESENTATION_CONTEXT('2D SPACE',''
  ) );
#10957 = FACE_BOUND('',#10958,.T.);
#10958 = EDGE_LOOP('',(#10959));
#10959 = ORIENTED_EDGE('',*,*,#4912,.F.);
#10960 = ADVANCED_FACE('',(#10961),#4991,.F.);
#10961 = FACE_BOUND('',#10962,.T.);
#10962 = EDGE_LOOP('',(#10963,#10992,#11013,#11014));
#10963 = ORIENTED_EDGE('',*,*,#10964,.F.);
#10964 = EDGE_CURVE('',#10965,#10965,#10967,.T.);
#10965 = VERTEX_POINT('',#10966);
#10966 = CARTESIAN_POINT('',(-29.15,-5.3,2.2));
#10967 = SURFACE_CURVE('',#10968,(#10973,#10980),.PCURVE_S1.);
#10968 = CIRCLE('',#10969,0.85);
#10969 = AXIS2_PLACEMENT_3D('',#10970,#10971,#10972);
#10970 = CARTESIAN_POINT('',(-30.,-5.3,2.2));
#10971 = DIRECTION('',(0.,0.,1.));
#10972 = DIRECTION('',(1.,0.,0.));
#10973 = PCURVE('',#4991,#10974);
#10974 = DEFINITIONAL_REPRESENTATION('',(#10975),#10979);
#10975 = LINE('',#10976,#10977);
#10976 = CARTESIAN_POINT('',(-0.,0.));
#10977 = VECTOR('',#10978,1.);
#10978 = DIRECTION('',(-1.,0.));
#10979 = ( GEOMETRIC_REPRESENTATION_CONTEXT(2) 
PARAMETRIC_REPRESENTATION_CONTEXT() REPRESENTATION_CONTEXT('2D SPACE',''
  ) );
#10980 = PCURVE('',#10981,#10986);
#10981 = PLANE('',#10982);
#10982 = AXIS2_PLACEMENT_3D('',#10983,#10984,#10985);
#10983 = CARTESIAN_POINT('',(-30.,-5.3,2.2));
#10984 = DIRECTION('',(0.,0.,1.));
#10985 = DIRECTION('',(1.,0.,-0.));
#10986 = DEFINITIONAL_REPRESENTATION('',(#10987),#10991);
#10987 = CIRCLE('',#10988,0.85);
#10988 = AXIS2_PLACEMENT_2D('',#10989,#10990);
#10989 = CARTESIAN_POINT('',(-3.552713678801E-15,-8.881784197001E-16));
#10990 = DIRECTION('',(1.,0.));
#10991 = ( GEOMETRIC_REPRESENTATION_CONTEXT(2) 
PARAMETRIC_REPRESENTATION_CONTEXT() REPRESENTATION_CONTEXT('2D SPACE',''
  ) );
#10992 = ORIENTED_EDGE('',*,*,#10993,.T.);
#10993 = EDGE_CURVE('',#10965,#4971,#10994,.T.);
#10994 = SEAM_CURVE('',#10995,(#10999,#11006),.PCURVE_S1.);
#10995 = LINE('',#10996,#10997);
#10996 = CARTESIAN_POINT('',(-29.15,-5.3,2.2));
#10997 = VECTOR('',#10998,1.);
#10998 = DIRECTION('',(0.,0.,1.));
#10999 = PCURVE('',#4991,#11000);
#11000 = DEFINITIONAL_REPRESENTATION('',(#11001),#11005);
#11001 = LINE('',#11002,#11003);
#11002 = CARTESIAN_POINT('',(-6.28318530718,0.));
#11003 = VECTOR('',#11004,1.);
#11004 = DIRECTION('',(-0.,-1.));
#11005 = ( GEOMETRIC_REPRESENTATION_CONTEXT(2) 
PARAMETRIC_REPRESENTATION_CONTEXT() REPRESENTATION_CONTEXT('2D SPACE',''
  ) );
#11006 = PCURVE('',#4991,#11007);
#11007 = DEFINITIONAL_REPRESENTATION('',(#11008),#11012);
#11008 = LINE('',#11009,#11010);
#11009 = CARTESIAN_POINT('',(-0.,0.));
#11010 = VECTOR('',#11011,1.);
#11011 = DIRECTION('',(-0.,-1.));
#11012 = ( GEOMETRIC_REPRESENTATION_CONTEXT(2) 
PARAMETRIC_REPRESENTATION_CONTEXT() REPRESENTATION_CONTEXT('2D SPACE',''
  ) );
#11013 = ORIENTED_EDGE('',*,*,#4970,.F.);
#11014 = ORIENTED_EDGE('',*,*,#10993,.F.);
#11015 = ADVANCED_FACE('',(#11016),#5026,.F.);
#11016 = FACE_BOUND('',#11017,.T.);
#11017 = EDGE_LOOP('',(#11018,#11047,#11068,#11069));
#11018 = ORIENTED_EDGE('',*,*,#11019,.F.);
#11019 = EDGE_CURVE('',#11020,#11020,#11022,.T.);
#11020 = VERTEX_POINT('',#11021);
#11021 = CARTESIAN_POINT('',(6.15,-30.,2.2));
#11022 = SURFACE_CURVE('',#11023,(#11028,#11035),.PCURVE_S1.);
#11023 = CIRCLE('',#11024,0.85);
#11024 = AXIS2_PLACEMENT_3D('',#11025,#11026,#11027);
#11025 = CARTESIAN_POINT('',(5.3,-30.,2.2));
#11026 = DIRECTION('',(0.,0.,1.));
#11027 = DIRECTION('',(1.,0.,0.));
#11028 = PCURVE('',#5026,#11029);
#11029 = DEFINITIONAL_REPRESENTATION('',(#11030),#11034);
#11030 = LINE('',#11031,#11032);
#11031 = CARTESIAN_POINT('',(-0.,0.));
#11032 = VECTOR('',#11033,1.);
#11033 = DIRECTION('',(-1.,0.));
#11034 = ( GEOMETRIC_REPRESENTATION_CONTEXT(2) 
PARAMETRIC_REPRESENTATION_CONTEXT() REPRESENTATION_CONTEXT('2D SPACE',''
  ) );
#11035 = PCURVE('',#11036,#11041);
#11036 = PLANE('',#11037);
#11037 = AXIS2_PLACEMENT_3D('',#11038,#11039,#11040);
#11038 = CARTESIAN_POINT('',(5.3,-30.,2.2));
#11039 = DIRECTION('',(0.,0.,1.));
#11040 = DIRECTION('',(1.,0.,-0.));
#11041 = DEFINITIONAL_REPRESENTATION('',(#11042),#11046);
#11042 = CIRCLE('',#11043,0.85);
#11043 = AXIS2_PLACEMENT_2D('',#11044,#11045);
#11044 = CARTESIAN_POINT('',(0.,0.));
#11045 = DIRECTION('',(1.,0.));
#11046 = ( GEOMETRIC_REPRESENTATION_CONTEXT(2) 
PARAMETRIC_REPRESENTATION_CONTEXT() REPRESENTATION_CONTEXT('2D SPACE',''
  ) );
#11047 = ORIENTED_EDGE('',*,*,#11048,.T.);
#11048 = EDGE_CURVE('',#11020,#5006,#11049,.T.);
#11049 = SEAM_CURVE('',#11050,(#11054,#11061),.PCURVE_S1.);
#11050 = LINE('',#11051,#11052);
#11051 = CARTESIAN_POINT('',(6.15,-30.,2.2));
#11052 = VECTOR('',#11053,1.);
#11053 = DIRECTION('',(0.,0.,1.));
#11054 = PCURVE('',#5026,#11055);
#11055 = DEFINITIONAL_REPRESENTATION('',(#11056),#11060);
#11056 = LINE('',#11057,#11058);
#11057 = CARTESIAN_POINT('',(-6.28318530718,0.));
#11058 = VECTOR('',#11059,1.);
#11059 = DIRECTION('',(-0.,-1.));
#11060 = ( GEOMETRIC_REPRESENTATION_CONTEXT(2) 
PARAMETRIC_REPRESENTATION_CONTEXT() REPRESENTATION_CONTEXT('2D SPACE',''
  ) );
#11061 = PCURVE('',#5026,#11062);
#11062 = DEFINITIONAL_REPRESENTATION('',(#11063),#11067);
#11063 = LINE('',#11064,#11065);
#11064 = CARTESIAN_POINT('',(-0.,0.));
#11065 = VECTOR('',#11066,1.);
#11066 = DIRECTION('',(-0.,-1.));
#11067 = ( GEOMETRIC_REPRESENTATION_CONTEXT(2) 
PARAMETRIC_REPRESENTATION_CONTEXT() REPRESENTATION_CONTEXT('2D SPACE',''
  ) );
#11068 = ORIENTED_EDGE('',*,*,#5005,.F.);
#11069 = ORIENTED_EDGE('',*,*,#11048,.F.);
#11070 = ADVANCED_FACE('',(#11071),#5061,.F.);
#11071 = FACE_BOUND('',#11072,.T.);
#11072 = EDGE_LOOP('',(#11073,#11102,#11123,#11124));
#11073 = ORIENTED_EDGE('',*,*,#11074,.F.);
#11074 = EDGE_CURVE('',#11075,#11075,#11077,.T.);
#11075 = VERTEX_POINT('',#11076);
#11076 = CARTESIAN_POINT('',(-4.45,30.,2.2));
#11077 = SURFACE_CURVE('',#11078,(#11083,#11090),.PCURVE_S1.);
#11078 = CIRCLE('',#11079,0.85);
#11079 = AXIS2_PLACEMENT_3D('',#11080,#11081,#11082);
#11080 = CARTESIAN_POINT('',(-5.3,30.,2.2));
#11081 = DIRECTION('',(0.,0.,1.));
#11082 = DIRECTION('',(1.,0.,0.));
#11083 = PCURVE('',#5061,#11084);
#11084 = DEFINITIONAL_REPRESENTATION('',(#11085),#11089);
#11085 = LINE('',#11086,#11087);
#11086 = CARTESIAN_POINT('',(-0.,0.));
#11087 = VECTOR('',#11088,1.);
#11088 = DIRECTION('',(-1.,0.));
#11089 = ( GEOMETRIC_REPRESENTATION_CONTEXT(2) 
PARAMETRIC_REPRESENTATION_CONTEXT() REPRESENTATION_CONTEXT('2D SPACE',''
  ) );
#11090 = PCURVE('',#11091,#11096);
#11091 = PLANE('',#11092);
#11092 = AXIS2_PLACEMENT_3D('',#11093,#11094,#11095);
#11093 = CARTESIAN_POINT('',(-5.3,30.,2.2));
#11094 = DIRECTION('',(0.,0.,1.));
#11095 = DIRECTION('',(1.,0.,-0.));
#11096 = DEFINITIONAL_REPRESENTATION('',(#11097),#11101);
#11097 = CIRCLE('',#11098,0.85);
#11098 = AXIS2_PLACEMENT_2D('',#11099,#11100);
#11099 = CARTESIAN_POINT('',(0.,0.));
#11100 = DIRECTION('',(1.,0.));
#11101 = ( GEOMETRIC_REPRESENTATION_CONTEXT(2) 
PARAMETRIC_REPRESENTATION_CONTEXT() REPRESENTATION_CONTEXT('2D SPACE',''
  ) );
#11102 = ORIENTED_EDGE('',*,*,#11103,.T.);
#11103 = EDGE_CURVE('',#11075,#5041,#11104,.T.);
#11104 = SEAM_CURVE('',#11105,(#11109,#11116),.PCURVE_S1.);
#11105 = LINE('',#11106,#11107);
#11106 = CARTESIAN_POINT('',(-4.45,30.,2.2));
#11107 = VECTOR('',#11108,1.);
#11108 = DIRECTION('',(0.,0.,1.));
#11109 = PCURVE('',#5061,#11110);
#11110 = DEFINITIONAL_REPRESENTATION('',(#11111),#11115);
#11111 = LINE('',#11112,#11113);
#11112 = CARTESIAN_POINT('',(-6.28318530718,0.));
#11113 = VECTOR('',#11114,1.);
#11114 = DIRECTION('',(-0.,-1.));
#11115 = ( GEOMETRIC_REPRESENTATION_CONTEXT(2) 
PARAMETRIC_REPRESENTATION_CONTEXT() REPRESENTATION_CONTEXT('2D SPACE',''
  ) );
#11116 = PCURVE('',#5061,#11117);
#11117 = DEFINITIONAL_REPRESENTATION('',(#11118),#11122);
#11118 = LINE('',#11119,#11120);
#11119 = CARTESIAN_POINT('',(-0.,0.));
#11120 = VECTOR('',#11121,1.);
#11121 = DIRECTION('',(-0.,-1.));
#11122 = ( GEOMETRIC_REPRESENTATION_CONTEXT(2) 
PARAMETRIC_REPRESENTATION_CONTEXT() REPRESENTATION_CONTEXT('2D SPACE',''
  ) );
#11123 = ORIENTED_EDGE('',*,*,#5040,.F.);
#11124 = ORIENTED_EDGE('',*,*,#11103,.F.);
#11125 = ADVANCED_FACE('',(#11126),#5093,.T.);
#11126 = FACE_BOUND('',#11127,.T.);
#11127 = EDGE_LOOP('',(#11128,#11158,#11177,#11178));
#11128 = ORIENTED_EDGE('',*,*,#11129,.F.);
#11129 = EDGE_CURVE('',#11130,#11132,#11134,.T.);
#11130 = VERTEX_POINT('',#11131);
#11131 = CARTESIAN_POINT('',(28.233414746491,7.06894786302,1.6));
#11132 = VERTEX_POINT('',#11133);
#11133 = CARTESIAN_POINT('',(18.239434466947,7.852789453573,1.6));
#11134 = SURFACE_CURVE('',#11135,(#11139,#11146),.PCURVE_S1.);
#11135 = LINE('',#11136,#11137);
#11136 = CARTESIAN_POINT('',(42.5,5.95,1.6));
#11137 = VECTOR('',#11138,1.);
#11138 = DIRECTION('',(-0.996938377813,7.819124531863E-02,0.));
#11139 = PCURVE('',#5093,#11140);
#11140 = DEFINITIONAL_REPRESENTATION('',(#11141),#11145);
#11141 = LINE('',#11142,#11143);
#11142 = CARTESIAN_POINT('',(0.,0.));
#11143 = VECTOR('',#11144,1.);
#11144 = DIRECTION('',(1.,0.));
#11145 = ( GEOMETRIC_REPRESENTATION_CONTEXT(2) 
PARAMETRIC_REPRESENTATION_CONTEXT() REPRESENTATION_CONTEXT('2D SPACE',''
  ) );
#11146 = PCURVE('',#11147,#11152);
#11147 = PLANE('',#11148);
#11148 = AXIS2_PLACEMENT_3D('',#11149,#11150,#11151);
#11149 = CARTESIAN_POINT('',(-6.670439670924E-16,6.646143506509E-16,1.6)
  );
#11150 = DIRECTION('',(0.,0.,1.));
#11151 = DIRECTION('',(1.,0.,-0.));
#11152 = DEFINITIONAL_REPRESENTATION('',(#11153),#11157);
#11153 = LINE('',#11154,#11155);
#11154 = CARTESIAN_POINT('',(42.5,5.95));
#11155 = VECTOR('',#11156,1.);
#11156 = DIRECTION('',(-0.996938377813,7.819124531863E-02));
#11157 = ( GEOMETRIC_REPRESENTATION_CONTEXT(2) 
PARAMETRIC_REPRESENTATION_CONTEXT() REPRESENTATION_CONTEXT('2D SPACE',''
  ) );
#11158 = ORIENTED_EDGE('',*,*,#11159,.F.);
#11159 = EDGE_CURVE('',#5078,#11130,#11160,.T.);
#11160 = SURFACE_CURVE('',#11161,(#11165,#11171),.PCURVE_S1.);
#11161 = LINE('',#11162,#11163);
#11162 = CARTESIAN_POINT('',(28.233414746491,7.06894786302,1.6));
#11163 = VECTOR('',#11164,1.);
#11164 = DIRECTION('',(-0.,-0.,-1.));
#11165 = PCURVE('',#5093,#11166);
#11166 = DEFINITIONAL_REPRESENTATION('',(#11167),#11170);
#11167 = B_SPLINE_CURVE_WITH_KNOTS('',1,(#11168,#11169),.UNSPECIFIED.,
  .F.,.F.,(2,2),(-6.4000006,5.999999999062E-07),
  .PIECEWISE_BEZIER_KNOTS.);
#11168 = CARTESIAN_POINT('',(14.310398286414,-6.4000006));
#11169 = CARTESIAN_POINT('',(14.310398286414,5.999999999062E-07));
#11170 = ( GEOMETRIC_REPRESENTATION_CONTEXT(2) 
PARAMETRIC_REPRESENTATION_CONTEXT() REPRESENTATION_CONTEXT('2D SPACE',''
  ) );
#11171 = PCURVE('',#5121,#11172);
#11172 = DEFINITIONAL_REPRESENTATION('',(#11173),#11176);
#11173 = B_SPLINE_CURVE_WITH_KNOTS('',1,(#11174,#11175),.UNSPECIFIED.,
  .F.,.F.,(2,2),(-6.4,0.),.PIECEWISE_BEZIER_KNOTS.);
#11174 = CARTESIAN_POINT('',(-2.35552624326,-6.4));
#11175 = CARTESIAN_POINT('',(-2.35552624326,0.));
#11176 = ( GEOMETRIC_REPRESENTATION_CONTEXT(2) 
PARAMETRIC_REPRESENTATION_CONTEXT() REPRESENTATION_CONTEXT('2D SPACE',''
  ) );
#11177 = ORIENTED_EDGE('',*,*,#5075,.F.);
#11178 = ORIENTED_EDGE('',*,*,#11179,.T.);
#11179 = EDGE_CURVE('',#5076,#11132,#11180,.T.);
#11180 = SURFACE_CURVE('',#11181,(#11185,#11192),.PCURVE_S1.);
#11181 = LINE('',#11182,#11183);
#11182 = CARTESIAN_POINT('',(18.239434466947,7.852789453573,1.6));
#11183 = VECTOR('',#11184,1.);
#11184 = DIRECTION('',(-0.,-0.,-1.));
#11185 = PCURVE('',#5093,#11186);
#11186 = DEFINITIONAL_REPRESENTATION('',(#11187),#11191);
#11187 = LINE('',#11188,#11189);
#11188 = CARTESIAN_POINT('',(24.335070324291,0.));
#11189 = VECTOR('',#11190,1.);
#11190 = DIRECTION('',(0.,1.));
#11191 = ( GEOMETRIC_REPRESENTATION_CONTEXT(2) 
PARAMETRIC_REPRESENTATION_CONTEXT() REPRESENTATION_CONTEXT('2D SPACE',''
  ) );
#11192 = PCURVE('',#6031,#11193);
#11193 = DEFINITIONAL_REPRESENTATION('',(#11194),#11198);
#11194 = LINE('',#11195,#11196);
#11195 = CARTESIAN_POINT('',(-1.414254045752,0.));
#11196 = VECTOR('',#11197,1.);
#11197 = DIRECTION('',(-0.,1.));
#11198 = ( GEOMETRIC_REPRESENTATION_CONTEXT(2) 
PARAMETRIC_REPRESENTATION_CONTEXT() REPRESENTATION_CONTEXT('2D SPACE',''
  ) );
#11199 = ADVANCED_FACE('',(#11200),#6031,.F.);
#11200 = FACE_BOUND('',#11201,.T.);
#11201 = EDGE_LOOP('',(#11202,#11203,#11204,#11225));
#11202 = ORIENTED_EDGE('',*,*,#11179,.F.);
#11203 = ORIENTED_EDGE('',*,*,#6012,.F.);
#11204 = ORIENTED_EDGE('',*,*,#11205,.T.);
#11205 = EDGE_CURVE('',#5980,#11206,#11208,.T.);
#11206 = VERTEX_POINT('',#11207);
#11207 = CARTESIAN_POINT('',(14.55169117647,7.563615795678,1.6));
#11208 = SURFACE_CURVE('',#11209,(#11213,#11219),.PCURVE_S1.);
#11209 = LINE('',#11210,#11211);
#11210 = CARTESIAN_POINT('',(14.551691176471,7.563615795678,1.6));
#11211 = VECTOR('',#11212,1.);
#11212 = DIRECTION('',(-0.,-0.,-1.));
#11213 = PCURVE('',#6031,#11214);
#11214 = DEFINITIONAL_REPRESENTATION('',(#11215),#11218);
#11215 = B_SPLINE_CURVE_WITH_KNOTS('',1,(#11216,#11217),.UNSPECIFIED.,
  .F.,.F.,(2,2),(-6.6000006,5.999999999062E-07),
  .PIECEWISE_BEZIER_KNOTS.);
#11216 = CARTESIAN_POINT('',(-1.883847949252,-6.6000006));
#11217 = CARTESIAN_POINT('',(-1.883847949252,5.999999999062E-07));
#11218 = ( GEOMETRIC_REPRESENTATION_CONTEXT(2) 
PARAMETRIC_REPRESENTATION_CONTEXT() REPRESENTATION_CONTEXT('2D SPACE',''
  ) );
#11219 = PCURVE('',#6000,#11220);
#11220 = DEFINITIONAL_REPRESENTATION('',(#11221),#11224);
#11221 = B_SPLINE_CURVE_WITH_KNOTS('',1,(#11222,#11223),.UNSPECIFIED.,
  .F.,.F.,(2,2),(-6.6000006,5.999999999062E-07),
  .PIECEWISE_BEZIER_KNOTS.);
#11222 = CARTESIAN_POINT('',(-0.479342734978,-6.6000006));
#11223 = CARTESIAN_POINT('',(-0.479342734978,5.999999999062E-07));
#11224 = ( GEOMETRIC_REPRESENTATION_CONTEXT(2) 
PARAMETRIC_REPRESENTATION_CONTEXT() REPRESENTATION_CONTEXT('2D SPACE',''
  ) );
#11225 = ORIENTED_EDGE('',*,*,#11226,.T.);
#11226 = EDGE_CURVE('',#11206,#11132,#11227,.T.);
#11227 = SURFACE_CURVE('',#11228,(#11233,#11240),.PCURVE_S1.);
#11228 = CIRCLE('',#11229,7.95);
#11229 = AXIS2_PLACEMENT_3D('',#11230,#11231,#11232);
#11230 = CARTESIAN_POINT('',(17.,0.,1.6));
#11231 = DIRECTION('',(0.,0.,-1.));
#11232 = DIRECTION('',(0.155903706534,-0.987772258311,0.));
#11233 = PCURVE('',#6031,#11234);
#11234 = DEFINITIONAL_REPRESENTATION('',(#11235),#11239);
#11235 = LINE('',#11236,#11237);
#11236 = CARTESIAN_POINT('',(-4.868931261427,0.));
#11237 = VECTOR('',#11238,1.);
#11238 = DIRECTION('',(1.,-0.));
#11239 = ( GEOMETRIC_REPRESENTATION_CONTEXT(2) 
PARAMETRIC_REPRESENTATION_CONTEXT() REPRESENTATION_CONTEXT('2D SPACE',''
  ) );
#11240 = PCURVE('',#11147,#11241);
#11241 = DEFINITIONAL_REPRESENTATION('',(#11242),#11250);
#11242 = ( BOUNDED_CURVE() B_SPLINE_CURVE(2,(#11243,#11244,#11245,#11246
    ,#11247,#11248,#11249),.UNSPECIFIED.,.T.,.F.) 
B_SPLINE_CURVE_WITH_KNOTS((1,2,2,2,2,1),(-2.094395102393,0.,
    2.094395102393,4.188790204786,6.28318530718,8.377580409573),
.UNSPECIFIED.) CURVE() GEOMETRIC_REPRESENTATION_ITEM() 
RATIONAL_B_SPLINE_CURVE((1.,0.5,1.,0.5,1.,0.5,1.)) REPRESENTATION_ITEM(
  '') );
#11243 = CARTESIAN_POINT('',(18.239434466947,-7.852789453573));
#11244 = CARTESIAN_POINT('',(4.638004152218,-9.999552922978));
#11245 = CARTESIAN_POINT('',(9.579567609162,2.853012992084));
#11246 = CARTESIAN_POINT('',(14.521131066105,15.705578907145));
#11247 = CARTESIAN_POINT('',(23.180997923891,4.999776461489));
#11248 = CARTESIAN_POINT('',(31.840864781676,-5.706025984168));
#11249 = CARTESIAN_POINT('',(18.239434466947,-7.852789453573));
#11250 = ( GEOMETRIC_REPRESENTATION_CONTEXT(2) 
PARAMETRIC_REPRESENTATION_CONTEXT() REPRESENTATION_CONTEXT('2D SPACE',''
  ) );
#11251 = ADVANCED_FACE('',(#11252),#5121,.T.);
#11252 = FACE_BOUND('',#11253,.F.);
#11253 = EDGE_LOOP('',(#11254,#11282,#11283,#11284));
#11254 = ORIENTED_EDGE('',*,*,#11255,.T.);
#11255 = EDGE_CURVE('',#11256,#11130,#11258,.T.);
#11256 = VERTEX_POINT('',#11257);
#11257 = CARTESIAN_POINT('',(32.020769433868,6.771900436559,1.6));
#11258 = SURFACE_CURVE('',#11259,(#11264,#11271),.PCURVE_S1.);
#11259 = CIRCLE('',#11260,2.5);
#11260 = AXIS2_PLACEMENT_3D('',#11261,#11262,#11263);
#11261 = CARTESIAN_POINT('',(30.,5.3,1.6));
#11262 = DIRECTION('',(0.,0.,-1.));
#11263 = DIRECTION('',(0.808307773547,0.588760174624,0.));
#11264 = PCURVE('',#5121,#11265);
#11265 = DEFINITIONAL_REPRESENTATION('',(#11266),#11270);
#11266 = LINE('',#11267,#11268);
#11267 = CARTESIAN_POINT('',(-6.912709436467,0.));
#11268 = VECTOR('',#11269,1.);
#11269 = DIRECTION('',(1.,-0.));
#11270 = ( GEOMETRIC_REPRESENTATION_CONTEXT(2) 
PARAMETRIC_REPRESENTATION_CONTEXT() REPRESENTATION_CONTEXT('2D SPACE',''
  ) );
#11271 = PCURVE('',#11147,#11272);
#11272 = DEFINITIONAL_REPRESENTATION('',(#11273),#11281);
#11273 = ( BOUNDED_CURVE() B_SPLINE_CURVE(2,(#11274,#11275,#11276,#11277
    ,#11278,#11279,#11280),.UNSPECIFIED.,.T.,.F.) 
B_SPLINE_CURVE_WITH_KNOTS((1,2,2,2,2,1),(-2.094395102393,0.,
    2.094395102393,4.188790204786,6.28318530718,8.377580409573),
.UNSPECIFIED.) CURVE() GEOMETRIC_REPRESENTATION_ITEM() 
RATIONAL_B_SPLINE_CURVE((1.,0.5,1.,0.5,1.,0.5,1.)) REPRESENTATION_ITEM(
  '') );
#11274 = CARTESIAN_POINT('',(32.020769433868,6.771900436559));
#11275 = CARTESIAN_POINT('',(34.570175773672,3.271825106717));
#11276 = CARTESIAN_POINT('',(30.264318452968,2.814012116799));
#11277 = CARTESIAN_POINT('',(25.958461132264,2.356199126881));
#11278 = CARTESIAN_POINT('',(27.714912113164,6.314087446641));
#11279 = CARTESIAN_POINT('',(29.471363094065,10.271975766401));
#11280 = CARTESIAN_POINT('',(32.020769433868,6.771900436559));
#11281 = ( GEOMETRIC_REPRESENTATION_CONTEXT(2) 
PARAMETRIC_REPRESENTATION_CONTEXT() REPRESENTATION_CONTEXT('2D SPACE',''
  ) );
#11282 = ORIENTED_EDGE('',*,*,#11159,.F.);
#11283 = ORIENTED_EDGE('',*,*,#5104,.T.);
#11284 = ORIENTED_EDGE('',*,*,#11285,.T.);
#11285 = EDGE_CURVE('',#5105,#11256,#11286,.T.);
#11286 = SURFACE_CURVE('',#11287,(#11291,#11297),.PCURVE_S1.);
#11287 = LINE('',#11288,#11289);
#11288 = CARTESIAN_POINT('',(32.020769433868,6.771900436559,1.6));
#11289 = VECTOR('',#11290,1.);
#11290 = DIRECTION('',(-0.,-0.,-1.));
#11291 = PCURVE('',#5121,#11292);
#11292 = DEFINITIONAL_REPRESENTATION('',(#11293),#11296);
#11293 = B_SPLINE_CURVE_WITH_KNOTS('',1,(#11294,#11295),.UNSPECIFIED.,
  .F.,.F.,(2,2),(-6.4,0.),.PIECEWISE_BEZIER_KNOTS.);
#11294 = CARTESIAN_POINT('',(-6.912709436467,-6.4));
#11295 = CARTESIAN_POINT('',(-6.912709436467,0.));
#11296 = ( GEOMETRIC_REPRESENTATION_CONTEXT(2) 
PARAMETRIC_REPRESENTATION_CONTEXT() REPRESENTATION_CONTEXT('2D SPACE',''
  ) );
#11297 = PCURVE('',#5149,#11298);
#11298 = DEFINITIONAL_REPRESENTATION('',(#11299),#11302);
#11299 = B_SPLINE_CURVE_WITH_KNOTS('',1,(#11300,#11301),.UNSPECIFIED.,
  .F.,.F.,(2,2),(-6.4000006,5.999999999062E-07),
  .PIECEWISE_BEZIER_KNOTS.);
#11300 = CARTESIAN_POINT('',(10.511412539986,-6.4000006));
#11301 = CARTESIAN_POINT('',(10.511412539986,5.999999999062E-07));
#11302 = ( GEOMETRIC_REPRESENTATION_CONTEXT(2) 
PARAMETRIC_REPRESENTATION_CONTEXT() REPRESENTATION_CONTEXT('2D SPACE',''
  ) );
#11303 = ADVANCED_FACE('',(#11304),#6000,.F.);
#11304 = FACE_BOUND('',#11305,.T.);
#11305 = EDGE_LOOP('',(#11306,#11330,#11331,#11332));
#11306 = ORIENTED_EDGE('',*,*,#11307,.F.);
#11307 = EDGE_CURVE('',#11206,#11308,#11310,.T.);
#11308 = VERTEX_POINT('',#11309);
#11309 = CARTESIAN_POINT('',(7.563615795678,14.55169117647,1.6));
#11310 = SURFACE_CURVE('',#11311,(#11316,#11323),.PCURVE_S1.);
#11311 = CIRCLE('',#11312,16.4);
#11312 = AXIS2_PLACEMENT_3D('',#11313,#11314,#11315);
#11313 = CARTESIAN_POINT('',(0.,0.,1.6));
#11314 = DIRECTION('',(0.,0.,1.));
#11315 = DIRECTION('',(1.,0.,0.));
#11316 = PCURVE('',#6000,#11317);
#11317 = DEFINITIONAL_REPRESENTATION('',(#11318),#11322);
#11318 = LINE('',#11319,#11320);
#11319 = CARTESIAN_POINT('',(-0.,0.));
#11320 = VECTOR('',#11321,1.);
#11321 = DIRECTION('',(-1.,0.));
#11322 = ( GEOMETRIC_REPRESENTATION_CONTEXT(2) 
PARAMETRIC_REPRESENTATION_CONTEXT() REPRESENTATION_CONTEXT('2D SPACE',''
  ) );
#11323 = PCURVE('',#11147,#11324);
#11324 = DEFINITIONAL_REPRESENTATION('',(#11325),#11329);
#11325 = CIRCLE('',#11326,16.4);
#11326 = AXIS2_PLACEMENT_2D('',#11327,#11328);
#11327 = CARTESIAN_POINT('',(6.670439670924E-16,-6.646143506509E-16));
#11328 = DIRECTION('',(1.,0.));
#11329 = ( GEOMETRIC_REPRESENTATION_CONTEXT(2) 
PARAMETRIC_REPRESENTATION_CONTEXT() REPRESENTATION_CONTEXT('2D SPACE',''
  ) );
#11330 = ORIENTED_EDGE('',*,*,#11205,.F.);
#11331 = ORIENTED_EDGE('',*,*,#5979,.F.);
#11332 = ORIENTED_EDGE('',*,*,#11333,.T.);
#11333 = EDGE_CURVE('',#5947,#11308,#11334,.T.);
#11334 = SURFACE_CURVE('',#11335,(#11339,#11345),.PCURVE_S1.);
#11335 = LINE('',#11336,#11337);
#11336 = CARTESIAN_POINT('',(7.563615795678,14.551691176471,1.6));
#11337 = VECTOR('',#11338,1.);
#11338 = DIRECTION('',(-0.,-0.,-1.));
#11339 = PCURVE('',#6000,#11340);
#11340 = DEFINITIONAL_REPRESENTATION('',(#11341),#11344);
#11341 = B_SPLINE_CURVE_WITH_KNOTS('',1,(#11342,#11343),.UNSPECIFIED.,
  .F.,.F.,(2,2),(-6.6000006,5.999999999062E-07),
  .PIECEWISE_BEZIER_KNOTS.);
#11342 = CARTESIAN_POINT('',(-1.091453591817,-6.6000006));
#11343 = CARTESIAN_POINT('',(-1.091453591817,5.999999999062E-07));
#11344 = ( GEOMETRIC_REPRESENTATION_CONTEXT(2) 
PARAMETRIC_REPRESENTATION_CONTEXT() REPRESENTATION_CONTEXT('2D SPACE',''
  ) );
#11345 = PCURVE('',#5967,#11346);
#11346 = DEFINITIONAL_REPRESENTATION('',(#11347),#11350);
#11347 = B_SPLINE_CURVE_WITH_KNOTS('',1,(#11348,#11349),.UNSPECIFIED.,
  .F.,.F.,(2,2),(-6.6000006,5.999999999062E-07),
  .PIECEWISE_BEZIER_KNOTS.);
#11348 = CARTESIAN_POINT('',(-4.399337357927,-6.6000006));
#11349 = CARTESIAN_POINT('',(-4.399337357927,5.999999999062E-07));
#11350 = ( GEOMETRIC_REPRESENTATION_CONTEXT(2) 
PARAMETRIC_REPRESENTATION_CONTEXT() REPRESENTATION_CONTEXT('2D SPACE',''
  ) );
#11351 = ADVANCED_FACE('',(#11352),#5149,.T.);
#11352 = FACE_BOUND('',#11353,.T.);
#11353 = EDGE_LOOP('',(#11354,#11377,#11398,#11399));
#11354 = ORIENTED_EDGE('',*,*,#11355,.F.);
#11355 = EDGE_CURVE('',#11356,#11256,#11358,.T.);
#11356 = VERTEX_POINT('',#11357);
#11357 = CARTESIAN_POINT('',(42.5,5.95,1.6));
#11358 = SURFACE_CURVE('',#11359,(#11363,#11370),.PCURVE_S1.);
#11359 = LINE('',#11360,#11361);
#11360 = CARTESIAN_POINT('',(42.5,5.95,1.6));
#11361 = VECTOR('',#11362,1.);
#11362 = DIRECTION('',(-0.996938377813,7.819124531863E-02,0.));
#11363 = PCURVE('',#5149,#11364);
#11364 = DEFINITIONAL_REPRESENTATION('',(#11365),#11369);
#11365 = LINE('',#11366,#11367);
#11366 = CARTESIAN_POINT('',(0.,0.));
#11367 = VECTOR('',#11368,1.);
#11368 = DIRECTION('',(1.,0.));
#11369 = ( GEOMETRIC_REPRESENTATION_CONTEXT(2) 
PARAMETRIC_REPRESENTATION_CONTEXT() REPRESENTATION_CONTEXT('2D SPACE',''
  ) );
#11370 = PCURVE('',#11147,#11371);
#11371 = DEFINITIONAL_REPRESENTATION('',(#11372),#11376);
#11372 = LINE('',#11373,#11374);
#11373 = CARTESIAN_POINT('',(42.5,5.95));
#11374 = VECTOR('',#11375,1.);
#11375 = DIRECTION('',(-0.996938377813,7.819124531863E-02));
#11376 = ( GEOMETRIC_REPRESENTATION_CONTEXT(2) 
PARAMETRIC_REPRESENTATION_CONTEXT() REPRESENTATION_CONTEXT('2D SPACE',''
  ) );
#11377 = ORIENTED_EDGE('',*,*,#11378,.T.);
#11378 = EDGE_CURVE('',#11356,#5134,#11379,.T.);
#11379 = SURFACE_CURVE('',#11380,(#11384,#11391),.PCURVE_S1.);
#11380 = LINE('',#11381,#11382);
#11381 = CARTESIAN_POINT('',(42.5,5.95,1.6));
#11382 = VECTOR('',#11383,1.);
#11383 = DIRECTION('',(0.,0.,1.));
#11384 = PCURVE('',#5149,#11385);
#11385 = DEFINITIONAL_REPRESENTATION('',(#11386),#11390);
#11386 = LINE('',#11387,#11388);
#11387 = CARTESIAN_POINT('',(0.,0.));
#11388 = VECTOR('',#11389,1.);
#11389 = DIRECTION('',(0.,-1.));
#11390 = ( GEOMETRIC_REPRESENTATION_CONTEXT(2) 
PARAMETRIC_REPRESENTATION_CONTEXT() REPRESENTATION_CONTEXT('2D SPACE',''
  ) );
#11391 = PCURVE('',#5181,#11392);
#11392 = DEFINITIONAL_REPRESENTATION('',(#11393),#11397);
#11393 = LINE('',#11394,#11395);
#11394 = CARTESIAN_POINT('',(-7.853981633974,0.));
#11395 = VECTOR('',#11396,1.);
#11396 = DIRECTION('',(-0.,-1.));
#11397 = ( GEOMETRIC_REPRESENTATION_CONTEXT(2) 
PARAMETRIC_REPRESENTATION_CONTEXT() REPRESENTATION_CONTEXT('2D SPACE',''
  ) );
#11398 = ORIENTED_EDGE('',*,*,#5133,.F.);
#11399 = ORIENTED_EDGE('',*,*,#11285,.T.);
#11400 = ADVANCED_FACE('',(#11401),#5967,.F.);
#11401 = FACE_BOUND('',#11402,.T.);
#11402 = EDGE_LOOP('',(#11403,#11404,#11405,#11428));
#11403 = ORIENTED_EDGE('',*,*,#11333,.F.);
#11404 = ORIENTED_EDGE('',*,*,#5946,.F.);
#11405 = ORIENTED_EDGE('',*,*,#11406,.T.);
#11406 = EDGE_CURVE('',#5920,#11407,#11409,.T.);
#11407 = VERTEX_POINT('',#11408);
#11408 = CARTESIAN_POINT('',(7.852789453573,18.239434466947,1.6));
#11409 = SURFACE_CURVE('',#11410,(#11414,#11421),.PCURVE_S1.);
#11410 = LINE('',#11411,#11412);
#11411 = CARTESIAN_POINT('',(7.852789453573,18.239434466947,1.6));
#11412 = VECTOR('',#11413,1.);
#11413 = DIRECTION('',(0.,-0.,-1.));
#11414 = PCURVE('',#5967,#11415);
#11415 = DEFINITIONAL_REPRESENTATION('',(#11416),#11420);
#11416 = LINE('',#11417,#11418);
#11417 = CARTESIAN_POINT('',(-4.868931261427,0.));
#11418 = VECTOR('',#11419,1.);
#11419 = DIRECTION('',(-0.,1.));
#11420 = ( GEOMETRIC_REPRESENTATION_CONTEXT(2) 
PARAMETRIC_REPRESENTATION_CONTEXT() REPRESENTATION_CONTEXT('2D SPACE',''
  ) );
#11421 = PCURVE('',#5935,#11422);
#11422 = DEFINITIONAL_REPRESENTATION('',(#11423),#11427);
#11423 = LINE('',#11424,#11425);
#11424 = CARTESIAN_POINT('',(1.243240800566,0.));
#11425 = VECTOR('',#11426,1.);
#11426 = DIRECTION('',(0.,1.));
#11427 = ( GEOMETRIC_REPRESENTATION_CONTEXT(2) 
PARAMETRIC_REPRESENTATION_CONTEXT() REPRESENTATION_CONTEXT('2D SPACE',''
  ) );
#11428 = ORIENTED_EDGE('',*,*,#11429,.T.);
#11429 = EDGE_CURVE('',#11407,#11308,#11430,.T.);
#11430 = SURFACE_CURVE('',#11431,(#11436,#11443),.PCURVE_S1.);
#11431 = CIRCLE('',#11432,7.95);
#11432 = AXIS2_PLACEMENT_3D('',#11433,#11434,#11435);
#11433 = CARTESIAN_POINT('',(1.887379141863E-15,17.,1.6));
#11434 = DIRECTION('',(0.,0.,-1.));
#11435 = DIRECTION('',(0.987772258311,0.155903706534,0.));
#11436 = PCURVE('',#5967,#11437);
#11437 = DEFINITIONAL_REPRESENTATION('',(#11438),#11442);
#11438 = LINE('',#11439,#11440);
#11439 = CARTESIAN_POINT('',(-4.868931261427,0.));
#11440 = VECTOR('',#11441,1.);
#11441 = DIRECTION('',(1.,-0.));
#11442 = ( GEOMETRIC_REPRESENTATION_CONTEXT(2) 
PARAMETRIC_REPRESENTATION_CONTEXT() REPRESENTATION_CONTEXT('2D SPACE',''
  ) );
#11443 = PCURVE('',#11147,#11444);
#11444 = DEFINITIONAL_REPRESENTATION('',(#11445),#11453);
#11445 = ( BOUNDED_CURVE() B_SPLINE_CURVE(2,(#11446,#11447,#11448,#11449
    ,#11450,#11451,#11452),.UNSPECIFIED.,.T.,.F.) 
B_SPLINE_CURVE_WITH_KNOTS((1,2,2,2,2,1),(-2.094395102393,0.,
    2.094395102393,4.188790204786,6.28318530718,8.377580409573),
.UNSPECIFIED.) CURVE() GEOMETRIC_REPRESENTATION_ITEM() 
RATIONAL_B_SPLINE_CURVE((1.,0.5,1.,0.5,1.,0.5,1.)) REPRESENTATION_ITEM(
  '') );
#11446 = CARTESIAN_POINT('',(7.852789453573,18.239434466947));
#11447 = CARTESIAN_POINT('',(9.999552922978,4.638004152218));
#11448 = CARTESIAN_POINT('',(-2.853012992084,9.579567609162));
#11449 = CARTESIAN_POINT('',(-15.70557890714,14.521131066105));
#11450 = CARTESIAN_POINT('',(-4.999776461489,23.180997923891));
#11451 = CARTESIAN_POINT('',(5.706025984168,31.840864781676));
#11452 = CARTESIAN_POINT('',(7.852789453573,18.239434466947));
#11453 = ( GEOMETRIC_REPRESENTATION_CONTEXT(2) 
PARAMETRIC_REPRESENTATION_CONTEXT() REPRESENTATION_CONTEXT('2D SPACE',''
  ) );
#11454 = ADVANCED_FACE('',(#11455,#11508,#11514,#11520,#11526,#11532,
    #11538),#5181,.F.);
#11455 = FACE_BOUND('',#11456,.T.);
#11456 = EDGE_LOOP('',(#11457,#11458,#11486,#11507));
#11457 = ORIENTED_EDGE('',*,*,#11378,.F.);
#11458 = ORIENTED_EDGE('',*,*,#11459,.T.);
#11459 = EDGE_CURVE('',#11356,#11460,#11462,.T.);
#11460 = VERTEX_POINT('',#11461);
#11461 = CARTESIAN_POINT('',(42.5,-5.95,1.6));
#11462 = SURFACE_CURVE('',#11463,(#11468,#11475),.PCURVE_S1.);
#11463 = CIRCLE('',#11464,5.95);
#11464 = AXIS2_PLACEMENT_3D('',#11465,#11466,#11467);
#11465 = CARTESIAN_POINT('',(42.5,0.,1.6));
#11466 = DIRECTION('',(0.,0.,-1.));
#11467 = DIRECTION('',(0.,1.,0.));
#11468 = PCURVE('',#5181,#11469);
#11469 = DEFINITIONAL_REPRESENTATION('',(#11470),#11474);
#11470 = LINE('',#11471,#11472);
#11471 = CARTESIAN_POINT('',(-7.853981633974,0.));
#11472 = VECTOR('',#11473,1.);
#11473 = DIRECTION('',(1.,-0.));
#11474 = ( GEOMETRIC_REPRESENTATION_CONTEXT(2) 
PARAMETRIC_REPRESENTATION_CONTEXT() REPRESENTATION_CONTEXT('2D SPACE',''
  ) );
#11475 = PCURVE('',#11147,#11476);
#11476 = DEFINITIONAL_REPRESENTATION('',(#11477),#11485);
#11477 = ( BOUNDED_CURVE() B_SPLINE_CURVE(2,(#11478,#11479,#11480,#11481
    ,#11482,#11483,#11484),.UNSPECIFIED.,.T.,.F.) 
B_SPLINE_CURVE_WITH_KNOTS((1,2,2,2,2,1),(-2.094395102393,0.,
    2.094395102393,4.188790204786,6.28318530718,8.377580409573),
.UNSPECIFIED.) CURVE() GEOMETRIC_REPRESENTATION_ITEM() 
RATIONAL_B_SPLINE_CURVE((1.,0.5,1.,0.5,1.,0.5,1.)) REPRESENTATION_ITEM(
  '') );
#11478 = CARTESIAN_POINT('',(42.5,5.95));
#11479 = CARTESIAN_POINT('',(52.805702305035,5.95));
#11480 = CARTESIAN_POINT('',(47.652851152517,-2.975));
#11481 = CARTESIAN_POINT('',(42.5,-11.9));
#11482 = CARTESIAN_POINT('',(37.347148847483,-2.975));
#11483 = CARTESIAN_POINT('',(32.194297694965,5.95));
#11484 = CARTESIAN_POINT('',(42.5,5.95));
#11485 = ( GEOMETRIC_REPRESENTATION_CONTEXT(2) 
PARAMETRIC_REPRESENTATION_CONTEXT() REPRESENTATION_CONTEXT('2D SPACE',''
  ) );
#11486 = ORIENTED_EDGE('',*,*,#11487,.T.);
#11487 = EDGE_CURVE('',#11460,#5161,#11488,.T.);
#11488 = SURFACE_CURVE('',#11489,(#11493,#11500),.PCURVE_S1.);
#11489 = LINE('',#11490,#11491);
#11490 = CARTESIAN_POINT('',(42.5,-5.95,1.6));
#11491 = VECTOR('',#11492,1.);
#11492 = DIRECTION('',(0.,0.,1.));
#11493 = PCURVE('',#5181,#11494);
#11494 = DEFINITIONAL_REPRESENTATION('',(#11495),#11499);
#11495 = LINE('',#11496,#11497);
#11496 = CARTESIAN_POINT('',(-4.712388980385,0.));
#11497 = VECTOR('',#11498,1.);
#11498 = DIRECTION('',(-0.,-1.));
#11499 = ( GEOMETRIC_REPRESENTATION_CONTEXT(2) 
PARAMETRIC_REPRESENTATION_CONTEXT() REPRESENTATION_CONTEXT('2D SPACE',''
  ) );
#11500 = PCURVE('',#5209,#11501);
#11501 = DEFINITIONAL_REPRESENTATION('',(#11502),#11506);
#11502 = LINE('',#11503,#11504);
#11503 = CARTESIAN_POINT('',(25.578311124857,0.));
#11504 = VECTOR('',#11505,1.);
#11505 = DIRECTION('',(0.,-1.));
#11506 = ( GEOMETRIC_REPRESENTATION_CONTEXT(2) 
PARAMETRIC_REPRESENTATION_CONTEXT() REPRESENTATION_CONTEXT('2D SPACE',''
  ) );
#11507 = ORIENTED_EDGE('',*,*,#5160,.F.);
#11508 = FACE_BOUND('',#11509,.T.);
#11509 = EDGE_LOOP('',(#11510,#11511,#11512,#11513));
#11510 = ORIENTED_EDGE('',*,*,#6081,.T.);
#11511 = ORIENTED_EDGE('',*,*,#6259,.T.);
#11512 = ORIENTED_EDGE('',*,*,#6204,.F.);
#11513 = ORIENTED_EDGE('',*,*,#6182,.F.);
#11514 = FACE_BOUND('',#11515,.T.);
#11515 = EDGE_LOOP('',(#11516,#11517,#11518,#11519));
#11516 = ORIENTED_EDGE('',*,*,#6283,.T.);
#11517 = ORIENTED_EDGE('',*,*,#6429,.T.);
#11518 = ORIENTED_EDGE('',*,*,#6453,.F.);
#11519 = ORIENTED_EDGE('',*,*,#6384,.F.);
#11520 = FACE_BOUND('',#11521,.T.);
#11521 = EDGE_LOOP('',(#11522,#11523,#11524,#11525));
#11522 = ORIENTED_EDGE('',*,*,#6485,.T.);
#11523 = ORIENTED_EDGE('',*,*,#6631,.T.);
#11524 = ORIENTED_EDGE('',*,*,#6655,.F.);
#11525 = ORIENTED_EDGE('',*,*,#6586,.F.);
#11526 = FACE_BOUND('',#11527,.T.);
#11527 = EDGE_LOOP('',(#11528,#11529,#11530,#11531));
#11528 = ORIENTED_EDGE('',*,*,#6687,.T.);
#11529 = ORIENTED_EDGE('',*,*,#6833,.T.);
#11530 = ORIENTED_EDGE('',*,*,#6857,.F.);
#11531 = ORIENTED_EDGE('',*,*,#6788,.F.);
#11532 = FACE_BOUND('',#11533,.T.);
#11533 = EDGE_LOOP('',(#11534,#11535,#11536,#11537));
#11534 = ORIENTED_EDGE('',*,*,#6889,.T.);
#11535 = ORIENTED_EDGE('',*,*,#7035,.T.);
#11536 = ORIENTED_EDGE('',*,*,#7059,.F.);
#11537 = ORIENTED_EDGE('',*,*,#6990,.F.);
#11538 = FACE_BOUND('',#11539,.T.);
#11539 = EDGE_LOOP('',(#11540,#11541,#11542,#11543));
#11540 = ORIENTED_EDGE('',*,*,#7091,.T.);
#11541 = ORIENTED_EDGE('',*,*,#7237,.T.);
#11542 = ORIENTED_EDGE('',*,*,#7261,.F.);
#11543 = ORIENTED_EDGE('',*,*,#7192,.F.);
#11544 = ADVANCED_FACE('',(#11545),#5935,.T.);
#11545 = FACE_BOUND('',#11546,.T.);
#11546 = EDGE_LOOP('',(#11547,#11570,#11571,#11572));
#11547 = ORIENTED_EDGE('',*,*,#11548,.F.);
#11548 = EDGE_CURVE('',#11407,#11549,#11551,.T.);
#11549 = VERTEX_POINT('',#11550);
#11550 = CARTESIAN_POINT('',(5.95,42.5,1.6));
#11551 = SURFACE_CURVE('',#11552,(#11556,#11563),.PCURVE_S1.);
#11552 = LINE('',#11553,#11554);
#11553 = CARTESIAN_POINT('',(7.95,17.,1.6));
#11554 = VECTOR('',#11555,1.);
#11555 = DIRECTION('',(-7.819124531863E-02,0.996938377813,0.));
#11556 = PCURVE('',#5935,#11557);
#11557 = DEFINITIONAL_REPRESENTATION('',(#11558),#11562);
#11558 = LINE('',#11559,#11560);
#11559 = CARTESIAN_POINT('',(0.,0.));
#11560 = VECTOR('',#11561,1.);
#11561 = DIRECTION('',(1.,0.));
#11562 = ( GEOMETRIC_REPRESENTATION_CONTEXT(2) 
PARAMETRIC_REPRESENTATION_CONTEXT() REPRESENTATION_CONTEXT('2D SPACE',''
  ) );
#11563 = PCURVE('',#11147,#11564);
#11564 = DEFINITIONAL_REPRESENTATION('',(#11565),#11569);
#11565 = LINE('',#11566,#11567);
#11566 = CARTESIAN_POINT('',(7.95,17.));
#11567 = VECTOR('',#11568,1.);
#11568 = DIRECTION('',(-7.819124531863E-02,0.996938377813));
#11569 = ( GEOMETRIC_REPRESENTATION_CONTEXT(2) 
PARAMETRIC_REPRESENTATION_CONTEXT() REPRESENTATION_CONTEXT('2D SPACE',''
  ) );
#11570 = ORIENTED_EDGE('',*,*,#11406,.F.);
#11571 = ORIENTED_EDGE('',*,*,#5919,.F.);
#11572 = ORIENTED_EDGE('',*,*,#11573,.F.);
#11573 = EDGE_CURVE('',#11549,#5887,#11574,.T.);
#11574 = SURFACE_CURVE('',#11575,(#11579,#11586),.PCURVE_S1.);
#11575 = LINE('',#11576,#11577);
#11576 = CARTESIAN_POINT('',(5.95,42.5,1.6));
#11577 = VECTOR('',#11578,1.);
#11578 = DIRECTION('',(0.,0.,1.));
#11579 = PCURVE('',#5935,#11580);
#11580 = DEFINITIONAL_REPRESENTATION('',(#11581),#11585);
#11581 = LINE('',#11582,#11583);
#11582 = CARTESIAN_POINT('',(25.578311124857,0.));
#11583 = VECTOR('',#11584,1.);
#11584 = DIRECTION('',(0.,-1.));
#11585 = ( GEOMETRIC_REPRESENTATION_CONTEXT(2) 
PARAMETRIC_REPRESENTATION_CONTEXT() REPRESENTATION_CONTEXT('2D SPACE',''
  ) );
#11586 = PCURVE('',#5907,#11587);
#11587 = DEFINITIONAL_REPRESENTATION('',(#11588),#11592);
#11588 = LINE('',#11589,#11590);
#11589 = CARTESIAN_POINT('',(-4.712388980385,0.));
#11590 = VECTOR('',#11591,1.);
#11591 = DIRECTION('',(-0.,-1.));
#11592 = ( GEOMETRIC_REPRESENTATION_CONTEXT(2) 
PARAMETRIC_REPRESENTATION_CONTEXT() REPRESENTATION_CONTEXT('2D SPACE',''
  ) );
#11593 = ADVANCED_FACE('',(#11594),#5209,.T.);
#11594 = FACE_BOUND('',#11595,.T.);
#11595 = EDGE_LOOP('',(#11596,#11619,#11640,#11641));
#11596 = ORIENTED_EDGE('',*,*,#11597,.F.);
#11597 = EDGE_CURVE('',#11598,#11460,#11600,.T.);
#11598 = VERTEX_POINT('',#11599);
#11599 = CARTESIAN_POINT('',(18.239434466947,-7.852789453573,1.6));
#11600 = SURFACE_CURVE('',#11601,(#11605,#11612),.PCURVE_S1.);
#11601 = LINE('',#11602,#11603);
#11602 = CARTESIAN_POINT('',(17.,-7.95,1.6));
#11603 = VECTOR('',#11604,1.);
#11604 = DIRECTION('',(0.996938377813,7.819124531863E-02,0.));
#11605 = PCURVE('',#5209,#11606);
#11606 = DEFINITIONAL_REPRESENTATION('',(#11607),#11611);
#11607 = LINE('',#11608,#11609);
#11608 = CARTESIAN_POINT('',(0.,0.));
#11609 = VECTOR('',#11610,1.);
#11610 = DIRECTION('',(1.,0.));
#11611 = ( GEOMETRIC_REPRESENTATION_CONTEXT(2) 
PARAMETRIC_REPRESENTATION_CONTEXT() REPRESENTATION_CONTEXT('2D SPACE',''
  ) );
#11612 = PCURVE('',#11147,#11613);
#11613 = DEFINITIONAL_REPRESENTATION('',(#11614),#11618);
#11614 = LINE('',#11615,#11616);
#11615 = CARTESIAN_POINT('',(17.,-7.95));
#11616 = VECTOR('',#11617,1.);
#11617 = DIRECTION('',(0.996938377813,7.819124531863E-02));
#11618 = ( GEOMETRIC_REPRESENTATION_CONTEXT(2) 
PARAMETRIC_REPRESENTATION_CONTEXT() REPRESENTATION_CONTEXT('2D SPACE',''
  ) );
#11619 = ORIENTED_EDGE('',*,*,#11620,.F.);
#11620 = EDGE_CURVE('',#5194,#11598,#11621,.T.);
#11621 = SURFACE_CURVE('',#11622,(#11626,#11633),.PCURVE_S1.);
#11622 = LINE('',#11623,#11624);
#11623 = CARTESIAN_POINT('',(18.239434466947,-7.852789453573,1.6));
#11624 = VECTOR('',#11625,1.);
#11625 = DIRECTION('',(-0.,-0.,-1.));
#11626 = PCURVE('',#5209,#11627);
#11627 = DEFINITIONAL_REPRESENTATION('',(#11628),#11632);
#11628 = LINE('',#11629,#11630);
#11629 = CARTESIAN_POINT('',(1.243240800566,0.));
#11630 = VECTOR('',#11631,1.);
#11631 = DIRECTION('',(0.,1.));
#11632 = ( GEOMETRIC_REPRESENTATION_CONTEXT(2) 
PARAMETRIC_REPRESENTATION_CONTEXT() REPRESENTATION_CONTEXT('2D SPACE',''
  ) );
#11633 = PCURVE('',#5241,#11634);
#11634 = DEFINITIONAL_REPRESENTATION('',(#11635),#11639);
#11635 = LINE('',#11636,#11637);
#11636 = CARTESIAN_POINT('',(-4.868931261427,0.));
#11637 = VECTOR('',#11638,1.);
#11638 = DIRECTION('',(-0.,1.));
#11639 = ( GEOMETRIC_REPRESENTATION_CONTEXT(2) 
PARAMETRIC_REPRESENTATION_CONTEXT() REPRESENTATION_CONTEXT('2D SPACE',''
  ) );
#11640 = ORIENTED_EDGE('',*,*,#5193,.F.);
#11641 = ORIENTED_EDGE('',*,*,#11487,.F.);
#11642 = ADVANCED_FACE('',(#11643,#11696,#11702,#11708,#11714,#11720,
    #11726),#5907,.F.);
#11643 = FACE_BOUND('',#11644,.T.);
#11644 = EDGE_LOOP('',(#11645,#11668,#11694,#11695));
#11645 = ORIENTED_EDGE('',*,*,#11646,.F.);
#11646 = EDGE_CURVE('',#11647,#5860,#11649,.T.);
#11647 = VERTEX_POINT('',#11648);
#11648 = CARTESIAN_POINT('',(-5.95,42.5,1.6));
#11649 = SURFACE_CURVE('',#11650,(#11654,#11661),.PCURVE_S1.);
#11650 = LINE('',#11651,#11652);
#11651 = CARTESIAN_POINT('',(-5.95,42.5,1.6));
#11652 = VECTOR('',#11653,1.);
#11653 = DIRECTION('',(0.,0.,1.));
#11654 = PCURVE('',#5907,#11655);
#11655 = DEFINITIONAL_REPRESENTATION('',(#11656),#11660);
#11656 = LINE('',#11657,#11658);
#11657 = CARTESIAN_POINT('',(-7.853981633974,0.));
#11658 = VECTOR('',#11659,1.);
#11659 = DIRECTION('',(-0.,-1.));
#11660 = ( GEOMETRIC_REPRESENTATION_CONTEXT(2) 
PARAMETRIC_REPRESENTATION_CONTEXT() REPRESENTATION_CONTEXT('2D SPACE',''
  ) );
#11661 = PCURVE('',#5875,#11662);
#11662 = DEFINITIONAL_REPRESENTATION('',(#11663),#11667);
#11663 = LINE('',#11664,#11665);
#11664 = CARTESIAN_POINT('',(0.,0.));
#11665 = VECTOR('',#11666,1.);
#11666 = DIRECTION('',(0.,-1.));
#11667 = ( GEOMETRIC_REPRESENTATION_CONTEXT(2) 
PARAMETRIC_REPRESENTATION_CONTEXT() REPRESENTATION_CONTEXT('2D SPACE',''
  ) );
#11668 = ORIENTED_EDGE('',*,*,#11669,.T.);
#11669 = EDGE_CURVE('',#11647,#11549,#11670,.T.);
#11670 = SURFACE_CURVE('',#11671,(#11676,#11683),.PCURVE_S1.);
#11671 = CIRCLE('',#11672,5.95);
#11672 = AXIS2_PLACEMENT_3D('',#11673,#11674,#11675);
#11673 = CARTESIAN_POINT('',(4.718447854657E-15,42.5,1.6));
#11674 = DIRECTION('',(0.,0.,-1.));
#11675 = DIRECTION('',(-1.,1.110223024625E-16,0.));
#11676 = PCURVE('',#5907,#11677);
#11677 = DEFINITIONAL_REPRESENTATION('',(#11678),#11682);
#11678 = LINE('',#11679,#11680);
#11679 = CARTESIAN_POINT('',(-7.853981633974,0.));
#11680 = VECTOR('',#11681,1.);
#11681 = DIRECTION('',(1.,-0.));
#11682 = ( GEOMETRIC_REPRESENTATION_CONTEXT(2) 
PARAMETRIC_REPRESENTATION_CONTEXT() REPRESENTATION_CONTEXT('2D SPACE',''
  ) );
#11683 = PCURVE('',#11147,#11684);
#11684 = DEFINITIONAL_REPRESENTATION('',(#11685),#11693);
#11685 = ( BOUNDED_CURVE() B_SPLINE_CURVE(2,(#11686,#11687,#11688,#11689
    ,#11690,#11691,#11692),.UNSPECIFIED.,.T.,.F.) 
B_SPLINE_CURVE_WITH_KNOTS((1,2,2,2,2,1),(-2.094395102393,0.,
    2.094395102393,4.188790204786,6.28318530718,8.377580409573),
.UNSPECIFIED.) CURVE() GEOMETRIC_REPRESENTATION_ITEM() 
RATIONAL_B_SPLINE_CURVE((1.,0.5,1.,0.5,1.,0.5,1.)) REPRESENTATION_ITEM(
  '') );
#11686 = CARTESIAN_POINT('',(-5.95,42.5));
#11687 = CARTESIAN_POINT('',(-5.95,52.805702305035));
#11688 = CARTESIAN_POINT('',(2.975,47.652851152517));
#11689 = CARTESIAN_POINT('',(11.9,42.5));
#11690 = CARTESIAN_POINT('',(2.975,37.347148847483));
#11691 = CARTESIAN_POINT('',(-5.95,32.194297694965));
#11692 = CARTESIAN_POINT('',(-5.95,42.5));
#11693 = ( GEOMETRIC_REPRESENTATION_CONTEXT(2) 
PARAMETRIC_REPRESENTATION_CONTEXT() REPRESENTATION_CONTEXT('2D SPACE',''
  ) );
#11694 = ORIENTED_EDGE('',*,*,#11573,.T.);
#11695 = ORIENTED_EDGE('',*,*,#5886,.F.);
#11696 = FACE_BOUND('',#11697,.T.);
#11697 = EDGE_LOOP('',(#11698,#11699,#11700,#11701));
#11698 = ORIENTED_EDGE('',*,*,#8505,.T.);
#11699 = ORIENTED_EDGE('',*,*,#8683,.T.);
#11700 = ORIENTED_EDGE('',*,*,#8628,.F.);
#11701 = ORIENTED_EDGE('',*,*,#8606,.F.);
#11702 = FACE_BOUND('',#11703,.T.);
#11703 = EDGE_LOOP('',(#11704,#11705,#11706,#11707));
#11704 = ORIENTED_EDGE('',*,*,#8707,.T.);
#11705 = ORIENTED_EDGE('',*,*,#8853,.T.);
#11706 = ORIENTED_EDGE('',*,*,#8877,.F.);
#11707 = ORIENTED_EDGE('',*,*,#8808,.F.);
#11708 = FACE_BOUND('',#11709,.T.);
#11709 = EDGE_LOOP('',(#11710,#11711,#11712,#11713));
#11710 = ORIENTED_EDGE('',*,*,#8909,.T.);
#11711 = ORIENTED_EDGE('',*,*,#9055,.T.);
#11712 = ORIENTED_EDGE('',*,*,#9079,.F.);
#11713 = ORIENTED_EDGE('',*,*,#9010,.F.);
#11714 = FACE_BOUND('',#11715,.T.);
#11715 = EDGE_LOOP('',(#11716,#11717,#11718,#11719));
#11716 = ORIENTED_EDGE('',*,*,#9111,.T.);
#11717 = ORIENTED_EDGE('',*,*,#9257,.T.);
#11718 = ORIENTED_EDGE('',*,*,#9281,.F.);
#11719 = ORIENTED_EDGE('',*,*,#9212,.F.);
#11720 = FACE_BOUND('',#11721,.T.);
#11721 = EDGE_LOOP('',(#11722,#11723,#11724,#11725));
#11722 = ORIENTED_EDGE('',*,*,#9313,.T.);
#11723 = ORIENTED_EDGE('',*,*,#9459,.T.);
#11724 = ORIENTED_EDGE('',*,*,#9483,.F.);
#11725 = ORIENTED_EDGE('',*,*,#9414,.F.);
#11726 = FACE_BOUND('',#11727,.T.);
#11727 = EDGE_LOOP('',(#11728,#11729,#11730,#11731));
#11728 = ORIENTED_EDGE('',*,*,#9515,.T.);
#11729 = ORIENTED_EDGE('',*,*,#9661,.T.);
#11730 = ORIENTED_EDGE('',*,*,#9685,.F.);
#11731 = ORIENTED_EDGE('',*,*,#9616,.F.);
#11732 = ADVANCED_FACE('',(#11733),#5241,.F.);
#11733 = FACE_BOUND('',#11734,.T.);
#11734 = EDGE_LOOP('',(#11735,#11756,#11757,#11758));
#11735 = ORIENTED_EDGE('',*,*,#11736,.F.);
#11736 = EDGE_CURVE('',#5221,#11737,#11739,.T.);
#11737 = VERTEX_POINT('',#11738);
#11738 = CARTESIAN_POINT('',(14.55169117647,-7.563615795678,1.6));
#11739 = SURFACE_CURVE('',#11740,(#11744,#11750),.PCURVE_S1.);
#11740 = LINE('',#11741,#11742);
#11741 = CARTESIAN_POINT('',(14.551691176471,-7.563615795678,1.6));
#11742 = VECTOR('',#11743,1.);
#11743 = DIRECTION('',(-0.,-0.,-1.));
#11744 = PCURVE('',#5241,#11745);
#11745 = DEFINITIONAL_REPRESENTATION('',(#11746),#11749);
#11746 = B_SPLINE_CURVE_WITH_KNOTS('',1,(#11747,#11748),.UNSPECIFIED.,
  .F.,.F.,(2,2),(-6.6000006,5.999999999062E-07),
  .PIECEWISE_BEZIER_KNOTS.);
#11747 = CARTESIAN_POINT('',(-4.399337357927,-6.6000006));
#11748 = CARTESIAN_POINT('',(-4.399337357927,5.999999999062E-07));
#11749 = ( GEOMETRIC_REPRESENTATION_CONTEXT(2) 
PARAMETRIC_REPRESENTATION_CONTEXT() REPRESENTATION_CONTEXT('2D SPACE',''
  ) );
#11750 = PCURVE('',#5274,#11751);
#11751 = DEFINITIONAL_REPRESENTATION('',(#11752),#11755);
#11752 = B_SPLINE_CURVE_WITH_KNOTS('',1,(#11753,#11754),.UNSPECIFIED.,
  .F.,.F.,(2,2),(-6.6000006,5.999999999062E-07),
  .PIECEWISE_BEZIER_KNOTS.);
#11753 = CARTESIAN_POINT('',(-5.803842572202,-6.6000006));
#11754 = CARTESIAN_POINT('',(-5.803842572202,5.999999999062E-07));
#11755 = ( GEOMETRIC_REPRESENTATION_CONTEXT(2) 
PARAMETRIC_REPRESENTATION_CONTEXT() REPRESENTATION_CONTEXT('2D SPACE',''
  ) );
#11756 = ORIENTED_EDGE('',*,*,#5220,.F.);
#11757 = ORIENTED_EDGE('',*,*,#11620,.T.);
#11758 = ORIENTED_EDGE('',*,*,#11759,.T.);
#11759 = EDGE_CURVE('',#11598,#11737,#11760,.T.);
#11760 = SURFACE_CURVE('',#11761,(#11766,#11773),.PCURVE_S1.);
#11761 = CIRCLE('',#11762,7.95);
#11762 = AXIS2_PLACEMENT_3D('',#11763,#11764,#11765);
#11763 = CARTESIAN_POINT('',(17.,0.,1.6));
#11764 = DIRECTION('',(0.,0.,-1.));
#11765 = DIRECTION('',(0.155903706534,-0.987772258311,0.));
#11766 = PCURVE('',#5241,#11767);
#11767 = DEFINITIONAL_REPRESENTATION('',(#11768),#11772);
#11768 = LINE('',#11769,#11770);
#11769 = CARTESIAN_POINT('',(-4.868931261427,0.));
#11770 = VECTOR('',#11771,1.);
#11771 = DIRECTION('',(1.,-0.));
#11772 = ( GEOMETRIC_REPRESENTATION_CONTEXT(2) 
PARAMETRIC_REPRESENTATION_CONTEXT() REPRESENTATION_CONTEXT('2D SPACE',''
  ) );
#11773 = PCURVE('',#11147,#11774);
#11774 = DEFINITIONAL_REPRESENTATION('',(#11775),#11783);
#11775 = ( BOUNDED_CURVE() B_SPLINE_CURVE(2,(#11776,#11777,#11778,#11779
    ,#11780,#11781,#11782),.UNSPECIFIED.,.T.,.F.) 
B_SPLINE_CURVE_WITH_KNOTS((1,2,2,2,2,1),(-2.094395102393,0.,
    2.094395102393,4.188790204786,6.28318530718,8.377580409573),
.UNSPECIFIED.) CURVE() GEOMETRIC_REPRESENTATION_ITEM() 
RATIONAL_B_SPLINE_CURVE((1.,0.5,1.,0.5,1.,0.5,1.)) REPRESENTATION_ITEM(
  '') );
#11776 = CARTESIAN_POINT('',(18.239434466947,-7.852789453573));
#11777 = CARTESIAN_POINT('',(4.638004152218,-9.999552922978));
#11778 = CARTESIAN_POINT('',(9.579567609162,2.853012992084));
#11779 = CARTESIAN_POINT('',(14.521131066105,15.705578907145));
#11780 = CARTESIAN_POINT('',(23.180997923891,4.999776461489));
#11781 = CARTESIAN_POINT('',(31.840864781676,-5.706025984168));
#11782 = CARTESIAN_POINT('',(18.239434466947,-7.852789453573));
#11783 = ( GEOMETRIC_REPRESENTATION_CONTEXT(2) 
PARAMETRIC_REPRESENTATION_CONTEXT() REPRESENTATION_CONTEXT('2D SPACE',''
  ) );
#11784 = ADVANCED_FACE('',(#11785),#5875,.T.);
#11785 = FACE_BOUND('',#11786,.T.);
#11786 = EDGE_LOOP('',(#11787,#11810,#11811,#11812));
#11787 = ORIENTED_EDGE('',*,*,#11788,.F.);
#11788 = EDGE_CURVE('',#11647,#11789,#11791,.T.);
#11789 = VERTEX_POINT('',#11790);
#11790 = CARTESIAN_POINT('',(-6.771900436559,32.020769433868,1.6));
#11791 = SURFACE_CURVE('',#11792,(#11796,#11803),.PCURVE_S1.);
#11792 = LINE('',#11793,#11794);
#11793 = CARTESIAN_POINT('',(-5.95,42.5,1.6));
#11794 = VECTOR('',#11795,1.);
#11795 = DIRECTION('',(-7.819124531863E-02,-0.996938377813,0.));
#11796 = PCURVE('',#5875,#11797);
#11797 = DEFINITIONAL_REPRESENTATION('',(#11798),#11802);
#11798 = LINE('',#11799,#11800);
#11799 = CARTESIAN_POINT('',(0.,0.));
#11800 = VECTOR('',#11801,1.);
#11801 = DIRECTION('',(1.,0.));
#11802 = ( GEOMETRIC_REPRESENTATION_CONTEXT(2) 
PARAMETRIC_REPRESENTATION_CONTEXT() REPRESENTATION_CONTEXT('2D SPACE',''
  ) );
#11803 = PCURVE('',#11147,#11804);
#11804 = DEFINITIONAL_REPRESENTATION('',(#11805),#11809);
#11805 = LINE('',#11806,#11807);
#11806 = CARTESIAN_POINT('',(-5.95,42.5));
#11807 = VECTOR('',#11808,1.);
#11808 = DIRECTION('',(-7.819124531863E-02,-0.996938377813));
#11809 = ( GEOMETRIC_REPRESENTATION_CONTEXT(2) 
PARAMETRIC_REPRESENTATION_CONTEXT() REPRESENTATION_CONTEXT('2D SPACE',''
  ) );
#11810 = ORIENTED_EDGE('',*,*,#11646,.T.);
#11811 = ORIENTED_EDGE('',*,*,#5859,.F.);
#11812 = ORIENTED_EDGE('',*,*,#11813,.T.);
#11813 = EDGE_CURVE('',#5831,#11789,#11814,.T.);
#11814 = SURFACE_CURVE('',#11815,(#11819,#11825),.PCURVE_S1.);
#11815 = LINE('',#11816,#11817);
#11816 = CARTESIAN_POINT('',(-6.771900436559,32.020769433868,1.6));
#11817 = VECTOR('',#11818,1.);
#11818 = DIRECTION('',(-0.,-0.,-1.));
#11819 = PCURVE('',#5875,#11820);
#11820 = DEFINITIONAL_REPRESENTATION('',(#11821),#11824);
#11821 = B_SPLINE_CURVE_WITH_KNOTS('',1,(#11822,#11823),.UNSPECIFIED.,
  .F.,.F.,(2,2),(-6.4000006,5.999999999062E-07),
  .PIECEWISE_BEZIER_KNOTS.);
#11822 = CARTESIAN_POINT('',(10.511412539986,-6.4000006));
#11823 = CARTESIAN_POINT('',(10.511412539986,5.999999999062E-07));
#11824 = ( GEOMETRIC_REPRESENTATION_CONTEXT(2) 
PARAMETRIC_REPRESENTATION_CONTEXT() REPRESENTATION_CONTEXT('2D SPACE',''
  ) );
#11825 = PCURVE('',#5847,#11826);
#11826 = DEFINITIONAL_REPRESENTATION('',(#11827),#11830);
#11827 = B_SPLINE_CURVE_WITH_KNOTS('',1,(#11828,#11829),.UNSPECIFIED.,
  .F.,.F.,(2,2),(-6.4,0.),.PIECEWISE_BEZIER_KNOTS.);
#11828 = CARTESIAN_POINT('',(-8.483505763262,-6.4));
#11829 = CARTESIAN_POINT('',(-8.483505763262,0.));
#11830 = ( GEOMETRIC_REPRESENTATION_CONTEXT(2) 
PARAMETRIC_REPRESENTATION_CONTEXT() REPRESENTATION_CONTEXT('2D SPACE',''
  ) );
#11831 = ADVANCED_FACE('',(#11832),#5274,.F.);
#11832 = FACE_BOUND('',#11833,.T.);
#11833 = EDGE_LOOP('',(#11834,#11858,#11877,#11878));
#11834 = ORIENTED_EDGE('',*,*,#11835,.F.);
#11835 = EDGE_CURVE('',#11836,#11737,#11838,.T.);
#11836 = VERTEX_POINT('',#11837);
#11837 = CARTESIAN_POINT('',(7.563615795678,-14.55169117647,1.6));
#11838 = SURFACE_CURVE('',#11839,(#11844,#11851),.PCURVE_S1.);
#11839 = CIRCLE('',#11840,16.4);
#11840 = AXIS2_PLACEMENT_3D('',#11841,#11842,#11843);
#11841 = CARTESIAN_POINT('',(0.,0.,1.6));
#11842 = DIRECTION('',(0.,0.,1.));
#11843 = DIRECTION('',(1.,0.,0.));
#11844 = PCURVE('',#5274,#11845);
#11845 = DEFINITIONAL_REPRESENTATION('',(#11846),#11850);
#11846 = LINE('',#11847,#11848);
#11847 = CARTESIAN_POINT('',(-0.,0.));
#11848 = VECTOR('',#11849,1.);
#11849 = DIRECTION('',(-1.,0.));
#11850 = ( GEOMETRIC_REPRESENTATION_CONTEXT(2) 
PARAMETRIC_REPRESENTATION_CONTEXT() REPRESENTATION_CONTEXT('2D SPACE',''
  ) );
#11851 = PCURVE('',#11147,#11852);
#11852 = DEFINITIONAL_REPRESENTATION('',(#11853),#11857);
#11853 = CIRCLE('',#11854,16.4);
#11854 = AXIS2_PLACEMENT_2D('',#11855,#11856);
#11855 = CARTESIAN_POINT('',(6.670439670924E-16,-6.646143506509E-16));
#11856 = DIRECTION('',(1.,0.));
#11857 = ( GEOMETRIC_REPRESENTATION_CONTEXT(2) 
PARAMETRIC_REPRESENTATION_CONTEXT() REPRESENTATION_CONTEXT('2D SPACE',''
  ) );
#11858 = ORIENTED_EDGE('',*,*,#11859,.F.);
#11859 = EDGE_CURVE('',#5254,#11836,#11860,.T.);
#11860 = SURFACE_CURVE('',#11861,(#11865,#11871),.PCURVE_S1.);
#11861 = LINE('',#11862,#11863);
#11862 = CARTESIAN_POINT('',(7.563615795678,-14.55169117647,1.6));
#11863 = VECTOR('',#11864,1.);
#11864 = DIRECTION('',(-0.,-0.,-1.));
#11865 = PCURVE('',#5274,#11866);
#11866 = DEFINITIONAL_REPRESENTATION('',(#11867),#11870);
#11867 = B_SPLINE_CURVE_WITH_KNOTS('',1,(#11868,#11869),.UNSPECIFIED.,
  .F.,.F.,(2,2),(-6.6000006,5.999999999062E-07),
  .PIECEWISE_BEZIER_KNOTS.);
#11868 = CARTESIAN_POINT('',(-5.191731715363,-6.6000006));
#11869 = CARTESIAN_POINT('',(-5.191731715363,5.999999999062E-07));
#11870 = ( GEOMETRIC_REPRESENTATION_CONTEXT(2) 
PARAMETRIC_REPRESENTATION_CONTEXT() REPRESENTATION_CONTEXT('2D SPACE',''
  ) );
#11871 = PCURVE('',#5307,#11872);
#11872 = DEFINITIONAL_REPRESENTATION('',(#11873),#11876);
#11873 = B_SPLINE_CURVE_WITH_KNOTS('',1,(#11874,#11875),.UNSPECIFIED.,
  .F.,.F.,(2,2),(-6.6000006,5.999999999062E-07),
  .PIECEWISE_BEZIER_KNOTS.);
#11874 = CARTESIAN_POINT('',(-1.883847949252,-6.6000006));
#11875 = CARTESIAN_POINT('',(-1.883847949252,5.999999999062E-07));
#11876 = ( GEOMETRIC_REPRESENTATION_CONTEXT(2) 
PARAMETRIC_REPRESENTATION_CONTEXT() REPRESENTATION_CONTEXT('2D SPACE',''
  ) );
#11877 = ORIENTED_EDGE('',*,*,#5253,.F.);
#11878 = ORIENTED_EDGE('',*,*,#11736,.T.);
#11879 = ADVANCED_FACE('',(#11880),#5847,.T.);
#11880 = FACE_BOUND('',#11881,.F.);
#11881 = EDGE_LOOP('',(#11882,#11910,#11929,#11930));
#11882 = ORIENTED_EDGE('',*,*,#11883,.T.);
#11883 = EDGE_CURVE('',#11789,#11884,#11886,.T.);
#11884 = VERTEX_POINT('',#11885);
#11885 = CARTESIAN_POINT('',(-7.06894786302,28.233414746491,1.6));
#11886 = SURFACE_CURVE('',#11887,(#11892,#11899),.PCURVE_S1.);
#11887 = CIRCLE('',#11888,2.5);
#11888 = AXIS2_PLACEMENT_3D('',#11889,#11890,#11891);
#11889 = CARTESIAN_POINT('',(-5.3,30.,1.6));
#11890 = DIRECTION('',(0.,0.,-1.));
#11891 = DIRECTION('',(-0.588760174624,0.808307773547,0.));
#11892 = PCURVE('',#5847,#11893);
#11893 = DEFINITIONAL_REPRESENTATION('',(#11894),#11898);
#11894 = LINE('',#11895,#11896);
#11895 = CARTESIAN_POINT('',(-8.483505763262,0.));
#11896 = VECTOR('',#11897,1.);
#11897 = DIRECTION('',(1.,-0.));
#11898 = ( GEOMETRIC_REPRESENTATION_CONTEXT(2) 
PARAMETRIC_REPRESENTATION_CONTEXT() REPRESENTATION_CONTEXT('2D SPACE',''
  ) );
#11899 = PCURVE('',#11147,#11900);
#11900 = DEFINITIONAL_REPRESENTATION('',(#11901),#11909);
#11901 = ( BOUNDED_CURVE() B_SPLINE_CURVE(2,(#11902,#11903,#11904,#11905
    ,#11906,#11907,#11908),.UNSPECIFIED.,.T.,.F.) 
B_SPLINE_CURVE_WITH_KNOTS((1,2,2,2,2,1),(-2.094395102393,0.,
    2.094395102393,4.188790204786,6.28318530718,8.377580409573),
.UNSPECIFIED.) CURVE() GEOMETRIC_REPRESENTATION_ITEM() 
RATIONAL_B_SPLINE_CURVE((1.,0.5,1.,0.5,1.,0.5,1.)) REPRESENTATION_ITEM(
  '') );
#11902 = CARTESIAN_POINT('',(-6.771900436559,32.020769433868));
#11903 = CARTESIAN_POINT('',(-3.271825106717,34.570175773672));
#11904 = CARTESIAN_POINT('',(-2.814012116799,30.264318452968));
#11905 = CARTESIAN_POINT('',(-2.356199126881,25.958461132264));
#11906 = CARTESIAN_POINT('',(-6.314087446641,27.714912113164));
#11907 = CARTESIAN_POINT('',(-10.2719757664,29.471363094065));
#11908 = CARTESIAN_POINT('',(-6.771900436559,32.020769433868));
#11909 = ( GEOMETRIC_REPRESENTATION_CONTEXT(2) 
PARAMETRIC_REPRESENTATION_CONTEXT() REPRESENTATION_CONTEXT('2D SPACE',''
  ) );
#11910 = ORIENTED_EDGE('',*,*,#11911,.F.);
#11911 = EDGE_CURVE('',#5804,#11884,#11912,.T.);
#11912 = SURFACE_CURVE('',#11913,(#11917,#11923),.PCURVE_S1.);
#11913 = LINE('',#11914,#11915);
#11914 = CARTESIAN_POINT('',(-7.06894786302,28.233414746491,1.6));
#11915 = VECTOR('',#11916,1.);
#11916 = DIRECTION('',(-0.,-0.,-1.));
#11917 = PCURVE('',#5847,#11918);
#11918 = DEFINITIONAL_REPRESENTATION('',(#11919),#11922);
#11919 = B_SPLINE_CURVE_WITH_KNOTS('',1,(#11920,#11921),.UNSPECIFIED.,
  .F.,.F.,(2,2),(-6.4,0.),.PIECEWISE_BEZIER_KNOTS.);
#11920 = CARTESIAN_POINT('',(-3.926322570055,-6.4));
#11921 = CARTESIAN_POINT('',(-3.926322570055,0.));
#11922 = ( GEOMETRIC_REPRESENTATION_CONTEXT(2) 
PARAMETRIC_REPRESENTATION_CONTEXT() REPRESENTATION_CONTEXT('2D SPACE',''
  ) );
#11923 = PCURVE('',#5819,#11924);
#11924 = DEFINITIONAL_REPRESENTATION('',(#11925),#11928);
#11925 = B_SPLINE_CURVE_WITH_KNOTS('',1,(#11926,#11927),.UNSPECIFIED.,
  .F.,.F.,(2,2),(-6.4000006,5.999999999062E-07),
  .PIECEWISE_BEZIER_KNOTS.);
#11926 = CARTESIAN_POINT('',(14.310398286414,-6.4000006));
#11927 = CARTESIAN_POINT('',(14.310398286414,5.999999999062E-07));
#11928 = ( GEOMETRIC_REPRESENTATION_CONTEXT(2) 
PARAMETRIC_REPRESENTATION_CONTEXT() REPRESENTATION_CONTEXT('2D SPACE',''
  ) );
#11929 = ORIENTED_EDGE('',*,*,#5830,.T.);
#11930 = ORIENTED_EDGE('',*,*,#11813,.T.);
#11931 = ADVANCED_FACE('',(#11932),#5307,.F.);
#11932 = FACE_BOUND('',#11933,.T.);
#11933 = EDGE_LOOP('',(#11934,#11957,#11958,#11959));
#11934 = ORIENTED_EDGE('',*,*,#11935,.F.);
#11935 = EDGE_CURVE('',#5287,#11936,#11938,.T.);
#11936 = VERTEX_POINT('',#11937);
#11937 = CARTESIAN_POINT('',(7.852789453573,-18.23943446694,1.6));
#11938 = SURFACE_CURVE('',#11939,(#11943,#11950),.PCURVE_S1.);
#11939 = LINE('',#11940,#11941);
#11940 = CARTESIAN_POINT('',(7.852789453573,-18.23943446694,1.6));
#11941 = VECTOR('',#11942,1.);
#11942 = DIRECTION('',(0.,0.,-1.));
#11943 = PCURVE('',#5307,#11944);
#11944 = DEFINITIONAL_REPRESENTATION('',(#11945),#11949);
#11945 = LINE('',#11946,#11947);
#11946 = CARTESIAN_POINT('',(-1.414254045752,0.));
#11947 = VECTOR('',#11948,1.);
#11948 = DIRECTION('',(-0.,1.));
#11949 = ( GEOMETRIC_REPRESENTATION_CONTEXT(2) 
PARAMETRIC_REPRESENTATION_CONTEXT() REPRESENTATION_CONTEXT('2D SPACE',''
  ) );
#11950 = PCURVE('',#5335,#11951);
#11951 = DEFINITIONAL_REPRESENTATION('',(#11952),#11956);
#11952 = LINE('',#11953,#11954);
#11953 = CARTESIAN_POINT('',(24.335070324291,0.));
#11954 = VECTOR('',#11955,1.);
#11955 = DIRECTION('',(0.,1.));
#11956 = ( GEOMETRIC_REPRESENTATION_CONTEXT(2) 
PARAMETRIC_REPRESENTATION_CONTEXT() REPRESENTATION_CONTEXT('2D SPACE',''
  ) );
#11957 = ORIENTED_EDGE('',*,*,#5286,.F.);
#11958 = ORIENTED_EDGE('',*,*,#11859,.T.);
#11959 = ORIENTED_EDGE('',*,*,#11960,.T.);
#11960 = EDGE_CURVE('',#11836,#11936,#11961,.T.);
#11961 = SURFACE_CURVE('',#11962,(#11967,#11974),.PCURVE_S1.);
#11962 = CIRCLE('',#11963,7.95);
#11963 = AXIS2_PLACEMENT_3D('',#11964,#11965,#11966);
#11964 = CARTESIAN_POINT('',(-3.774758283726E-15,-17.,1.6));
#11965 = DIRECTION('',(0.,-0.,-1.));
#11966 = DIRECTION('',(-0.987772258311,-0.155903706534,0.));
#11967 = PCURVE('',#5307,#11968);
#11968 = DEFINITIONAL_REPRESENTATION('',(#11969),#11973);
#11969 = LINE('',#11970,#11971);
#11970 = CARTESIAN_POINT('',(-4.868931261427,0.));
#11971 = VECTOR('',#11972,1.);
#11972 = DIRECTION('',(1.,-0.));
#11973 = ( GEOMETRIC_REPRESENTATION_CONTEXT(2) 
PARAMETRIC_REPRESENTATION_CONTEXT() REPRESENTATION_CONTEXT('2D SPACE',''
  ) );
#11974 = PCURVE('',#11147,#11975);
#11975 = DEFINITIONAL_REPRESENTATION('',(#11976),#11984);
#11976 = ( BOUNDED_CURVE() B_SPLINE_CURVE(2,(#11977,#11978,#11979,#11980
    ,#11981,#11982,#11983),.UNSPECIFIED.,.T.,.F.) 
B_SPLINE_CURVE_WITH_KNOTS((1,2,2,2,2,1),(-2.094395102393,0.,
    2.094395102393,4.188790204786,6.28318530718,8.377580409573),
.UNSPECIFIED.) CURVE() GEOMETRIC_REPRESENTATION_ITEM() 
RATIONAL_B_SPLINE_CURVE((1.,0.5,1.,0.5,1.,0.5,1.)) REPRESENTATION_ITEM(
  '') );
#11977 = CARTESIAN_POINT('',(-7.852789453573,-18.23943446694));
#11978 = CARTESIAN_POINT('',(-9.999552922978,-4.638004152218));
#11979 = CARTESIAN_POINT('',(2.853012992084,-9.579567609162));
#11980 = CARTESIAN_POINT('',(15.705578907145,-14.5211310661));
#11981 = CARTESIAN_POINT('',(4.999776461489,-23.18099792389));
#11982 = CARTESIAN_POINT('',(-5.706025984168,-31.84086478167));
#11983 = CARTESIAN_POINT('',(-7.852789453573,-18.23943446694));
#11984 = ( GEOMETRIC_REPRESENTATION_CONTEXT(2) 
PARAMETRIC_REPRESENTATION_CONTEXT() REPRESENTATION_CONTEXT('2D SPACE',''
  ) );
#11985 = ADVANCED_FACE('',(#11986),#5819,.T.);
#11986 = FACE_BOUND('',#11987,.T.);
#11987 = EDGE_LOOP('',(#11988,#12011,#12012,#12013));
#11988 = ORIENTED_EDGE('',*,*,#11989,.F.);
#11989 = EDGE_CURVE('',#11884,#11990,#11992,.T.);
#11990 = VERTEX_POINT('',#11991);
#11991 = CARTESIAN_POINT('',(-7.852789453573,18.239434466947,1.6));
#11992 = SURFACE_CURVE('',#11993,(#11997,#12004),.PCURVE_S1.);
#11993 = LINE('',#11994,#11995);
#11994 = CARTESIAN_POINT('',(-5.95,42.5,1.6));
#11995 = VECTOR('',#11996,1.);
#11996 = DIRECTION('',(-7.819124531863E-02,-0.996938377813,0.));
#11997 = PCURVE('',#5819,#11998);
#11998 = DEFINITIONAL_REPRESENTATION('',(#11999),#12003);
#11999 = LINE('',#12000,#12001);
#12000 = CARTESIAN_POINT('',(0.,0.));
#12001 = VECTOR('',#12002,1.);
#12002 = DIRECTION('',(1.,0.));
#12003 = ( GEOMETRIC_REPRESENTATION_CONTEXT(2) 
PARAMETRIC_REPRESENTATION_CONTEXT() REPRESENTATION_CONTEXT('2D SPACE',''
  ) );
#12004 = PCURVE('',#11147,#12005);
#12005 = DEFINITIONAL_REPRESENTATION('',(#12006),#12010);
#12006 = LINE('',#12007,#12008);
#12007 = CARTESIAN_POINT('',(-5.95,42.5));
#12008 = VECTOR('',#12009,1.);
#12009 = DIRECTION('',(-7.819124531863E-02,-0.996938377813));
#12010 = ( GEOMETRIC_REPRESENTATION_CONTEXT(2) 
PARAMETRIC_REPRESENTATION_CONTEXT() REPRESENTATION_CONTEXT('2D SPACE',''
  ) );
#12011 = ORIENTED_EDGE('',*,*,#11911,.F.);
#12012 = ORIENTED_EDGE('',*,*,#5803,.F.);
#12013 = ORIENTED_EDGE('',*,*,#12014,.T.);
#12014 = EDGE_CURVE('',#5771,#11990,#12015,.T.);
#12015 = SURFACE_CURVE('',#12016,(#12020,#12027),.PCURVE_S1.);
#12016 = LINE('',#12017,#12018);
#12017 = CARTESIAN_POINT('',(-7.852789453573,18.239434466947,1.6));
#12018 = VECTOR('',#12019,1.);
#12019 = DIRECTION('',(0.,-0.,-1.));
#12020 = PCURVE('',#5819,#12021);
#12021 = DEFINITIONAL_REPRESENTATION('',(#12022),#12026);
#12022 = LINE('',#12023,#12024);
#12023 = CARTESIAN_POINT('',(24.335070324291,0.));
#12024 = VECTOR('',#12025,1.);
#12025 = DIRECTION('',(-0.,1.));
#12026 = ( GEOMETRIC_REPRESENTATION_CONTEXT(2) 
PARAMETRIC_REPRESENTATION_CONTEXT() REPRESENTATION_CONTEXT('2D SPACE',''
  ) );
#12027 = PCURVE('',#5791,#12028);
#12028 = DEFINITIONAL_REPRESENTATION('',(#12029),#12033);
#12029 = LINE('',#12030,#12031);
#12030 = CARTESIAN_POINT('',(-1.414254045752,0.));
#12031 = VECTOR('',#12032,1.);
#12032 = DIRECTION('',(-0.,1.));
#12033 = ( GEOMETRIC_REPRESENTATION_CONTEXT(2) 
PARAMETRIC_REPRESENTATION_CONTEXT() REPRESENTATION_CONTEXT('2D SPACE',''
  ) );
#12034 = ADVANCED_FACE('',(#12035),#5335,.T.);
#12035 = FACE_BOUND('',#12036,.T.);
#12036 = EDGE_LOOP('',(#12037,#12060,#12079,#12080));
#12037 = ORIENTED_EDGE('',*,*,#12038,.F.);
#12038 = EDGE_CURVE('',#12039,#11936,#12041,.T.);
#12039 = VERTEX_POINT('',#12040);
#12040 = CARTESIAN_POINT('',(7.06894786302,-28.23341474649,1.6));
#12041 = SURFACE_CURVE('',#12042,(#12046,#12053),.PCURVE_S1.);
#12042 = LINE('',#12043,#12044);
#12043 = CARTESIAN_POINT('',(5.95,-42.5,1.6));
#12044 = VECTOR('',#12045,1.);
#12045 = DIRECTION('',(7.819124531863E-02,0.996938377813,0.));
#12046 = PCURVE('',#5335,#12047);
#12047 = DEFINITIONAL_REPRESENTATION('',(#12048),#12052);
#12048 = LINE('',#12049,#12050);
#12049 = CARTESIAN_POINT('',(0.,0.));
#12050 = VECTOR('',#12051,1.);
#12051 = DIRECTION('',(1.,0.));
#12052 = ( GEOMETRIC_REPRESENTATION_CONTEXT(2) 
PARAMETRIC_REPRESENTATION_CONTEXT() REPRESENTATION_CONTEXT('2D SPACE',''
  ) );
#12053 = PCURVE('',#11147,#12054);
#12054 = DEFINITIONAL_REPRESENTATION('',(#12055),#12059);
#12055 = LINE('',#12056,#12057);
#12056 = CARTESIAN_POINT('',(5.95,-42.5));
#12057 = VECTOR('',#12058,1.);
#12058 = DIRECTION('',(7.819124531863E-02,0.996938377813));
#12059 = ( GEOMETRIC_REPRESENTATION_CONTEXT(2) 
PARAMETRIC_REPRESENTATION_CONTEXT() REPRESENTATION_CONTEXT('2D SPACE',''
  ) );
#12060 = ORIENTED_EDGE('',*,*,#12061,.F.);
#12061 = EDGE_CURVE('',#5320,#12039,#12062,.T.);
#12062 = SURFACE_CURVE('',#12063,(#12067,#12073),.PCURVE_S1.);
#12063 = LINE('',#12064,#12065);
#12064 = CARTESIAN_POINT('',(7.06894786302,-28.23341474649,1.6));
#12065 = VECTOR('',#12066,1.);
#12066 = DIRECTION('',(-0.,-0.,-1.));
#12067 = PCURVE('',#5335,#12068);
#12068 = DEFINITIONAL_REPRESENTATION('',(#12069),#12072);
#12069 = B_SPLINE_CURVE_WITH_KNOTS('',1,(#12070,#12071),.UNSPECIFIED.,
  .F.,.F.,(2,2),(-6.4000006,5.999999999062E-07),
  .PIECEWISE_BEZIER_KNOTS.);
#12070 = CARTESIAN_POINT('',(14.310398286414,-6.4000006));
#12071 = CARTESIAN_POINT('',(14.310398286414,5.999999999062E-07));
#12072 = ( GEOMETRIC_REPRESENTATION_CONTEXT(2) 
PARAMETRIC_REPRESENTATION_CONTEXT() REPRESENTATION_CONTEXT('2D SPACE',''
  ) );
#12073 = PCURVE('',#5363,#12074);
#12074 = DEFINITIONAL_REPRESENTATION('',(#12075),#12078);
#12075 = B_SPLINE_CURVE_WITH_KNOTS('',1,(#12076,#12077),.UNSPECIFIED.,
  .F.,.F.,(2,2),(-6.4000006,5.999999999062E-07),
  .PIECEWISE_BEZIER_KNOTS.);
#12076 = CARTESIAN_POINT('',(-0.784729916465,-6.4000006));
#12077 = CARTESIAN_POINT('',(-0.784729916465,5.999999999062E-07));
#12078 = ( GEOMETRIC_REPRESENTATION_CONTEXT(2) 
PARAMETRIC_REPRESENTATION_CONTEXT() REPRESENTATION_CONTEXT('2D SPACE',''
  ) );
#12079 = ORIENTED_EDGE('',*,*,#5319,.F.);
#12080 = ORIENTED_EDGE('',*,*,#11935,.T.);
#12081 = ADVANCED_FACE('',(#12082),#5791,.F.);
#12082 = FACE_BOUND('',#12083,.T.);
#12083 = EDGE_LOOP('',(#12084,#12085,#12086,#12107));
#12084 = ORIENTED_EDGE('',*,*,#12014,.F.);
#12085 = ORIENTED_EDGE('',*,*,#5770,.F.);
#12086 = ORIENTED_EDGE('',*,*,#12087,.T.);
#12087 = EDGE_CURVE('',#5738,#12088,#12090,.T.);
#12088 = VERTEX_POINT('',#12089);
#12089 = CARTESIAN_POINT('',(-7.563615795678,14.55169117647,1.6));
#12090 = SURFACE_CURVE('',#12091,(#12095,#12101),.PCURVE_S1.);
#12091 = LINE('',#12092,#12093);
#12092 = CARTESIAN_POINT('',(-7.563615795678,14.551691176471,1.6));
#12093 = VECTOR('',#12094,1.);
#12094 = DIRECTION('',(-0.,-0.,-1.));
#12095 = PCURVE('',#5791,#12096);
#12096 = DEFINITIONAL_REPRESENTATION('',(#12097),#12100);
#12097 = B_SPLINE_CURVE_WITH_KNOTS('',1,(#12098,#12099),.UNSPECIFIED.,
  .F.,.F.,(2,2),(-6.6000006,5.999999999062E-07),
  .PIECEWISE_BEZIER_KNOTS.);
#12098 = CARTESIAN_POINT('',(-1.883847949252,-6.6000006));
#12099 = CARTESIAN_POINT('',(-1.883847949252,5.999999999062E-07));
#12100 = ( GEOMETRIC_REPRESENTATION_CONTEXT(2) 
PARAMETRIC_REPRESENTATION_CONTEXT() REPRESENTATION_CONTEXT('2D SPACE',''
  ) );
#12101 = PCURVE('',#5758,#12102);
#12102 = DEFINITIONAL_REPRESENTATION('',(#12103),#12106);
#12103 = B_SPLINE_CURVE_WITH_KNOTS('',1,(#12104,#12105),.UNSPECIFIED.,
  .F.,.F.,(2,2),(-6.6000006,5.999999999062E-07),
  .PIECEWISE_BEZIER_KNOTS.);
#12104 = CARTESIAN_POINT('',(-2.050139061773,-6.6000006));
#12105 = CARTESIAN_POINT('',(-2.050139061773,5.999999999062E-07));
#12106 = ( GEOMETRIC_REPRESENTATION_CONTEXT(2) 
PARAMETRIC_REPRESENTATION_CONTEXT() REPRESENTATION_CONTEXT('2D SPACE',''
  ) );
#12107 = ORIENTED_EDGE('',*,*,#12108,.T.);
#12108 = EDGE_CURVE('',#12088,#11990,#12109,.T.);
#12109 = SURFACE_CURVE('',#12110,(#12115,#12122),.PCURVE_S1.);
#12110 = CIRCLE('',#12111,7.95);
#12111 = AXIS2_PLACEMENT_3D('',#12112,#12113,#12114);
#12112 = CARTESIAN_POINT('',(1.887379141863E-15,17.,1.6));
#12113 = DIRECTION('',(0.,0.,-1.));
#12114 = DIRECTION('',(0.987772258311,0.155903706534,0.));
#12115 = PCURVE('',#5791,#12116);
#12116 = DEFINITIONAL_REPRESENTATION('',(#12117),#12121);
#12117 = LINE('',#12118,#12119);
#12118 = CARTESIAN_POINT('',(-4.868931261427,0.));
#12119 = VECTOR('',#12120,1.);
#12120 = DIRECTION('',(1.,-0.));
#12121 = ( GEOMETRIC_REPRESENTATION_CONTEXT(2) 
PARAMETRIC_REPRESENTATION_CONTEXT() REPRESENTATION_CONTEXT('2D SPACE',''
  ) );
#12122 = PCURVE('',#11147,#12123);
#12123 = DEFINITIONAL_REPRESENTATION('',(#12124),#12132);
#12124 = ( BOUNDED_CURVE() B_SPLINE_CURVE(2,(#12125,#12126,#12127,#12128
    ,#12129,#12130,#12131),.UNSPECIFIED.,.T.,.F.) 
B_SPLINE_CURVE_WITH_KNOTS((1,2,2,2,2,1),(-2.094395102393,0.,
    2.094395102393,4.188790204786,6.28318530718,8.377580409573),
.UNSPECIFIED.) CURVE() GEOMETRIC_REPRESENTATION_ITEM() 
RATIONAL_B_SPLINE_CURVE((1.,0.5,1.,0.5,1.,0.5,1.)) REPRESENTATION_ITEM(
  '') );
#12125 = CARTESIAN_POINT('',(7.852789453573,18.239434466947));
#12126 = CARTESIAN_POINT('',(9.999552922978,4.638004152218));
#12127 = CARTESIAN_POINT('',(-2.853012992084,9.579567609162));
#12128 = CARTESIAN_POINT('',(-15.70557890714,14.521131066105));
#12129 = CARTESIAN_POINT('',(-4.999776461489,23.180997923891));
#12130 = CARTESIAN_POINT('',(5.706025984168,31.840864781676));
#12131 = CARTESIAN_POINT('',(7.852789453573,18.239434466947));
#12132 = ( GEOMETRIC_REPRESENTATION_CONTEXT(2) 
PARAMETRIC_REPRESENTATION_CONTEXT() REPRESENTATION_CONTEXT('2D SPACE',''
  ) );
#12133 = ADVANCED_FACE('',(#12134),#5363,.T.);
#12134 = FACE_BOUND('',#12135,.F.);
#12135 = EDGE_LOOP('',(#12136,#12160,#12161,#12162));
#12136 = ORIENTED_EDGE('',*,*,#12137,.F.);
#12137 = EDGE_CURVE('',#12039,#12138,#12140,.T.);
#12138 = VERTEX_POINT('',#12139);
#12139 = CARTESIAN_POINT('',(6.771900436559,-32.02076943386,1.6));
#12140 = SURFACE_CURVE('',#12141,(#12146,#12153),.PCURVE_S1.);
#12141 = CIRCLE('',#12142,2.5);
#12142 = AXIS2_PLACEMENT_3D('',#12143,#12144,#12145);
#12143 = CARTESIAN_POINT('',(5.3,-30.,1.6));
#12144 = DIRECTION('',(0.,0.,1.));
#12145 = DIRECTION('',(1.,0.,0.));
#12146 = PCURVE('',#5363,#12147);
#12147 = DEFINITIONAL_REPRESENTATION('',(#12148),#12152);
#12148 = LINE('',#12149,#12150);
#12149 = CARTESIAN_POINT('',(-0.,0.));
#12150 = VECTOR('',#12151,1.);
#12151 = DIRECTION('',(-1.,0.));
#12152 = ( GEOMETRIC_REPRESENTATION_CONTEXT(2) 
PARAMETRIC_REPRESENTATION_CONTEXT() REPRESENTATION_CONTEXT('2D SPACE',''
  ) );
#12153 = PCURVE('',#11147,#12154);
#12154 = DEFINITIONAL_REPRESENTATION('',(#12155),#12159);
#12155 = CIRCLE('',#12156,2.5);
#12156 = AXIS2_PLACEMENT_2D('',#12157,#12158);
#12157 = CARTESIAN_POINT('',(5.3,-30.));
#12158 = DIRECTION('',(1.,0.));
#12159 = ( GEOMETRIC_REPRESENTATION_CONTEXT(2) 
PARAMETRIC_REPRESENTATION_CONTEXT() REPRESENTATION_CONTEXT('2D SPACE',''
  ) );
#12160 = ORIENTED_EDGE('',*,*,#12061,.F.);
#12161 = ORIENTED_EDGE('',*,*,#5346,.T.);
#12162 = ORIENTED_EDGE('',*,*,#12163,.T.);
#12163 = EDGE_CURVE('',#5347,#12138,#12164,.T.);
#12164 = SURFACE_CURVE('',#12165,(#12169,#12175),.PCURVE_S1.);
#12165 = LINE('',#12166,#12167);
#12166 = CARTESIAN_POINT('',(6.771900436559,-32.02076943386,1.6));
#12167 = VECTOR('',#12168,1.);
#12168 = DIRECTION('',(-0.,-0.,-1.));
#12169 = PCURVE('',#5363,#12170);
#12170 = DEFINITIONAL_REPRESENTATION('',(#12171),#12174);
#12171 = B_SPLINE_CURVE_WITH_KNOTS('',1,(#12172,#12173),.UNSPECIFIED.,
  .F.,.F.,(2,2),(-6.4000006,5.999999999062E-07),
  .PIECEWISE_BEZIER_KNOTS.);
#12172 = CARTESIAN_POINT('',(-5.341913109672,-6.4000006));
#12173 = CARTESIAN_POINT('',(-5.341913109672,5.999999999062E-07));
#12174 = ( GEOMETRIC_REPRESENTATION_CONTEXT(2) 
PARAMETRIC_REPRESENTATION_CONTEXT() REPRESENTATION_CONTEXT('2D SPACE',''
  ) );
#12175 = PCURVE('',#5391,#12176);
#12176 = DEFINITIONAL_REPRESENTATION('',(#12177),#12180);
#12177 = B_SPLINE_CURVE_WITH_KNOTS('',1,(#12178,#12179),.UNSPECIFIED.,
  .F.,.F.,(2,2),(-6.4000006,5.999999999062E-07),
  .PIECEWISE_BEZIER_KNOTS.);
#12178 = CARTESIAN_POINT('',(10.511412539986,-6.4000006));
#12179 = CARTESIAN_POINT('',(10.511412539986,5.999999999062E-07));
#12180 = ( GEOMETRIC_REPRESENTATION_CONTEXT(2) 
PARAMETRIC_REPRESENTATION_CONTEXT() REPRESENTATION_CONTEXT('2D SPACE',''
  ) );
#12181 = ADVANCED_FACE('',(#12182),#5758,.F.);
#12182 = FACE_BOUND('',#12183,.T.);
#12183 = EDGE_LOOP('',(#12184,#12208,#12209,#12210));
#12184 = ORIENTED_EDGE('',*,*,#12185,.F.);
#12185 = EDGE_CURVE('',#12088,#12186,#12188,.T.);
#12186 = VERTEX_POINT('',#12187);
#12187 = CARTESIAN_POINT('',(-14.55169117647,7.563615795678,1.6));
#12188 = SURFACE_CURVE('',#12189,(#12194,#12201),.PCURVE_S1.);
#12189 = CIRCLE('',#12190,16.4);
#12190 = AXIS2_PLACEMENT_3D('',#12191,#12192,#12193);
#12191 = CARTESIAN_POINT('',(0.,0.,1.6));
#12192 = DIRECTION('',(0.,0.,1.));
#12193 = DIRECTION('',(1.,0.,0.));
#12194 = PCURVE('',#5758,#12195);
#12195 = DEFINITIONAL_REPRESENTATION('',(#12196),#12200);
#12196 = LINE('',#12197,#12198);
#12197 = CARTESIAN_POINT('',(-0.,0.));
#12198 = VECTOR('',#12199,1.);
#12199 = DIRECTION('',(-1.,0.));
#12200 = ( GEOMETRIC_REPRESENTATION_CONTEXT(2) 
PARAMETRIC_REPRESENTATION_CONTEXT() REPRESENTATION_CONTEXT('2D SPACE',''
  ) );
#12201 = PCURVE('',#11147,#12202);
#12202 = DEFINITIONAL_REPRESENTATION('',(#12203),#12207);
#12203 = CIRCLE('',#12204,16.4);
#12204 = AXIS2_PLACEMENT_2D('',#12205,#12206);
#12205 = CARTESIAN_POINT('',(6.670439670924E-16,-6.646143506509E-16));
#12206 = DIRECTION('',(1.,0.));
#12207 = ( GEOMETRIC_REPRESENTATION_CONTEXT(2) 
PARAMETRIC_REPRESENTATION_CONTEXT() REPRESENTATION_CONTEXT('2D SPACE',''
  ) );
#12208 = ORIENTED_EDGE('',*,*,#12087,.F.);
#12209 = ORIENTED_EDGE('',*,*,#5737,.F.);
#12210 = ORIENTED_EDGE('',*,*,#12211,.T.);
#12211 = EDGE_CURVE('',#5705,#12186,#12212,.T.);
#12212 = SURFACE_CURVE('',#12213,(#12217,#12223),.PCURVE_S1.);
#12213 = LINE('',#12214,#12215);
#12214 = CARTESIAN_POINT('',(-14.55169117647,7.563615795678,1.6));
#12215 = VECTOR('',#12216,1.);
#12216 = DIRECTION('',(-0.,-0.,-1.));
#12217 = PCURVE('',#5758,#12218);
#12218 = DEFINITIONAL_REPRESENTATION('',(#12219),#12222);
#12219 = B_SPLINE_CURVE_WITH_KNOTS('',1,(#12220,#12221),.UNSPECIFIED.,
  .F.,.F.,(2,2),(-6.6000006,5.999999999062E-07),
  .PIECEWISE_BEZIER_KNOTS.);
#12220 = CARTESIAN_POINT('',(-2.662249918612,-6.6000006));
#12221 = CARTESIAN_POINT('',(-2.662249918612,5.999999999062E-07));
#12222 = ( GEOMETRIC_REPRESENTATION_CONTEXT(2) 
PARAMETRIC_REPRESENTATION_CONTEXT() REPRESENTATION_CONTEXT('2D SPACE',''
  ) );
#12223 = PCURVE('',#5725,#12224);
#12224 = DEFINITIONAL_REPRESENTATION('',(#12225),#12228);
#12225 = B_SPLINE_CURVE_WITH_KNOTS('',1,(#12226,#12227),.UNSPECIFIED.,
  .F.,.F.,(2,2),(-6.6000006,5.999999999062E-07),
  .PIECEWISE_BEZIER_KNOTS.);
#12226 = CARTESIAN_POINT('',(-4.399337357927,-6.6000006));
#12227 = CARTESIAN_POINT('',(-4.399337357927,5.999999999062E-07));
#12228 = ( GEOMETRIC_REPRESENTATION_CONTEXT(2) 
PARAMETRIC_REPRESENTATION_CONTEXT() REPRESENTATION_CONTEXT('2D SPACE',''
  ) );
#12229 = ADVANCED_FACE('',(#12230),#5391,.T.);
#12230 = FACE_BOUND('',#12231,.T.);
#12231 = EDGE_LOOP('',(#12232,#12255,#12276,#12277));
#12232 = ORIENTED_EDGE('',*,*,#12233,.F.);
#12233 = EDGE_CURVE('',#12234,#12138,#12236,.T.);
#12234 = VERTEX_POINT('',#12235);
#12235 = CARTESIAN_POINT('',(5.95,-42.5,1.6));
#12236 = SURFACE_CURVE('',#12237,(#12241,#12248),.PCURVE_S1.);
#12237 = LINE('',#12238,#12239);
#12238 = CARTESIAN_POINT('',(5.95,-42.5,1.6));
#12239 = VECTOR('',#12240,1.);
#12240 = DIRECTION('',(7.819124531863E-02,0.996938377813,0.));
#12241 = PCURVE('',#5391,#12242);
#12242 = DEFINITIONAL_REPRESENTATION('',(#12243),#12247);
#12243 = LINE('',#12244,#12245);
#12244 = CARTESIAN_POINT('',(0.,0.));
#12245 = VECTOR('',#12246,1.);
#12246 = DIRECTION('',(1.,0.));
#12247 = ( GEOMETRIC_REPRESENTATION_CONTEXT(2) 
PARAMETRIC_REPRESENTATION_CONTEXT() REPRESENTATION_CONTEXT('2D SPACE',''
  ) );
#12248 = PCURVE('',#11147,#12249);
#12249 = DEFINITIONAL_REPRESENTATION('',(#12250),#12254);
#12250 = LINE('',#12251,#12252);
#12251 = CARTESIAN_POINT('',(5.95,-42.5));
#12252 = VECTOR('',#12253,1.);
#12253 = DIRECTION('',(7.819124531863E-02,0.996938377813));
#12254 = ( GEOMETRIC_REPRESENTATION_CONTEXT(2) 
PARAMETRIC_REPRESENTATION_CONTEXT() REPRESENTATION_CONTEXT('2D SPACE',''
  ) );
#12255 = ORIENTED_EDGE('',*,*,#12256,.T.);
#12256 = EDGE_CURVE('',#12234,#5376,#12257,.T.);
#12257 = SURFACE_CURVE('',#12258,(#12262,#12269),.PCURVE_S1.);
#12258 = LINE('',#12259,#12260);
#12259 = CARTESIAN_POINT('',(5.95,-42.5,1.6));
#12260 = VECTOR('',#12261,1.);
#12261 = DIRECTION('',(0.,0.,1.));
#12262 = PCURVE('',#5391,#12263);
#12263 = DEFINITIONAL_REPRESENTATION('',(#12264),#12268);
#12264 = LINE('',#12265,#12266);
#12265 = CARTESIAN_POINT('',(0.,0.));
#12266 = VECTOR('',#12267,1.);
#12267 = DIRECTION('',(0.,-1.));
#12268 = ( GEOMETRIC_REPRESENTATION_CONTEXT(2) 
PARAMETRIC_REPRESENTATION_CONTEXT() REPRESENTATION_CONTEXT('2D SPACE',''
  ) );
#12269 = PCURVE('',#5423,#12270);
#12270 = DEFINITIONAL_REPRESENTATION('',(#12271),#12275);
#12271 = LINE('',#12272,#12273);
#12272 = CARTESIAN_POINT('',(-7.853981633974,0.));
#12273 = VECTOR('',#12274,1.);
#12274 = DIRECTION('',(-0.,-1.));
#12275 = ( GEOMETRIC_REPRESENTATION_CONTEXT(2) 
PARAMETRIC_REPRESENTATION_CONTEXT() REPRESENTATION_CONTEXT('2D SPACE',''
  ) );
#12276 = ORIENTED_EDGE('',*,*,#5375,.F.);
#12277 = ORIENTED_EDGE('',*,*,#12163,.T.);
#12278 = ADVANCED_FACE('',(#12279),#5725,.F.);
#12279 = FACE_BOUND('',#12280,.T.);
#12280 = EDGE_LOOP('',(#12281,#12282,#12283,#12306));
#12281 = ORIENTED_EDGE('',*,*,#12211,.F.);
#12282 = ORIENTED_EDGE('',*,*,#5704,.F.);
#12283 = ORIENTED_EDGE('',*,*,#12284,.T.);
#12284 = EDGE_CURVE('',#5678,#12285,#12287,.T.);
#12285 = VERTEX_POINT('',#12286);
#12286 = CARTESIAN_POINT('',(-18.23943446694,7.852789453573,1.6));
#12287 = SURFACE_CURVE('',#12288,(#12292,#12299),.PCURVE_S1.);
#12288 = LINE('',#12289,#12290);
#12289 = CARTESIAN_POINT('',(-18.23943446694,7.852789453573,1.6));
#12290 = VECTOR('',#12291,1.);
#12291 = DIRECTION('',(0.,0.,-1.));
#12292 = PCURVE('',#5725,#12293);
#12293 = DEFINITIONAL_REPRESENTATION('',(#12294),#12298);
#12294 = LINE('',#12295,#12296);
#12295 = CARTESIAN_POINT('',(-4.868931261427,0.));
#12296 = VECTOR('',#12297,1.);
#12297 = DIRECTION('',(-0.,1.));
#12298 = ( GEOMETRIC_REPRESENTATION_CONTEXT(2) 
PARAMETRIC_REPRESENTATION_CONTEXT() REPRESENTATION_CONTEXT('2D SPACE',''
  ) );
#12299 = PCURVE('',#5693,#12300);
#12300 = DEFINITIONAL_REPRESENTATION('',(#12301),#12305);
#12301 = LINE('',#12302,#12303);
#12302 = CARTESIAN_POINT('',(1.243240800566,0.));
#12303 = VECTOR('',#12304,1.);
#12304 = DIRECTION('',(-0.,1.));
#12305 = ( GEOMETRIC_REPRESENTATION_CONTEXT(2) 
PARAMETRIC_REPRESENTATION_CONTEXT() REPRESENTATION_CONTEXT('2D SPACE',''
  ) );
#12306 = ORIENTED_EDGE('',*,*,#12307,.T.);
#12307 = EDGE_CURVE('',#12285,#12186,#12308,.T.);
#12308 = SURFACE_CURVE('',#12309,(#12314,#12321),.PCURVE_S1.);
#12309 = CIRCLE('',#12310,7.95);
#12310 = AXIS2_PLACEMENT_3D('',#12311,#12312,#12313);
#12311 = CARTESIAN_POINT('',(-17.,2.081899558551E-15,1.6));
#12312 = DIRECTION('',(-0.,0.,-1.));
#12313 = DIRECTION('',(-0.155903706534,0.987772258311,0.));
#12314 = PCURVE('',#5725,#12315);
#12315 = DEFINITIONAL_REPRESENTATION('',(#12316),#12320);
#12316 = LINE('',#12317,#12318);
#12317 = CARTESIAN_POINT('',(-4.868931261427,0.));
#12318 = VECTOR('',#12319,1.);
#12319 = DIRECTION('',(1.,-0.));
#12320 = ( GEOMETRIC_REPRESENTATION_CONTEXT(2) 
PARAMETRIC_REPRESENTATION_CONTEXT() REPRESENTATION_CONTEXT('2D SPACE',''
  ) );
#12321 = PCURVE('',#11147,#12322);
#12322 = DEFINITIONAL_REPRESENTATION('',(#12323),#12331);
#12323 = ( BOUNDED_CURVE() B_SPLINE_CURVE(2,(#12324,#12325,#12326,#12327
    ,#12328,#12329,#12330),.UNSPECIFIED.,.T.,.F.) 
B_SPLINE_CURVE_WITH_KNOTS((1,2,2,2,2,1),(-2.094395102393,0.,
    2.094395102393,4.188790204786,6.28318530718,8.377580409573),
.UNSPECIFIED.) CURVE() GEOMETRIC_REPRESENTATION_ITEM() 
RATIONAL_B_SPLINE_CURVE((1.,0.5,1.,0.5,1.,0.5,1.)) REPRESENTATION_ITEM(
  '') );
#12324 = CARTESIAN_POINT('',(-18.23943446694,7.852789453573));
#12325 = CARTESIAN_POINT('',(-4.638004152218,9.999552922978));
#12326 = CARTESIAN_POINT('',(-9.579567609162,-2.853012992084));
#12327 = CARTESIAN_POINT('',(-14.5211310661,-15.70557890714));
#12328 = CARTESIAN_POINT('',(-23.18099792389,-4.999776461489));
#12329 = CARTESIAN_POINT('',(-31.84086478167,5.706025984168));
#12330 = CARTESIAN_POINT('',(-18.23943446694,7.852789453573));
#12331 = ( GEOMETRIC_REPRESENTATION_CONTEXT(2) 
PARAMETRIC_REPRESENTATION_CONTEXT() REPRESENTATION_CONTEXT('2D SPACE',''
  ) );
#12332 = ADVANCED_FACE('',(#12333,#12386,#12392,#12398,#12404,#12410,
    #12416),#5423,.F.);
#12333 = FACE_BOUND('',#12334,.T.);
#12334 = EDGE_LOOP('',(#12335,#12336,#12364,#12385));
#12335 = ORIENTED_EDGE('',*,*,#12256,.F.);
#12336 = ORIENTED_EDGE('',*,*,#12337,.T.);
#12337 = EDGE_CURVE('',#12234,#12338,#12340,.T.);
#12338 = VERTEX_POINT('',#12339);
#12339 = CARTESIAN_POINT('',(-5.95,-42.5,1.6));
#12340 = SURFACE_CURVE('',#12341,(#12346,#12353),.PCURVE_S1.);
#12341 = CIRCLE('',#12342,5.95);
#12342 = AXIS2_PLACEMENT_3D('',#12343,#12344,#12345);
#12343 = CARTESIAN_POINT('',(-9.436895709314E-15,-42.5,1.6));
#12344 = DIRECTION('',(0.,-0.,-1.));
#12345 = DIRECTION('',(1.,-2.22044604925E-16,0.));
#12346 = PCURVE('',#5423,#12347);
#12347 = DEFINITIONAL_REPRESENTATION('',(#12348),#12352);
#12348 = LINE('',#12349,#12350);
#12349 = CARTESIAN_POINT('',(-7.853981633974,0.));
#12350 = VECTOR('',#12351,1.);
#12351 = DIRECTION('',(1.,-0.));
#12352 = ( GEOMETRIC_REPRESENTATION_CONTEXT(2) 
PARAMETRIC_REPRESENTATION_CONTEXT() REPRESENTATION_CONTEXT('2D SPACE',''
  ) );
#12353 = PCURVE('',#11147,#12354);
#12354 = DEFINITIONAL_REPRESENTATION('',(#12355),#12363);
#12355 = ( BOUNDED_CURVE() B_SPLINE_CURVE(2,(#12356,#12357,#12358,#12359
    ,#12360,#12361,#12362),.UNSPECIFIED.,.T.,.F.) 
B_SPLINE_CURVE_WITH_KNOTS((1,2,2,2,2,1),(-2.094395102393,0.,
    2.094395102393,4.188790204786,6.28318530718,8.377580409573),
.UNSPECIFIED.) CURVE() GEOMETRIC_REPRESENTATION_ITEM() 
RATIONAL_B_SPLINE_CURVE((1.,0.5,1.,0.5,1.,0.5,1.)) REPRESENTATION_ITEM(
  '') );
#12356 = CARTESIAN_POINT('',(5.95,-42.5));
#12357 = CARTESIAN_POINT('',(5.95,-52.80570230503));
#12358 = CARTESIAN_POINT('',(-2.975,-47.65285115251));
#12359 = CARTESIAN_POINT('',(-11.9,-42.5));
#12360 = CARTESIAN_POINT('',(-2.975,-37.34714884748));
#12361 = CARTESIAN_POINT('',(5.95,-32.19429769496));
#12362 = CARTESIAN_POINT('',(5.95,-42.5));
#12363 = ( GEOMETRIC_REPRESENTATION_CONTEXT(2) 
PARAMETRIC_REPRESENTATION_CONTEXT() REPRESENTATION_CONTEXT('2D SPACE',''
  ) );
#12364 = ORIENTED_EDGE('',*,*,#12365,.T.);
#12365 = EDGE_CURVE('',#12338,#5403,#12366,.T.);
#12366 = SURFACE_CURVE('',#12367,(#12371,#12378),.PCURVE_S1.);
#12367 = LINE('',#12368,#12369);
#12368 = CARTESIAN_POINT('',(-5.95,-42.5,1.6));
#12369 = VECTOR('',#12370,1.);
#12370 = DIRECTION('',(0.,0.,1.));
#12371 = PCURVE('',#5423,#12372);
#12372 = DEFINITIONAL_REPRESENTATION('',(#12373),#12377);
#12373 = LINE('',#12374,#12375);
#12374 = CARTESIAN_POINT('',(-4.712388980385,0.));
#12375 = VECTOR('',#12376,1.);
#12376 = DIRECTION('',(-0.,-1.));
#12377 = ( GEOMETRIC_REPRESENTATION_CONTEXT(2) 
PARAMETRIC_REPRESENTATION_CONTEXT() REPRESENTATION_CONTEXT('2D SPACE',''
  ) );
#12378 = PCURVE('',#5451,#12379);
#12379 = DEFINITIONAL_REPRESENTATION('',(#12380),#12384);
#12380 = LINE('',#12381,#12382);
#12381 = CARTESIAN_POINT('',(25.578311124857,0.));
#12382 = VECTOR('',#12383,1.);
#12383 = DIRECTION('',(0.,-1.));
#12384 = ( GEOMETRIC_REPRESENTATION_CONTEXT(2) 
PARAMETRIC_REPRESENTATION_CONTEXT() REPRESENTATION_CONTEXT('2D SPACE',''
  ) );
#12385 = ORIENTED_EDGE('',*,*,#5402,.F.);
#12386 = FACE_BOUND('',#12387,.T.);
#12387 = EDGE_LOOP('',(#12388,#12389,#12390,#12391));
#12388 = ORIENTED_EDGE('',*,*,#7293,.T.);
#12389 = ORIENTED_EDGE('',*,*,#7471,.T.);
#12390 = ORIENTED_EDGE('',*,*,#7416,.F.);
#12391 = ORIENTED_EDGE('',*,*,#7394,.F.);
#12392 = FACE_BOUND('',#12393,.T.);
#12393 = EDGE_LOOP('',(#12394,#12395,#12396,#12397));
#12394 = ORIENTED_EDGE('',*,*,#7495,.T.);
#12395 = ORIENTED_EDGE('',*,*,#7641,.T.);
#12396 = ORIENTED_EDGE('',*,*,#7665,.F.);
#12397 = ORIENTED_EDGE('',*,*,#7596,.F.);
#12398 = FACE_BOUND('',#12399,.T.);
#12399 = EDGE_LOOP('',(#12400,#12401,#12402,#12403));
#12400 = ORIENTED_EDGE('',*,*,#7697,.T.);
#12401 = ORIENTED_EDGE('',*,*,#7843,.T.);
#12402 = ORIENTED_EDGE('',*,*,#7867,.F.);
#12403 = ORIENTED_EDGE('',*,*,#7798,.F.);
#12404 = FACE_BOUND('',#12405,.T.);
#12405 = EDGE_LOOP('',(#12406,#12407,#12408,#12409));
#12406 = ORIENTED_EDGE('',*,*,#7899,.T.);
#12407 = ORIENTED_EDGE('',*,*,#8045,.T.);
#12408 = ORIENTED_EDGE('',*,*,#8069,.F.);
#12409 = ORIENTED_EDGE('',*,*,#8000,.F.);
#12410 = FACE_BOUND('',#12411,.T.);
#12411 = EDGE_LOOP('',(#12412,#12413,#12414,#12415));
#12412 = ORIENTED_EDGE('',*,*,#8101,.T.);
#12413 = ORIENTED_EDGE('',*,*,#8247,.T.);
#12414 = ORIENTED_EDGE('',*,*,#8271,.F.);
#12415 = ORIENTED_EDGE('',*,*,#8202,.F.);
#12416 = FACE_BOUND('',#12417,.T.);
#12417 = EDGE_LOOP('',(#12418,#12419,#12420,#12421));
#12418 = ORIENTED_EDGE('',*,*,#8303,.T.);
#12419 = ORIENTED_EDGE('',*,*,#8449,.T.);
#12420 = ORIENTED_EDGE('',*,*,#8473,.F.);
#12421 = ORIENTED_EDGE('',*,*,#8404,.F.);
#12422 = ADVANCED_FACE('',(#12423),#5693,.T.);
#12423 = FACE_BOUND('',#12424,.T.);
#12424 = EDGE_LOOP('',(#12425,#12448,#12449,#12450));
#12425 = ORIENTED_EDGE('',*,*,#12426,.F.);
#12426 = EDGE_CURVE('',#12285,#12427,#12429,.T.);
#12427 = VERTEX_POINT('',#12428);
#12428 = CARTESIAN_POINT('',(-42.5,5.95,1.6));
#12429 = SURFACE_CURVE('',#12430,(#12434,#12441),.PCURVE_S1.);
#12430 = LINE('',#12431,#12432);
#12431 = CARTESIAN_POINT('',(-17.,7.95,1.6));
#12432 = VECTOR('',#12433,1.);
#12433 = DIRECTION('',(-0.996938377813,-7.819124531863E-02,0.));
#12434 = PCURVE('',#5693,#12435);
#12435 = DEFINITIONAL_REPRESENTATION('',(#12436),#12440);
#12436 = LINE('',#12437,#12438);
#12437 = CARTESIAN_POINT('',(0.,0.));
#12438 = VECTOR('',#12439,1.);
#12439 = DIRECTION('',(1.,0.));
#12440 = ( GEOMETRIC_REPRESENTATION_CONTEXT(2) 
PARAMETRIC_REPRESENTATION_CONTEXT() REPRESENTATION_CONTEXT('2D SPACE',''
  ) );
#12441 = PCURVE('',#11147,#12442);
#12442 = DEFINITIONAL_REPRESENTATION('',(#12443),#12447);
#12443 = LINE('',#12444,#12445);
#12444 = CARTESIAN_POINT('',(-17.,7.95));
#12445 = VECTOR('',#12446,1.);
#12446 = DIRECTION('',(-0.996938377813,-7.819124531863E-02));
#12447 = ( GEOMETRIC_REPRESENTATION_CONTEXT(2) 
PARAMETRIC_REPRESENTATION_CONTEXT() REPRESENTATION_CONTEXT('2D SPACE',''
  ) );
#12448 = ORIENTED_EDGE('',*,*,#12284,.F.);
#12449 = ORIENTED_EDGE('',*,*,#5677,.F.);
#12450 = ORIENTED_EDGE('',*,*,#12451,.F.);
#12451 = EDGE_CURVE('',#12427,#5645,#12452,.T.);
#12452 = SURFACE_CURVE('',#12453,(#12457,#12464),.PCURVE_S1.);
#12453 = LINE('',#12454,#12455);
#12454 = CARTESIAN_POINT('',(-42.5,5.95,1.6));
#12455 = VECTOR('',#12456,1.);
#12456 = DIRECTION('',(0.,0.,1.));
#12457 = PCURVE('',#5693,#12458);
#12458 = DEFINITIONAL_REPRESENTATION('',(#12459),#12463);
#12459 = LINE('',#12460,#12461);
#12460 = CARTESIAN_POINT('',(25.578311124857,0.));
#12461 = VECTOR('',#12462,1.);
#12462 = DIRECTION('',(0.,-1.));
#12463 = ( GEOMETRIC_REPRESENTATION_CONTEXT(2) 
PARAMETRIC_REPRESENTATION_CONTEXT() REPRESENTATION_CONTEXT('2D SPACE',''
  ) );
#12464 = PCURVE('',#5665,#12465);
#12465 = DEFINITIONAL_REPRESENTATION('',(#12466),#12470);
#12466 = LINE('',#12467,#12468);
#12467 = CARTESIAN_POINT('',(-4.712388980385,0.));
#12468 = VECTOR('',#12469,1.);
#12469 = DIRECTION('',(-0.,-1.));
#12470 = ( GEOMETRIC_REPRESENTATION_CONTEXT(2) 
PARAMETRIC_REPRESENTATION_CONTEXT() REPRESENTATION_CONTEXT('2D SPACE',''
  ) );
#12471 = ADVANCED_FACE('',(#12472),#5451,.T.);
#12472 = FACE_BOUND('',#12473,.T.);
#12473 = EDGE_LOOP('',(#12474,#12497,#12518,#12519));
#12474 = ORIENTED_EDGE('',*,*,#12475,.F.);
#12475 = EDGE_CURVE('',#12476,#12338,#12478,.T.);
#12476 = VERTEX_POINT('',#12477);
#12477 = CARTESIAN_POINT('',(-7.852789453573,-18.23943446694,1.6));
#12478 = SURFACE_CURVE('',#12479,(#12483,#12490),.PCURVE_S1.);
#12479 = LINE('',#12480,#12481);
#12480 = CARTESIAN_POINT('',(-7.95,-17.,1.6));
#12481 = VECTOR('',#12482,1.);
#12482 = DIRECTION('',(7.819124531863E-02,-0.996938377813,0.));
#12483 = PCURVE('',#5451,#12484);
#12484 = DEFINITIONAL_REPRESENTATION('',(#12485),#12489);
#12485 = LINE('',#12486,#12487);
#12486 = CARTESIAN_POINT('',(0.,0.));
#12487 = VECTOR('',#12488,1.);
#12488 = DIRECTION('',(1.,0.));
#12489 = ( GEOMETRIC_REPRESENTATION_CONTEXT(2) 
PARAMETRIC_REPRESENTATION_CONTEXT() REPRESENTATION_CONTEXT('2D SPACE',''
  ) );
#12490 = PCURVE('',#11147,#12491);
#12491 = DEFINITIONAL_REPRESENTATION('',(#12492),#12496);
#12492 = LINE('',#12493,#12494);
#12493 = CARTESIAN_POINT('',(-7.95,-17.));
#12494 = VECTOR('',#12495,1.);
#12495 = DIRECTION('',(7.819124531863E-02,-0.996938377813));
#12496 = ( GEOMETRIC_REPRESENTATION_CONTEXT(2) 
PARAMETRIC_REPRESENTATION_CONTEXT() REPRESENTATION_CONTEXT('2D SPACE',''
  ) );
#12497 = ORIENTED_EDGE('',*,*,#12498,.F.);
#12498 = EDGE_CURVE('',#5436,#12476,#12499,.T.);
#12499 = SURFACE_CURVE('',#12500,(#12504,#12511),.PCURVE_S1.);
#12500 = LINE('',#12501,#12502);
#12501 = CARTESIAN_POINT('',(-7.852789453573,-18.23943446694,1.6));
#12502 = VECTOR('',#12503,1.);
#12503 = DIRECTION('',(0.,0.,-1.));
#12504 = PCURVE('',#5451,#12505);
#12505 = DEFINITIONAL_REPRESENTATION('',(#12506),#12510);
#12506 = LINE('',#12507,#12508);
#12507 = CARTESIAN_POINT('',(1.243240800566,0.));
#12508 = VECTOR('',#12509,1.);
#12509 = DIRECTION('',(0.,1.));
#12510 = ( GEOMETRIC_REPRESENTATION_CONTEXT(2) 
PARAMETRIC_REPRESENTATION_CONTEXT() REPRESENTATION_CONTEXT('2D SPACE',''
  ) );
#12511 = PCURVE('',#5483,#12512);
#12512 = DEFINITIONAL_REPRESENTATION('',(#12513),#12517);
#12513 = LINE('',#12514,#12515);
#12514 = CARTESIAN_POINT('',(-4.868931261427,0.));
#12515 = VECTOR('',#12516,1.);
#12516 = DIRECTION('',(-0.,1.));
#12517 = ( GEOMETRIC_REPRESENTATION_CONTEXT(2) 
PARAMETRIC_REPRESENTATION_CONTEXT() REPRESENTATION_CONTEXT('2D SPACE',''
  ) );
#12518 = ORIENTED_EDGE('',*,*,#5435,.F.);
#12519 = ORIENTED_EDGE('',*,*,#12365,.F.);
#12520 = ADVANCED_FACE('',(#12521,#12574,#12580,#12586,#12592,#12598,
    #12604),#5665,.F.);
#12521 = FACE_BOUND('',#12522,.T.);
#12522 = EDGE_LOOP('',(#12523,#12546,#12572,#12573));
#12523 = ORIENTED_EDGE('',*,*,#12524,.F.);
#12524 = EDGE_CURVE('',#12525,#5618,#12527,.T.);
#12525 = VERTEX_POINT('',#12526);
#12526 = CARTESIAN_POINT('',(-42.5,-5.95,1.6));
#12527 = SURFACE_CURVE('',#12528,(#12532,#12539),.PCURVE_S1.);
#12528 = LINE('',#12529,#12530);
#12529 = CARTESIAN_POINT('',(-42.5,-5.95,1.6));
#12530 = VECTOR('',#12531,1.);
#12531 = DIRECTION('',(0.,0.,1.));
#12532 = PCURVE('',#5665,#12533);
#12533 = DEFINITIONAL_REPRESENTATION('',(#12534),#12538);
#12534 = LINE('',#12535,#12536);
#12535 = CARTESIAN_POINT('',(-7.853981633974,0.));
#12536 = VECTOR('',#12537,1.);
#12537 = DIRECTION('',(-0.,-1.));
#12538 = ( GEOMETRIC_REPRESENTATION_CONTEXT(2) 
PARAMETRIC_REPRESENTATION_CONTEXT() REPRESENTATION_CONTEXT('2D SPACE',''
  ) );
#12539 = PCURVE('',#5633,#12540);
#12540 = DEFINITIONAL_REPRESENTATION('',(#12541),#12545);
#12541 = LINE('',#12542,#12543);
#12542 = CARTESIAN_POINT('',(0.,0.));
#12543 = VECTOR('',#12544,1.);
#12544 = DIRECTION('',(0.,-1.));
#12545 = ( GEOMETRIC_REPRESENTATION_CONTEXT(2) 
PARAMETRIC_REPRESENTATION_CONTEXT() REPRESENTATION_CONTEXT('2D SPACE',''
  ) );
#12546 = ORIENTED_EDGE('',*,*,#12547,.T.);
#12547 = EDGE_CURVE('',#12525,#12427,#12548,.T.);
#12548 = SURFACE_CURVE('',#12549,(#12554,#12561),.PCURVE_S1.);
#12549 = CIRCLE('',#12550,5.95);
#12550 = AXIS2_PLACEMENT_3D('',#12551,#12552,#12553);
#12551 = CARTESIAN_POINT('',(-42.5,5.204748896376E-15,1.6));
#12552 = DIRECTION('',(-0.,0.,-1.));
#12553 = DIRECTION('',(-1.224646799147E-16,-1.,0.));
#12554 = PCURVE('',#5665,#12555);
#12555 = DEFINITIONAL_REPRESENTATION('',(#12556),#12560);
#12556 = LINE('',#12557,#12558);
#12557 = CARTESIAN_POINT('',(-7.853981633974,0.));
#12558 = VECTOR('',#12559,1.);
#12559 = DIRECTION('',(1.,-0.));
#12560 = ( GEOMETRIC_REPRESENTATION_CONTEXT(2) 
PARAMETRIC_REPRESENTATION_CONTEXT() REPRESENTATION_CONTEXT('2D SPACE',''
  ) );
#12561 = PCURVE('',#11147,#12562);
#12562 = DEFINITIONAL_REPRESENTATION('',(#12563),#12571);
#12563 = ( BOUNDED_CURVE() B_SPLINE_CURVE(2,(#12564,#12565,#12566,#12567
    ,#12568,#12569,#12570),.UNSPECIFIED.,.T.,.F.) 
B_SPLINE_CURVE_WITH_KNOTS((1,2,2,2,2,1),(-2.094395102393,0.,
    2.094395102393,4.188790204786,6.28318530718,8.377580409573),
.UNSPECIFIED.) CURVE() GEOMETRIC_REPRESENTATION_ITEM() 
RATIONAL_B_SPLINE_CURVE((1.,0.5,1.,0.5,1.,0.5,1.)) REPRESENTATION_ITEM(
  '') );
#12564 = CARTESIAN_POINT('',(-42.5,-5.95));
#12565 = CARTESIAN_POINT('',(-52.80570230503,-5.95));
#12566 = CARTESIAN_POINT('',(-47.65285115251,2.975));
#12567 = CARTESIAN_POINT('',(-42.5,11.9));
#12568 = CARTESIAN_POINT('',(-37.34714884748,2.975));
#12569 = CARTESIAN_POINT('',(-32.19429769496,-5.95));
#12570 = CARTESIAN_POINT('',(-42.5,-5.95));
#12571 = ( GEOMETRIC_REPRESENTATION_CONTEXT(2) 
PARAMETRIC_REPRESENTATION_CONTEXT() REPRESENTATION_CONTEXT('2D SPACE',''
  ) );
#12572 = ORIENTED_EDGE('',*,*,#12451,.T.);
#12573 = ORIENTED_EDGE('',*,*,#5644,.F.);
#12574 = FACE_BOUND('',#12575,.T.);
#12575 = EDGE_LOOP('',(#12576,#12577,#12578,#12579));
#12576 = ORIENTED_EDGE('',*,*,#9717,.T.);
#12577 = ORIENTED_EDGE('',*,*,#9895,.T.);
#12578 = ORIENTED_EDGE('',*,*,#9840,.F.);
#12579 = ORIENTED_EDGE('',*,*,#9818,.F.);
#12580 = FACE_BOUND('',#12581,.T.);
#12581 = EDGE_LOOP('',(#12582,#12583,#12584,#12585));
#12582 = ORIENTED_EDGE('',*,*,#9919,.T.);
#12583 = ORIENTED_EDGE('',*,*,#10065,.T.);
#12584 = ORIENTED_EDGE('',*,*,#10089,.F.);
#12585 = ORIENTED_EDGE('',*,*,#10020,.F.);
#12586 = FACE_BOUND('',#12587,.T.);
#12587 = EDGE_LOOP('',(#12588,#12589,#12590,#12591));
#12588 = ORIENTED_EDGE('',*,*,#10121,.T.);
#12589 = ORIENTED_EDGE('',*,*,#10267,.T.);
#12590 = ORIENTED_EDGE('',*,*,#10291,.F.);
#12591 = ORIENTED_EDGE('',*,*,#10222,.F.);
#12592 = FACE_BOUND('',#12593,.T.);
#12593 = EDGE_LOOP('',(#12594,#12595,#12596,#12597));
#12594 = ORIENTED_EDGE('',*,*,#10323,.T.);
#12595 = ORIENTED_EDGE('',*,*,#10469,.T.);
#12596 = ORIENTED_EDGE('',*,*,#10493,.F.);
#12597 = ORIENTED_EDGE('',*,*,#10424,.F.);
#12598 = FACE_BOUND('',#12599,.T.);
#12599 = EDGE_LOOP('',(#12600,#12601,#12602,#12603));
#12600 = ORIENTED_EDGE('',*,*,#10525,.T.);
#12601 = ORIENTED_EDGE('',*,*,#10671,.T.);
#12602 = ORIENTED_EDGE('',*,*,#10695,.F.);
#12603 = ORIENTED_EDGE('',*,*,#10626,.F.);
#12604 = FACE_BOUND('',#12605,.T.);
#12605 = EDGE_LOOP('',(#12606,#12607,#12608,#12609));
#12606 = ORIENTED_EDGE('',*,*,#10727,.T.);
#12607 = ORIENTED_EDGE('',*,*,#10873,.T.);
#12608 = ORIENTED_EDGE('',*,*,#10897,.F.);
#12609 = ORIENTED_EDGE('',*,*,#10828,.F.);
#12610 = ADVANCED_FACE('',(#12611),#5483,.F.);
#12611 = FACE_BOUND('',#12612,.T.);
#12612 = EDGE_LOOP('',(#12613,#12634,#12635,#12636));
#12613 = ORIENTED_EDGE('',*,*,#12614,.F.);
#12614 = EDGE_CURVE('',#5463,#12615,#12617,.T.);
#12615 = VERTEX_POINT('',#12616);
#12616 = CARTESIAN_POINT('',(-7.563615795678,-14.55169117647,1.6));
#12617 = SURFACE_CURVE('',#12618,(#12622,#12628),.PCURVE_S1.);
#12618 = LINE('',#12619,#12620);
#12619 = CARTESIAN_POINT('',(-7.563615795678,-14.55169117647,1.6));
#12620 = VECTOR('',#12621,1.);
#12621 = DIRECTION('',(-0.,-0.,-1.));
#12622 = PCURVE('',#5483,#12623);
#12623 = DEFINITIONAL_REPRESENTATION('',(#12624),#12627);
#12624 = B_SPLINE_CURVE_WITH_KNOTS('',1,(#12625,#12626),.UNSPECIFIED.,
  .F.,.F.,(2,2),(-6.6000006,5.999999999062E-07),
  .PIECEWISE_BEZIER_KNOTS.);
#12625 = CARTESIAN_POINT('',(-4.399337357927,-6.6000006));
#12626 = CARTESIAN_POINT('',(-4.399337357927,5.999999999062E-07));
#12627 = ( GEOMETRIC_REPRESENTATION_CONTEXT(2) 
PARAMETRIC_REPRESENTATION_CONTEXT() REPRESENTATION_CONTEXT('2D SPACE',''
  ) );
#12628 = PCURVE('',#5516,#12629);
#12629 = DEFINITIONAL_REPRESENTATION('',(#12630),#12633);
#12630 = B_SPLINE_CURVE_WITH_KNOTS('',1,(#12631,#12632),.UNSPECIFIED.,
  .F.,.F.,(2,2),(-6.6000006,5.999999999062E-07),
  .PIECEWISE_BEZIER_KNOTS.);
#12631 = CARTESIAN_POINT('',(-4.233046245407,-6.6000006));
#12632 = CARTESIAN_POINT('',(-4.233046245407,5.999999999062E-07));
#12633 = ( GEOMETRIC_REPRESENTATION_CONTEXT(2) 
PARAMETRIC_REPRESENTATION_CONTEXT() REPRESENTATION_CONTEXT('2D SPACE',''
  ) );
#12634 = ORIENTED_EDGE('',*,*,#5462,.F.);
#12635 = ORIENTED_EDGE('',*,*,#12498,.T.);
#12636 = ORIENTED_EDGE('',*,*,#12637,.T.);
#12637 = EDGE_CURVE('',#12476,#12615,#12638,.T.);
#12638 = SURFACE_CURVE('',#12639,(#12644,#12651),.PCURVE_S1.);
#12639 = CIRCLE('',#12640,7.95);
#12640 = AXIS2_PLACEMENT_3D('',#12641,#12642,#12643);
#12641 = CARTESIAN_POINT('',(-3.774758283726E-15,-17.,1.6));
#12642 = DIRECTION('',(0.,-0.,-1.));
#12643 = DIRECTION('',(-0.987772258311,-0.155903706534,0.));
#12644 = PCURVE('',#5483,#12645);
#12645 = DEFINITIONAL_REPRESENTATION('',(#12646),#12650);
#12646 = LINE('',#12647,#12648);
#12647 = CARTESIAN_POINT('',(-4.868931261427,0.));
#12648 = VECTOR('',#12649,1.);
#12649 = DIRECTION('',(1.,-0.));
#12650 = ( GEOMETRIC_REPRESENTATION_CONTEXT(2) 
PARAMETRIC_REPRESENTATION_CONTEXT() REPRESENTATION_CONTEXT('2D SPACE',''
  ) );
#12651 = PCURVE('',#11147,#12652);
#12652 = DEFINITIONAL_REPRESENTATION('',(#12653),#12661);
#12653 = ( BOUNDED_CURVE() B_SPLINE_CURVE(2,(#12654,#12655,#12656,#12657
    ,#12658,#12659,#12660),.UNSPECIFIED.,.T.,.F.) 
B_SPLINE_CURVE_WITH_KNOTS((1,2,2,2,2,1),(-2.094395102393,0.,
    2.094395102393,4.188790204786,6.28318530718,8.377580409573),
.UNSPECIFIED.) CURVE() GEOMETRIC_REPRESENTATION_ITEM() 
RATIONAL_B_SPLINE_CURVE((1.,0.5,1.,0.5,1.,0.5,1.)) REPRESENTATION_ITEM(
  '') );
#12654 = CARTESIAN_POINT('',(-7.852789453573,-18.23943446694));
#12655 = CARTESIAN_POINT('',(-9.999552922978,-4.638004152218));
#12656 = CARTESIAN_POINT('',(2.853012992084,-9.579567609162));
#12657 = CARTESIAN_POINT('',(15.705578907145,-14.5211310661));
#12658 = CARTESIAN_POINT('',(4.999776461489,-23.18099792389));
#12659 = CARTESIAN_POINT('',(-5.706025984168,-31.84086478167));
#12660 = CARTESIAN_POINT('',(-7.852789453573,-18.23943446694));
#12661 = ( GEOMETRIC_REPRESENTATION_CONTEXT(2) 
PARAMETRIC_REPRESENTATION_CONTEXT() REPRESENTATION_CONTEXT('2D SPACE',''
  ) );
#12662 = ADVANCED_FACE('',(#12663),#5633,.T.);
#12663 = FACE_BOUND('',#12664,.T.);
#12664 = EDGE_LOOP('',(#12665,#12688,#12689,#12690));
#12665 = ORIENTED_EDGE('',*,*,#12666,.F.);
#12666 = EDGE_CURVE('',#12525,#12667,#12669,.T.);
#12667 = VERTEX_POINT('',#12668);
#12668 = CARTESIAN_POINT('',(-32.02076943386,-6.771900436559,1.6));
#12669 = SURFACE_CURVE('',#12670,(#12674,#12681),.PCURVE_S1.);
#12670 = LINE('',#12671,#12672);
#12671 = CARTESIAN_POINT('',(-42.5,-5.95,1.6));
#12672 = VECTOR('',#12673,1.);
#12673 = DIRECTION('',(0.996938377813,-7.819124531863E-02,0.));
#12674 = PCURVE('',#5633,#12675);
#12675 = DEFINITIONAL_REPRESENTATION('',(#12676),#12680);
#12676 = LINE('',#12677,#12678);
#12677 = CARTESIAN_POINT('',(0.,0.));
#12678 = VECTOR('',#12679,1.);
#12679 = DIRECTION('',(1.,0.));
#12680 = ( GEOMETRIC_REPRESENTATION_CONTEXT(2) 
PARAMETRIC_REPRESENTATION_CONTEXT() REPRESENTATION_CONTEXT('2D SPACE',''
  ) );
#12681 = PCURVE('',#11147,#12682);
#12682 = DEFINITIONAL_REPRESENTATION('',(#12683),#12687);
#12683 = LINE('',#12684,#12685);
#12684 = CARTESIAN_POINT('',(-42.5,-5.95));
#12685 = VECTOR('',#12686,1.);
#12686 = DIRECTION('',(0.996938377813,-7.819124531863E-02));
#12687 = ( GEOMETRIC_REPRESENTATION_CONTEXT(2) 
PARAMETRIC_REPRESENTATION_CONTEXT() REPRESENTATION_CONTEXT('2D SPACE',''
  ) );
#12688 = ORIENTED_EDGE('',*,*,#12524,.T.);
#12689 = ORIENTED_EDGE('',*,*,#5617,.F.);
#12690 = ORIENTED_EDGE('',*,*,#12691,.T.);
#12691 = EDGE_CURVE('',#5589,#12667,#12692,.T.);
#12692 = SURFACE_CURVE('',#12693,(#12697,#12703),.PCURVE_S1.);
#12693 = LINE('',#12694,#12695);
#12694 = CARTESIAN_POINT('',(-32.02076943386,-6.771900436559,1.6));
#12695 = VECTOR('',#12696,1.);
#12696 = DIRECTION('',(-0.,-0.,-1.));
#12697 = PCURVE('',#5633,#12698);
#12698 = DEFINITIONAL_REPRESENTATION('',(#12699),#12702);
#12699 = B_SPLINE_CURVE_WITH_KNOTS('',1,(#12700,#12701),.UNSPECIFIED.,
  .F.,.F.,(2,2),(-6.4000006,5.999999999062E-07),
  .PIECEWISE_BEZIER_KNOTS.);
#12700 = CARTESIAN_POINT('',(10.511412539986,-6.4000006));
#12701 = CARTESIAN_POINT('',(10.511412539986,5.999999999062E-07));
#12702 = ( GEOMETRIC_REPRESENTATION_CONTEXT(2) 
PARAMETRIC_REPRESENTATION_CONTEXT() REPRESENTATION_CONTEXT('2D SPACE',''
  ) );
#12703 = PCURVE('',#5605,#12704);
#12704 = DEFINITIONAL_REPRESENTATION('',(#12705),#12708);
#12705 = B_SPLINE_CURVE_WITH_KNOTS('',1,(#12706,#12707),.UNSPECIFIED.,
  .F.,.F.,(2,2),(-6.4,0.),.PIECEWISE_BEZIER_KNOTS.);
#12706 = CARTESIAN_POINT('',(-10.05430209005,-6.4));
#12707 = CARTESIAN_POINT('',(-10.05430209005,0.));
#12708 = ( GEOMETRIC_REPRESENTATION_CONTEXT(2) 
PARAMETRIC_REPRESENTATION_CONTEXT() REPRESENTATION_CONTEXT('2D SPACE',''
  ) );
#12709 = ADVANCED_FACE('',(#12710),#5516,.F.);
#12710 = FACE_BOUND('',#12711,.T.);
#12711 = EDGE_LOOP('',(#12712,#12736,#12755,#12756));
#12712 = ORIENTED_EDGE('',*,*,#12713,.F.);
#12713 = EDGE_CURVE('',#12714,#12615,#12716,.T.);
#12714 = VERTEX_POINT('',#12715);
#12715 = CARTESIAN_POINT('',(-14.55169117647,-7.563615795678,1.6));
#12716 = SURFACE_CURVE('',#12717,(#12722,#12729),.PCURVE_S1.);
#12717 = CIRCLE('',#12718,16.4);
#12718 = AXIS2_PLACEMENT_3D('',#12719,#12720,#12721);
#12719 = CARTESIAN_POINT('',(0.,0.,1.6));
#12720 = DIRECTION('',(0.,0.,1.));
#12721 = DIRECTION('',(1.,0.,0.));
#12722 = PCURVE('',#5516,#12723);
#12723 = DEFINITIONAL_REPRESENTATION('',(#12724),#12728);
#12724 = LINE('',#12725,#12726);
#12725 = CARTESIAN_POINT('',(-0.,0.));
#12726 = VECTOR('',#12727,1.);
#12727 = DIRECTION('',(-1.,0.));
#12728 = ( GEOMETRIC_REPRESENTATION_CONTEXT(2) 
PARAMETRIC_REPRESENTATION_CONTEXT() REPRESENTATION_CONTEXT('2D SPACE',''
  ) );
#12729 = PCURVE('',#11147,#12730);
#12730 = DEFINITIONAL_REPRESENTATION('',(#12731),#12735);
#12731 = CIRCLE('',#12732,16.4);
#12732 = AXIS2_PLACEMENT_2D('',#12733,#12734);
#12733 = CARTESIAN_POINT('',(6.670439670924E-16,-6.646143506509E-16));
#12734 = DIRECTION('',(1.,0.));
#12735 = ( GEOMETRIC_REPRESENTATION_CONTEXT(2) 
PARAMETRIC_REPRESENTATION_CONTEXT() REPRESENTATION_CONTEXT('2D SPACE',''
  ) );
#12736 = ORIENTED_EDGE('',*,*,#12737,.F.);
#12737 = EDGE_CURVE('',#5496,#12714,#12738,.T.);
#12738 = SURFACE_CURVE('',#12739,(#12743,#12749),.PCURVE_S1.);
#12739 = LINE('',#12740,#12741);
#12740 = CARTESIAN_POINT('',(-14.55169117647,-7.563615795678,1.6));
#12741 = VECTOR('',#12742,1.);
#12742 = DIRECTION('',(-0.,-0.,-1.));
#12743 = PCURVE('',#5516,#12744);
#12744 = DEFINITIONAL_REPRESENTATION('',(#12745),#12748);
#12745 = B_SPLINE_CURVE_WITH_KNOTS('',1,(#12746,#12747),.UNSPECIFIED.,
  .F.,.F.,(2,2),(-6.6000006,5.999999999062E-07),
  .PIECEWISE_BEZIER_KNOTS.);
#12746 = CARTESIAN_POINT('',(-3.620935388568,-6.6000006));
#12747 = CARTESIAN_POINT('',(-3.620935388568,5.999999999062E-07));
#12748 = ( GEOMETRIC_REPRESENTATION_CONTEXT(2) 
PARAMETRIC_REPRESENTATION_CONTEXT() REPRESENTATION_CONTEXT('2D SPACE',''
  ) );
#12749 = PCURVE('',#5549,#12750);
#12750 = DEFINITIONAL_REPRESENTATION('',(#12751),#12754);
#12751 = B_SPLINE_CURVE_WITH_KNOTS('',1,(#12752,#12753),.UNSPECIFIED.,
  .F.,.F.,(2,2),(-6.6000006,5.999999999062E-07),
  .PIECEWISE_BEZIER_KNOTS.);
#12752 = CARTESIAN_POINT('',(-1.883847949252,-6.6000006));
#12753 = CARTESIAN_POINT('',(-1.883847949252,5.999999999062E-07));
#12754 = ( GEOMETRIC_REPRESENTATION_CONTEXT(2) 
PARAMETRIC_REPRESENTATION_CONTEXT() REPRESENTATION_CONTEXT('2D SPACE',''
  ) );
#12755 = ORIENTED_EDGE('',*,*,#5495,.F.);
#12756 = ORIENTED_EDGE('',*,*,#12614,.T.);
#12757 = ADVANCED_FACE('',(#12758),#5605,.T.);
#12758 = FACE_BOUND('',#12759,.F.);
#12759 = EDGE_LOOP('',(#12760,#12788,#12807,#12808));
#12760 = ORIENTED_EDGE('',*,*,#12761,.T.);
#12761 = EDGE_CURVE('',#12667,#12762,#12764,.T.);
#12762 = VERTEX_POINT('',#12763);
#12763 = CARTESIAN_POINT('',(-28.23341474649,-7.06894786302,1.6));
#12764 = SURFACE_CURVE('',#12765,(#12770,#12777),.PCURVE_S1.);
#12765 = CIRCLE('',#12766,2.5);
#12766 = AXIS2_PLACEMENT_3D('',#12767,#12768,#12769);
#12767 = CARTESIAN_POINT('',(-30.,-5.3,1.6));
#12768 = DIRECTION('',(-0.,0.,-1.));
#12769 = DIRECTION('',(-0.808307773547,-0.588760174624,0.));
#12770 = PCURVE('',#5605,#12771);
#12771 = DEFINITIONAL_REPRESENTATION('',(#12772),#12776);
#12772 = LINE('',#12773,#12774);
#12773 = CARTESIAN_POINT('',(-10.05430209005,0.));
#12774 = VECTOR('',#12775,1.);
#12775 = DIRECTION('',(1.,-0.));
#12776 = ( GEOMETRIC_REPRESENTATION_CONTEXT(2) 
PARAMETRIC_REPRESENTATION_CONTEXT() REPRESENTATION_CONTEXT('2D SPACE',''
  ) );
#12777 = PCURVE('',#11147,#12778);
#12778 = DEFINITIONAL_REPRESENTATION('',(#12779),#12787);
#12779 = ( BOUNDED_CURVE() B_SPLINE_CURVE(2,(#12780,#12781,#12782,#12783
    ,#12784,#12785,#12786),.UNSPECIFIED.,.T.,.F.) 
B_SPLINE_CURVE_WITH_KNOTS((1,2,2,2,2,1),(-2.094395102393,0.,
    2.094395102393,4.188790204786,6.28318530718,8.377580409573),
.UNSPECIFIED.) CURVE() GEOMETRIC_REPRESENTATION_ITEM() 
RATIONAL_B_SPLINE_CURVE((1.,0.5,1.,0.5,1.,0.5,1.)) REPRESENTATION_ITEM(
  '') );
#12780 = CARTESIAN_POINT('',(-32.02076943386,-6.771900436559));
#12781 = CARTESIAN_POINT('',(-34.57017577367,-3.271825106717));
#12782 = CARTESIAN_POINT('',(-30.26431845296,-2.814012116799));
#12783 = CARTESIAN_POINT('',(-25.95846113226,-2.356199126881));
#12784 = CARTESIAN_POINT('',(-27.71491211316,-6.314087446641));
#12785 = CARTESIAN_POINT('',(-29.47136309406,-10.2719757664));
#12786 = CARTESIAN_POINT('',(-32.02076943386,-6.771900436559));
#12787 = ( GEOMETRIC_REPRESENTATION_CONTEXT(2) 
PARAMETRIC_REPRESENTATION_CONTEXT() REPRESENTATION_CONTEXT('2D SPACE',''
  ) );
#12788 = ORIENTED_EDGE('',*,*,#12789,.F.);
#12789 = EDGE_CURVE('',#5562,#12762,#12790,.T.);
#12790 = SURFACE_CURVE('',#12791,(#12795,#12801),.PCURVE_S1.);
#12791 = LINE('',#12792,#12793);
#12792 = CARTESIAN_POINT('',(-28.23341474649,-7.06894786302,1.6));
#12793 = VECTOR('',#12794,1.);
#12794 = DIRECTION('',(-0.,-0.,-1.));
#12795 = PCURVE('',#5605,#12796);
#12796 = DEFINITIONAL_REPRESENTATION('',(#12797),#12800);
#12797 = B_SPLINE_CURVE_WITH_KNOTS('',1,(#12798,#12799),.UNSPECIFIED.,
  .F.,.F.,(2,2),(-6.4,-0.),.PIECEWISE_BEZIER_KNOTS.);
#12798 = CARTESIAN_POINT('',(-5.49711889685,-6.4));
#12799 = CARTESIAN_POINT('',(-5.49711889685,0.));
#12800 = ( GEOMETRIC_REPRESENTATION_CONTEXT(2) 
PARAMETRIC_REPRESENTATION_CONTEXT() REPRESENTATION_CONTEXT('2D SPACE',''
  ) );
#12801 = PCURVE('',#5577,#12802);
#12802 = DEFINITIONAL_REPRESENTATION('',(#12803),#12806);
#12803 = B_SPLINE_CURVE_WITH_KNOTS('',1,(#12804,#12805),.UNSPECIFIED.,
  .F.,.F.,(2,2),(-6.4000006,5.999999999062E-07),
  .PIECEWISE_BEZIER_KNOTS.);
#12804 = CARTESIAN_POINT('',(14.310398286414,-6.4000006));
#12805 = CARTESIAN_POINT('',(14.310398286414,5.999999999062E-07));
#12806 = ( GEOMETRIC_REPRESENTATION_CONTEXT(2) 
PARAMETRIC_REPRESENTATION_CONTEXT() REPRESENTATION_CONTEXT('2D SPACE',''
  ) );
#12807 = ORIENTED_EDGE('',*,*,#5588,.T.);
#12808 = ORIENTED_EDGE('',*,*,#12691,.T.);
#12809 = ADVANCED_FACE('',(#12810),#5549,.F.);
#12810 = FACE_BOUND('',#12811,.T.);
#12811 = EDGE_LOOP('',(#12812,#12835,#12836,#12837));
#12812 = ORIENTED_EDGE('',*,*,#12813,.F.);
#12813 = EDGE_CURVE('',#5529,#12814,#12816,.T.);
#12814 = VERTEX_POINT('',#12815);
#12815 = CARTESIAN_POINT('',(-18.23943446694,-7.852789453573,1.6));
#12816 = SURFACE_CURVE('',#12817,(#12821,#12828),.PCURVE_S1.);
#12817 = LINE('',#12818,#12819);
#12818 = CARTESIAN_POINT('',(-18.23943446694,-7.852789453573,1.6));
#12819 = VECTOR('',#12820,1.);
#12820 = DIRECTION('',(0.,0.,-1.));
#12821 = PCURVE('',#5549,#12822);
#12822 = DEFINITIONAL_REPRESENTATION('',(#12823),#12827);
#12823 = LINE('',#12824,#12825);
#12824 = CARTESIAN_POINT('',(-1.414254045752,0.));
#12825 = VECTOR('',#12826,1.);
#12826 = DIRECTION('',(-0.,1.));
#12827 = ( GEOMETRIC_REPRESENTATION_CONTEXT(2) 
PARAMETRIC_REPRESENTATION_CONTEXT() REPRESENTATION_CONTEXT('2D SPACE',''
  ) );
#12828 = PCURVE('',#5577,#12829);
#12829 = DEFINITIONAL_REPRESENTATION('',(#12830),#12834);
#12830 = LINE('',#12831,#12832);
#12831 = CARTESIAN_POINT('',(24.335070324291,0.));
#12832 = VECTOR('',#12833,1.);
#12833 = DIRECTION('',(0.,1.));
#12834 = ( GEOMETRIC_REPRESENTATION_CONTEXT(2) 
PARAMETRIC_REPRESENTATION_CONTEXT() REPRESENTATION_CONTEXT('2D SPACE',''
  ) );
#12835 = ORIENTED_EDGE('',*,*,#5528,.F.);
#12836 = ORIENTED_EDGE('',*,*,#12737,.T.);
#12837 = ORIENTED_EDGE('',*,*,#12838,.T.);
#12838 = EDGE_CURVE('',#12714,#12814,#12839,.T.);
#12839 = SURFACE_CURVE('',#12840,(#12845,#12852),.PCURVE_S1.);
#12840 = CIRCLE('',#12841,7.95);
#12841 = AXIS2_PLACEMENT_3D('',#12842,#12843,#12844);
#12842 = CARTESIAN_POINT('',(-17.,2.081899558551E-15,1.6));
#12843 = DIRECTION('',(-0.,0.,-1.));
#12844 = DIRECTION('',(-0.155903706534,0.987772258311,0.));
#12845 = PCURVE('',#5549,#12846);
#12846 = DEFINITIONAL_REPRESENTATION('',(#12847),#12851);
#12847 = LINE('',#12848,#12849);
#12848 = CARTESIAN_POINT('',(-4.868931261427,0.));
#12849 = VECTOR('',#12850,1.);
#12850 = DIRECTION('',(1.,-0.));
#12851 = ( GEOMETRIC_REPRESENTATION_CONTEXT(2) 
PARAMETRIC_REPRESENTATION_CONTEXT() REPRESENTATION_CONTEXT('2D SPACE',''
  ) );
#12852 = PCURVE('',#11147,#12853);
#12853 = DEFINITIONAL_REPRESENTATION('',(#12854),#12862);
#12854 = ( BOUNDED_CURVE() B_SPLINE_CURVE(2,(#12855,#12856,#12857,#12858
    ,#12859,#12860,#12861),.UNSPECIFIED.,.T.,.F.) 
B_SPLINE_CURVE_WITH_KNOTS((1,2,2,2,2,1),(-2.094395102393,0.,
    2.094395102393,4.188790204786,6.28318530718,8.377580409573),
.UNSPECIFIED.) CURVE() GEOMETRIC_REPRESENTATION_ITEM() 
RATIONAL_B_SPLINE_CURVE((1.,0.5,1.,0.5,1.,0.5,1.)) REPRESENTATION_ITEM(
  '') );
#12855 = CARTESIAN_POINT('',(-18.23943446694,7.852789453573));
#12856 = CARTESIAN_POINT('',(-4.638004152218,9.999552922978));
#12857 = CARTESIAN_POINT('',(-9.579567609162,-2.853012992084));
#12858 = CARTESIAN_POINT('',(-14.5211310661,-15.70557890714));
#12859 = CARTESIAN_POINT('',(-23.18099792389,-4.999776461489));
#12860 = CARTESIAN_POINT('',(-31.84086478167,5.706025984168));
#12861 = CARTESIAN_POINT('',(-18.23943446694,7.852789453573));
#12862 = ( GEOMETRIC_REPRESENTATION_CONTEXT(2) 
PARAMETRIC_REPRESENTATION_CONTEXT() REPRESENTATION_CONTEXT('2D SPACE',''
  ) );
#12863 = ADVANCED_FACE('',(#12864),#5577,.T.);
#12864 = FACE_BOUND('',#12865,.T.);
#12865 = EDGE_LOOP('',(#12866,#12887,#12888,#12889));
#12866 = ORIENTED_EDGE('',*,*,#12867,.F.);
#12867 = EDGE_CURVE('',#12762,#12814,#12868,.T.);
#12868 = SURFACE_CURVE('',#12869,(#12873,#12880),.PCURVE_S1.);
#12869 = LINE('',#12870,#12871);
#12870 = CARTESIAN_POINT('',(-42.5,-5.95,1.6));
#12871 = VECTOR('',#12872,1.);
#12872 = DIRECTION('',(0.996938377813,-7.819124531863E-02,0.));
#12873 = PCURVE('',#5577,#12874);
#12874 = DEFINITIONAL_REPRESENTATION('',(#12875),#12879);
#12875 = LINE('',#12876,#12877);
#12876 = CARTESIAN_POINT('',(0.,0.));
#12877 = VECTOR('',#12878,1.);
#12878 = DIRECTION('',(1.,0.));
#12879 = ( GEOMETRIC_REPRESENTATION_CONTEXT(2) 
PARAMETRIC_REPRESENTATION_CONTEXT() REPRESENTATION_CONTEXT('2D SPACE',''
  ) );
#12880 = PCURVE('',#11147,#12881);
#12881 = DEFINITIONAL_REPRESENTATION('',(#12882),#12886);
#12882 = LINE('',#12883,#12884);
#12883 = CARTESIAN_POINT('',(-42.5,-5.95));
#12884 = VECTOR('',#12885,1.);
#12885 = DIRECTION('',(0.996938377813,-7.819124531863E-02));
#12886 = ( GEOMETRIC_REPRESENTATION_CONTEXT(2) 
PARAMETRIC_REPRESENTATION_CONTEXT() REPRESENTATION_CONTEXT('2D SPACE',''
  ) );
#12887 = ORIENTED_EDGE('',*,*,#12789,.F.);
#12888 = ORIENTED_EDGE('',*,*,#5561,.F.);
#12889 = ORIENTED_EDGE('',*,*,#12813,.T.);
#12890 = ADVANCED_FACE('',(#12891),#6066,.F.);
#12891 = FACE_BOUND('',#12892,.T.);
#12892 = EDGE_LOOP('',(#12893,#12922,#12943,#12944));
#12893 = ORIENTED_EDGE('',*,*,#12894,.F.);
#12894 = EDGE_CURVE('',#12895,#12895,#12897,.T.);
#12895 = VERTEX_POINT('',#12896);
#12896 = CARTESIAN_POINT('',(30.85,5.3,2.2));
#12897 = SURFACE_CURVE('',#12898,(#12903,#12910),.PCURVE_S1.);
#12898 = CIRCLE('',#12899,0.85);
#12899 = AXIS2_PLACEMENT_3D('',#12900,#12901,#12902);
#12900 = CARTESIAN_POINT('',(30.,5.3,2.2));
#12901 = DIRECTION('',(0.,0.,1.));
#12902 = DIRECTION('',(1.,0.,0.));
#12903 = PCURVE('',#6066,#12904);
#12904 = DEFINITIONAL_REPRESENTATION('',(#12905),#12909);
#12905 = LINE('',#12906,#12907);
#12906 = CARTESIAN_POINT('',(-0.,0.));
#12907 = VECTOR('',#12908,1.);
#12908 = DIRECTION('',(-1.,0.));
#12909 = ( GEOMETRIC_REPRESENTATION_CONTEXT(2) 
PARAMETRIC_REPRESENTATION_CONTEXT() REPRESENTATION_CONTEXT('2D SPACE',''
  ) );
#12910 = PCURVE('',#12911,#12916);
#12911 = PLANE('',#12912);
#12912 = AXIS2_PLACEMENT_3D('',#12913,#12914,#12915);
#12913 = CARTESIAN_POINT('',(30.,5.3,2.2));
#12914 = DIRECTION('',(0.,0.,1.));
#12915 = DIRECTION('',(1.,0.,-0.));
#12916 = DEFINITIONAL_REPRESENTATION('',(#12917),#12921);
#12917 = CIRCLE('',#12918,0.85);
#12918 = AXIS2_PLACEMENT_2D('',#12919,#12920);
#12919 = CARTESIAN_POINT('',(3.552713678801E-15,0.));
#12920 = DIRECTION('',(1.,0.));
#12921 = ( GEOMETRIC_REPRESENTATION_CONTEXT(2) 
PARAMETRIC_REPRESENTATION_CONTEXT() REPRESENTATION_CONTEXT('2D SPACE',''
  ) );
#12922 = ORIENTED_EDGE('',*,*,#12923,.T.);
#12923 = EDGE_CURVE('',#12895,#6046,#12924,.T.);
#12924 = SEAM_CURVE('',#12925,(#12929,#12936),.PCURVE_S1.);
#12925 = LINE('',#12926,#12927);
#12926 = CARTESIAN_POINT('',(30.85,5.3,2.2));
#12927 = VECTOR('',#12928,1.);
#12928 = DIRECTION('',(0.,0.,1.));
#12929 = PCURVE('',#6066,#12930);
#12930 = DEFINITIONAL_REPRESENTATION('',(#12931),#12935);
#12931 = LINE('',#12932,#12933);
#12932 = CARTESIAN_POINT('',(-6.28318530718,0.));
#12933 = VECTOR('',#12934,1.);
#12934 = DIRECTION('',(-0.,-1.));
#12935 = ( GEOMETRIC_REPRESENTATION_CONTEXT(2) 
PARAMETRIC_REPRESENTATION_CONTEXT() REPRESENTATION_CONTEXT('2D SPACE',''
  ) );
#12936 = PCURVE('',#6066,#12937);
#12937 = DEFINITIONAL_REPRESENTATION('',(#12938),#12942);
#12938 = LINE('',#12939,#12940);
#12939 = CARTESIAN_POINT('',(-0.,0.));
#12940 = VECTOR('',#12941,1.);
#12941 = DIRECTION('',(-0.,-1.));
#12942 = ( GEOMETRIC_REPRESENTATION_CONTEXT(2) 
PARAMETRIC_REPRESENTATION_CONTEXT() REPRESENTATION_CONTEXT('2D SPACE',''
  ) );
#12943 = ORIENTED_EDGE('',*,*,#6045,.F.);
#12944 = ORIENTED_EDGE('',*,*,#12923,.F.);
#12945 = ADVANCED_FACE('',(#12946),#10946,.F.);
#12946 = FACE_BOUND('',#12947,.T.);
#12947 = EDGE_LOOP('',(#12948,#12949,#12972,#13003));
#12948 = ORIENTED_EDGE('',*,*,#10929,.F.);
#12949 = ORIENTED_EDGE('',*,*,#12950,.T.);
#12950 = EDGE_CURVE('',#10930,#12951,#12953,.T.);
#12951 = VERTEX_POINT('',#12952);
#12952 = CARTESIAN_POINT('',(10.925,0.,8.));
#12953 = SEAM_CURVE('',#12954,(#12958,#12965),.PCURVE_S1.);
#12954 = LINE('',#12955,#12956);
#12955 = CARTESIAN_POINT('',(10.925,0.,4.5));
#12956 = VECTOR('',#12957,1.);
#12957 = DIRECTION('',(0.,0.,1.));
#12958 = PCURVE('',#10946,#12959);
#12959 = DEFINITIONAL_REPRESENTATION('',(#12960),#12964);
#12960 = LINE('',#12961,#12962);
#12961 = CARTESIAN_POINT('',(-6.28318530718,0.));
#12962 = VECTOR('',#12963,1.);
#12963 = DIRECTION('',(-0.,-1.));
#12964 = ( GEOMETRIC_REPRESENTATION_CONTEXT(2) 
PARAMETRIC_REPRESENTATION_CONTEXT() REPRESENTATION_CONTEXT('2D SPACE',''
  ) );
#12965 = PCURVE('',#10946,#12966);
#12966 = DEFINITIONAL_REPRESENTATION('',(#12967),#12971);
#12967 = LINE('',#12968,#12969);
#12968 = CARTESIAN_POINT('',(-0.,0.));
#12969 = VECTOR('',#12970,1.);
#12970 = DIRECTION('',(-0.,-1.));
#12971 = ( GEOMETRIC_REPRESENTATION_CONTEXT(2) 
PARAMETRIC_REPRESENTATION_CONTEXT() REPRESENTATION_CONTEXT('2D SPACE',''
  ) );
#12972 = ORIENTED_EDGE('',*,*,#12973,.F.);
#12973 = EDGE_CURVE('',#12951,#12951,#12974,.T.);
#12974 = SURFACE_CURVE('',#12975,(#12980,#12987),.PCURVE_S1.);
#12975 = CIRCLE('',#12976,10.925);
#12976 = AXIS2_PLACEMENT_3D('',#12977,#12978,#12979);
#12977 = CARTESIAN_POINT('',(0.,0.,8.));
#12978 = DIRECTION('',(0.,0.,-1.));
#12979 = DIRECTION('',(1.,0.,0.));
#12980 = PCURVE('',#10946,#12981);
#12981 = DEFINITIONAL_REPRESENTATION('',(#12982),#12986);
#12982 = LINE('',#12983,#12984);
#12983 = CARTESIAN_POINT('',(-6.28318530718,-3.5));
#12984 = VECTOR('',#12985,1.);
#12985 = DIRECTION('',(1.,-0.));
#12986 = ( GEOMETRIC_REPRESENTATION_CONTEXT(2) 
PARAMETRIC_REPRESENTATION_CONTEXT() REPRESENTATION_CONTEXT('2D SPACE',''
  ) );
#12987 = PCURVE('',#12988,#12993);
#12988 = PLANE('',#12989);
#12989 = AXIS2_PLACEMENT_3D('',#12990,#12991,#12992);
#12990 = CARTESIAN_POINT('',(17.,1.879594466024E-16,8.));
#12991 = DIRECTION('',(0.,0.,1.));
#12992 = DIRECTION('',(1.,0.,0.));
#12993 = DEFINITIONAL_REPRESENTATION('',(#12994),#13002);
#12994 = ( BOUNDED_CURVE() B_SPLINE_CURVE(2,(#12995,#12996,#12997,#12998
    ,#12999,#13000,#13001),.UNSPECIFIED.,.T.,.F.) 
B_SPLINE_CURVE_WITH_KNOTS((1,2,2,2,2,1),(-2.094395102393,0.,
    2.094395102393,4.188790204786,6.28318530718,8.377580409573),
.UNSPECIFIED.) CURVE() GEOMETRIC_REPRESENTATION_ITEM() 
RATIONAL_B_SPLINE_CURVE((1.,0.5,1.,0.5,1.,0.5,1.)) REPRESENTATION_ITEM(
  '') );
#12995 = CARTESIAN_POINT('',(-6.075,-1.879594466024E-16));
#12996 = CARTESIAN_POINT('',(-6.075,-18.92265507269));
#12997 = CARTESIAN_POINT('',(-22.4625,-9.461327536345));
#12998 = CARTESIAN_POINT('',(-38.85,-2.863812702739E-15));
#12999 = CARTESIAN_POINT('',(-22.4625,9.461327536345));
#13000 = CARTESIAN_POINT('',(-6.075,18.92265507269));
#13001 = CARTESIAN_POINT('',(-6.075,-1.879594466024E-16));
#13002 = ( GEOMETRIC_REPRESENTATION_CONTEXT(2) 
PARAMETRIC_REPRESENTATION_CONTEXT() REPRESENTATION_CONTEXT('2D SPACE',''
  ) );
#13003 = ORIENTED_EDGE('',*,*,#12950,.F.);
#13004 = ADVANCED_FACE('',(#13005),#10981,.T.);
#13005 = FACE_BOUND('',#13006,.T.);
#13006 = EDGE_LOOP('',(#13007));
#13007 = ORIENTED_EDGE('',*,*,#10964,.T.);
#13008 = ADVANCED_FACE('',(#13009),#11036,.T.);
#13009 = FACE_BOUND('',#13010,.T.);
#13010 = EDGE_LOOP('',(#13011));
#13011 = ORIENTED_EDGE('',*,*,#11019,.T.);
#13012 = ADVANCED_FACE('',(#13013),#11091,.T.);
#13013 = FACE_BOUND('',#13014,.T.);
#13014 = EDGE_LOOP('',(#13015));
#13015 = ORIENTED_EDGE('',*,*,#11074,.T.);
#13016 = ADVANCED_FACE('',(#13017,#13051,#13165,#13279,#13393,#13507,
    #13621,#13735,#13766,#13880),#11147,.T.);
#13017 = FACE_BOUND('',#13018,.T.);
#13018 = EDGE_LOOP('',(#13019,#13020,#13021,#13022,#13023,#13024,#13025,
    #13026,#13027,#13028,#13029,#13030,#13031,#13032,#13033,#13034,
    #13035,#13036,#13037,#13038,#13039,#13040,#13041,#13042,#13043,
    #13044,#13045,#13046,#13047,#13048,#13049,#13050));
#13019 = ORIENTED_EDGE('',*,*,#11759,.F.);
#13020 = ORIENTED_EDGE('',*,*,#11597,.T.);
#13021 = ORIENTED_EDGE('',*,*,#11459,.F.);
#13022 = ORIENTED_EDGE('',*,*,#11355,.T.);
#13023 = ORIENTED_EDGE('',*,*,#11255,.T.);
#13024 = ORIENTED_EDGE('',*,*,#11129,.T.);
#13025 = ORIENTED_EDGE('',*,*,#11226,.F.);
#13026 = ORIENTED_EDGE('',*,*,#11307,.T.);
#13027 = ORIENTED_EDGE('',*,*,#11429,.F.);
#13028 = ORIENTED_EDGE('',*,*,#11548,.T.);
#13029 = ORIENTED_EDGE('',*,*,#11669,.F.);
#13030 = ORIENTED_EDGE('',*,*,#11788,.T.);
#13031 = ORIENTED_EDGE('',*,*,#11883,.T.);
#13032 = ORIENTED_EDGE('',*,*,#11989,.T.);
#13033 = ORIENTED_EDGE('',*,*,#12108,.F.);
#13034 = ORIENTED_EDGE('',*,*,#12185,.T.);
#13035 = ORIENTED_EDGE('',*,*,#12307,.F.);
#13036 = ORIENTED_EDGE('',*,*,#12426,.T.);
#13037 = ORIENTED_EDGE('',*,*,#12547,.F.);
#13038 = ORIENTED_EDGE('',*,*,#12666,.T.);
#13039 = ORIENTED_EDGE('',*,*,#12761,.T.);
#13040 = ORIENTED_EDGE('',*,*,#12867,.T.);
#13041 = ORIENTED_EDGE('',*,*,#12838,.F.);
#13042 = ORIENTED_EDGE('',*,*,#12713,.T.);
#13043 = ORIENTED_EDGE('',*,*,#12637,.F.);
#13044 = ORIENTED_EDGE('',*,*,#12475,.T.);
#13045 = ORIENTED_EDGE('',*,*,#12337,.F.);
#13046 = ORIENTED_EDGE('',*,*,#12233,.T.);
#13047 = ORIENTED_EDGE('',*,*,#12137,.F.);
#13048 = ORIENTED_EDGE('',*,*,#12038,.T.);
#13049 = ORIENTED_EDGE('',*,*,#11960,.F.);
#13050 = ORIENTED_EDGE('',*,*,#11835,.T.);
#13051 = FACE_BOUND('',#13052,.T.);
#13052 = EDGE_LOOP('',(#13053,#13083,#13111,#13139));
#13053 = ORIENTED_EDGE('',*,*,#13054,.F.);
#13054 = EDGE_CURVE('',#13055,#13057,#13059,.T.);
#13055 = VERTEX_POINT('',#13056);
#13056 = CARTESIAN_POINT('',(-4.25,-45.4,1.6));
#13057 = VERTEX_POINT('',#13058);
#13058 = CARTESIAN_POINT('',(-4.25,-46.6,1.6));
#13059 = SURFACE_CURVE('',#13060,(#13064,#13071),.PCURVE_S1.);
#13060 = LINE('',#13061,#13062);
#13061 = CARTESIAN_POINT('',(-4.25,-45.4,1.6));
#13062 = VECTOR('',#13063,1.);
#13063 = DIRECTION('',(-2.22044604925E-16,-1.,0.));
#13064 = PCURVE('',#11147,#13065);
#13065 = DEFINITIONAL_REPRESENTATION('',(#13066),#13070);
#13066 = LINE('',#13067,#13068);
#13067 = CARTESIAN_POINT('',(-4.25,-45.4));
#13068 = VECTOR('',#13069,1.);
#13069 = DIRECTION('',(-2.22044604925E-16,-1.));
#13070 = ( GEOMETRIC_REPRESENTATION_CONTEXT(2) 
PARAMETRIC_REPRESENTATION_CONTEXT() REPRESENTATION_CONTEXT('2D SPACE',''
  ) );
#13071 = PCURVE('',#13072,#13077);
#13072 = PLANE('',#13073);
#13073 = AXIS2_PLACEMENT_3D('',#13074,#13075,#13076);
#13074 = CARTESIAN_POINT('',(-4.25,-45.4,1.6));
#13075 = DIRECTION('',(1.,-2.22044604925E-16,0.));
#13076 = DIRECTION('',(-2.22044604925E-16,-1.,0.));
#13077 = DEFINITIONAL_REPRESENTATION('',(#13078),#13082);
#13078 = LINE('',#13079,#13080);
#13079 = CARTESIAN_POINT('',(0.,0.));
#13080 = VECTOR('',#13081,1.);
#13081 = DIRECTION('',(1.,0.));
#13082 = ( GEOMETRIC_REPRESENTATION_CONTEXT(2) 
PARAMETRIC_REPRESENTATION_CONTEXT() REPRESENTATION_CONTEXT('2D SPACE',''
  ) );
#13083 = ORIENTED_EDGE('',*,*,#13084,.F.);
#13084 = EDGE_CURVE('',#13085,#13055,#13087,.T.);
#13085 = VERTEX_POINT('',#13086);
#13086 = CARTESIAN_POINT('',(-3.35,-45.4,1.6));
#13087 = SURFACE_CURVE('',#13088,(#13092,#13099),.PCURVE_S1.);
#13088 = LINE('',#13089,#13090);
#13089 = CARTESIAN_POINT('',(-3.35,-45.4,1.6));
#13090 = VECTOR('',#13091,1.);
#13091 = DIRECTION('',(-1.,2.22044604925E-16,0.));
#13092 = PCURVE('',#11147,#13093);
#13093 = DEFINITIONAL_REPRESENTATION('',(#13094),#13098);
#13094 = LINE('',#13095,#13096);
#13095 = CARTESIAN_POINT('',(-3.35,-45.4));
#13096 = VECTOR('',#13097,1.);
#13097 = DIRECTION('',(-1.,2.22044604925E-16));
#13098 = ( GEOMETRIC_REPRESENTATION_CONTEXT(2) 
PARAMETRIC_REPRESENTATION_CONTEXT() REPRESENTATION_CONTEXT('2D SPACE',''
  ) );
#13099 = PCURVE('',#13100,#13105);
#13100 = PLANE('',#13101);
#13101 = AXIS2_PLACEMENT_3D('',#13102,#13103,#13104);
#13102 = CARTESIAN_POINT('',(-3.35,-45.4,1.6));
#13103 = DIRECTION('',(-2.22044604925E-16,-1.,0.));
#13104 = DIRECTION('',(-1.,2.22044604925E-16,0.));
#13105 = DEFINITIONAL_REPRESENTATION('',(#13106),#13110);
#13106 = LINE('',#13107,#13108);
#13107 = CARTESIAN_POINT('',(0.,0.));
#13108 = VECTOR('',#13109,1.);
#13109 = DIRECTION('',(1.,0.));
#13110 = ( GEOMETRIC_REPRESENTATION_CONTEXT(2) 
PARAMETRIC_REPRESENTATION_CONTEXT() REPRESENTATION_CONTEXT('2D SPACE',''
  ) );
#13111 = ORIENTED_EDGE('',*,*,#13112,.F.);
#13112 = EDGE_CURVE('',#13113,#13085,#13115,.T.);
#13113 = VERTEX_POINT('',#13114);
#13114 = CARTESIAN_POINT('',(-3.35,-46.6,1.6));
#13115 = SURFACE_CURVE('',#13116,(#13120,#13127),.PCURVE_S1.);
#13116 = LINE('',#13117,#13118);
#13117 = CARTESIAN_POINT('',(-3.35,-46.6,1.6));
#13118 = VECTOR('',#13119,1.);
#13119 = DIRECTION('',(2.22044604925E-16,1.,0.));
#13120 = PCURVE('',#11147,#13121);
#13121 = DEFINITIONAL_REPRESENTATION('',(#13122),#13126);
#13122 = LINE('',#13123,#13124);
#13123 = CARTESIAN_POINT('',(-3.35,-46.6));
#13124 = VECTOR('',#13125,1.);
#13125 = DIRECTION('',(2.22044604925E-16,1.));
#13126 = ( GEOMETRIC_REPRESENTATION_CONTEXT(2) 
PARAMETRIC_REPRESENTATION_CONTEXT() REPRESENTATION_CONTEXT('2D SPACE',''
  ) );
#13127 = PCURVE('',#13128,#13133);
#13128 = PLANE('',#13129);
#13129 = AXIS2_PLACEMENT_3D('',#13130,#13131,#13132);
#13130 = CARTESIAN_POINT('',(-3.35,-46.6,1.6));
#13131 = DIRECTION('',(-1.,2.22044604925E-16,0.));
#13132 = DIRECTION('',(2.22044604925E-16,1.,0.));
#13133 = DEFINITIONAL_REPRESENTATION('',(#13134),#13138);
#13134 = LINE('',#13135,#13136);
#13135 = CARTESIAN_POINT('',(0.,0.));
#13136 = VECTOR('',#13137,1.);
#13137 = DIRECTION('',(1.,0.));
#13138 = ( GEOMETRIC_REPRESENTATION_CONTEXT(2) 
PARAMETRIC_REPRESENTATION_CONTEXT() REPRESENTATION_CONTEXT('2D SPACE',''
  ) );
#13139 = ORIENTED_EDGE('',*,*,#13140,.F.);
#13140 = EDGE_CURVE('',#13057,#13113,#13141,.T.);
#13141 = SURFACE_CURVE('',#13142,(#13146,#13153),.PCURVE_S1.);
#13142 = LINE('',#13143,#13144);
#13143 = CARTESIAN_POINT('',(-4.25,-46.6,1.6));
#13144 = VECTOR('',#13145,1.);
#13145 = DIRECTION('',(1.,-2.22044604925E-16,0.));
#13146 = PCURVE('',#11147,#13147);
#13147 = DEFINITIONAL_REPRESENTATION('',(#13148),#13152);
#13148 = LINE('',#13149,#13150);
#13149 = CARTESIAN_POINT('',(-4.25,-46.6));
#13150 = VECTOR('',#13151,1.);
#13151 = DIRECTION('',(1.,-2.22044604925E-16));
#13152 = ( GEOMETRIC_REPRESENTATION_CONTEXT(2) 
PARAMETRIC_REPRESENTATION_CONTEXT() REPRESENTATION_CONTEXT('2D SPACE',''
  ) );
#13153 = PCURVE('',#13154,#13159);
#13154 = PLANE('',#13155);
#13155 = AXIS2_PLACEMENT_3D('',#13156,#13157,#13158);
#13156 = CARTESIAN_POINT('',(-4.25,-46.6,1.6));
#13157 = DIRECTION('',(2.22044604925E-16,1.,0.));
#13158 = DIRECTION('',(1.,-2.22044604925E-16,0.));
#13159 = DEFINITIONAL_REPRESENTATION('',(#13160),#13164);
#13160 = LINE('',#13161,#13162);
#13161 = CARTESIAN_POINT('',(0.,0.));
#13162 = VECTOR('',#13163,1.);
#13163 = DIRECTION('',(1.,0.));
#13164 = ( GEOMETRIC_REPRESENTATION_CONTEXT(2) 
PARAMETRIC_REPRESENTATION_CONTEXT() REPRESENTATION_CONTEXT('2D SPACE',''
  ) );
#13165 = FACE_BOUND('',#13166,.T.);
#13166 = EDGE_LOOP('',(#13167,#13197,#13225,#13253));
#13167 = ORIENTED_EDGE('',*,*,#13168,.F.);
#13168 = EDGE_CURVE('',#13169,#13171,#13173,.T.);
#13169 = VERTEX_POINT('',#13170);
#13170 = CARTESIAN_POINT('',(-45.4,-3.35,1.6));
#13171 = VERTEX_POINT('',#13172);
#13172 = CARTESIAN_POINT('',(-46.6,-3.35,1.6));
#13173 = SURFACE_CURVE('',#13174,(#13178,#13185),.PCURVE_S1.);
#13174 = LINE('',#13175,#13176);
#13175 = CARTESIAN_POINT('',(-45.4,-3.35,1.6));
#13176 = VECTOR('',#13177,1.);
#13177 = DIRECTION('',(-1.,1.224646799147E-16,0.));
#13178 = PCURVE('',#11147,#13179);
#13179 = DEFINITIONAL_REPRESENTATION('',(#13180),#13184);
#13180 = LINE('',#13181,#13182);
#13181 = CARTESIAN_POINT('',(-45.4,-3.35));
#13182 = VECTOR('',#13183,1.);
#13183 = DIRECTION('',(-1.,1.224646799147E-16));
#13184 = ( GEOMETRIC_REPRESENTATION_CONTEXT(2) 
PARAMETRIC_REPRESENTATION_CONTEXT() REPRESENTATION_CONTEXT('2D SPACE',''
  ) );
#13185 = PCURVE('',#13186,#13191);
#13186 = PLANE('',#13187);
#13187 = AXIS2_PLACEMENT_3D('',#13188,#13189,#13190);
#13188 = CARTESIAN_POINT('',(-45.4,-3.35,1.6));
#13189 = DIRECTION('',(-1.224646799147E-16,-1.,0.));
#13190 = DIRECTION('',(-1.,1.224646799147E-16,0.));
#13191 = DEFINITIONAL_REPRESENTATION('',(#13192),#13196);
#13192 = LINE('',#13193,#13194);
#13193 = CARTESIAN_POINT('',(0.,0.));
#13194 = VECTOR('',#13195,1.);
#13195 = DIRECTION('',(1.,0.));
#13196 = ( GEOMETRIC_REPRESENTATION_CONTEXT(2) 
PARAMETRIC_REPRESENTATION_CONTEXT() REPRESENTATION_CONTEXT('2D SPACE',''
  ) );
#13197 = ORIENTED_EDGE('',*,*,#13198,.F.);
#13198 = EDGE_CURVE('',#13199,#13169,#13201,.T.);
#13199 = VERTEX_POINT('',#13200);
#13200 = CARTESIAN_POINT('',(-45.4,-4.25,1.6));
#13201 = SURFACE_CURVE('',#13202,(#13206,#13213),.PCURVE_S1.);
#13202 = LINE('',#13203,#13204);
#13203 = CARTESIAN_POINT('',(-45.4,-4.25,1.6));
#13204 = VECTOR('',#13205,1.);
#13205 = DIRECTION('',(1.224646799147E-16,1.,0.));
#13206 = PCURVE('',#11147,#13207);
#13207 = DEFINITIONAL_REPRESENTATION('',(#13208),#13212);
#13208 = LINE('',#13209,#13210);
#13209 = CARTESIAN_POINT('',(-45.4,-4.25));
#13210 = VECTOR('',#13211,1.);
#13211 = DIRECTION('',(1.224646799147E-16,1.));
#13212 = ( GEOMETRIC_REPRESENTATION_CONTEXT(2) 
PARAMETRIC_REPRESENTATION_CONTEXT() REPRESENTATION_CONTEXT('2D SPACE',''
  ) );
#13213 = PCURVE('',#13214,#13219);
#13214 = PLANE('',#13215);
#13215 = AXIS2_PLACEMENT_3D('',#13216,#13217,#13218);
#13216 = CARTESIAN_POINT('',(-45.4,-4.25,1.6));
#13217 = DIRECTION('',(-1.,1.224646799147E-16,0.));
#13218 = DIRECTION('',(1.224646799147E-16,1.,0.));
#13219 = DEFINITIONAL_REPRESENTATION('',(#13220),#13224);
#13220 = LINE('',#13221,#13222);
#13221 = CARTESIAN_POINT('',(0.,0.));
#13222 = VECTOR('',#13223,1.);
#13223 = DIRECTION('',(1.,0.));
#13224 = ( GEOMETRIC_REPRESENTATION_CONTEXT(2) 
PARAMETRIC_REPRESENTATION_CONTEXT() REPRESENTATION_CONTEXT('2D SPACE',''
  ) );
#13225 = ORIENTED_EDGE('',*,*,#13226,.F.);
#13226 = EDGE_CURVE('',#13227,#13199,#13229,.T.);
#13227 = VERTEX_POINT('',#13228);
#13228 = CARTESIAN_POINT('',(-46.6,-4.25,1.6));
#13229 = SURFACE_CURVE('',#13230,(#13234,#13241),.PCURVE_S1.);
#13230 = LINE('',#13231,#13232);
#13231 = CARTESIAN_POINT('',(-46.6,-4.25,1.6));
#13232 = VECTOR('',#13233,1.);
#13233 = DIRECTION('',(1.,-1.224646799147E-16,0.));
#13234 = PCURVE('',#11147,#13235);
#13235 = DEFINITIONAL_REPRESENTATION('',(#13236),#13240);
#13236 = LINE('',#13237,#13238);
#13237 = CARTESIAN_POINT('',(-46.6,-4.25));
#13238 = VECTOR('',#13239,1.);
#13239 = DIRECTION('',(1.,-1.224646799147E-16));
#13240 = ( GEOMETRIC_REPRESENTATION_CONTEXT(2) 
PARAMETRIC_REPRESENTATION_CONTEXT() REPRESENTATION_CONTEXT('2D SPACE',''
  ) );
#13241 = PCURVE('',#13242,#13247);
#13242 = PLANE('',#13243);
#13243 = AXIS2_PLACEMENT_3D('',#13244,#13245,#13246);
#13244 = CARTESIAN_POINT('',(-46.6,-4.25,1.6));
#13245 = DIRECTION('',(1.224646799147E-16,1.,0.));
#13246 = DIRECTION('',(1.,-1.224646799147E-16,0.));
#13247 = DEFINITIONAL_REPRESENTATION('',(#13248),#13252);
#13248 = LINE('',#13249,#13250);
#13249 = CARTESIAN_POINT('',(0.,0.));
#13250 = VECTOR('',#13251,1.);
#13251 = DIRECTION('',(1.,0.));
#13252 = ( GEOMETRIC_REPRESENTATION_CONTEXT(2) 
PARAMETRIC_REPRESENTATION_CONTEXT() REPRESENTATION_CONTEXT('2D SPACE',''
  ) );
#13253 = ORIENTED_EDGE('',*,*,#13254,.F.);
#13254 = EDGE_CURVE('',#13171,#13227,#13255,.T.);
#13255 = SURFACE_CURVE('',#13256,(#13260,#13267),.PCURVE_S1.);
#13256 = LINE('',#13257,#13258);
#13257 = CARTESIAN_POINT('',(-46.6,-3.35,1.6));
#13258 = VECTOR('',#13259,1.);
#13259 = DIRECTION('',(-1.224646799147E-16,-1.,0.));
#13260 = PCURVE('',#11147,#13261);
#13261 = DEFINITIONAL_REPRESENTATION('',(#13262),#13266);
#13262 = LINE('',#13263,#13264);
#13263 = CARTESIAN_POINT('',(-46.6,-3.35));
#13264 = VECTOR('',#13265,1.);
#13265 = DIRECTION('',(-1.224646799147E-16,-1.));
#13266 = ( GEOMETRIC_REPRESENTATION_CONTEXT(2) 
PARAMETRIC_REPRESENTATION_CONTEXT() REPRESENTATION_CONTEXT('2D SPACE',''
  ) );
#13267 = PCURVE('',#13268,#13273);
#13268 = PLANE('',#13269);
#13269 = AXIS2_PLACEMENT_3D('',#13270,#13271,#13272);
#13270 = CARTESIAN_POINT('',(-46.6,-3.35,1.6));
#13271 = DIRECTION('',(1.,-1.224646799147E-16,0.));
#13272 = DIRECTION('',(-1.224646799147E-16,-1.,0.));
#13273 = DEFINITIONAL_REPRESENTATION('',(#13274),#13278);
#13274 = LINE('',#13275,#13276);
#13275 = CARTESIAN_POINT('',(0.,0.));
#13276 = VECTOR('',#13277,1.);
#13277 = DIRECTION('',(1.,0.));
#13278 = ( GEOMETRIC_REPRESENTATION_CONTEXT(2) 
PARAMETRIC_REPRESENTATION_CONTEXT() REPRESENTATION_CONTEXT('2D SPACE',''
  ) );
#13279 = FACE_BOUND('',#13280,.T.);
#13280 = EDGE_LOOP('',(#13281,#13311,#13339,#13367));
#13281 = ORIENTED_EDGE('',*,*,#13282,.F.);
#13282 = EDGE_CURVE('',#13283,#13285,#13287,.T.);
#13283 = VERTEX_POINT('',#13284);
#13284 = CARTESIAN_POINT('',(3.35,-45.4,1.6));
#13285 = VERTEX_POINT('',#13286);
#13286 = CARTESIAN_POINT('',(3.35,-46.6,1.6));
#13287 = SURFACE_CURVE('',#13288,(#13292,#13299),.PCURVE_S1.);
#13288 = LINE('',#13289,#13290);
#13289 = CARTESIAN_POINT('',(3.35,-45.4,1.6));
#13290 = VECTOR('',#13291,1.);
#13291 = DIRECTION('',(-2.22044604925E-16,-1.,0.));
#13292 = PCURVE('',#11147,#13293);
#13293 = DEFINITIONAL_REPRESENTATION('',(#13294),#13298);
#13294 = LINE('',#13295,#13296);
#13295 = CARTESIAN_POINT('',(3.35,-45.4));
#13296 = VECTOR('',#13297,1.);
#13297 = DIRECTION('',(-2.22044604925E-16,-1.));
#13298 = ( GEOMETRIC_REPRESENTATION_CONTEXT(2) 
PARAMETRIC_REPRESENTATION_CONTEXT() REPRESENTATION_CONTEXT('2D SPACE',''
  ) );
#13299 = PCURVE('',#13300,#13305);
#13300 = PLANE('',#13301);
#13301 = AXIS2_PLACEMENT_3D('',#13302,#13303,#13304);
#13302 = CARTESIAN_POINT('',(3.35,-45.4,1.6));
#13303 = DIRECTION('',(1.,-2.22044604925E-16,0.));
#13304 = DIRECTION('',(-2.22044604925E-16,-1.,0.));
#13305 = DEFINITIONAL_REPRESENTATION('',(#13306),#13310);
#13306 = LINE('',#13307,#13308);
#13307 = CARTESIAN_POINT('',(0.,0.));
#13308 = VECTOR('',#13309,1.);
#13309 = DIRECTION('',(1.,0.));
#13310 = ( GEOMETRIC_REPRESENTATION_CONTEXT(2) 
PARAMETRIC_REPRESENTATION_CONTEXT() REPRESENTATION_CONTEXT('2D SPACE',''
  ) );
#13311 = ORIENTED_EDGE('',*,*,#13312,.F.);
#13312 = EDGE_CURVE('',#13313,#13283,#13315,.T.);
#13313 = VERTEX_POINT('',#13314);
#13314 = CARTESIAN_POINT('',(4.25,-45.4,1.6));
#13315 = SURFACE_CURVE('',#13316,(#13320,#13327),.PCURVE_S1.);
#13316 = LINE('',#13317,#13318);
#13317 = CARTESIAN_POINT('',(4.25,-45.4,1.6));
#13318 = VECTOR('',#13319,1.);
#13319 = DIRECTION('',(-1.,2.22044604925E-16,0.));
#13320 = PCURVE('',#11147,#13321);
#13321 = DEFINITIONAL_REPRESENTATION('',(#13322),#13326);
#13322 = LINE('',#13323,#13324);
#13323 = CARTESIAN_POINT('',(4.25,-45.4));
#13324 = VECTOR('',#13325,1.);
#13325 = DIRECTION('',(-1.,2.22044604925E-16));
#13326 = ( GEOMETRIC_REPRESENTATION_CONTEXT(2) 
PARAMETRIC_REPRESENTATION_CONTEXT() REPRESENTATION_CONTEXT('2D SPACE',''
  ) );
#13327 = PCURVE('',#13328,#13333);
#13328 = PLANE('',#13329);
#13329 = AXIS2_PLACEMENT_3D('',#13330,#13331,#13332);
#13330 = CARTESIAN_POINT('',(4.25,-45.4,1.6));
#13331 = DIRECTION('',(-2.22044604925E-16,-1.,0.));
#13332 = DIRECTION('',(-1.,2.22044604925E-16,0.));
#13333 = DEFINITIONAL_REPRESENTATION('',(#13334),#13338);
#13334 = LINE('',#13335,#13336);
#13335 = CARTESIAN_POINT('',(0.,0.));
#13336 = VECTOR('',#13337,1.);
#13337 = DIRECTION('',(1.,0.));
#13338 = ( GEOMETRIC_REPRESENTATION_CONTEXT(2) 
PARAMETRIC_REPRESENTATION_CONTEXT() REPRESENTATION_CONTEXT('2D SPACE',''
  ) );
#13339 = ORIENTED_EDGE('',*,*,#13340,.F.);
#13340 = EDGE_CURVE('',#13341,#13313,#13343,.T.);
#13341 = VERTEX_POINT('',#13342);
#13342 = CARTESIAN_POINT('',(4.25,-46.6,1.6));
#13343 = SURFACE_CURVE('',#13344,(#13348,#13355),.PCURVE_S1.);
#13344 = LINE('',#13345,#13346);
#13345 = CARTESIAN_POINT('',(4.25,-46.6,1.6));
#13346 = VECTOR('',#13347,1.);
#13347 = DIRECTION('',(2.22044604925E-16,1.,0.));
#13348 = PCURVE('',#11147,#13349);
#13349 = DEFINITIONAL_REPRESENTATION('',(#13350),#13354);
#13350 = LINE('',#13351,#13352);
#13351 = CARTESIAN_POINT('',(4.25,-46.6));
#13352 = VECTOR('',#13353,1.);
#13353 = DIRECTION('',(2.22044604925E-16,1.));
#13354 = ( GEOMETRIC_REPRESENTATION_CONTEXT(2) 
PARAMETRIC_REPRESENTATION_CONTEXT() REPRESENTATION_CONTEXT('2D SPACE',''
  ) );
#13355 = PCURVE('',#13356,#13361);
#13356 = PLANE('',#13357);
#13357 = AXIS2_PLACEMENT_3D('',#13358,#13359,#13360);
#13358 = CARTESIAN_POINT('',(4.25,-46.6,1.6));
#13359 = DIRECTION('',(-1.,2.22044604925E-16,0.));
#13360 = DIRECTION('',(2.22044604925E-16,1.,0.));
#13361 = DEFINITIONAL_REPRESENTATION('',(#13362),#13366);
#13362 = LINE('',#13363,#13364);
#13363 = CARTESIAN_POINT('',(0.,0.));
#13364 = VECTOR('',#13365,1.);
#13365 = DIRECTION('',(1.,0.));
#13366 = ( GEOMETRIC_REPRESENTATION_CONTEXT(2) 
PARAMETRIC_REPRESENTATION_CONTEXT() REPRESENTATION_CONTEXT('2D SPACE',''
  ) );
#13367 = ORIENTED_EDGE('',*,*,#13368,.F.);
#13368 = EDGE_CURVE('',#13285,#13341,#13369,.T.);
#13369 = SURFACE_CURVE('',#13370,(#13374,#13381),.PCURVE_S1.);
#13370 = LINE('',#13371,#13372);
#13371 = CARTESIAN_POINT('',(3.35,-46.6,1.6));
#13372 = VECTOR('',#13373,1.);
#13373 = DIRECTION('',(1.,-2.22044604925E-16,0.));
#13374 = PCURVE('',#11147,#13375);
#13375 = DEFINITIONAL_REPRESENTATION('',(#13376),#13380);
#13376 = LINE('',#13377,#13378);
#13377 = CARTESIAN_POINT('',(3.35,-46.6));
#13378 = VECTOR('',#13379,1.);
#13379 = DIRECTION('',(1.,-2.22044604925E-16));
#13380 = ( GEOMETRIC_REPRESENTATION_CONTEXT(2) 
PARAMETRIC_REPRESENTATION_CONTEXT() REPRESENTATION_CONTEXT('2D SPACE',''
  ) );
#13381 = PCURVE('',#13382,#13387);
#13382 = PLANE('',#13383);
#13383 = AXIS2_PLACEMENT_3D('',#13384,#13385,#13386);
#13384 = CARTESIAN_POINT('',(3.35,-46.6,1.6));
#13385 = DIRECTION('',(2.22044604925E-16,1.,0.));
#13386 = DIRECTION('',(1.,-2.22044604925E-16,0.));
#13387 = DEFINITIONAL_REPRESENTATION('',(#13388),#13392);
#13388 = LINE('',#13389,#13390);
#13389 = CARTESIAN_POINT('',(0.,0.));
#13390 = VECTOR('',#13391,1.);
#13391 = DIRECTION('',(1.,0.));
#13392 = ( GEOMETRIC_REPRESENTATION_CONTEXT(2) 
PARAMETRIC_REPRESENTATION_CONTEXT() REPRESENTATION_CONTEXT('2D SPACE',''
  ) );
#13393 = FACE_BOUND('',#13394,.T.);
#13394 = EDGE_LOOP('',(#13395,#13425,#13453,#13481));
#13395 = ORIENTED_EDGE('',*,*,#13396,.F.);
#13396 = EDGE_CURVE('',#13397,#13399,#13401,.T.);
#13397 = VERTEX_POINT('',#13398);
#13398 = CARTESIAN_POINT('',(45.4,-4.25,1.6));
#13399 = VERTEX_POINT('',#13400);
#13400 = CARTESIAN_POINT('',(46.6,-4.25,1.6));
#13401 = SURFACE_CURVE('',#13402,(#13406,#13413),.PCURVE_S1.);
#13402 = LINE('',#13403,#13404);
#13403 = CARTESIAN_POINT('',(45.4,-4.25,1.6));
#13404 = VECTOR('',#13405,1.);
#13405 = DIRECTION('',(1.,0.,0.));
#13406 = PCURVE('',#11147,#13407);
#13407 = DEFINITIONAL_REPRESENTATION('',(#13408),#13412);
#13408 = LINE('',#13409,#13410);
#13409 = CARTESIAN_POINT('',(45.4,-4.25));
#13410 = VECTOR('',#13411,1.);
#13411 = DIRECTION('',(1.,0.));
#13412 = ( GEOMETRIC_REPRESENTATION_CONTEXT(2) 
PARAMETRIC_REPRESENTATION_CONTEXT() REPRESENTATION_CONTEXT('2D SPACE',''
  ) );
#13413 = PCURVE('',#13414,#13419);
#13414 = PLANE('',#13415);
#13415 = AXIS2_PLACEMENT_3D('',#13416,#13417,#13418);
#13416 = CARTESIAN_POINT('',(45.4,-4.25,1.6));
#13417 = DIRECTION('',(0.,1.,0.));
#13418 = DIRECTION('',(1.,0.,0.));
#13419 = DEFINITIONAL_REPRESENTATION('',(#13420),#13424);
#13420 = LINE('',#13421,#13422);
#13421 = CARTESIAN_POINT('',(0.,0.));
#13422 = VECTOR('',#13423,1.);
#13423 = DIRECTION('',(1.,0.));
#13424 = ( GEOMETRIC_REPRESENTATION_CONTEXT(2) 
PARAMETRIC_REPRESENTATION_CONTEXT() REPRESENTATION_CONTEXT('2D SPACE',''
  ) );
#13425 = ORIENTED_EDGE('',*,*,#13426,.F.);
#13426 = EDGE_CURVE('',#13427,#13397,#13429,.T.);
#13427 = VERTEX_POINT('',#13428);
#13428 = CARTESIAN_POINT('',(45.4,-3.35,1.6));
#13429 = SURFACE_CURVE('',#13430,(#13434,#13441),.PCURVE_S1.);
#13430 = LINE('',#13431,#13432);
#13431 = CARTESIAN_POINT('',(45.4,-3.35,1.6));
#13432 = VECTOR('',#13433,1.);
#13433 = DIRECTION('',(0.,-1.,0.));
#13434 = PCURVE('',#11147,#13435);
#13435 = DEFINITIONAL_REPRESENTATION('',(#13436),#13440);
#13436 = LINE('',#13437,#13438);
#13437 = CARTESIAN_POINT('',(45.4,-3.35));
#13438 = VECTOR('',#13439,1.);
#13439 = DIRECTION('',(0.,-1.));
#13440 = ( GEOMETRIC_REPRESENTATION_CONTEXT(2) 
PARAMETRIC_REPRESENTATION_CONTEXT() REPRESENTATION_CONTEXT('2D SPACE',''
  ) );
#13441 = PCURVE('',#13442,#13447);
#13442 = PLANE('',#13443);
#13443 = AXIS2_PLACEMENT_3D('',#13444,#13445,#13446);
#13444 = CARTESIAN_POINT('',(45.4,-3.35,1.6));
#13445 = DIRECTION('',(1.,0.,0.));
#13446 = DIRECTION('',(0.,-1.,0.));
#13447 = DEFINITIONAL_REPRESENTATION('',(#13448),#13452);
#13448 = LINE('',#13449,#13450);
#13449 = CARTESIAN_POINT('',(0.,0.));
#13450 = VECTOR('',#13451,1.);
#13451 = DIRECTION('',(1.,0.));
#13452 = ( GEOMETRIC_REPRESENTATION_CONTEXT(2) 
PARAMETRIC_REPRESENTATION_CONTEXT() REPRESENTATION_CONTEXT('2D SPACE',''
  ) );
#13453 = ORIENTED_EDGE('',*,*,#13454,.F.);
#13454 = EDGE_CURVE('',#13455,#13427,#13457,.T.);
#13455 = VERTEX_POINT('',#13456);
#13456 = CARTESIAN_POINT('',(46.6,-3.35,1.6));
#13457 = SURFACE_CURVE('',#13458,(#13462,#13469),.PCURVE_S1.);
#13458 = LINE('',#13459,#13460);
#13459 = CARTESIAN_POINT('',(46.6,-3.35,1.6));
#13460 = VECTOR('',#13461,1.);
#13461 = DIRECTION('',(-1.,0.,0.));
#13462 = PCURVE('',#11147,#13463);
#13463 = DEFINITIONAL_REPRESENTATION('',(#13464),#13468);
#13464 = LINE('',#13465,#13466);
#13465 = CARTESIAN_POINT('',(46.6,-3.35));
#13466 = VECTOR('',#13467,1.);
#13467 = DIRECTION('',(-1.,0.));
#13468 = ( GEOMETRIC_REPRESENTATION_CONTEXT(2) 
PARAMETRIC_REPRESENTATION_CONTEXT() REPRESENTATION_CONTEXT('2D SPACE',''
  ) );
#13469 = PCURVE('',#13470,#13475);
#13470 = PLANE('',#13471);
#13471 = AXIS2_PLACEMENT_3D('',#13472,#13473,#13474);
#13472 = CARTESIAN_POINT('',(46.6,-3.35,1.6));
#13473 = DIRECTION('',(0.,-1.,0.));
#13474 = DIRECTION('',(-1.,0.,0.));
#13475 = DEFINITIONAL_REPRESENTATION('',(#13476),#13480);
#13476 = LINE('',#13477,#13478);
#13477 = CARTESIAN_POINT('',(0.,-0.));
#13478 = VECTOR('',#13479,1.);
#13479 = DIRECTION('',(1.,0.));
#13480 = ( GEOMETRIC_REPRESENTATION_CONTEXT(2) 
PARAMETRIC_REPRESENTATION_CONTEXT() REPRESENTATION_CONTEXT('2D SPACE',''
  ) );
#13481 = ORIENTED_EDGE('',*,*,#13482,.F.);
#13482 = EDGE_CURVE('',#13399,#13455,#13483,.T.);
#13483 = SURFACE_CURVE('',#13484,(#13488,#13495),.PCURVE_S1.);
#13484 = LINE('',#13485,#13486);
#13485 = CARTESIAN_POINT('',(46.6,-4.25,1.6));
#13486 = VECTOR('',#13487,1.);
#13487 = DIRECTION('',(0.,1.,0.));
#13488 = PCURVE('',#11147,#13489);
#13489 = DEFINITIONAL_REPRESENTATION('',(#13490),#13494);
#13490 = LINE('',#13491,#13492);
#13491 = CARTESIAN_POINT('',(46.6,-4.25));
#13492 = VECTOR('',#13493,1.);
#13493 = DIRECTION('',(0.,1.));
#13494 = ( GEOMETRIC_REPRESENTATION_CONTEXT(2) 
PARAMETRIC_REPRESENTATION_CONTEXT() REPRESENTATION_CONTEXT('2D SPACE',''
  ) );
#13495 = PCURVE('',#13496,#13501);
#13496 = PLANE('',#13497);
#13497 = AXIS2_PLACEMENT_3D('',#13498,#13499,#13500);
#13498 = CARTESIAN_POINT('',(46.6,-4.25,1.6));
#13499 = DIRECTION('',(-1.,0.,0.));
#13500 = DIRECTION('',(0.,1.,0.));
#13501 = DEFINITIONAL_REPRESENTATION('',(#13502),#13506);
#13502 = LINE('',#13503,#13504);
#13503 = CARTESIAN_POINT('',(0.,0.));
#13504 = VECTOR('',#13505,1.);
#13505 = DIRECTION('',(1.,0.));
#13506 = ( GEOMETRIC_REPRESENTATION_CONTEXT(2) 
PARAMETRIC_REPRESENTATION_CONTEXT() REPRESENTATION_CONTEXT('2D SPACE',''
  ) );
#13507 = FACE_BOUND('',#13508,.T.);
#13508 = EDGE_LOOP('',(#13509,#13539,#13567,#13595));
#13509 = ORIENTED_EDGE('',*,*,#13510,.F.);
#13510 = EDGE_CURVE('',#13511,#13513,#13515,.T.);
#13511 = VERTEX_POINT('',#13512);
#13512 = CARTESIAN_POINT('',(-45.4,4.25,1.6));
#13513 = VERTEX_POINT('',#13514);
#13514 = CARTESIAN_POINT('',(-46.6,4.25,1.6));
#13515 = SURFACE_CURVE('',#13516,(#13520,#13527),.PCURVE_S1.);
#13516 = LINE('',#13517,#13518);
#13517 = CARTESIAN_POINT('',(-45.4,4.25,1.6));
#13518 = VECTOR('',#13519,1.);
#13519 = DIRECTION('',(-1.,1.224646799147E-16,0.));
#13520 = PCURVE('',#11147,#13521);
#13521 = DEFINITIONAL_REPRESENTATION('',(#13522),#13526);
#13522 = LINE('',#13523,#13524);
#13523 = CARTESIAN_POINT('',(-45.4,4.25));
#13524 = VECTOR('',#13525,1.);
#13525 = DIRECTION('',(-1.,1.224646799147E-16));
#13526 = ( GEOMETRIC_REPRESENTATION_CONTEXT(2) 
PARAMETRIC_REPRESENTATION_CONTEXT() REPRESENTATION_CONTEXT('2D SPACE',''
  ) );
#13527 = PCURVE('',#13528,#13533);
#13528 = PLANE('',#13529);
#13529 = AXIS2_PLACEMENT_3D('',#13530,#13531,#13532);
#13530 = CARTESIAN_POINT('',(-45.4,4.25,1.6));
#13531 = DIRECTION('',(-1.224646799147E-16,-1.,0.));
#13532 = DIRECTION('',(-1.,1.224646799147E-16,0.));
#13533 = DEFINITIONAL_REPRESENTATION('',(#13534),#13538);
#13534 = LINE('',#13535,#13536);
#13535 = CARTESIAN_POINT('',(0.,0.));
#13536 = VECTOR('',#13537,1.);
#13537 = DIRECTION('',(1.,0.));
#13538 = ( GEOMETRIC_REPRESENTATION_CONTEXT(2) 
PARAMETRIC_REPRESENTATION_CONTEXT() REPRESENTATION_CONTEXT('2D SPACE',''
  ) );
#13539 = ORIENTED_EDGE('',*,*,#13540,.F.);
#13540 = EDGE_CURVE('',#13541,#13511,#13543,.T.);
#13541 = VERTEX_POINT('',#13542);
#13542 = CARTESIAN_POINT('',(-45.4,3.35,1.6));
#13543 = SURFACE_CURVE('',#13544,(#13548,#13555),.PCURVE_S1.);
#13544 = LINE('',#13545,#13546);
#13545 = CARTESIAN_POINT('',(-45.4,3.35,1.6));
#13546 = VECTOR('',#13547,1.);
#13547 = DIRECTION('',(1.224646799147E-16,1.,0.));
#13548 = PCURVE('',#11147,#13549);
#13549 = DEFINITIONAL_REPRESENTATION('',(#13550),#13554);
#13550 = LINE('',#13551,#13552);
#13551 = CARTESIAN_POINT('',(-45.4,3.35));
#13552 = VECTOR('',#13553,1.);
#13553 = DIRECTION('',(1.224646799147E-16,1.));
#13554 = ( GEOMETRIC_REPRESENTATION_CONTEXT(2) 
PARAMETRIC_REPRESENTATION_CONTEXT() REPRESENTATION_CONTEXT('2D SPACE',''
  ) );
#13555 = PCURVE('',#13556,#13561);
#13556 = PLANE('',#13557);
#13557 = AXIS2_PLACEMENT_3D('',#13558,#13559,#13560);
#13558 = CARTESIAN_POINT('',(-45.4,3.35,1.6));
#13559 = DIRECTION('',(-1.,1.224646799147E-16,0.));
#13560 = DIRECTION('',(1.224646799147E-16,1.,0.));
#13561 = DEFINITIONAL_REPRESENTATION('',(#13562),#13566);
#13562 = LINE('',#13563,#13564);
#13563 = CARTESIAN_POINT('',(0.,0.));
#13564 = VECTOR('',#13565,1.);
#13565 = DIRECTION('',(1.,0.));
#13566 = ( GEOMETRIC_REPRESENTATION_CONTEXT(2) 
PARAMETRIC_REPRESENTATION_CONTEXT() REPRESENTATION_CONTEXT('2D SPACE',''
  ) );
#13567 = ORIENTED_EDGE('',*,*,#13568,.F.);
#13568 = EDGE_CURVE('',#13569,#13541,#13571,.T.);
#13569 = VERTEX_POINT('',#13570);
#13570 = CARTESIAN_POINT('',(-46.6,3.35,1.6));
#13571 = SURFACE_CURVE('',#13572,(#13576,#13583),.PCURVE_S1.);
#13572 = LINE('',#13573,#13574);
#13573 = CARTESIAN_POINT('',(-46.6,3.35,1.6));
#13574 = VECTOR('',#13575,1.);
#13575 = DIRECTION('',(1.,-1.224646799147E-16,0.));
#13576 = PCURVE('',#11147,#13577);
#13577 = DEFINITIONAL_REPRESENTATION('',(#13578),#13582);
#13578 = LINE('',#13579,#13580);
#13579 = CARTESIAN_POINT('',(-46.6,3.35));
#13580 = VECTOR('',#13581,1.);
#13581 = DIRECTION('',(1.,-1.224646799147E-16));
#13582 = ( GEOMETRIC_REPRESENTATION_CONTEXT(2) 
PARAMETRIC_REPRESENTATION_CONTEXT() REPRESENTATION_CONTEXT('2D SPACE',''
  ) );
#13583 = PCURVE('',#13584,#13589);
#13584 = PLANE('',#13585);
#13585 = AXIS2_PLACEMENT_3D('',#13586,#13587,#13588);
#13586 = CARTESIAN_POINT('',(-46.6,3.35,1.6));
#13587 = DIRECTION('',(1.224646799147E-16,1.,0.));
#13588 = DIRECTION('',(1.,-1.224646799147E-16,0.));
#13589 = DEFINITIONAL_REPRESENTATION('',(#13590),#13594);
#13590 = LINE('',#13591,#13592);
#13591 = CARTESIAN_POINT('',(0.,0.));
#13592 = VECTOR('',#13593,1.);
#13593 = DIRECTION('',(1.,0.));
#13594 = ( GEOMETRIC_REPRESENTATION_CONTEXT(2) 
PARAMETRIC_REPRESENTATION_CONTEXT() REPRESENTATION_CONTEXT('2D SPACE',''
  ) );
#13595 = ORIENTED_EDGE('',*,*,#13596,.F.);
#13596 = EDGE_CURVE('',#13513,#13569,#13597,.T.);
#13597 = SURFACE_CURVE('',#13598,(#13602,#13609),.PCURVE_S1.);
#13598 = LINE('',#13599,#13600);
#13599 = CARTESIAN_POINT('',(-46.6,4.25,1.6));
#13600 = VECTOR('',#13601,1.);
#13601 = DIRECTION('',(-1.224646799147E-16,-1.,0.));
#13602 = PCURVE('',#11147,#13603);
#13603 = DEFINITIONAL_REPRESENTATION('',(#13604),#13608);
#13604 = LINE('',#13605,#13606);
#13605 = CARTESIAN_POINT('',(-46.6,4.25));
#13606 = VECTOR('',#13607,1.);
#13607 = DIRECTION('',(-1.224646799147E-16,-1.));
#13608 = ( GEOMETRIC_REPRESENTATION_CONTEXT(2) 
PARAMETRIC_REPRESENTATION_CONTEXT() REPRESENTATION_CONTEXT('2D SPACE',''
  ) );
#13609 = PCURVE('',#13610,#13615);
#13610 = PLANE('',#13611);
#13611 = AXIS2_PLACEMENT_3D('',#13612,#13613,#13614);
#13612 = CARTESIAN_POINT('',(-46.6,4.25,1.6));
#13613 = DIRECTION('',(1.,-1.224646799147E-16,0.));
#13614 = DIRECTION('',(-1.224646799147E-16,-1.,0.));
#13615 = DEFINITIONAL_REPRESENTATION('',(#13616),#13620);
#13616 = LINE('',#13617,#13618);
#13617 = CARTESIAN_POINT('',(0.,0.));
#13618 = VECTOR('',#13619,1.);
#13619 = DIRECTION('',(1.,0.));
#13620 = ( GEOMETRIC_REPRESENTATION_CONTEXT(2) 
PARAMETRIC_REPRESENTATION_CONTEXT() REPRESENTATION_CONTEXT('2D SPACE',''
  ) );
#13621 = FACE_BOUND('',#13622,.T.);
#13622 = EDGE_LOOP('',(#13623,#13653,#13681,#13709));
#13623 = ORIENTED_EDGE('',*,*,#13624,.F.);
#13624 = EDGE_CURVE('',#13625,#13627,#13629,.T.);
#13625 = VERTEX_POINT('',#13626);
#13626 = CARTESIAN_POINT('',(-3.35,45.4,1.6));
#13627 = VERTEX_POINT('',#13628);
#13628 = CARTESIAN_POINT('',(-3.35,46.6,1.6));
#13629 = SURFACE_CURVE('',#13630,(#13634,#13641),.PCURVE_S1.);
#13630 = LINE('',#13631,#13632);
#13631 = CARTESIAN_POINT('',(-3.35,45.4,1.6));
#13632 = VECTOR('',#13633,1.);
#13633 = DIRECTION('',(1.110223024625E-16,1.,0.));
#13634 = PCURVE('',#11147,#13635);
#13635 = DEFINITIONAL_REPRESENTATION('',(#13636),#13640);
#13636 = LINE('',#13637,#13638);
#13637 = CARTESIAN_POINT('',(-3.35,45.4));
#13638 = VECTOR('',#13639,1.);
#13639 = DIRECTION('',(1.110223024625E-16,1.));
#13640 = ( GEOMETRIC_REPRESENTATION_CONTEXT(2) 
PARAMETRIC_REPRESENTATION_CONTEXT() REPRESENTATION_CONTEXT('2D SPACE',''
  ) );
#13641 = PCURVE('',#13642,#13647);
#13642 = PLANE('',#13643);
#13643 = AXIS2_PLACEMENT_3D('',#13644,#13645,#13646);
#13644 = CARTESIAN_POINT('',(-3.35,45.4,1.6));
#13645 = DIRECTION('',(-1.,1.110223024625E-16,0.));
#13646 = DIRECTION('',(1.110223024625E-16,1.,0.));
#13647 = DEFINITIONAL_REPRESENTATION('',(#13648),#13652);
#13648 = LINE('',#13649,#13650);
#13649 = CARTESIAN_POINT('',(0.,0.));
#13650 = VECTOR('',#13651,1.);
#13651 = DIRECTION('',(1.,0.));
#13652 = ( GEOMETRIC_REPRESENTATION_CONTEXT(2) 
PARAMETRIC_REPRESENTATION_CONTEXT() REPRESENTATION_CONTEXT('2D SPACE',''
  ) );
#13653 = ORIENTED_EDGE('',*,*,#13654,.F.);
#13654 = EDGE_CURVE('',#13655,#13625,#13657,.T.);
#13655 = VERTEX_POINT('',#13656);
#13656 = CARTESIAN_POINT('',(-4.25,45.4,1.6));
#13657 = SURFACE_CURVE('',#13658,(#13662,#13669),.PCURVE_S1.);
#13658 = LINE('',#13659,#13660);
#13659 = CARTESIAN_POINT('',(-4.25,45.4,1.6));
#13660 = VECTOR('',#13661,1.);
#13661 = DIRECTION('',(1.,-1.110223024625E-16,0.));
#13662 = PCURVE('',#11147,#13663);
#13663 = DEFINITIONAL_REPRESENTATION('',(#13664),#13668);
#13664 = LINE('',#13665,#13666);
#13665 = CARTESIAN_POINT('',(-4.25,45.4));
#13666 = VECTOR('',#13667,1.);
#13667 = DIRECTION('',(1.,-1.110223024625E-16));
#13668 = ( GEOMETRIC_REPRESENTATION_CONTEXT(2) 
PARAMETRIC_REPRESENTATION_CONTEXT() REPRESENTATION_CONTEXT('2D SPACE',''
  ) );
#13669 = PCURVE('',#13670,#13675);
#13670 = PLANE('',#13671);
#13671 = AXIS2_PLACEMENT_3D('',#13672,#13673,#13674);
#13672 = CARTESIAN_POINT('',(-4.25,45.4,1.6));
#13673 = DIRECTION('',(1.110223024625E-16,1.,0.));
#13674 = DIRECTION('',(1.,-1.110223024625E-16,0.));
#13675 = DEFINITIONAL_REPRESENTATION('',(#13676),#13680);
#13676 = LINE('',#13677,#13678);
#13677 = CARTESIAN_POINT('',(0.,0.));
#13678 = VECTOR('',#13679,1.);
#13679 = DIRECTION('',(1.,0.));
#13680 = ( GEOMETRIC_REPRESENTATION_CONTEXT(2) 
PARAMETRIC_REPRESENTATION_CONTEXT() REPRESENTATION_CONTEXT('2D SPACE',''
  ) );
#13681 = ORIENTED_EDGE('',*,*,#13682,.F.);
#13682 = EDGE_CURVE('',#13683,#13655,#13685,.T.);
#13683 = VERTEX_POINT('',#13684);
#13684 = CARTESIAN_POINT('',(-4.25,46.6,1.6));
#13685 = SURFACE_CURVE('',#13686,(#13690,#13697),.PCURVE_S1.);
#13686 = LINE('',#13687,#13688);
#13687 = CARTESIAN_POINT('',(-4.25,46.6,1.6));
#13688 = VECTOR('',#13689,1.);
#13689 = DIRECTION('',(-1.110223024625E-16,-1.,0.));
#13690 = PCURVE('',#11147,#13691);
#13691 = DEFINITIONAL_REPRESENTATION('',(#13692),#13696);
#13692 = LINE('',#13693,#13694);
#13693 = CARTESIAN_POINT('',(-4.25,46.6));
#13694 = VECTOR('',#13695,1.);
#13695 = DIRECTION('',(-1.110223024625E-16,-1.));
#13696 = ( GEOMETRIC_REPRESENTATION_CONTEXT(2) 
PARAMETRIC_REPRESENTATION_CONTEXT() REPRESENTATION_CONTEXT('2D SPACE',''
  ) );
#13697 = PCURVE('',#13698,#13703);
#13698 = PLANE('',#13699);
#13699 = AXIS2_PLACEMENT_3D('',#13700,#13701,#13702);
#13700 = CARTESIAN_POINT('',(-4.25,46.6,1.6));
#13701 = DIRECTION('',(1.,-1.110223024625E-16,0.));
#13702 = DIRECTION('',(-1.110223024625E-16,-1.,0.));
#13703 = DEFINITIONAL_REPRESENTATION('',(#13704),#13708);
#13704 = LINE('',#13705,#13706);
#13705 = CARTESIAN_POINT('',(0.,0.));
#13706 = VECTOR('',#13707,1.);
#13707 = DIRECTION('',(1.,0.));
#13708 = ( GEOMETRIC_REPRESENTATION_CONTEXT(2) 
PARAMETRIC_REPRESENTATION_CONTEXT() REPRESENTATION_CONTEXT('2D SPACE',''
  ) );
#13709 = ORIENTED_EDGE('',*,*,#13710,.F.);
#13710 = EDGE_CURVE('',#13627,#13683,#13711,.T.);
#13711 = SURFACE_CURVE('',#13712,(#13716,#13723),.PCURVE_S1.);
#13712 = LINE('',#13713,#13714);
#13713 = CARTESIAN_POINT('',(-3.35,46.6,1.6));
#13714 = VECTOR('',#13715,1.);
#13715 = DIRECTION('',(-1.,1.110223024625E-16,0.));
#13716 = PCURVE('',#11147,#13717);
#13717 = DEFINITIONAL_REPRESENTATION('',(#13718),#13722);
#13718 = LINE('',#13719,#13720);
#13719 = CARTESIAN_POINT('',(-3.35,46.6));
#13720 = VECTOR('',#13721,1.);
#13721 = DIRECTION('',(-1.,1.110223024625E-16));
#13722 = ( GEOMETRIC_REPRESENTATION_CONTEXT(2) 
PARAMETRIC_REPRESENTATION_CONTEXT() REPRESENTATION_CONTEXT('2D SPACE',''
  ) );
#13723 = PCURVE('',#13724,#13729);
#13724 = PLANE('',#13725);
#13725 = AXIS2_PLACEMENT_3D('',#13726,#13727,#13728);
#13726 = CARTESIAN_POINT('',(-3.35,46.6,1.6));
#13727 = DIRECTION('',(-1.110223024625E-16,-1.,0.));
#13728 = DIRECTION('',(-1.,1.110223024625E-16,0.));
#13729 = DEFINITIONAL_REPRESENTATION('',(#13730),#13734);
#13730 = LINE('',#13731,#13732);
#13731 = CARTESIAN_POINT('',(0.,0.));
#13732 = VECTOR('',#13733,1.);
#13733 = DIRECTION('',(1.,0.));
#13734 = ( GEOMETRIC_REPRESENTATION_CONTEXT(2) 
PARAMETRIC_REPRESENTATION_CONTEXT() REPRESENTATION_CONTEXT('2D SPACE',''
  ) );
#13735 = FACE_BOUND('',#13736,.T.);
#13736 = EDGE_LOOP('',(#13737));
#13737 = ORIENTED_EDGE('',*,*,#13738,.F.);
#13738 = EDGE_CURVE('',#13739,#13739,#13741,.T.);
#13739 = VERTEX_POINT('',#13740);
#13740 = CARTESIAN_POINT('',(13.4,0.,1.6));
#13741 = SURFACE_CURVE('',#13742,(#13747,#13754),.PCURVE_S1.);
#13742 = CIRCLE('',#13743,13.4);
#13743 = AXIS2_PLACEMENT_3D('',#13744,#13745,#13746);
#13744 = CARTESIAN_POINT('',(0.,0.,1.6));
#13745 = DIRECTION('',(0.,0.,1.));
#13746 = DIRECTION('',(1.,0.,0.));
#13747 = PCURVE('',#11147,#13748);
#13748 = DEFINITIONAL_REPRESENTATION('',(#13749),#13753);
#13749 = CIRCLE('',#13750,13.4);
#13750 = AXIS2_PLACEMENT_2D('',#13751,#13752);
#13751 = CARTESIAN_POINT('',(6.670439670924E-16,-6.646143506509E-16));
#13752 = DIRECTION('',(1.,0.));
#13753 = ( GEOMETRIC_REPRESENTATION_CONTEXT(2) 
PARAMETRIC_REPRESENTATION_CONTEXT() REPRESENTATION_CONTEXT('2D SPACE',''
  ) );
#13754 = PCURVE('',#13755,#13760);
#13755 = CYLINDRICAL_SURFACE('',#13756,13.4);
#13756 = AXIS2_PLACEMENT_3D('',#13757,#13758,#13759);
#13757 = CARTESIAN_POINT('',(0.,0.,1.6));
#13758 = DIRECTION('',(-0.,-0.,-1.));
#13759 = DIRECTION('',(1.,0.,0.));
#13760 = DEFINITIONAL_REPRESENTATION('',(#13761),#13765);
#13761 = LINE('',#13762,#13763);
#13762 = CARTESIAN_POINT('',(-0.,0.));
#13763 = VECTOR('',#13764,1.);
#13764 = DIRECTION('',(-1.,0.));
#13765 = ( GEOMETRIC_REPRESENTATION_CONTEXT(2) 
PARAMETRIC_REPRESENTATION_CONTEXT() REPRESENTATION_CONTEXT('2D SPACE',''
  ) );
#13766 = FACE_BOUND('',#13767,.T.);
#13767 = EDGE_LOOP('',(#13768,#13798,#13826,#13854));
#13768 = ORIENTED_EDGE('',*,*,#13769,.F.);
#13769 = EDGE_CURVE('',#13770,#13772,#13774,.T.);
#13770 = VERTEX_POINT('',#13771);
#13771 = CARTESIAN_POINT('',(45.4,3.35,1.6));
#13772 = VERTEX_POINT('',#13773);
#13773 = CARTESIAN_POINT('',(46.6,3.35,1.6));
#13774 = SURFACE_CURVE('',#13775,(#13779,#13786),.PCURVE_S1.);
#13775 = LINE('',#13776,#13777);
#13776 = CARTESIAN_POINT('',(45.4,3.35,1.6));
#13777 = VECTOR('',#13778,1.);
#13778 = DIRECTION('',(1.,0.,0.));
#13779 = PCURVE('',#11147,#13780);
#13780 = DEFINITIONAL_REPRESENTATION('',(#13781),#13785);
#13781 = LINE('',#13782,#13783);
#13782 = CARTESIAN_POINT('',(45.4,3.35));
#13783 = VECTOR('',#13784,1.);
#13784 = DIRECTION('',(1.,0.));
#13785 = ( GEOMETRIC_REPRESENTATION_CONTEXT(2) 
PARAMETRIC_REPRESENTATION_CONTEXT() REPRESENTATION_CONTEXT('2D SPACE',''
  ) );
#13786 = PCURVE('',#13787,#13792);
#13787 = PLANE('',#13788);
#13788 = AXIS2_PLACEMENT_3D('',#13789,#13790,#13791);
#13789 = CARTESIAN_POINT('',(45.4,3.35,1.6));
#13790 = DIRECTION('',(0.,1.,0.));
#13791 = DIRECTION('',(1.,0.,0.));
#13792 = DEFINITIONAL_REPRESENTATION('',(#13793),#13797);
#13793 = LINE('',#13794,#13795);
#13794 = CARTESIAN_POINT('',(0.,0.));
#13795 = VECTOR('',#13796,1.);
#13796 = DIRECTION('',(1.,0.));
#13797 = ( GEOMETRIC_REPRESENTATION_CONTEXT(2) 
PARAMETRIC_REPRESENTATION_CONTEXT() REPRESENTATION_CONTEXT('2D SPACE',''
  ) );
#13798 = ORIENTED_EDGE('',*,*,#13799,.F.);
#13799 = EDGE_CURVE('',#13800,#13770,#13802,.T.);
#13800 = VERTEX_POINT('',#13801);
#13801 = CARTESIAN_POINT('',(45.4,4.25,1.6));
#13802 = SURFACE_CURVE('',#13803,(#13807,#13814),.PCURVE_S1.);
#13803 = LINE('',#13804,#13805);
#13804 = CARTESIAN_POINT('',(45.4,4.25,1.6));
#13805 = VECTOR('',#13806,1.);
#13806 = DIRECTION('',(0.,-1.,0.));
#13807 = PCURVE('',#11147,#13808);
#13808 = DEFINITIONAL_REPRESENTATION('',(#13809),#13813);
#13809 = LINE('',#13810,#13811);
#13810 = CARTESIAN_POINT('',(45.4,4.25));
#13811 = VECTOR('',#13812,1.);
#13812 = DIRECTION('',(0.,-1.));
#13813 = ( GEOMETRIC_REPRESENTATION_CONTEXT(2) 
PARAMETRIC_REPRESENTATION_CONTEXT() REPRESENTATION_CONTEXT('2D SPACE',''
  ) );
#13814 = PCURVE('',#13815,#13820);
#13815 = PLANE('',#13816);
#13816 = AXIS2_PLACEMENT_3D('',#13817,#13818,#13819);
#13817 = CARTESIAN_POINT('',(45.4,4.25,1.6));
#13818 = DIRECTION('',(1.,0.,0.));
#13819 = DIRECTION('',(0.,-1.,0.));
#13820 = DEFINITIONAL_REPRESENTATION('',(#13821),#13825);
#13821 = LINE('',#13822,#13823);
#13822 = CARTESIAN_POINT('',(0.,0.));
#13823 = VECTOR('',#13824,1.);
#13824 = DIRECTION('',(1.,0.));
#13825 = ( GEOMETRIC_REPRESENTATION_CONTEXT(2) 
PARAMETRIC_REPRESENTATION_CONTEXT() REPRESENTATION_CONTEXT('2D SPACE',''
  ) );
#13826 = ORIENTED_EDGE('',*,*,#13827,.F.);
#13827 = EDGE_CURVE('',#13828,#13800,#13830,.T.);
#13828 = VERTEX_POINT('',#13829);
#13829 = CARTESIAN_POINT('',(46.6,4.25,1.6));
#13830 = SURFACE_CURVE('',#13831,(#13835,#13842),.PCURVE_S1.);
#13831 = LINE('',#13832,#13833);
#13832 = CARTESIAN_POINT('',(46.6,4.25,1.6));
#13833 = VECTOR('',#13834,1.);
#13834 = DIRECTION('',(-1.,0.,0.));
#13835 = PCURVE('',#11147,#13836);
#13836 = DEFINITIONAL_REPRESENTATION('',(#13837),#13841);
#13837 = LINE('',#13838,#13839);
#13838 = CARTESIAN_POINT('',(46.6,4.25));
#13839 = VECTOR('',#13840,1.);
#13840 = DIRECTION('',(-1.,0.));
#13841 = ( GEOMETRIC_REPRESENTATION_CONTEXT(2) 
PARAMETRIC_REPRESENTATION_CONTEXT() REPRESENTATION_CONTEXT('2D SPACE',''
  ) );
#13842 = PCURVE('',#13843,#13848);
#13843 = PLANE('',#13844);
#13844 = AXIS2_PLACEMENT_3D('',#13845,#13846,#13847);
#13845 = CARTESIAN_POINT('',(46.6,4.25,1.6));
#13846 = DIRECTION('',(0.,-1.,0.));
#13847 = DIRECTION('',(-1.,0.,0.));
#13848 = DEFINITIONAL_REPRESENTATION('',(#13849),#13853);
#13849 = LINE('',#13850,#13851);
#13850 = CARTESIAN_POINT('',(0.,-0.));
#13851 = VECTOR('',#13852,1.);
#13852 = DIRECTION('',(1.,0.));
#13853 = ( GEOMETRIC_REPRESENTATION_CONTEXT(2) 
PARAMETRIC_REPRESENTATION_CONTEXT() REPRESENTATION_CONTEXT('2D SPACE',''
  ) );
#13854 = ORIENTED_EDGE('',*,*,#13855,.F.);
#13855 = EDGE_CURVE('',#13772,#13828,#13856,.T.);
#13856 = SURFACE_CURVE('',#13857,(#13861,#13868),.PCURVE_S1.);
#13857 = LINE('',#13858,#13859);
#13858 = CARTESIAN_POINT('',(46.6,3.35,1.6));
#13859 = VECTOR('',#13860,1.);
#13860 = DIRECTION('',(0.,1.,0.));
#13861 = PCURVE('',#11147,#13862);
#13862 = DEFINITIONAL_REPRESENTATION('',(#13863),#13867);
#13863 = LINE('',#13864,#13865);
#13864 = CARTESIAN_POINT('',(46.6,3.35));
#13865 = VECTOR('',#13866,1.);
#13866 = DIRECTION('',(0.,1.));
#13867 = ( GEOMETRIC_REPRESENTATION_CONTEXT(2) 
PARAMETRIC_REPRESENTATION_CONTEXT() REPRESENTATION_CONTEXT('2D SPACE',''
  ) );
#13868 = PCURVE('',#13869,#13874);
#13869 = PLANE('',#13870);
#13870 = AXIS2_PLACEMENT_3D('',#13871,#13872,#13873);
#13871 = CARTESIAN_POINT('',(46.6,3.35,1.6));
#13872 = DIRECTION('',(-1.,0.,0.));
#13873 = DIRECTION('',(0.,1.,0.));
#13874 = DEFINITIONAL_REPRESENTATION('',(#13875),#13879);
#13875 = LINE('',#13876,#13877);
#13876 = CARTESIAN_POINT('',(0.,0.));
#13877 = VECTOR('',#13878,1.);
#13878 = DIRECTION('',(1.,0.));
#13879 = ( GEOMETRIC_REPRESENTATION_CONTEXT(2) 
PARAMETRIC_REPRESENTATION_CONTEXT() REPRESENTATION_CONTEXT('2D SPACE',''
  ) );
#13880 = FACE_BOUND('',#13881,.T.);
#13881 = EDGE_LOOP('',(#13882,#13912,#13940,#13968));
#13882 = ORIENTED_EDGE('',*,*,#13883,.F.);
#13883 = EDGE_CURVE('',#13884,#13886,#13888,.T.);
#13884 = VERTEX_POINT('',#13885);
#13885 = CARTESIAN_POINT('',(4.25,45.4,1.6));
#13886 = VERTEX_POINT('',#13887);
#13887 = CARTESIAN_POINT('',(4.25,46.6,1.6));
#13888 = SURFACE_CURVE('',#13889,(#13893,#13900),.PCURVE_S1.);
#13889 = LINE('',#13890,#13891);
#13890 = CARTESIAN_POINT('',(4.25,45.4,1.6));
#13891 = VECTOR('',#13892,1.);
#13892 = DIRECTION('',(1.110223024625E-16,1.,0.));
#13893 = PCURVE('',#11147,#13894);
#13894 = DEFINITIONAL_REPRESENTATION('',(#13895),#13899);
#13895 = LINE('',#13896,#13897);
#13896 = CARTESIAN_POINT('',(4.25,45.4));
#13897 = VECTOR('',#13898,1.);
#13898 = DIRECTION('',(1.110223024625E-16,1.));
#13899 = ( GEOMETRIC_REPRESENTATION_CONTEXT(2) 
PARAMETRIC_REPRESENTATION_CONTEXT() REPRESENTATION_CONTEXT('2D SPACE',''
  ) );
#13900 = PCURVE('',#13901,#13906);
#13901 = PLANE('',#13902);
#13902 = AXIS2_PLACEMENT_3D('',#13903,#13904,#13905);
#13903 = CARTESIAN_POINT('',(4.25,45.4,1.6));
#13904 = DIRECTION('',(-1.,1.110223024625E-16,0.));
#13905 = DIRECTION('',(1.110223024625E-16,1.,0.));
#13906 = DEFINITIONAL_REPRESENTATION('',(#13907),#13911);
#13907 = LINE('',#13908,#13909);
#13908 = CARTESIAN_POINT('',(0.,0.));
#13909 = VECTOR('',#13910,1.);
#13910 = DIRECTION('',(1.,0.));
#13911 = ( GEOMETRIC_REPRESENTATION_CONTEXT(2) 
PARAMETRIC_REPRESENTATION_CONTEXT() REPRESENTATION_CONTEXT('2D SPACE',''
  ) );
#13912 = ORIENTED_EDGE('',*,*,#13913,.F.);
#13913 = EDGE_CURVE('',#13914,#13884,#13916,.T.);
#13914 = VERTEX_POINT('',#13915);
#13915 = CARTESIAN_POINT('',(3.35,45.4,1.6));
#13916 = SURFACE_CURVE('',#13917,(#13921,#13928),.PCURVE_S1.);
#13917 = LINE('',#13918,#13919);
#13918 = CARTESIAN_POINT('',(3.35,45.4,1.6));
#13919 = VECTOR('',#13920,1.);
#13920 = DIRECTION('',(1.,-1.110223024625E-16,0.));
#13921 = PCURVE('',#11147,#13922);
#13922 = DEFINITIONAL_REPRESENTATION('',(#13923),#13927);
#13923 = LINE('',#13924,#13925);
#13924 = CARTESIAN_POINT('',(3.35,45.4));
#13925 = VECTOR('',#13926,1.);
#13926 = DIRECTION('',(1.,-1.110223024625E-16));
#13927 = ( GEOMETRIC_REPRESENTATION_CONTEXT(2) 
PARAMETRIC_REPRESENTATION_CONTEXT() REPRESENTATION_CONTEXT('2D SPACE',''
  ) );
#13928 = PCURVE('',#13929,#13934);
#13929 = PLANE('',#13930);
#13930 = AXIS2_PLACEMENT_3D('',#13931,#13932,#13933);
#13931 = CARTESIAN_POINT('',(3.35,45.4,1.6));
#13932 = DIRECTION('',(1.110223024625E-16,1.,0.));
#13933 = DIRECTION('',(1.,-1.110223024625E-16,0.));
#13934 = DEFINITIONAL_REPRESENTATION('',(#13935),#13939);
#13935 = LINE('',#13936,#13937);
#13936 = CARTESIAN_POINT('',(0.,0.));
#13937 = VECTOR('',#13938,1.);
#13938 = DIRECTION('',(1.,0.));
#13939 = ( GEOMETRIC_REPRESENTATION_CONTEXT(2) 
PARAMETRIC_REPRESENTATION_CONTEXT() REPRESENTATION_CONTEXT('2D SPACE',''
  ) );
#13940 = ORIENTED_EDGE('',*,*,#13941,.F.);
#13941 = EDGE_CURVE('',#13942,#13914,#13944,.T.);
#13942 = VERTEX_POINT('',#13943);
#13943 = CARTESIAN_POINT('',(3.35,46.6,1.6));
#13944 = SURFACE_CURVE('',#13945,(#13949,#13956),.PCURVE_S1.);
#13945 = LINE('',#13946,#13947);
#13946 = CARTESIAN_POINT('',(3.35,46.6,1.6));
#13947 = VECTOR('',#13948,1.);
#13948 = DIRECTION('',(-1.110223024625E-16,-1.,0.));
#13949 = PCURVE('',#11147,#13950);
#13950 = DEFINITIONAL_REPRESENTATION('',(#13951),#13955);
#13951 = LINE('',#13952,#13953);
#13952 = CARTESIAN_POINT('',(3.35,46.6));
#13953 = VECTOR('',#13954,1.);
#13954 = DIRECTION('',(-1.110223024625E-16,-1.));
#13955 = ( GEOMETRIC_REPRESENTATION_CONTEXT(2) 
PARAMETRIC_REPRESENTATION_CONTEXT() REPRESENTATION_CONTEXT('2D SPACE',''
  ) );
#13956 = PCURVE('',#13957,#13962);
#13957 = PLANE('',#13958);
#13958 = AXIS2_PLACEMENT_3D('',#13959,#13960,#13961);
#13959 = CARTESIAN_POINT('',(3.35,46.6,1.6));
#13960 = DIRECTION('',(1.,-1.110223024625E-16,0.));
#13961 = DIRECTION('',(-1.110223024625E-16,-1.,0.));
#13962 = DEFINITIONAL_REPRESENTATION('',(#13963),#13967);
#13963 = LINE('',#13964,#13965);
#13964 = CARTESIAN_POINT('',(0.,0.));
#13965 = VECTOR('',#13966,1.);
#13966 = DIRECTION('',(1.,0.));
#13967 = ( GEOMETRIC_REPRESENTATION_CONTEXT(2) 
PARAMETRIC_REPRESENTATION_CONTEXT() REPRESENTATION_CONTEXT('2D SPACE',''
  ) );
#13968 = ORIENTED_EDGE('',*,*,#13969,.F.);
#13969 = EDGE_CURVE('',#13886,#13942,#13970,.T.);
#13970 = SURFACE_CURVE('',#13971,(#13975,#13982),.PCURVE_S1.);
#13971 = LINE('',#13972,#13973);
#13972 = CARTESIAN_POINT('',(4.25,46.6,1.6));
#13973 = VECTOR('',#13974,1.);
#13974 = DIRECTION('',(-1.,1.110223024625E-16,0.));
#13975 = PCURVE('',#11147,#13976);
#13976 = DEFINITIONAL_REPRESENTATION('',(#13977),#13981);
#13977 = LINE('',#13978,#13979);
#13978 = CARTESIAN_POINT('',(4.25,46.6));
#13979 = VECTOR('',#13980,1.);
#13980 = DIRECTION('',(-1.,1.110223024625E-16));
#13981 = ( GEOMETRIC_REPRESENTATION_CONTEXT(2) 
PARAMETRIC_REPRESENTATION_CONTEXT() REPRESENTATION_CONTEXT('2D SPACE',''
  ) );
#13982 = PCURVE('',#13983,#13988);
#13983 = PLANE('',#13984);
#13984 = AXIS2_PLACEMENT_3D('',#13985,#13986,#13987);
#13985 = CARTESIAN_POINT('',(4.25,46.6,1.6));
#13986 = DIRECTION('',(-1.110223024625E-16,-1.,0.));
#13987 = DIRECTION('',(-1.,1.110223024625E-16,0.));
#13988 = DEFINITIONAL_REPRESENTATION('',(#13989),#13993);
#13989 = LINE('',#13990,#13991);
#13990 = CARTESIAN_POINT('',(0.,0.));
#13991 = VECTOR('',#13992,1.);
#13992 = DIRECTION('',(1.,0.));
#13993 = ( GEOMETRIC_REPRESENTATION_CONTEXT(2) 
PARAMETRIC_REPRESENTATION_CONTEXT() REPRESENTATION_CONTEXT('2D SPACE',''
  ) );
#13994 = ADVANCED_FACE('',(#13995),#12911,.T.);
#13995 = FACE_BOUND('',#13996,.T.);
#13996 = EDGE_LOOP('',(#13997));
#13997 = ORIENTED_EDGE('',*,*,#12894,.T.);
#13998 = ADVANCED_FACE('',(#13999,#14029),#12988,.T.);
#13999 = FACE_BOUND('',#14000,.T.);
#14000 = EDGE_LOOP('',(#14001));
#14001 = ORIENTED_EDGE('',*,*,#14002,.F.);
#14002 = EDGE_CURVE('',#14003,#14003,#14005,.T.);
#14003 = VERTEX_POINT('',#14004);
#14004 = CARTESIAN_POINT('',(13.4,0.,8.));
#14005 = SURFACE_CURVE('',#14006,(#14011,#14022),.PCURVE_S1.);
#14006 = CIRCLE('',#14007,13.4);
#14007 = AXIS2_PLACEMENT_3D('',#14008,#14009,#14010);
#14008 = CARTESIAN_POINT('',(0.,0.,8.));
#14009 = DIRECTION('',(0.,0.,-1.));
#14010 = DIRECTION('',(1.,0.,0.));
#14011 = PCURVE('',#12988,#14012);
#14012 = DEFINITIONAL_REPRESENTATION('',(#14013),#14021);
#14013 = ( BOUNDED_CURVE() B_SPLINE_CURVE(2,(#14014,#14015,#14016,#14017
    ,#14018,#14019,#14020),.UNSPECIFIED.,.T.,.F.) 
B_SPLINE_CURVE_WITH_KNOTS((1,2,2,2,2,1),(-2.094395102393,0.,
    2.094395102393,4.188790204786,6.28318530718,8.377580409573),
.UNSPECIFIED.) CURVE() GEOMETRIC_REPRESENTATION_ITEM() 
RATIONAL_B_SPLINE_CURVE((1.,0.5,1.,0.5,1.,0.5,1.)) REPRESENTATION_ITEM(
  '') );
#14014 = CARTESIAN_POINT('',(-3.6,-1.879594466024E-16));
#14015 = CARTESIAN_POINT('',(-3.6,-23.20948082142));
#14016 = CARTESIAN_POINT('',(-23.7,-11.60474041071));
#14017 = CARTESIAN_POINT('',(-43.8,-3.470012868317E-15));
#14018 = CARTESIAN_POINT('',(-23.7,11.604740410711));
#14019 = CARTESIAN_POINT('',(-3.6,23.209480821423));
#14020 = CARTESIAN_POINT('',(-3.6,-1.879594466024E-16));
#14021 = ( GEOMETRIC_REPRESENTATION_CONTEXT(2) 
PARAMETRIC_REPRESENTATION_CONTEXT() REPRESENTATION_CONTEXT('2D SPACE',''
  ) );
#14022 = PCURVE('',#13755,#14023);
#14023 = DEFINITIONAL_REPRESENTATION('',(#14024),#14028);
#14024 = LINE('',#14025,#14026);
#14025 = CARTESIAN_POINT('',(-6.28318530718,-6.4));
#14026 = VECTOR('',#14027,1.);
#14027 = DIRECTION('',(1.,-0.));
#14028 = ( GEOMETRIC_REPRESENTATION_CONTEXT(2) 
PARAMETRIC_REPRESENTATION_CONTEXT() REPRESENTATION_CONTEXT('2D SPACE',''
  ) );
#14029 = FACE_BOUND('',#14030,.T.);
#14030 = EDGE_LOOP('',(#14031));
#14031 = ORIENTED_EDGE('',*,*,#12973,.T.);
#14032 = ADVANCED_FACE('',(#14033),#13072,.F.);
#14033 = FACE_BOUND('',#14034,.F.);
#14034 = EDGE_LOOP('',(#14035,#14058,#14086,#14107));
#14035 = ORIENTED_EDGE('',*,*,#14036,.T.);
#14036 = EDGE_CURVE('',#13055,#14037,#14039,.T.);
#14037 = VERTEX_POINT('',#14038);
#14038 = CARTESIAN_POINT('',(-4.25,-45.4,7.75));
#14039 = SURFACE_CURVE('',#14040,(#14044,#14051),.PCURVE_S1.);
#14040 = LINE('',#14041,#14042);
#14041 = CARTESIAN_POINT('',(-4.25,-45.4,1.6));
#14042 = VECTOR('',#14043,1.);
#14043 = DIRECTION('',(0.,0.,1.));
#14044 = PCURVE('',#13072,#14045);
#14045 = DEFINITIONAL_REPRESENTATION('',(#14046),#14050);
#14046 = LINE('',#14047,#14048);
#14047 = CARTESIAN_POINT('',(0.,0.));
#14048 = VECTOR('',#14049,1.);
#14049 = DIRECTION('',(0.,-1.));
#14050 = ( GEOMETRIC_REPRESENTATION_CONTEXT(2) 
PARAMETRIC_REPRESENTATION_CONTEXT() REPRESENTATION_CONTEXT('2D SPACE',''
  ) );
#14051 = PCURVE('',#13100,#14052);
#14052 = DEFINITIONAL_REPRESENTATION('',(#14053),#14057);
#14053 = LINE('',#14054,#14055);
#14054 = CARTESIAN_POINT('',(0.9,0.));
#14055 = VECTOR('',#14056,1.);
#14056 = DIRECTION('',(0.,-1.));
#14057 = ( GEOMETRIC_REPRESENTATION_CONTEXT(2) 
PARAMETRIC_REPRESENTATION_CONTEXT() REPRESENTATION_CONTEXT('2D SPACE',''
  ) );
#14058 = ORIENTED_EDGE('',*,*,#14059,.T.);
#14059 = EDGE_CURVE('',#14037,#14060,#14062,.T.);
#14060 = VERTEX_POINT('',#14061);
#14061 = CARTESIAN_POINT('',(-4.25,-46.6,7.75));
#14062 = SURFACE_CURVE('',#14063,(#14067,#14074),.PCURVE_S1.);
#14063 = LINE('',#14064,#14065);
#14064 = CARTESIAN_POINT('',(-4.25,-45.4,7.75));
#14065 = VECTOR('',#14066,1.);
#14066 = DIRECTION('',(-2.22044604925E-16,-1.,0.));
#14067 = PCURVE('',#13072,#14068);
#14068 = DEFINITIONAL_REPRESENTATION('',(#14069),#14073);
#14069 = LINE('',#14070,#14071);
#14070 = CARTESIAN_POINT('',(0.,-6.15));
#14071 = VECTOR('',#14072,1.);
#14072 = DIRECTION('',(1.,0.));
#14073 = ( GEOMETRIC_REPRESENTATION_CONTEXT(2) 
PARAMETRIC_REPRESENTATION_CONTEXT() REPRESENTATION_CONTEXT('2D SPACE',''
  ) );
#14074 = PCURVE('',#14075,#14080);
#14075 = PLANE('',#14076);
#14076 = AXIS2_PLACEMENT_3D('',#14077,#14078,#14079);
#14077 = CARTESIAN_POINT('',(-3.8,-46.,7.75));
#14078 = DIRECTION('',(0.,0.,1.));
#14079 = DIRECTION('',(-2.22044604925E-16,-1.,0.));
#14080 = DEFINITIONAL_REPRESENTATION('',(#14081),#14085);
#14081 = LINE('',#14082,#14083);
#14082 = CARTESIAN_POINT('',(-0.6,-0.45));
#14083 = VECTOR('',#14084,1.);
#14084 = DIRECTION('',(1.,0.));
#14085 = ( GEOMETRIC_REPRESENTATION_CONTEXT(2) 
PARAMETRIC_REPRESENTATION_CONTEXT() REPRESENTATION_CONTEXT('2D SPACE',''
  ) );
#14086 = ORIENTED_EDGE('',*,*,#14087,.F.);
#14087 = EDGE_CURVE('',#13057,#14060,#14088,.T.);
#14088 = SURFACE_CURVE('',#14089,(#14093,#14100),.PCURVE_S1.);
#14089 = LINE('',#14090,#14091);
#14090 = CARTESIAN_POINT('',(-4.25,-46.6,1.6));
#14091 = VECTOR('',#14092,1.);
#14092 = DIRECTION('',(0.,0.,1.));
#14093 = PCURVE('',#13072,#14094);
#14094 = DEFINITIONAL_REPRESENTATION('',(#14095),#14099);
#14095 = LINE('',#14096,#14097);
#14096 = CARTESIAN_POINT('',(1.2,0.));
#14097 = VECTOR('',#14098,1.);
#14098 = DIRECTION('',(0.,-1.));
#14099 = ( GEOMETRIC_REPRESENTATION_CONTEXT(2) 
PARAMETRIC_REPRESENTATION_CONTEXT() REPRESENTATION_CONTEXT('2D SPACE',''
  ) );
#14100 = PCURVE('',#13154,#14101);
#14101 = DEFINITIONAL_REPRESENTATION('',(#14102),#14106);
#14102 = LINE('',#14103,#14104);
#14103 = CARTESIAN_POINT('',(0.,0.));
#14104 = VECTOR('',#14105,1.);
#14105 = DIRECTION('',(0.,-1.));
#14106 = ( GEOMETRIC_REPRESENTATION_CONTEXT(2) 
PARAMETRIC_REPRESENTATION_CONTEXT() REPRESENTATION_CONTEXT('2D SPACE',''
  ) );
#14107 = ORIENTED_EDGE('',*,*,#13054,.F.);
#14108 = ADVANCED_FACE('',(#14109),#13100,.F.);
#14109 = FACE_BOUND('',#14110,.F.);
#14110 = EDGE_LOOP('',(#14111,#14134,#14155,#14156));
#14111 = ORIENTED_EDGE('',*,*,#14112,.T.);
#14112 = EDGE_CURVE('',#13085,#14113,#14115,.T.);
#14113 = VERTEX_POINT('',#14114);
#14114 = CARTESIAN_POINT('',(-3.35,-45.4,7.75));
#14115 = SURFACE_CURVE('',#14116,(#14120,#14127),.PCURVE_S1.);
#14116 = LINE('',#14117,#14118);
#14117 = CARTESIAN_POINT('',(-3.35,-45.4,1.6));
#14118 = VECTOR('',#14119,1.);
#14119 = DIRECTION('',(0.,0.,1.));
#14120 = PCURVE('',#13100,#14121);
#14121 = DEFINITIONAL_REPRESENTATION('',(#14122),#14126);
#14122 = LINE('',#14123,#14124);
#14123 = CARTESIAN_POINT('',(0.,0.));
#14124 = VECTOR('',#14125,1.);
#14125 = DIRECTION('',(0.,-1.));
#14126 = ( GEOMETRIC_REPRESENTATION_CONTEXT(2) 
PARAMETRIC_REPRESENTATION_CONTEXT() REPRESENTATION_CONTEXT('2D SPACE',''
  ) );
#14127 = PCURVE('',#13128,#14128);
#14128 = DEFINITIONAL_REPRESENTATION('',(#14129),#14133);
#14129 = LINE('',#14130,#14131);
#14130 = CARTESIAN_POINT('',(1.2,0.));
#14131 = VECTOR('',#14132,1.);
#14132 = DIRECTION('',(0.,-1.));
#14133 = ( GEOMETRIC_REPRESENTATION_CONTEXT(2) 
PARAMETRIC_REPRESENTATION_CONTEXT() REPRESENTATION_CONTEXT('2D SPACE',''
  ) );
#14134 = ORIENTED_EDGE('',*,*,#14135,.T.);
#14135 = EDGE_CURVE('',#14113,#14037,#14136,.T.);
#14136 = SURFACE_CURVE('',#14137,(#14141,#14148),.PCURVE_S1.);
#14137 = LINE('',#14138,#14139);
#14138 = CARTESIAN_POINT('',(-3.35,-45.4,7.75));
#14139 = VECTOR('',#14140,1.);
#14140 = DIRECTION('',(-1.,2.22044604925E-16,0.));
#14141 = PCURVE('',#13100,#14142);
#14142 = DEFINITIONAL_REPRESENTATION('',(#14143),#14147);
#14143 = LINE('',#14144,#14145);
#14144 = CARTESIAN_POINT('',(0.,-6.15));
#14145 = VECTOR('',#14146,1.);
#14146 = DIRECTION('',(1.,0.));
#14147 = ( GEOMETRIC_REPRESENTATION_CONTEXT(2) 
PARAMETRIC_REPRESENTATION_CONTEXT() REPRESENTATION_CONTEXT('2D SPACE',''
  ) );
#14148 = PCURVE('',#14075,#14149);
#14149 = DEFINITIONAL_REPRESENTATION('',(#14150),#14154);
#14150 = LINE('',#14151,#14152);
#14151 = CARTESIAN_POINT('',(-0.6,0.45));
#14152 = VECTOR('',#14153,1.);
#14153 = DIRECTION('',(0.,-1.));
#14154 = ( GEOMETRIC_REPRESENTATION_CONTEXT(2) 
PARAMETRIC_REPRESENTATION_CONTEXT() REPRESENTATION_CONTEXT('2D SPACE',''
  ) );
#14155 = ORIENTED_EDGE('',*,*,#14036,.F.);
#14156 = ORIENTED_EDGE('',*,*,#13084,.F.);
#14157 = ADVANCED_FACE('',(#14158),#13154,.F.);
#14158 = FACE_BOUND('',#14159,.F.);
#14159 = EDGE_LOOP('',(#14160,#14161,#14184,#14205));
#14160 = ORIENTED_EDGE('',*,*,#14087,.T.);
#14161 = ORIENTED_EDGE('',*,*,#14162,.T.);
#14162 = EDGE_CURVE('',#14060,#14163,#14165,.T.);
#14163 = VERTEX_POINT('',#14164);
#14164 = CARTESIAN_POINT('',(-3.35,-46.6,7.75));
#14165 = SURFACE_CURVE('',#14166,(#14170,#14177),.PCURVE_S1.);
#14166 = LINE('',#14167,#14168);
#14167 = CARTESIAN_POINT('',(-4.25,-46.6,7.75));
#14168 = VECTOR('',#14169,1.);
#14169 = DIRECTION('',(1.,-2.22044604925E-16,0.));
#14170 = PCURVE('',#13154,#14171);
#14171 = DEFINITIONAL_REPRESENTATION('',(#14172),#14176);
#14172 = LINE('',#14173,#14174);
#14173 = CARTESIAN_POINT('',(0.,-6.15));
#14174 = VECTOR('',#14175,1.);
#14175 = DIRECTION('',(1.,0.));
#14176 = ( GEOMETRIC_REPRESENTATION_CONTEXT(2) 
PARAMETRIC_REPRESENTATION_CONTEXT() REPRESENTATION_CONTEXT('2D SPACE',''
  ) );
#14177 = PCURVE('',#14075,#14178);
#14178 = DEFINITIONAL_REPRESENTATION('',(#14179),#14183);
#14179 = LINE('',#14180,#14181);
#14180 = CARTESIAN_POINT('',(0.6,-0.45));
#14181 = VECTOR('',#14182,1.);
#14182 = DIRECTION('',(0.,1.));
#14183 = ( GEOMETRIC_REPRESENTATION_CONTEXT(2) 
PARAMETRIC_REPRESENTATION_CONTEXT() REPRESENTATION_CONTEXT('2D SPACE',''
  ) );
#14184 = ORIENTED_EDGE('',*,*,#14185,.F.);
#14185 = EDGE_CURVE('',#13113,#14163,#14186,.T.);
#14186 = SURFACE_CURVE('',#14187,(#14191,#14198),.PCURVE_S1.);
#14187 = LINE('',#14188,#14189);
#14188 = CARTESIAN_POINT('',(-3.35,-46.6,1.6));
#14189 = VECTOR('',#14190,1.);
#14190 = DIRECTION('',(0.,0.,1.));
#14191 = PCURVE('',#13154,#14192);
#14192 = DEFINITIONAL_REPRESENTATION('',(#14193),#14197);
#14193 = LINE('',#14194,#14195);
#14194 = CARTESIAN_POINT('',(0.9,0.));
#14195 = VECTOR('',#14196,1.);
#14196 = DIRECTION('',(0.,-1.));
#14197 = ( GEOMETRIC_REPRESENTATION_CONTEXT(2) 
PARAMETRIC_REPRESENTATION_CONTEXT() REPRESENTATION_CONTEXT('2D SPACE',''
  ) );
#14198 = PCURVE('',#13128,#14199);
#14199 = DEFINITIONAL_REPRESENTATION('',(#14200),#14204);
#14200 = LINE('',#14201,#14202);
#14201 = CARTESIAN_POINT('',(0.,0.));
#14202 = VECTOR('',#14203,1.);
#14203 = DIRECTION('',(0.,-1.));
#14204 = ( GEOMETRIC_REPRESENTATION_CONTEXT(2) 
PARAMETRIC_REPRESENTATION_CONTEXT() REPRESENTATION_CONTEXT('2D SPACE',''
  ) );
#14205 = ORIENTED_EDGE('',*,*,#13140,.F.);
#14206 = ADVANCED_FACE('',(#14207),#13128,.F.);
#14207 = FACE_BOUND('',#14208,.F.);
#14208 = EDGE_LOOP('',(#14209,#14210,#14231,#14232));
#14209 = ORIENTED_EDGE('',*,*,#14185,.T.);
#14210 = ORIENTED_EDGE('',*,*,#14211,.T.);
#14211 = EDGE_CURVE('',#14163,#14113,#14212,.T.);
#14212 = SURFACE_CURVE('',#14213,(#14217,#14224),.PCURVE_S1.);
#14213 = LINE('',#14214,#14215);
#14214 = CARTESIAN_POINT('',(-3.35,-46.6,7.75));
#14215 = VECTOR('',#14216,1.);
#14216 = DIRECTION('',(2.22044604925E-16,1.,0.));
#14217 = PCURVE('',#13128,#14218);
#14218 = DEFINITIONAL_REPRESENTATION('',(#14219),#14223);
#14219 = LINE('',#14220,#14221);
#14220 = CARTESIAN_POINT('',(0.,-6.15));
#14221 = VECTOR('',#14222,1.);
#14222 = DIRECTION('',(1.,0.));
#14223 = ( GEOMETRIC_REPRESENTATION_CONTEXT(2) 
PARAMETRIC_REPRESENTATION_CONTEXT() REPRESENTATION_CONTEXT('2D SPACE',''
  ) );
#14224 = PCURVE('',#14075,#14225);
#14225 = DEFINITIONAL_REPRESENTATION('',(#14226),#14230);
#14226 = LINE('',#14227,#14228);
#14227 = CARTESIAN_POINT('',(0.6,0.45));
#14228 = VECTOR('',#14229,1.);
#14229 = DIRECTION('',(-1.,0.));
#14230 = ( GEOMETRIC_REPRESENTATION_CONTEXT(2) 
PARAMETRIC_REPRESENTATION_CONTEXT() REPRESENTATION_CONTEXT('2D SPACE',''
  ) );
#14231 = ORIENTED_EDGE('',*,*,#14112,.F.);
#14232 = ORIENTED_EDGE('',*,*,#13112,.F.);
#14233 = ADVANCED_FACE('',(#14234),#13186,.F.);
#14234 = FACE_BOUND('',#14235,.F.);
#14235 = EDGE_LOOP('',(#14236,#14259,#14287,#14308));
#14236 = ORIENTED_EDGE('',*,*,#14237,.T.);
#14237 = EDGE_CURVE('',#13169,#14238,#14240,.T.);
#14238 = VERTEX_POINT('',#14239);
#14239 = CARTESIAN_POINT('',(-45.4,-3.35,7.75));
#14240 = SURFACE_CURVE('',#14241,(#14245,#14252),.PCURVE_S1.);
#14241 = LINE('',#14242,#14243);
#14242 = CARTESIAN_POINT('',(-45.4,-3.35,1.6));
#14243 = VECTOR('',#14244,1.);
#14244 = DIRECTION('',(0.,0.,1.));
#14245 = PCURVE('',#13186,#14246);
#14246 = DEFINITIONAL_REPRESENTATION('',(#14247),#14251);
#14247 = LINE('',#14248,#14249);
#14248 = CARTESIAN_POINT('',(0.,0.));
#14249 = VECTOR('',#14250,1.);
#14250 = DIRECTION('',(0.,-1.));
#14251 = ( GEOMETRIC_REPRESENTATION_CONTEXT(2) 
PARAMETRIC_REPRESENTATION_CONTEXT() REPRESENTATION_CONTEXT('2D SPACE',''
  ) );
#14252 = PCURVE('',#13214,#14253);
#14253 = DEFINITIONAL_REPRESENTATION('',(#14254),#14258);
#14254 = LINE('',#14255,#14256);
#14255 = CARTESIAN_POINT('',(0.9,0.));
#14256 = VECTOR('',#14257,1.);
#14257 = DIRECTION('',(0.,-1.));
#14258 = ( GEOMETRIC_REPRESENTATION_CONTEXT(2) 
PARAMETRIC_REPRESENTATION_CONTEXT() REPRESENTATION_CONTEXT('2D SPACE',''
  ) );
#14259 = ORIENTED_EDGE('',*,*,#14260,.T.);
#14260 = EDGE_CURVE('',#14238,#14261,#14263,.T.);
#14261 = VERTEX_POINT('',#14262);
#14262 = CARTESIAN_POINT('',(-46.6,-3.35,7.75));
#14263 = SURFACE_CURVE('',#14264,(#14268,#14275),.PCURVE_S1.);
#14264 = LINE('',#14265,#14266);
#14265 = CARTESIAN_POINT('',(-45.4,-3.35,7.75));
#14266 = VECTOR('',#14267,1.);
#14267 = DIRECTION('',(-1.,1.224646799147E-16,0.));
#14268 = PCURVE('',#13186,#14269);
#14269 = DEFINITIONAL_REPRESENTATION('',(#14270),#14274);
#14270 = LINE('',#14271,#14272);
#14271 = CARTESIAN_POINT('',(0.,-6.15));
#14272 = VECTOR('',#14273,1.);
#14273 = DIRECTION('',(1.,0.));
#14274 = ( GEOMETRIC_REPRESENTATION_CONTEXT(2) 
PARAMETRIC_REPRESENTATION_CONTEXT() REPRESENTATION_CONTEXT('2D SPACE',''
  ) );
#14275 = PCURVE('',#14276,#14281);
#14276 = PLANE('',#14277);
#14277 = AXIS2_PLACEMENT_3D('',#14278,#14279,#14280);
#14278 = CARTESIAN_POINT('',(-46.,-3.8,7.75));
#14279 = DIRECTION('',(0.,0.,1.));
#14280 = DIRECTION('',(-1.,1.224646799147E-16,0.));
#14281 = DEFINITIONAL_REPRESENTATION('',(#14282),#14286);
#14282 = LINE('',#14283,#14284);
#14283 = CARTESIAN_POINT('',(-0.6,-0.45));
#14284 = VECTOR('',#14285,1.);
#14285 = DIRECTION('',(1.,0.));
#14286 = ( GEOMETRIC_REPRESENTATION_CONTEXT(2) 
PARAMETRIC_REPRESENTATION_CONTEXT() REPRESENTATION_CONTEXT('2D SPACE',''
  ) );
#14287 = ORIENTED_EDGE('',*,*,#14288,.F.);
#14288 = EDGE_CURVE('',#13171,#14261,#14289,.T.);
#14289 = SURFACE_CURVE('',#14290,(#14294,#14301),.PCURVE_S1.);
#14290 = LINE('',#14291,#14292);
#14291 = CARTESIAN_POINT('',(-46.6,-3.35,1.6));
#14292 = VECTOR('',#14293,1.);
#14293 = DIRECTION('',(0.,0.,1.));
#14294 = PCURVE('',#13186,#14295);
#14295 = DEFINITIONAL_REPRESENTATION('',(#14296),#14300);
#14296 = LINE('',#14297,#14298);
#14297 = CARTESIAN_POINT('',(1.2,0.));
#14298 = VECTOR('',#14299,1.);
#14299 = DIRECTION('',(0.,-1.));
#14300 = ( GEOMETRIC_REPRESENTATION_CONTEXT(2) 
PARAMETRIC_REPRESENTATION_CONTEXT() REPRESENTATION_CONTEXT('2D SPACE',''
  ) );
#14301 = PCURVE('',#13268,#14302);
#14302 = DEFINITIONAL_REPRESENTATION('',(#14303),#14307);
#14303 = LINE('',#14304,#14305);
#14304 = CARTESIAN_POINT('',(0.,0.));
#14305 = VECTOR('',#14306,1.);
#14306 = DIRECTION('',(0.,-1.));
#14307 = ( GEOMETRIC_REPRESENTATION_CONTEXT(2) 
PARAMETRIC_REPRESENTATION_CONTEXT() REPRESENTATION_CONTEXT('2D SPACE',''
  ) );
#14308 = ORIENTED_EDGE('',*,*,#13168,.F.);
#14309 = ADVANCED_FACE('',(#14310),#13214,.F.);
#14310 = FACE_BOUND('',#14311,.F.);
#14311 = EDGE_LOOP('',(#14312,#14335,#14356,#14357));
#14312 = ORIENTED_EDGE('',*,*,#14313,.T.);
#14313 = EDGE_CURVE('',#13199,#14314,#14316,.T.);
#14314 = VERTEX_POINT('',#14315);
#14315 = CARTESIAN_POINT('',(-45.4,-4.25,7.75));
#14316 = SURFACE_CURVE('',#14317,(#14321,#14328),.PCURVE_S1.);
#14317 = LINE('',#14318,#14319);
#14318 = CARTESIAN_POINT('',(-45.4,-4.25,1.6));
#14319 = VECTOR('',#14320,1.);
#14320 = DIRECTION('',(0.,0.,1.));
#14321 = PCURVE('',#13214,#14322);
#14322 = DEFINITIONAL_REPRESENTATION('',(#14323),#14327);
#14323 = LINE('',#14324,#14325);
#14324 = CARTESIAN_POINT('',(0.,0.));
#14325 = VECTOR('',#14326,1.);
#14326 = DIRECTION('',(0.,-1.));
#14327 = ( GEOMETRIC_REPRESENTATION_CONTEXT(2) 
PARAMETRIC_REPRESENTATION_CONTEXT() REPRESENTATION_CONTEXT('2D SPACE',''
  ) );
#14328 = PCURVE('',#13242,#14329);
#14329 = DEFINITIONAL_REPRESENTATION('',(#14330),#14334);
#14330 = LINE('',#14331,#14332);
#14331 = CARTESIAN_POINT('',(1.2,0.));
#14332 = VECTOR('',#14333,1.);
#14333 = DIRECTION('',(0.,-1.));
#14334 = ( GEOMETRIC_REPRESENTATION_CONTEXT(2) 
PARAMETRIC_REPRESENTATION_CONTEXT() REPRESENTATION_CONTEXT('2D SPACE',''
  ) );
#14335 = ORIENTED_EDGE('',*,*,#14336,.T.);
#14336 = EDGE_CURVE('',#14314,#14238,#14337,.T.);
#14337 = SURFACE_CURVE('',#14338,(#14342,#14349),.PCURVE_S1.);
#14338 = LINE('',#14339,#14340);
#14339 = CARTESIAN_POINT('',(-45.4,-4.25,7.75));
#14340 = VECTOR('',#14341,1.);
#14341 = DIRECTION('',(1.224646799147E-16,1.,0.));
#14342 = PCURVE('',#13214,#14343);
#14343 = DEFINITIONAL_REPRESENTATION('',(#14344),#14348);
#14344 = LINE('',#14345,#14346);
#14345 = CARTESIAN_POINT('',(0.,-6.15));
#14346 = VECTOR('',#14347,1.);
#14347 = DIRECTION('',(1.,0.));
#14348 = ( GEOMETRIC_REPRESENTATION_CONTEXT(2) 
PARAMETRIC_REPRESENTATION_CONTEXT() REPRESENTATION_CONTEXT('2D SPACE',''
  ) );
#14349 = PCURVE('',#14276,#14350);
#14350 = DEFINITIONAL_REPRESENTATION('',(#14351),#14355);
#14351 = LINE('',#14352,#14353);
#14352 = CARTESIAN_POINT('',(-0.6,0.45));
#14353 = VECTOR('',#14354,1.);
#14354 = DIRECTION('',(0.,-1.));
#14355 = ( GEOMETRIC_REPRESENTATION_CONTEXT(2) 
PARAMETRIC_REPRESENTATION_CONTEXT() REPRESENTATION_CONTEXT('2D SPACE',''
  ) );
#14356 = ORIENTED_EDGE('',*,*,#14237,.F.);
#14357 = ORIENTED_EDGE('',*,*,#13198,.F.);
#14358 = ADVANCED_FACE('',(#14359),#13268,.F.);
#14359 = FACE_BOUND('',#14360,.F.);
#14360 = EDGE_LOOP('',(#14361,#14362,#14385,#14406));
#14361 = ORIENTED_EDGE('',*,*,#14288,.T.);
#14362 = ORIENTED_EDGE('',*,*,#14363,.T.);
#14363 = EDGE_CURVE('',#14261,#14364,#14366,.T.);
#14364 = VERTEX_POINT('',#14365);
#14365 = CARTESIAN_POINT('',(-46.6,-4.25,7.75));
#14366 = SURFACE_CURVE('',#14367,(#14371,#14378),.PCURVE_S1.);
#14367 = LINE('',#14368,#14369);
#14368 = CARTESIAN_POINT('',(-46.6,-3.35,7.75));
#14369 = VECTOR('',#14370,1.);
#14370 = DIRECTION('',(-1.224646799147E-16,-1.,0.));
#14371 = PCURVE('',#13268,#14372);
#14372 = DEFINITIONAL_REPRESENTATION('',(#14373),#14377);
#14373 = LINE('',#14374,#14375);
#14374 = CARTESIAN_POINT('',(0.,-6.15));
#14375 = VECTOR('',#14376,1.);
#14376 = DIRECTION('',(1.,0.));
#14377 = ( GEOMETRIC_REPRESENTATION_CONTEXT(2) 
PARAMETRIC_REPRESENTATION_CONTEXT() REPRESENTATION_CONTEXT('2D SPACE',''
  ) );
#14378 = PCURVE('',#14276,#14379);
#14379 = DEFINITIONAL_REPRESENTATION('',(#14380),#14384);
#14380 = LINE('',#14381,#14382);
#14381 = CARTESIAN_POINT('',(0.6,-0.45));
#14382 = VECTOR('',#14383,1.);
#14383 = DIRECTION('',(0.,1.));
#14384 = ( GEOMETRIC_REPRESENTATION_CONTEXT(2) 
PARAMETRIC_REPRESENTATION_CONTEXT() REPRESENTATION_CONTEXT('2D SPACE',''
  ) );
#14385 = ORIENTED_EDGE('',*,*,#14386,.F.);
#14386 = EDGE_CURVE('',#13227,#14364,#14387,.T.);
#14387 = SURFACE_CURVE('',#14388,(#14392,#14399),.PCURVE_S1.);
#14388 = LINE('',#14389,#14390);
#14389 = CARTESIAN_POINT('',(-46.6,-4.25,1.6));
#14390 = VECTOR('',#14391,1.);
#14391 = DIRECTION('',(0.,0.,1.));
#14392 = PCURVE('',#13268,#14393);
#14393 = DEFINITIONAL_REPRESENTATION('',(#14394),#14398);
#14394 = LINE('',#14395,#14396);
#14395 = CARTESIAN_POINT('',(0.9,-0.));
#14396 = VECTOR('',#14397,1.);
#14397 = DIRECTION('',(0.,-1.));
#14398 = ( GEOMETRIC_REPRESENTATION_CONTEXT(2) 
PARAMETRIC_REPRESENTATION_CONTEXT() REPRESENTATION_CONTEXT('2D SPACE',''
  ) );
#14399 = PCURVE('',#13242,#14400);
#14400 = DEFINITIONAL_REPRESENTATION('',(#14401),#14405);
#14401 = LINE('',#14402,#14403);
#14402 = CARTESIAN_POINT('',(0.,0.));
#14403 = VECTOR('',#14404,1.);
#14404 = DIRECTION('',(0.,-1.));
#14405 = ( GEOMETRIC_REPRESENTATION_CONTEXT(2) 
PARAMETRIC_REPRESENTATION_CONTEXT() REPRESENTATION_CONTEXT('2D SPACE',''
  ) );
#14406 = ORIENTED_EDGE('',*,*,#13254,.F.);
#14407 = ADVANCED_FACE('',(#14408),#13242,.F.);
#14408 = FACE_BOUND('',#14409,.F.);
#14409 = EDGE_LOOP('',(#14410,#14411,#14432,#14433));
#14410 = ORIENTED_EDGE('',*,*,#14386,.T.);
#14411 = ORIENTED_EDGE('',*,*,#14412,.T.);
#14412 = EDGE_CURVE('',#14364,#14314,#14413,.T.);
#14413 = SURFACE_CURVE('',#14414,(#14418,#14425),.PCURVE_S1.);
#14414 = LINE('',#14415,#14416);
#14415 = CARTESIAN_POINT('',(-46.6,-4.25,7.75));
#14416 = VECTOR('',#14417,1.);
#14417 = DIRECTION('',(1.,-1.224646799147E-16,0.));
#14418 = PCURVE('',#13242,#14419);
#14419 = DEFINITIONAL_REPRESENTATION('',(#14420),#14424);
#14420 = LINE('',#14421,#14422);
#14421 = CARTESIAN_POINT('',(0.,-6.15));
#14422 = VECTOR('',#14423,1.);
#14423 = DIRECTION('',(1.,0.));
#14424 = ( GEOMETRIC_REPRESENTATION_CONTEXT(2) 
PARAMETRIC_REPRESENTATION_CONTEXT() REPRESENTATION_CONTEXT('2D SPACE',''
  ) );
#14425 = PCURVE('',#14276,#14426);
#14426 = DEFINITIONAL_REPRESENTATION('',(#14427),#14431);
#14427 = LINE('',#14428,#14429);
#14428 = CARTESIAN_POINT('',(0.6,0.45));
#14429 = VECTOR('',#14430,1.);
#14430 = DIRECTION('',(-1.,0.));
#14431 = ( GEOMETRIC_REPRESENTATION_CONTEXT(2) 
PARAMETRIC_REPRESENTATION_CONTEXT() REPRESENTATION_CONTEXT('2D SPACE',''
  ) );
#14432 = ORIENTED_EDGE('',*,*,#14313,.F.);
#14433 = ORIENTED_EDGE('',*,*,#13226,.F.);
#14434 = ADVANCED_FACE('',(#14435),#13300,.F.);
#14435 = FACE_BOUND('',#14436,.F.);
#14436 = EDGE_LOOP('',(#14437,#14460,#14488,#14509));
#14437 = ORIENTED_EDGE('',*,*,#14438,.T.);
#14438 = EDGE_CURVE('',#13283,#14439,#14441,.T.);
#14439 = VERTEX_POINT('',#14440);
#14440 = CARTESIAN_POINT('',(3.35,-45.4,7.75));
#14441 = SURFACE_CURVE('',#14442,(#14446,#14453),.PCURVE_S1.);
#14442 = LINE('',#14443,#14444);
#14443 = CARTESIAN_POINT('',(3.35,-45.4,1.6));
#14444 = VECTOR('',#14445,1.);
#14445 = DIRECTION('',(0.,0.,1.));
#14446 = PCURVE('',#13300,#14447);
#14447 = DEFINITIONAL_REPRESENTATION('',(#14448),#14452);
#14448 = LINE('',#14449,#14450);
#14449 = CARTESIAN_POINT('',(0.,0.));
#14450 = VECTOR('',#14451,1.);
#14451 = DIRECTION('',(0.,-1.));
#14452 = ( GEOMETRIC_REPRESENTATION_CONTEXT(2) 
PARAMETRIC_REPRESENTATION_CONTEXT() REPRESENTATION_CONTEXT('2D SPACE',''
  ) );
#14453 = PCURVE('',#13328,#14454);
#14454 = DEFINITIONAL_REPRESENTATION('',(#14455),#14459);
#14455 = LINE('',#14456,#14457);
#14456 = CARTESIAN_POINT('',(0.9,0.));
#14457 = VECTOR('',#14458,1.);
#14458 = DIRECTION('',(0.,-1.));
#14459 = ( GEOMETRIC_REPRESENTATION_CONTEXT(2) 
PARAMETRIC_REPRESENTATION_CONTEXT() REPRESENTATION_CONTEXT('2D SPACE',''
  ) );
#14460 = ORIENTED_EDGE('',*,*,#14461,.T.);
#14461 = EDGE_CURVE('',#14439,#14462,#14464,.T.);
#14462 = VERTEX_POINT('',#14463);
#14463 = CARTESIAN_POINT('',(3.35,-46.6,7.75));
#14464 = SURFACE_CURVE('',#14465,(#14469,#14476),.PCURVE_S1.);
#14465 = LINE('',#14466,#14467);
#14466 = CARTESIAN_POINT('',(3.35,-45.4,7.75));
#14467 = VECTOR('',#14468,1.);
#14468 = DIRECTION('',(-2.22044604925E-16,-1.,0.));
#14469 = PCURVE('',#13300,#14470);
#14470 = DEFINITIONAL_REPRESENTATION('',(#14471),#14475);
#14471 = LINE('',#14472,#14473);
#14472 = CARTESIAN_POINT('',(0.,-6.15));
#14473 = VECTOR('',#14474,1.);
#14474 = DIRECTION('',(1.,0.));
#14475 = ( GEOMETRIC_REPRESENTATION_CONTEXT(2) 
PARAMETRIC_REPRESENTATION_CONTEXT() REPRESENTATION_CONTEXT('2D SPACE',''
  ) );
#14476 = PCURVE('',#14477,#14482);
#14477 = PLANE('',#14478);
#14478 = AXIS2_PLACEMENT_3D('',#14479,#14480,#14481);
#14479 = CARTESIAN_POINT('',(3.8,-46.,7.75));
#14480 = DIRECTION('',(0.,0.,1.));
#14481 = DIRECTION('',(-2.22044604925E-16,-1.,0.));
#14482 = DEFINITIONAL_REPRESENTATION('',(#14483),#14487);
#14483 = LINE('',#14484,#14485);
#14484 = CARTESIAN_POINT('',(-0.6,-0.45));
#14485 = VECTOR('',#14486,1.);
#14486 = DIRECTION('',(1.,0.));
#14487 = ( GEOMETRIC_REPRESENTATION_CONTEXT(2) 
PARAMETRIC_REPRESENTATION_CONTEXT() REPRESENTATION_CONTEXT('2D SPACE',''
  ) );
#14488 = ORIENTED_EDGE('',*,*,#14489,.F.);
#14489 = EDGE_CURVE('',#13285,#14462,#14490,.T.);
#14490 = SURFACE_CURVE('',#14491,(#14495,#14502),.PCURVE_S1.);
#14491 = LINE('',#14492,#14493);
#14492 = CARTESIAN_POINT('',(3.35,-46.6,1.6));
#14493 = VECTOR('',#14494,1.);
#14494 = DIRECTION('',(0.,0.,1.));
#14495 = PCURVE('',#13300,#14496);
#14496 = DEFINITIONAL_REPRESENTATION('',(#14497),#14501);
#14497 = LINE('',#14498,#14499);
#14498 = CARTESIAN_POINT('',(1.2,0.));
#14499 = VECTOR('',#14500,1.);
#14500 = DIRECTION('',(0.,-1.));
#14501 = ( GEOMETRIC_REPRESENTATION_CONTEXT(2) 
PARAMETRIC_REPRESENTATION_CONTEXT() REPRESENTATION_CONTEXT('2D SPACE',''
  ) );
#14502 = PCURVE('',#13382,#14503);
#14503 = DEFINITIONAL_REPRESENTATION('',(#14504),#14508);
#14504 = LINE('',#14505,#14506);
#14505 = CARTESIAN_POINT('',(0.,0.));
#14506 = VECTOR('',#14507,1.);
#14507 = DIRECTION('',(0.,-1.));
#14508 = ( GEOMETRIC_REPRESENTATION_CONTEXT(2) 
PARAMETRIC_REPRESENTATION_CONTEXT() REPRESENTATION_CONTEXT('2D SPACE',''
  ) );
#14509 = ORIENTED_EDGE('',*,*,#13282,.F.);
#14510 = ADVANCED_FACE('',(#14511),#13382,.F.);
#14511 = FACE_BOUND('',#14512,.F.);
#14512 = EDGE_LOOP('',(#14513,#14514,#14537,#14558));
#14513 = ORIENTED_EDGE('',*,*,#14489,.T.);
#14514 = ORIENTED_EDGE('',*,*,#14515,.T.);
#14515 = EDGE_CURVE('',#14462,#14516,#14518,.T.);
#14516 = VERTEX_POINT('',#14517);
#14517 = CARTESIAN_POINT('',(4.25,-46.6,7.75));
#14518 = SURFACE_CURVE('',#14519,(#14523,#14530),.PCURVE_S1.);
#14519 = LINE('',#14520,#14521);
#14520 = CARTESIAN_POINT('',(3.35,-46.6,7.75));
#14521 = VECTOR('',#14522,1.);
#14522 = DIRECTION('',(1.,-2.22044604925E-16,0.));
#14523 = PCURVE('',#13382,#14524);
#14524 = DEFINITIONAL_REPRESENTATION('',(#14525),#14529);
#14525 = LINE('',#14526,#14527);
#14526 = CARTESIAN_POINT('',(0.,-6.15));
#14527 = VECTOR('',#14528,1.);
#14528 = DIRECTION('',(1.,0.));
#14529 = ( GEOMETRIC_REPRESENTATION_CONTEXT(2) 
PARAMETRIC_REPRESENTATION_CONTEXT() REPRESENTATION_CONTEXT('2D SPACE',''
  ) );
#14530 = PCURVE('',#14477,#14531);
#14531 = DEFINITIONAL_REPRESENTATION('',(#14532),#14536);
#14532 = LINE('',#14533,#14534);
#14533 = CARTESIAN_POINT('',(0.6,-0.45));
#14534 = VECTOR('',#14535,1.);
#14535 = DIRECTION('',(0.,1.));
#14536 = ( GEOMETRIC_REPRESENTATION_CONTEXT(2) 
PARAMETRIC_REPRESENTATION_CONTEXT() REPRESENTATION_CONTEXT('2D SPACE',''
  ) );
#14537 = ORIENTED_EDGE('',*,*,#14538,.F.);
#14538 = EDGE_CURVE('',#13341,#14516,#14539,.T.);
#14539 = SURFACE_CURVE('',#14540,(#14544,#14551),.PCURVE_S1.);
#14540 = LINE('',#14541,#14542);
#14541 = CARTESIAN_POINT('',(4.25,-46.6,1.6));
#14542 = VECTOR('',#14543,1.);
#14543 = DIRECTION('',(0.,0.,1.));
#14544 = PCURVE('',#13382,#14545);
#14545 = DEFINITIONAL_REPRESENTATION('',(#14546),#14550);
#14546 = LINE('',#14547,#14548);
#14547 = CARTESIAN_POINT('',(0.9,0.));
#14548 = VECTOR('',#14549,1.);
#14549 = DIRECTION('',(0.,-1.));
#14550 = ( GEOMETRIC_REPRESENTATION_CONTEXT(2) 
PARAMETRIC_REPRESENTATION_CONTEXT() REPRESENTATION_CONTEXT('2D SPACE',''
  ) );
#14551 = PCURVE('',#13356,#14552);
#14552 = DEFINITIONAL_REPRESENTATION('',(#14553),#14557);
#14553 = LINE('',#14554,#14555);
#14554 = CARTESIAN_POINT('',(0.,0.));
#14555 = VECTOR('',#14556,1.);
#14556 = DIRECTION('',(0.,-1.));
#14557 = ( GEOMETRIC_REPRESENTATION_CONTEXT(2) 
PARAMETRIC_REPRESENTATION_CONTEXT() REPRESENTATION_CONTEXT('2D SPACE',''
  ) );
#14558 = ORIENTED_EDGE('',*,*,#13368,.F.);
#14559 = ADVANCED_FACE('',(#14560),#13356,.F.);
#14560 = FACE_BOUND('',#14561,.F.);
#14561 = EDGE_LOOP('',(#14562,#14563,#14586,#14607));
#14562 = ORIENTED_EDGE('',*,*,#14538,.T.);
#14563 = ORIENTED_EDGE('',*,*,#14564,.T.);
#14564 = EDGE_CURVE('',#14516,#14565,#14567,.T.);
#14565 = VERTEX_POINT('',#14566);
#14566 = CARTESIAN_POINT('',(4.25,-45.4,7.75));
#14567 = SURFACE_CURVE('',#14568,(#14572,#14579),.PCURVE_S1.);
#14568 = LINE('',#14569,#14570);
#14569 = CARTESIAN_POINT('',(4.25,-46.6,7.75));
#14570 = VECTOR('',#14571,1.);
#14571 = DIRECTION('',(2.22044604925E-16,1.,0.));
#14572 = PCURVE('',#13356,#14573);
#14573 = DEFINITIONAL_REPRESENTATION('',(#14574),#14578);
#14574 = LINE('',#14575,#14576);
#14575 = CARTESIAN_POINT('',(0.,-6.15));
#14576 = VECTOR('',#14577,1.);
#14577 = DIRECTION('',(1.,0.));
#14578 = ( GEOMETRIC_REPRESENTATION_CONTEXT(2) 
PARAMETRIC_REPRESENTATION_CONTEXT() REPRESENTATION_CONTEXT('2D SPACE',''
  ) );
#14579 = PCURVE('',#14477,#14580);
#14580 = DEFINITIONAL_REPRESENTATION('',(#14581),#14585);
#14581 = LINE('',#14582,#14583);
#14582 = CARTESIAN_POINT('',(0.6,0.45));
#14583 = VECTOR('',#14584,1.);
#14584 = DIRECTION('',(-1.,0.));
#14585 = ( GEOMETRIC_REPRESENTATION_CONTEXT(2) 
PARAMETRIC_REPRESENTATION_CONTEXT() REPRESENTATION_CONTEXT('2D SPACE',''
  ) );
#14586 = ORIENTED_EDGE('',*,*,#14587,.F.);
#14587 = EDGE_CURVE('',#13313,#14565,#14588,.T.);
#14588 = SURFACE_CURVE('',#14589,(#14593,#14600),.PCURVE_S1.);
#14589 = LINE('',#14590,#14591);
#14590 = CARTESIAN_POINT('',(4.25,-45.4,1.6));
#14591 = VECTOR('',#14592,1.);
#14592 = DIRECTION('',(0.,0.,1.));
#14593 = PCURVE('',#13356,#14594);
#14594 = DEFINITIONAL_REPRESENTATION('',(#14595),#14599);
#14595 = LINE('',#14596,#14597);
#14596 = CARTESIAN_POINT('',(1.2,0.));
#14597 = VECTOR('',#14598,1.);
#14598 = DIRECTION('',(0.,-1.));
#14599 = ( GEOMETRIC_REPRESENTATION_CONTEXT(2) 
PARAMETRIC_REPRESENTATION_CONTEXT() REPRESENTATION_CONTEXT('2D SPACE',''
  ) );
#14600 = PCURVE('',#13328,#14601);
#14601 = DEFINITIONAL_REPRESENTATION('',(#14602),#14606);
#14602 = LINE('',#14603,#14604);
#14603 = CARTESIAN_POINT('',(0.,0.));
#14604 = VECTOR('',#14605,1.);
#14605 = DIRECTION('',(0.,-1.));
#14606 = ( GEOMETRIC_REPRESENTATION_CONTEXT(2) 
PARAMETRIC_REPRESENTATION_CONTEXT() REPRESENTATION_CONTEXT('2D SPACE',''
  ) );
#14607 = ORIENTED_EDGE('',*,*,#13340,.F.);
#14608 = ADVANCED_FACE('',(#14609),#13328,.F.);
#14609 = FACE_BOUND('',#14610,.F.);
#14610 = EDGE_LOOP('',(#14611,#14612,#14633,#14634));
#14611 = ORIENTED_EDGE('',*,*,#14587,.T.);
#14612 = ORIENTED_EDGE('',*,*,#14613,.T.);
#14613 = EDGE_CURVE('',#14565,#14439,#14614,.T.);
#14614 = SURFACE_CURVE('',#14615,(#14619,#14626),.PCURVE_S1.);
#14615 = LINE('',#14616,#14617);
#14616 = CARTESIAN_POINT('',(4.25,-45.4,7.75));
#14617 = VECTOR('',#14618,1.);
#14618 = DIRECTION('',(-1.,2.22044604925E-16,0.));
#14619 = PCURVE('',#13328,#14620);
#14620 = DEFINITIONAL_REPRESENTATION('',(#14621),#14625);
#14621 = LINE('',#14622,#14623);
#14622 = CARTESIAN_POINT('',(0.,-6.15));
#14623 = VECTOR('',#14624,1.);
#14624 = DIRECTION('',(1.,0.));
#14625 = ( GEOMETRIC_REPRESENTATION_CONTEXT(2) 
PARAMETRIC_REPRESENTATION_CONTEXT() REPRESENTATION_CONTEXT('2D SPACE',''
  ) );
#14626 = PCURVE('',#14477,#14627);
#14627 = DEFINITIONAL_REPRESENTATION('',(#14628),#14632);
#14628 = LINE('',#14629,#14630);
#14629 = CARTESIAN_POINT('',(-0.6,0.45));
#14630 = VECTOR('',#14631,1.);
#14631 = DIRECTION('',(0.,-1.));
#14632 = ( GEOMETRIC_REPRESENTATION_CONTEXT(2) 
PARAMETRIC_REPRESENTATION_CONTEXT() REPRESENTATION_CONTEXT('2D SPACE',''
  ) );
#14633 = ORIENTED_EDGE('',*,*,#14438,.F.);
#14634 = ORIENTED_EDGE('',*,*,#13312,.F.);
#14635 = ADVANCED_FACE('',(#14636),#13414,.F.);
#14636 = FACE_BOUND('',#14637,.F.);
#14637 = EDGE_LOOP('',(#14638,#14661,#14689,#14710));
#14638 = ORIENTED_EDGE('',*,*,#14639,.T.);
#14639 = EDGE_CURVE('',#13397,#14640,#14642,.T.);
#14640 = VERTEX_POINT('',#14641);
#14641 = CARTESIAN_POINT('',(45.4,-4.25,7.75));
#14642 = SURFACE_CURVE('',#14643,(#14647,#14654),.PCURVE_S1.);
#14643 = LINE('',#14644,#14645);
#14644 = CARTESIAN_POINT('',(45.4,-4.25,1.6));
#14645 = VECTOR('',#14646,1.);
#14646 = DIRECTION('',(0.,0.,1.));
#14647 = PCURVE('',#13414,#14648);
#14648 = DEFINITIONAL_REPRESENTATION('',(#14649),#14653);
#14649 = LINE('',#14650,#14651);
#14650 = CARTESIAN_POINT('',(0.,0.));
#14651 = VECTOR('',#14652,1.);
#14652 = DIRECTION('',(0.,-1.));
#14653 = ( GEOMETRIC_REPRESENTATION_CONTEXT(2) 
PARAMETRIC_REPRESENTATION_CONTEXT() REPRESENTATION_CONTEXT('2D SPACE',''
  ) );
#14654 = PCURVE('',#13442,#14655);
#14655 = DEFINITIONAL_REPRESENTATION('',(#14656),#14660);
#14656 = LINE('',#14657,#14658);
#14657 = CARTESIAN_POINT('',(0.9,0.));
#14658 = VECTOR('',#14659,1.);
#14659 = DIRECTION('',(0.,-1.));
#14660 = ( GEOMETRIC_REPRESENTATION_CONTEXT(2) 
PARAMETRIC_REPRESENTATION_CONTEXT() REPRESENTATION_CONTEXT('2D SPACE',''
  ) );
#14661 = ORIENTED_EDGE('',*,*,#14662,.T.);
#14662 = EDGE_CURVE('',#14640,#14663,#14665,.T.);
#14663 = VERTEX_POINT('',#14664);
#14664 = CARTESIAN_POINT('',(46.6,-4.25,7.75));
#14665 = SURFACE_CURVE('',#14666,(#14670,#14677),.PCURVE_S1.);
#14666 = LINE('',#14667,#14668);
#14667 = CARTESIAN_POINT('',(45.4,-4.25,7.75));
#14668 = VECTOR('',#14669,1.);
#14669 = DIRECTION('',(1.,0.,0.));
#14670 = PCURVE('',#13414,#14671);
#14671 = DEFINITIONAL_REPRESENTATION('',(#14672),#14676);
#14672 = LINE('',#14673,#14674);
#14673 = CARTESIAN_POINT('',(0.,-6.15));
#14674 = VECTOR('',#14675,1.);
#14675 = DIRECTION('',(1.,0.));
#14676 = ( GEOMETRIC_REPRESENTATION_CONTEXT(2) 
PARAMETRIC_REPRESENTATION_CONTEXT() REPRESENTATION_CONTEXT('2D SPACE',''
  ) );
#14677 = PCURVE('',#14678,#14683);
#14678 = PLANE('',#14679);
#14679 = AXIS2_PLACEMENT_3D('',#14680,#14681,#14682);
#14680 = CARTESIAN_POINT('',(46.,-3.8,7.75));
#14681 = DIRECTION('',(0.,0.,1.));
#14682 = DIRECTION('',(1.,0.,0.));
#14683 = DEFINITIONAL_REPRESENTATION('',(#14684),#14688);
#14684 = LINE('',#14685,#14686);
#14685 = CARTESIAN_POINT('',(-0.6,-0.45));
#14686 = VECTOR('',#14687,1.);
#14687 = DIRECTION('',(1.,0.));
#14688 = ( GEOMETRIC_REPRESENTATION_CONTEXT(2) 
PARAMETRIC_REPRESENTATION_CONTEXT() REPRESENTATION_CONTEXT('2D SPACE',''
  ) );
#14689 = ORIENTED_EDGE('',*,*,#14690,.F.);
#14690 = EDGE_CURVE('',#13399,#14663,#14691,.T.);
#14691 = SURFACE_CURVE('',#14692,(#14696,#14703),.PCURVE_S1.);
#14692 = LINE('',#14693,#14694);
#14693 = CARTESIAN_POINT('',(46.6,-4.25,1.6));
#14694 = VECTOR('',#14695,1.);
#14695 = DIRECTION('',(0.,0.,1.));
#14696 = PCURVE('',#13414,#14697);
#14697 = DEFINITIONAL_REPRESENTATION('',(#14698),#14702);
#14698 = LINE('',#14699,#14700);
#14699 = CARTESIAN_POINT('',(1.2,0.));
#14700 = VECTOR('',#14701,1.);
#14701 = DIRECTION('',(0.,-1.));
#14702 = ( GEOMETRIC_REPRESENTATION_CONTEXT(2) 
PARAMETRIC_REPRESENTATION_CONTEXT() REPRESENTATION_CONTEXT('2D SPACE',''
  ) );
#14703 = PCURVE('',#13496,#14704);
#14704 = DEFINITIONAL_REPRESENTATION('',(#14705),#14709);
#14705 = LINE('',#14706,#14707);
#14706 = CARTESIAN_POINT('',(0.,0.));
#14707 = VECTOR('',#14708,1.);
#14708 = DIRECTION('',(0.,-1.));
#14709 = ( GEOMETRIC_REPRESENTATION_CONTEXT(2) 
PARAMETRIC_REPRESENTATION_CONTEXT() REPRESENTATION_CONTEXT('2D SPACE',''
  ) );
#14710 = ORIENTED_EDGE('',*,*,#13396,.F.);
#14711 = ADVANCED_FACE('',(#14712),#13442,.F.);
#14712 = FACE_BOUND('',#14713,.F.);
#14713 = EDGE_LOOP('',(#14714,#14737,#14758,#14759));
#14714 = ORIENTED_EDGE('',*,*,#14715,.T.);
#14715 = EDGE_CURVE('',#13427,#14716,#14718,.T.);
#14716 = VERTEX_POINT('',#14717);
#14717 = CARTESIAN_POINT('',(45.4,-3.35,7.75));
#14718 = SURFACE_CURVE('',#14719,(#14723,#14730),.PCURVE_S1.);
#14719 = LINE('',#14720,#14721);
#14720 = CARTESIAN_POINT('',(45.4,-3.35,1.6));
#14721 = VECTOR('',#14722,1.);
#14722 = DIRECTION('',(0.,0.,1.));
#14723 = PCURVE('',#13442,#14724);
#14724 = DEFINITIONAL_REPRESENTATION('',(#14725),#14729);
#14725 = LINE('',#14726,#14727);
#14726 = CARTESIAN_POINT('',(0.,0.));
#14727 = VECTOR('',#14728,1.);
#14728 = DIRECTION('',(0.,-1.));
#14729 = ( GEOMETRIC_REPRESENTATION_CONTEXT(2) 
PARAMETRIC_REPRESENTATION_CONTEXT() REPRESENTATION_CONTEXT('2D SPACE',''
  ) );
#14730 = PCURVE('',#13470,#14731);
#14731 = DEFINITIONAL_REPRESENTATION('',(#14732),#14736);
#14732 = LINE('',#14733,#14734);
#14733 = CARTESIAN_POINT('',(1.2,0.));
#14734 = VECTOR('',#14735,1.);
#14735 = DIRECTION('',(0.,-1.));
#14736 = ( GEOMETRIC_REPRESENTATION_CONTEXT(2) 
PARAMETRIC_REPRESENTATION_CONTEXT() REPRESENTATION_CONTEXT('2D SPACE',''
  ) );
#14737 = ORIENTED_EDGE('',*,*,#14738,.T.);
#14738 = EDGE_CURVE('',#14716,#14640,#14739,.T.);
#14739 = SURFACE_CURVE('',#14740,(#14744,#14751),.PCURVE_S1.);
#14740 = LINE('',#14741,#14742);
#14741 = CARTESIAN_POINT('',(45.4,-3.35,7.75));
#14742 = VECTOR('',#14743,1.);
#14743 = DIRECTION('',(0.,-1.,0.));
#14744 = PCURVE('',#13442,#14745);
#14745 = DEFINITIONAL_REPRESENTATION('',(#14746),#14750);
#14746 = LINE('',#14747,#14748);
#14747 = CARTESIAN_POINT('',(0.,-6.15));
#14748 = VECTOR('',#14749,1.);
#14749 = DIRECTION('',(1.,0.));
#14750 = ( GEOMETRIC_REPRESENTATION_CONTEXT(2) 
PARAMETRIC_REPRESENTATION_CONTEXT() REPRESENTATION_CONTEXT('2D SPACE',''
  ) );
#14751 = PCURVE('',#14678,#14752);
#14752 = DEFINITIONAL_REPRESENTATION('',(#14753),#14757);
#14753 = LINE('',#14754,#14755);
#14754 = CARTESIAN_POINT('',(-0.6,0.45));
#14755 = VECTOR('',#14756,1.);
#14756 = DIRECTION('',(0.,-1.));
#14757 = ( GEOMETRIC_REPRESENTATION_CONTEXT(2) 
PARAMETRIC_REPRESENTATION_CONTEXT() REPRESENTATION_CONTEXT('2D SPACE',''
  ) );
#14758 = ORIENTED_EDGE('',*,*,#14639,.F.);
#14759 = ORIENTED_EDGE('',*,*,#13426,.F.);
#14760 = ADVANCED_FACE('',(#14761),#13496,.F.);
#14761 = FACE_BOUND('',#14762,.F.);
#14762 = EDGE_LOOP('',(#14763,#14764,#14787,#14808));
#14763 = ORIENTED_EDGE('',*,*,#14690,.T.);
#14764 = ORIENTED_EDGE('',*,*,#14765,.T.);
#14765 = EDGE_CURVE('',#14663,#14766,#14768,.T.);
#14766 = VERTEX_POINT('',#14767);
#14767 = CARTESIAN_POINT('',(46.6,-3.35,7.75));
#14768 = SURFACE_CURVE('',#14769,(#14773,#14780),.PCURVE_S1.);
#14769 = LINE('',#14770,#14771);
#14770 = CARTESIAN_POINT('',(46.6,-4.25,7.75));
#14771 = VECTOR('',#14772,1.);
#14772 = DIRECTION('',(0.,1.,0.));
#14773 = PCURVE('',#13496,#14774);
#14774 = DEFINITIONAL_REPRESENTATION('',(#14775),#14779);
#14775 = LINE('',#14776,#14777);
#14776 = CARTESIAN_POINT('',(0.,-6.15));
#14777 = VECTOR('',#14778,1.);
#14778 = DIRECTION('',(1.,0.));
#14779 = ( GEOMETRIC_REPRESENTATION_CONTEXT(2) 
PARAMETRIC_REPRESENTATION_CONTEXT() REPRESENTATION_CONTEXT('2D SPACE',''
  ) );
#14780 = PCURVE('',#14678,#14781);
#14781 = DEFINITIONAL_REPRESENTATION('',(#14782),#14786);
#14782 = LINE('',#14783,#14784);
#14783 = CARTESIAN_POINT('',(0.6,-0.45));
#14784 = VECTOR('',#14785,1.);
#14785 = DIRECTION('',(0.,1.));
#14786 = ( GEOMETRIC_REPRESENTATION_CONTEXT(2) 
PARAMETRIC_REPRESENTATION_CONTEXT() REPRESENTATION_CONTEXT('2D SPACE',''
  ) );
#14787 = ORIENTED_EDGE('',*,*,#14788,.F.);
#14788 = EDGE_CURVE('',#13455,#14766,#14789,.T.);
#14789 = SURFACE_CURVE('',#14790,(#14794,#14801),.PCURVE_S1.);
#14790 = LINE('',#14791,#14792);
#14791 = CARTESIAN_POINT('',(46.6,-3.35,1.6));
#14792 = VECTOR('',#14793,1.);
#14793 = DIRECTION('',(0.,0.,1.));
#14794 = PCURVE('',#13496,#14795);
#14795 = DEFINITIONAL_REPRESENTATION('',(#14796),#14800);
#14796 = LINE('',#14797,#14798);
#14797 = CARTESIAN_POINT('',(0.9,0.));
#14798 = VECTOR('',#14799,1.);
#14799 = DIRECTION('',(0.,-1.));
#14800 = ( GEOMETRIC_REPRESENTATION_CONTEXT(2) 
PARAMETRIC_REPRESENTATION_CONTEXT() REPRESENTATION_CONTEXT('2D SPACE',''
  ) );
#14801 = PCURVE('',#13470,#14802);
#14802 = DEFINITIONAL_REPRESENTATION('',(#14803),#14807);
#14803 = LINE('',#14804,#14805);
#14804 = CARTESIAN_POINT('',(0.,-0.));
#14805 = VECTOR('',#14806,1.);
#14806 = DIRECTION('',(0.,-1.));
#14807 = ( GEOMETRIC_REPRESENTATION_CONTEXT(2) 
PARAMETRIC_REPRESENTATION_CONTEXT() REPRESENTATION_CONTEXT('2D SPACE',''
  ) );
#14808 = ORIENTED_EDGE('',*,*,#13482,.F.);
#14809 = ADVANCED_FACE('',(#14810),#13470,.F.);
#14810 = FACE_BOUND('',#14811,.F.);
#14811 = EDGE_LOOP('',(#14812,#14813,#14834,#14835));
#14812 = ORIENTED_EDGE('',*,*,#14788,.T.);
#14813 = ORIENTED_EDGE('',*,*,#14814,.T.);
#14814 = EDGE_CURVE('',#14766,#14716,#14815,.T.);
#14815 = SURFACE_CURVE('',#14816,(#14820,#14827),.PCURVE_S1.);
#14816 = LINE('',#14817,#14818);
#14817 = CARTESIAN_POINT('',(46.6,-3.35,7.75));
#14818 = VECTOR('',#14819,1.);
#14819 = DIRECTION('',(-1.,0.,0.));
#14820 = PCURVE('',#13470,#14821);
#14821 = DEFINITIONAL_REPRESENTATION('',(#14822),#14826);
#14822 = LINE('',#14823,#14824);
#14823 = CARTESIAN_POINT('',(0.,-6.15));
#14824 = VECTOR('',#14825,1.);
#14825 = DIRECTION('',(1.,0.));
#14826 = ( GEOMETRIC_REPRESENTATION_CONTEXT(2) 
PARAMETRIC_REPRESENTATION_CONTEXT() REPRESENTATION_CONTEXT('2D SPACE',''
  ) );
#14827 = PCURVE('',#14678,#14828);
#14828 = DEFINITIONAL_REPRESENTATION('',(#14829),#14833);
#14829 = LINE('',#14830,#14831);
#14830 = CARTESIAN_POINT('',(0.6,0.45));
#14831 = VECTOR('',#14832,1.);
#14832 = DIRECTION('',(-1.,0.));
#14833 = ( GEOMETRIC_REPRESENTATION_CONTEXT(2) 
PARAMETRIC_REPRESENTATION_CONTEXT() REPRESENTATION_CONTEXT('2D SPACE',''
  ) );
#14834 = ORIENTED_EDGE('',*,*,#14715,.F.);
#14835 = ORIENTED_EDGE('',*,*,#13454,.F.);
#14836 = ADVANCED_FACE('',(#14837),#13528,.F.);
#14837 = FACE_BOUND('',#14838,.F.);
#14838 = EDGE_LOOP('',(#14839,#14862,#14890,#14911));
#14839 = ORIENTED_EDGE('',*,*,#14840,.T.);
#14840 = EDGE_CURVE('',#13511,#14841,#14843,.T.);
#14841 = VERTEX_POINT('',#14842);
#14842 = CARTESIAN_POINT('',(-45.4,4.25,7.75));
#14843 = SURFACE_CURVE('',#14844,(#14848,#14855),.PCURVE_S1.);
#14844 = LINE('',#14845,#14846);
#14845 = CARTESIAN_POINT('',(-45.4,4.25,1.6));
#14846 = VECTOR('',#14847,1.);
#14847 = DIRECTION('',(0.,0.,1.));
#14848 = PCURVE('',#13528,#14849);
#14849 = DEFINITIONAL_REPRESENTATION('',(#14850),#14854);
#14850 = LINE('',#14851,#14852);
#14851 = CARTESIAN_POINT('',(0.,0.));
#14852 = VECTOR('',#14853,1.);
#14853 = DIRECTION('',(0.,-1.));
#14854 = ( GEOMETRIC_REPRESENTATION_CONTEXT(2) 
PARAMETRIC_REPRESENTATION_CONTEXT() REPRESENTATION_CONTEXT('2D SPACE',''
  ) );
#14855 = PCURVE('',#13556,#14856);
#14856 = DEFINITIONAL_REPRESENTATION('',(#14857),#14861);
#14857 = LINE('',#14858,#14859);
#14858 = CARTESIAN_POINT('',(0.9,0.));
#14859 = VECTOR('',#14860,1.);
#14860 = DIRECTION('',(0.,-1.));
#14861 = ( GEOMETRIC_REPRESENTATION_CONTEXT(2) 
PARAMETRIC_REPRESENTATION_CONTEXT() REPRESENTATION_CONTEXT('2D SPACE',''
  ) );
#14862 = ORIENTED_EDGE('',*,*,#14863,.T.);
#14863 = EDGE_CURVE('',#14841,#14864,#14866,.T.);
#14864 = VERTEX_POINT('',#14865);
#14865 = CARTESIAN_POINT('',(-46.6,4.25,7.75));
#14866 = SURFACE_CURVE('',#14867,(#14871,#14878),.PCURVE_S1.);
#14867 = LINE('',#14868,#14869);
#14868 = CARTESIAN_POINT('',(-45.4,4.25,7.75));
#14869 = VECTOR('',#14870,1.);
#14870 = DIRECTION('',(-1.,1.224646799147E-16,0.));
#14871 = PCURVE('',#13528,#14872);
#14872 = DEFINITIONAL_REPRESENTATION('',(#14873),#14877);
#14873 = LINE('',#14874,#14875);
#14874 = CARTESIAN_POINT('',(0.,-6.15));
#14875 = VECTOR('',#14876,1.);
#14876 = DIRECTION('',(1.,0.));
#14877 = ( GEOMETRIC_REPRESENTATION_CONTEXT(2) 
PARAMETRIC_REPRESENTATION_CONTEXT() REPRESENTATION_CONTEXT('2D SPACE',''
  ) );
#14878 = PCURVE('',#14879,#14884);
#14879 = PLANE('',#14880);
#14880 = AXIS2_PLACEMENT_3D('',#14881,#14882,#14883);
#14881 = CARTESIAN_POINT('',(-46.,3.8,7.75));
#14882 = DIRECTION('',(0.,0.,1.));
#14883 = DIRECTION('',(-1.,1.224646799147E-16,0.));
#14884 = DEFINITIONAL_REPRESENTATION('',(#14885),#14889);
#14885 = LINE('',#14886,#14887);
#14886 = CARTESIAN_POINT('',(-0.6,-0.45));
#14887 = VECTOR('',#14888,1.);
#14888 = DIRECTION('',(1.,0.));
#14889 = ( GEOMETRIC_REPRESENTATION_CONTEXT(2) 
PARAMETRIC_REPRESENTATION_CONTEXT() REPRESENTATION_CONTEXT('2D SPACE',''
  ) );
#14890 = ORIENTED_EDGE('',*,*,#14891,.F.);
#14891 = EDGE_CURVE('',#13513,#14864,#14892,.T.);
#14892 = SURFACE_CURVE('',#14893,(#14897,#14904),.PCURVE_S1.);
#14893 = LINE('',#14894,#14895);
#14894 = CARTESIAN_POINT('',(-46.6,4.25,1.6));
#14895 = VECTOR('',#14896,1.);
#14896 = DIRECTION('',(0.,0.,1.));
#14897 = PCURVE('',#13528,#14898);
#14898 = DEFINITIONAL_REPRESENTATION('',(#14899),#14903);
#14899 = LINE('',#14900,#14901);
#14900 = CARTESIAN_POINT('',(1.2,0.));
#14901 = VECTOR('',#14902,1.);
#14902 = DIRECTION('',(0.,-1.));
#14903 = ( GEOMETRIC_REPRESENTATION_CONTEXT(2) 
PARAMETRIC_REPRESENTATION_CONTEXT() REPRESENTATION_CONTEXT('2D SPACE',''
  ) );
#14904 = PCURVE('',#13610,#14905);
#14905 = DEFINITIONAL_REPRESENTATION('',(#14906),#14910);
#14906 = LINE('',#14907,#14908);
#14907 = CARTESIAN_POINT('',(0.,0.));
#14908 = VECTOR('',#14909,1.);
#14909 = DIRECTION('',(0.,-1.));
#14910 = ( GEOMETRIC_REPRESENTATION_CONTEXT(2) 
PARAMETRIC_REPRESENTATION_CONTEXT() REPRESENTATION_CONTEXT('2D SPACE',''
  ) );
#14911 = ORIENTED_EDGE('',*,*,#13510,.F.);
#14912 = ADVANCED_FACE('',(#14913),#13556,.F.);
#14913 = FACE_BOUND('',#14914,.F.);
#14914 = EDGE_LOOP('',(#14915,#14938,#14959,#14960));
#14915 = ORIENTED_EDGE('',*,*,#14916,.T.);
#14916 = EDGE_CURVE('',#13541,#14917,#14919,.T.);
#14917 = VERTEX_POINT('',#14918);
#14918 = CARTESIAN_POINT('',(-45.4,3.35,7.75));
#14919 = SURFACE_CURVE('',#14920,(#14924,#14931),.PCURVE_S1.);
#14920 = LINE('',#14921,#14922);
#14921 = CARTESIAN_POINT('',(-45.4,3.35,1.6));
#14922 = VECTOR('',#14923,1.);
#14923 = DIRECTION('',(0.,0.,1.));
#14924 = PCURVE('',#13556,#14925);
#14925 = DEFINITIONAL_REPRESENTATION('',(#14926),#14930);
#14926 = LINE('',#14927,#14928);
#14927 = CARTESIAN_POINT('',(0.,0.));
#14928 = VECTOR('',#14929,1.);
#14929 = DIRECTION('',(0.,-1.));
#14930 = ( GEOMETRIC_REPRESENTATION_CONTEXT(2) 
PARAMETRIC_REPRESENTATION_CONTEXT() REPRESENTATION_CONTEXT('2D SPACE',''
  ) );
#14931 = PCURVE('',#13584,#14932);
#14932 = DEFINITIONAL_REPRESENTATION('',(#14933),#14937);
#14933 = LINE('',#14934,#14935);
#14934 = CARTESIAN_POINT('',(1.2,0.));
#14935 = VECTOR('',#14936,1.);
#14936 = DIRECTION('',(0.,-1.));
#14937 = ( GEOMETRIC_REPRESENTATION_CONTEXT(2) 
PARAMETRIC_REPRESENTATION_CONTEXT() REPRESENTATION_CONTEXT('2D SPACE',''
  ) );
#14938 = ORIENTED_EDGE('',*,*,#14939,.T.);
#14939 = EDGE_CURVE('',#14917,#14841,#14940,.T.);
#14940 = SURFACE_CURVE('',#14941,(#14945,#14952),.PCURVE_S1.);
#14941 = LINE('',#14942,#14943);
#14942 = CARTESIAN_POINT('',(-45.4,3.35,7.75));
#14943 = VECTOR('',#14944,1.);
#14944 = DIRECTION('',(1.224646799147E-16,1.,0.));
#14945 = PCURVE('',#13556,#14946);
#14946 = DEFINITIONAL_REPRESENTATION('',(#14947),#14951);
#14947 = LINE('',#14948,#14949);
#14948 = CARTESIAN_POINT('',(0.,-6.15));
#14949 = VECTOR('',#14950,1.);
#14950 = DIRECTION('',(1.,0.));
#14951 = ( GEOMETRIC_REPRESENTATION_CONTEXT(2) 
PARAMETRIC_REPRESENTATION_CONTEXT() REPRESENTATION_CONTEXT('2D SPACE',''
  ) );
#14952 = PCURVE('',#14879,#14953);
#14953 = DEFINITIONAL_REPRESENTATION('',(#14954),#14958);
#14954 = LINE('',#14955,#14956);
#14955 = CARTESIAN_POINT('',(-0.6,0.45));
#14956 = VECTOR('',#14957,1.);
#14957 = DIRECTION('',(0.,-1.));
#14958 = ( GEOMETRIC_REPRESENTATION_CONTEXT(2) 
PARAMETRIC_REPRESENTATION_CONTEXT() REPRESENTATION_CONTEXT('2D SPACE',''
  ) );
#14959 = ORIENTED_EDGE('',*,*,#14840,.F.);
#14960 = ORIENTED_EDGE('',*,*,#13540,.F.);
#14961 = ADVANCED_FACE('',(#14962),#13610,.F.);
#14962 = FACE_BOUND('',#14963,.F.);
#14963 = EDGE_LOOP('',(#14964,#14965,#14988,#15009));
#14964 = ORIENTED_EDGE('',*,*,#14891,.T.);
#14965 = ORIENTED_EDGE('',*,*,#14966,.T.);
#14966 = EDGE_CURVE('',#14864,#14967,#14969,.T.);
#14967 = VERTEX_POINT('',#14968);
#14968 = CARTESIAN_POINT('',(-46.6,3.35,7.75));
#14969 = SURFACE_CURVE('',#14970,(#14974,#14981),.PCURVE_S1.);
#14970 = LINE('',#14971,#14972);
#14971 = CARTESIAN_POINT('',(-46.6,4.25,7.75));
#14972 = VECTOR('',#14973,1.);
#14973 = DIRECTION('',(-1.224646799147E-16,-1.,0.));
#14974 = PCURVE('',#13610,#14975);
#14975 = DEFINITIONAL_REPRESENTATION('',(#14976),#14980);
#14976 = LINE('',#14977,#14978);
#14977 = CARTESIAN_POINT('',(0.,-6.15));
#14978 = VECTOR('',#14979,1.);
#14979 = DIRECTION('',(1.,0.));
#14980 = ( GEOMETRIC_REPRESENTATION_CONTEXT(2) 
PARAMETRIC_REPRESENTATION_CONTEXT() REPRESENTATION_CONTEXT('2D SPACE',''
  ) );
#14981 = PCURVE('',#14879,#14982);
#14982 = DEFINITIONAL_REPRESENTATION('',(#14983),#14987);
#14983 = LINE('',#14984,#14985);
#14984 = CARTESIAN_POINT('',(0.6,-0.45));
#14985 = VECTOR('',#14986,1.);
#14986 = DIRECTION('',(0.,1.));
#14987 = ( GEOMETRIC_REPRESENTATION_CONTEXT(2) 
PARAMETRIC_REPRESENTATION_CONTEXT() REPRESENTATION_CONTEXT('2D SPACE',''
  ) );
#14988 = ORIENTED_EDGE('',*,*,#14989,.F.);
#14989 = EDGE_CURVE('',#13569,#14967,#14990,.T.);
#14990 = SURFACE_CURVE('',#14991,(#14995,#15002),.PCURVE_S1.);
#14991 = LINE('',#14992,#14993);
#14992 = CARTESIAN_POINT('',(-46.6,3.35,1.6));
#14993 = VECTOR('',#14994,1.);
#14994 = DIRECTION('',(0.,0.,1.));
#14995 = PCURVE('',#13610,#14996);
#14996 = DEFINITIONAL_REPRESENTATION('',(#14997),#15001);
#14997 = LINE('',#14998,#14999);
#14998 = CARTESIAN_POINT('',(0.9,-0.));
#14999 = VECTOR('',#15000,1.);
#15000 = DIRECTION('',(0.,-1.));
#15001 = ( GEOMETRIC_REPRESENTATION_CONTEXT(2) 
PARAMETRIC_REPRESENTATION_CONTEXT() REPRESENTATION_CONTEXT('2D SPACE',''
  ) );
#15002 = PCURVE('',#13584,#15003);
#15003 = DEFINITIONAL_REPRESENTATION('',(#15004),#15008);
#15004 = LINE('',#15005,#15006);
#15005 = CARTESIAN_POINT('',(0.,0.));
#15006 = VECTOR('',#15007,1.);
#15007 = DIRECTION('',(0.,-1.));
#15008 = ( GEOMETRIC_REPRESENTATION_CONTEXT(2) 
PARAMETRIC_REPRESENTATION_CONTEXT() REPRESENTATION_CONTEXT('2D SPACE',''
  ) );
#15009 = ORIENTED_EDGE('',*,*,#13596,.F.);
#15010 = ADVANCED_FACE('',(#15011),#13584,.F.);
#15011 = FACE_BOUND('',#15012,.F.);
#15012 = EDGE_LOOP('',(#15013,#15014,#15035,#15036));
#15013 = ORIENTED_EDGE('',*,*,#14989,.T.);
#15014 = ORIENTED_EDGE('',*,*,#15015,.T.);
#15015 = EDGE_CURVE('',#14967,#14917,#15016,.T.);
#15016 = SURFACE_CURVE('',#15017,(#15021,#15028),.PCURVE_S1.);
#15017 = LINE('',#15018,#15019);
#15018 = CARTESIAN_POINT('',(-46.6,3.35,7.75));
#15019 = VECTOR('',#15020,1.);
#15020 = DIRECTION('',(1.,-1.224646799147E-16,0.));
#15021 = PCURVE('',#13584,#15022);
#15022 = DEFINITIONAL_REPRESENTATION('',(#15023),#15027);
#15023 = LINE('',#15024,#15025);
#15024 = CARTESIAN_POINT('',(0.,-6.15));
#15025 = VECTOR('',#15026,1.);
#15026 = DIRECTION('',(1.,0.));
#15027 = ( GEOMETRIC_REPRESENTATION_CONTEXT(2) 
PARAMETRIC_REPRESENTATION_CONTEXT() REPRESENTATION_CONTEXT('2D SPACE',''
  ) );
#15028 = PCURVE('',#14879,#15029);
#15029 = DEFINITIONAL_REPRESENTATION('',(#15030),#15034);
#15030 = LINE('',#15031,#15032);
#15031 = CARTESIAN_POINT('',(0.6,0.45));
#15032 = VECTOR('',#15033,1.);
#15033 = DIRECTION('',(-1.,0.));
#15034 = ( GEOMETRIC_REPRESENTATION_CONTEXT(2) 
PARAMETRIC_REPRESENTATION_CONTEXT() REPRESENTATION_CONTEXT('2D SPACE',''
  ) );
#15035 = ORIENTED_EDGE('',*,*,#14916,.F.);
#15036 = ORIENTED_EDGE('',*,*,#13568,.F.);
#15037 = ADVANCED_FACE('',(#15038),#13642,.F.);
#15038 = FACE_BOUND('',#15039,.F.);
#15039 = EDGE_LOOP('',(#15040,#15063,#15091,#15112));
#15040 = ORIENTED_EDGE('',*,*,#15041,.T.);
#15041 = EDGE_CURVE('',#13625,#15042,#15044,.T.);
#15042 = VERTEX_POINT('',#15043);
#15043 = CARTESIAN_POINT('',(-3.35,45.4,7.75));
#15044 = SURFACE_CURVE('',#15045,(#15049,#15056),.PCURVE_S1.);
#15045 = LINE('',#15046,#15047);
#15046 = CARTESIAN_POINT('',(-3.35,45.4,1.6));
#15047 = VECTOR('',#15048,1.);
#15048 = DIRECTION('',(0.,0.,1.));
#15049 = PCURVE('',#13642,#15050);
#15050 = DEFINITIONAL_REPRESENTATION('',(#15051),#15055);
#15051 = LINE('',#15052,#15053);
#15052 = CARTESIAN_POINT('',(0.,0.));
#15053 = VECTOR('',#15054,1.);
#15054 = DIRECTION('',(0.,-1.));
#15055 = ( GEOMETRIC_REPRESENTATION_CONTEXT(2) 
PARAMETRIC_REPRESENTATION_CONTEXT() REPRESENTATION_CONTEXT('2D SPACE',''
  ) );
#15056 = PCURVE('',#13670,#15057);
#15057 = DEFINITIONAL_REPRESENTATION('',(#15058),#15062);
#15058 = LINE('',#15059,#15060);
#15059 = CARTESIAN_POINT('',(0.9,0.));
#15060 = VECTOR('',#15061,1.);
#15061 = DIRECTION('',(0.,-1.));
#15062 = ( GEOMETRIC_REPRESENTATION_CONTEXT(2) 
PARAMETRIC_REPRESENTATION_CONTEXT() REPRESENTATION_CONTEXT('2D SPACE',''
  ) );
#15063 = ORIENTED_EDGE('',*,*,#15064,.T.);
#15064 = EDGE_CURVE('',#15042,#15065,#15067,.T.);
#15065 = VERTEX_POINT('',#15066);
#15066 = CARTESIAN_POINT('',(-3.35,46.6,7.75));
#15067 = SURFACE_CURVE('',#15068,(#15072,#15079),.PCURVE_S1.);
#15068 = LINE('',#15069,#15070);
#15069 = CARTESIAN_POINT('',(-3.35,45.4,7.75));
#15070 = VECTOR('',#15071,1.);
#15071 = DIRECTION('',(1.110223024625E-16,1.,0.));
#15072 = PCURVE('',#13642,#15073);
#15073 = DEFINITIONAL_REPRESENTATION('',(#15074),#15078);
#15074 = LINE('',#15075,#15076);
#15075 = CARTESIAN_POINT('',(0.,-6.15));
#15076 = VECTOR('',#15077,1.);
#15077 = DIRECTION('',(1.,0.));
#15078 = ( GEOMETRIC_REPRESENTATION_CONTEXT(2) 
PARAMETRIC_REPRESENTATION_CONTEXT() REPRESENTATION_CONTEXT('2D SPACE',''
  ) );
#15079 = PCURVE('',#15080,#15085);
#15080 = PLANE('',#15081);
#15081 = AXIS2_PLACEMENT_3D('',#15082,#15083,#15084);
#15082 = CARTESIAN_POINT('',(-3.8,46.,7.75));
#15083 = DIRECTION('',(0.,0.,1.));
#15084 = DIRECTION('',(1.110223024625E-16,1.,0.));
#15085 = DEFINITIONAL_REPRESENTATION('',(#15086),#15090);
#15086 = LINE('',#15087,#15088);
#15087 = CARTESIAN_POINT('',(-0.6,-0.45));
#15088 = VECTOR('',#15089,1.);
#15089 = DIRECTION('',(1.,0.));
#15090 = ( GEOMETRIC_REPRESENTATION_CONTEXT(2) 
PARAMETRIC_REPRESENTATION_CONTEXT() REPRESENTATION_CONTEXT('2D SPACE',''
  ) );
#15091 = ORIENTED_EDGE('',*,*,#15092,.F.);
#15092 = EDGE_CURVE('',#13627,#15065,#15093,.T.);
#15093 = SURFACE_CURVE('',#15094,(#15098,#15105),.PCURVE_S1.);
#15094 = LINE('',#15095,#15096);
#15095 = CARTESIAN_POINT('',(-3.35,46.6,1.6));
#15096 = VECTOR('',#15097,1.);
#15097 = DIRECTION('',(0.,0.,1.));
#15098 = PCURVE('',#13642,#15099);
#15099 = DEFINITIONAL_REPRESENTATION('',(#15100),#15104);
#15100 = LINE('',#15101,#15102);
#15101 = CARTESIAN_POINT('',(1.2,0.));
#15102 = VECTOR('',#15103,1.);
#15103 = DIRECTION('',(0.,-1.));
#15104 = ( GEOMETRIC_REPRESENTATION_CONTEXT(2) 
PARAMETRIC_REPRESENTATION_CONTEXT() REPRESENTATION_CONTEXT('2D SPACE',''
  ) );
#15105 = PCURVE('',#13724,#15106);
#15106 = DEFINITIONAL_REPRESENTATION('',(#15107),#15111);
#15107 = LINE('',#15108,#15109);
#15108 = CARTESIAN_POINT('',(0.,0.));
#15109 = VECTOR('',#15110,1.);
#15110 = DIRECTION('',(0.,-1.));
#15111 = ( GEOMETRIC_REPRESENTATION_CONTEXT(2) 
PARAMETRIC_REPRESENTATION_CONTEXT() REPRESENTATION_CONTEXT('2D SPACE',''
  ) );
#15112 = ORIENTED_EDGE('',*,*,#13624,.F.);
#15113 = ADVANCED_FACE('',(#15114),#13670,.F.);
#15114 = FACE_BOUND('',#15115,.F.);
#15115 = EDGE_LOOP('',(#15116,#15139,#15160,#15161));
#15116 = ORIENTED_EDGE('',*,*,#15117,.T.);
#15117 = EDGE_CURVE('',#13655,#15118,#15120,.T.);
#15118 = VERTEX_POINT('',#15119);
#15119 = CARTESIAN_POINT('',(-4.25,45.4,7.75));
#15120 = SURFACE_CURVE('',#15121,(#15125,#15132),.PCURVE_S1.);
#15121 = LINE('',#15122,#15123);
#15122 = CARTESIAN_POINT('',(-4.25,45.4,1.6));
#15123 = VECTOR('',#15124,1.);
#15124 = DIRECTION('',(0.,0.,1.));
#15125 = PCURVE('',#13670,#15126);
#15126 = DEFINITIONAL_REPRESENTATION('',(#15127),#15131);
#15127 = LINE('',#15128,#15129);
#15128 = CARTESIAN_POINT('',(0.,0.));
#15129 = VECTOR('',#15130,1.);
#15130 = DIRECTION('',(0.,-1.));
#15131 = ( GEOMETRIC_REPRESENTATION_CONTEXT(2) 
PARAMETRIC_REPRESENTATION_CONTEXT() REPRESENTATION_CONTEXT('2D SPACE',''
  ) );
#15132 = PCURVE('',#13698,#15133);
#15133 = DEFINITIONAL_REPRESENTATION('',(#15134),#15138);
#15134 = LINE('',#15135,#15136);
#15135 = CARTESIAN_POINT('',(1.2,0.));
#15136 = VECTOR('',#15137,1.);
#15137 = DIRECTION('',(0.,-1.));
#15138 = ( GEOMETRIC_REPRESENTATION_CONTEXT(2) 
PARAMETRIC_REPRESENTATION_CONTEXT() REPRESENTATION_CONTEXT('2D SPACE',''
  ) );
#15139 = ORIENTED_EDGE('',*,*,#15140,.T.);
#15140 = EDGE_CURVE('',#15118,#15042,#15141,.T.);
#15141 = SURFACE_CURVE('',#15142,(#15146,#15153),.PCURVE_S1.);
#15142 = LINE('',#15143,#15144);
#15143 = CARTESIAN_POINT('',(-4.25,45.4,7.75));
#15144 = VECTOR('',#15145,1.);
#15145 = DIRECTION('',(1.,-1.110223024625E-16,0.));
#15146 = PCURVE('',#13670,#15147);
#15147 = DEFINITIONAL_REPRESENTATION('',(#15148),#15152);
#15148 = LINE('',#15149,#15150);
#15149 = CARTESIAN_POINT('',(0.,-6.15));
#15150 = VECTOR('',#15151,1.);
#15151 = DIRECTION('',(1.,0.));
#15152 = ( GEOMETRIC_REPRESENTATION_CONTEXT(2) 
PARAMETRIC_REPRESENTATION_CONTEXT() REPRESENTATION_CONTEXT('2D SPACE',''
  ) );
#15153 = PCURVE('',#15080,#15154);
#15154 = DEFINITIONAL_REPRESENTATION('',(#15155),#15159);
#15155 = LINE('',#15156,#15157);
#15156 = CARTESIAN_POINT('',(-0.6,0.45));
#15157 = VECTOR('',#15158,1.);
#15158 = DIRECTION('',(0.,-1.));
#15159 = ( GEOMETRIC_REPRESENTATION_CONTEXT(2) 
PARAMETRIC_REPRESENTATION_CONTEXT() REPRESENTATION_CONTEXT('2D SPACE',''
  ) );
#15160 = ORIENTED_EDGE('',*,*,#15041,.F.);
#15161 = ORIENTED_EDGE('',*,*,#13654,.F.);
#15162 = ADVANCED_FACE('',(#15163),#13724,.F.);
#15163 = FACE_BOUND('',#15164,.F.);
#15164 = EDGE_LOOP('',(#15165,#15166,#15189,#15210));
#15165 = ORIENTED_EDGE('',*,*,#15092,.T.);
#15166 = ORIENTED_EDGE('',*,*,#15167,.T.);
#15167 = EDGE_CURVE('',#15065,#15168,#15170,.T.);
#15168 = VERTEX_POINT('',#15169);
#15169 = CARTESIAN_POINT('',(-4.25,46.6,7.75));
#15170 = SURFACE_CURVE('',#15171,(#15175,#15182),.PCURVE_S1.);
#15171 = LINE('',#15172,#15173);
#15172 = CARTESIAN_POINT('',(-3.35,46.6,7.75));
#15173 = VECTOR('',#15174,1.);
#15174 = DIRECTION('',(-1.,1.110223024625E-16,0.));
#15175 = PCURVE('',#13724,#15176);
#15176 = DEFINITIONAL_REPRESENTATION('',(#15177),#15181);
#15177 = LINE('',#15178,#15179);
#15178 = CARTESIAN_POINT('',(0.,-6.15));
#15179 = VECTOR('',#15180,1.);
#15180 = DIRECTION('',(1.,0.));
#15181 = ( GEOMETRIC_REPRESENTATION_CONTEXT(2) 
PARAMETRIC_REPRESENTATION_CONTEXT() REPRESENTATION_CONTEXT('2D SPACE',''
  ) );
#15182 = PCURVE('',#15080,#15183);
#15183 = DEFINITIONAL_REPRESENTATION('',(#15184),#15188);
#15184 = LINE('',#15185,#15186);
#15185 = CARTESIAN_POINT('',(0.6,-0.45));
#15186 = VECTOR('',#15187,1.);
#15187 = DIRECTION('',(0.,1.));
#15188 = ( GEOMETRIC_REPRESENTATION_CONTEXT(2) 
PARAMETRIC_REPRESENTATION_CONTEXT() REPRESENTATION_CONTEXT('2D SPACE',''
  ) );
#15189 = ORIENTED_EDGE('',*,*,#15190,.F.);
#15190 = EDGE_CURVE('',#13683,#15168,#15191,.T.);
#15191 = SURFACE_CURVE('',#15192,(#15196,#15203),.PCURVE_S1.);
#15192 = LINE('',#15193,#15194);
#15193 = CARTESIAN_POINT('',(-4.25,46.6,1.6));
#15194 = VECTOR('',#15195,1.);
#15195 = DIRECTION('',(0.,0.,1.));
#15196 = PCURVE('',#13724,#15197);
#15197 = DEFINITIONAL_REPRESENTATION('',(#15198),#15202);
#15198 = LINE('',#15199,#15200);
#15199 = CARTESIAN_POINT('',(0.9,0.));
#15200 = VECTOR('',#15201,1.);
#15201 = DIRECTION('',(0.,-1.));
#15202 = ( GEOMETRIC_REPRESENTATION_CONTEXT(2) 
PARAMETRIC_REPRESENTATION_CONTEXT() REPRESENTATION_CONTEXT('2D SPACE',''
  ) );
#15203 = PCURVE('',#13698,#15204);
#15204 = DEFINITIONAL_REPRESENTATION('',(#15205),#15209);
#15205 = LINE('',#15206,#15207);
#15206 = CARTESIAN_POINT('',(0.,0.));
#15207 = VECTOR('',#15208,1.);
#15208 = DIRECTION('',(0.,-1.));
#15209 = ( GEOMETRIC_REPRESENTATION_CONTEXT(2) 
PARAMETRIC_REPRESENTATION_CONTEXT() REPRESENTATION_CONTEXT('2D SPACE',''
  ) );
#15210 = ORIENTED_EDGE('',*,*,#13710,.F.);
#15211 = ADVANCED_FACE('',(#15212),#13698,.F.);
#15212 = FACE_BOUND('',#15213,.F.);
#15213 = EDGE_LOOP('',(#15214,#15215,#15236,#15237));
#15214 = ORIENTED_EDGE('',*,*,#15190,.T.);
#15215 = ORIENTED_EDGE('',*,*,#15216,.T.);
#15216 = EDGE_CURVE('',#15168,#15118,#15217,.T.);
#15217 = SURFACE_CURVE('',#15218,(#15222,#15229),.PCURVE_S1.);
#15218 = LINE('',#15219,#15220);
#15219 = CARTESIAN_POINT('',(-4.25,46.6,7.75));
#15220 = VECTOR('',#15221,1.);
#15221 = DIRECTION('',(-1.110223024625E-16,-1.,0.));
#15222 = PCURVE('',#13698,#15223);
#15223 = DEFINITIONAL_REPRESENTATION('',(#15224),#15228);
#15224 = LINE('',#15225,#15226);
#15225 = CARTESIAN_POINT('',(0.,-6.15));
#15226 = VECTOR('',#15227,1.);
#15227 = DIRECTION('',(1.,0.));
#15228 = ( GEOMETRIC_REPRESENTATION_CONTEXT(2) 
PARAMETRIC_REPRESENTATION_CONTEXT() REPRESENTATION_CONTEXT('2D SPACE',''
  ) );
#15229 = PCURVE('',#15080,#15230);
#15230 = DEFINITIONAL_REPRESENTATION('',(#15231),#15235);
#15231 = LINE('',#15232,#15233);
#15232 = CARTESIAN_POINT('',(0.6,0.45));
#15233 = VECTOR('',#15234,1.);
#15234 = DIRECTION('',(-1.,0.));
#15235 = ( GEOMETRIC_REPRESENTATION_CONTEXT(2) 
PARAMETRIC_REPRESENTATION_CONTEXT() REPRESENTATION_CONTEXT('2D SPACE',''
  ) );
#15236 = ORIENTED_EDGE('',*,*,#15117,.F.);
#15237 = ORIENTED_EDGE('',*,*,#13682,.F.);
#15238 = ADVANCED_FACE('',(#15239),#13755,.T.);
#15239 = FACE_BOUND('',#15240,.F.);
#15240 = EDGE_LOOP('',(#15241,#15262,#15263,#15264));
#15241 = ORIENTED_EDGE('',*,*,#15242,.F.);
#15242 = EDGE_CURVE('',#13739,#14003,#15243,.T.);
#15243 = SEAM_CURVE('',#15244,(#15248,#15255),.PCURVE_S1.);
#15244 = LINE('',#15245,#15246);
#15245 = CARTESIAN_POINT('',(13.4,0.,1.6));
#15246 = VECTOR('',#15247,1.);
#15247 = DIRECTION('',(0.,0.,1.));
#15248 = PCURVE('',#13755,#15249);
#15249 = DEFINITIONAL_REPRESENTATION('',(#15250),#15254);
#15250 = LINE('',#15251,#15252);
#15251 = CARTESIAN_POINT('',(-6.28318530718,0.));
#15252 = VECTOR('',#15253,1.);
#15253 = DIRECTION('',(-0.,-1.));
#15254 = ( GEOMETRIC_REPRESENTATION_CONTEXT(2) 
PARAMETRIC_REPRESENTATION_CONTEXT() REPRESENTATION_CONTEXT('2D SPACE',''
  ) );
#15255 = PCURVE('',#13755,#15256);
#15256 = DEFINITIONAL_REPRESENTATION('',(#15257),#15261);
#15257 = LINE('',#15258,#15259);
#15258 = CARTESIAN_POINT('',(-0.,0.));
#15259 = VECTOR('',#15260,1.);
#15260 = DIRECTION('',(-0.,-1.));
#15261 = ( GEOMETRIC_REPRESENTATION_CONTEXT(2) 
PARAMETRIC_REPRESENTATION_CONTEXT() REPRESENTATION_CONTEXT('2D SPACE',''
  ) );
#15262 = ORIENTED_EDGE('',*,*,#13738,.F.);
#15263 = ORIENTED_EDGE('',*,*,#15242,.T.);
#15264 = ORIENTED_EDGE('',*,*,#14002,.F.);
#15265 = ADVANCED_FACE('',(#15266),#13787,.F.);
#15266 = FACE_BOUND('',#15267,.F.);
#15267 = EDGE_LOOP('',(#15268,#15291,#15319,#15340));
#15268 = ORIENTED_EDGE('',*,*,#15269,.T.);
#15269 = EDGE_CURVE('',#13770,#15270,#15272,.T.);
#15270 = VERTEX_POINT('',#15271);
#15271 = CARTESIAN_POINT('',(45.4,3.35,7.75));
#15272 = SURFACE_CURVE('',#15273,(#15277,#15284),.PCURVE_S1.);
#15273 = LINE('',#15274,#15275);
#15274 = CARTESIAN_POINT('',(45.4,3.35,1.6));
#15275 = VECTOR('',#15276,1.);
#15276 = DIRECTION('',(0.,0.,1.));
#15277 = PCURVE('',#13787,#15278);
#15278 = DEFINITIONAL_REPRESENTATION('',(#15279),#15283);
#15279 = LINE('',#15280,#15281);
#15280 = CARTESIAN_POINT('',(0.,0.));
#15281 = VECTOR('',#15282,1.);
#15282 = DIRECTION('',(0.,-1.));
#15283 = ( GEOMETRIC_REPRESENTATION_CONTEXT(2) 
PARAMETRIC_REPRESENTATION_CONTEXT() REPRESENTATION_CONTEXT('2D SPACE',''
  ) );
#15284 = PCURVE('',#13815,#15285);
#15285 = DEFINITIONAL_REPRESENTATION('',(#15286),#15290);
#15286 = LINE('',#15287,#15288);
#15287 = CARTESIAN_POINT('',(0.9,0.));
#15288 = VECTOR('',#15289,1.);
#15289 = DIRECTION('',(0.,-1.));
#15290 = ( GEOMETRIC_REPRESENTATION_CONTEXT(2) 
PARAMETRIC_REPRESENTATION_CONTEXT() REPRESENTATION_CONTEXT('2D SPACE',''
  ) );
#15291 = ORIENTED_EDGE('',*,*,#15292,.T.);
#15292 = EDGE_CURVE('',#15270,#15293,#15295,.T.);
#15293 = VERTEX_POINT('',#15294);
#15294 = CARTESIAN_POINT('',(46.6,3.35,7.75));
#15295 = SURFACE_CURVE('',#15296,(#15300,#15307),.PCURVE_S1.);
#15296 = LINE('',#15297,#15298);
#15297 = CARTESIAN_POINT('',(45.4,3.35,7.75));
#15298 = VECTOR('',#15299,1.);
#15299 = DIRECTION('',(1.,0.,0.));
#15300 = PCURVE('',#13787,#15301);
#15301 = DEFINITIONAL_REPRESENTATION('',(#15302),#15306);
#15302 = LINE('',#15303,#15304);
#15303 = CARTESIAN_POINT('',(0.,-6.15));
#15304 = VECTOR('',#15305,1.);
#15305 = DIRECTION('',(1.,0.));
#15306 = ( GEOMETRIC_REPRESENTATION_CONTEXT(2) 
PARAMETRIC_REPRESENTATION_CONTEXT() REPRESENTATION_CONTEXT('2D SPACE',''
  ) );
#15307 = PCURVE('',#15308,#15313);
#15308 = PLANE('',#15309);
#15309 = AXIS2_PLACEMENT_3D('',#15310,#15311,#15312);
#15310 = CARTESIAN_POINT('',(46.,3.8,7.75));
#15311 = DIRECTION('',(0.,0.,1.));
#15312 = DIRECTION('',(1.,0.,0.));
#15313 = DEFINITIONAL_REPRESENTATION('',(#15314),#15318);
#15314 = LINE('',#15315,#15316);
#15315 = CARTESIAN_POINT('',(-0.6,-0.45));
#15316 = VECTOR('',#15317,1.);
#15317 = DIRECTION('',(1.,0.));
#15318 = ( GEOMETRIC_REPRESENTATION_CONTEXT(2) 
PARAMETRIC_REPRESENTATION_CONTEXT() REPRESENTATION_CONTEXT('2D SPACE',''
  ) );
#15319 = ORIENTED_EDGE('',*,*,#15320,.F.);
#15320 = EDGE_CURVE('',#13772,#15293,#15321,.T.);
#15321 = SURFACE_CURVE('',#15322,(#15326,#15333),.PCURVE_S1.);
#15322 = LINE('',#15323,#15324);
#15323 = CARTESIAN_POINT('',(46.6,3.35,1.6));
#15324 = VECTOR('',#15325,1.);
#15325 = DIRECTION('',(0.,0.,1.));
#15326 = PCURVE('',#13787,#15327);
#15327 = DEFINITIONAL_REPRESENTATION('',(#15328),#15332);
#15328 = LINE('',#15329,#15330);
#15329 = CARTESIAN_POINT('',(1.2,0.));
#15330 = VECTOR('',#15331,1.);
#15331 = DIRECTION('',(0.,-1.));
#15332 = ( GEOMETRIC_REPRESENTATION_CONTEXT(2) 
PARAMETRIC_REPRESENTATION_CONTEXT() REPRESENTATION_CONTEXT('2D SPACE',''
  ) );
#15333 = PCURVE('',#13869,#15334);
#15334 = DEFINITIONAL_REPRESENTATION('',(#15335),#15339);
#15335 = LINE('',#15336,#15337);
#15336 = CARTESIAN_POINT('',(0.,0.));
#15337 = VECTOR('',#15338,1.);
#15338 = DIRECTION('',(0.,-1.));
#15339 = ( GEOMETRIC_REPRESENTATION_CONTEXT(2) 
PARAMETRIC_REPRESENTATION_CONTEXT() REPRESENTATION_CONTEXT('2D SPACE',''
  ) );
#15340 = ORIENTED_EDGE('',*,*,#13769,.F.);
#15341 = ADVANCED_FACE('',(#15342),#13815,.F.);
#15342 = FACE_BOUND('',#15343,.F.);
#15343 = EDGE_LOOP('',(#15344,#15367,#15388,#15389));
#15344 = ORIENTED_EDGE('',*,*,#15345,.T.);
#15345 = EDGE_CURVE('',#13800,#15346,#15348,.T.);
#15346 = VERTEX_POINT('',#15347);
#15347 = CARTESIAN_POINT('',(45.4,4.25,7.75));
#15348 = SURFACE_CURVE('',#15349,(#15353,#15360),.PCURVE_S1.);
#15349 = LINE('',#15350,#15351);
#15350 = CARTESIAN_POINT('',(45.4,4.25,1.6));
#15351 = VECTOR('',#15352,1.);
#15352 = DIRECTION('',(0.,0.,1.));
#15353 = PCURVE('',#13815,#15354);
#15354 = DEFINITIONAL_REPRESENTATION('',(#15355),#15359);
#15355 = LINE('',#15356,#15357);
#15356 = CARTESIAN_POINT('',(0.,0.));
#15357 = VECTOR('',#15358,1.);
#15358 = DIRECTION('',(0.,-1.));
#15359 = ( GEOMETRIC_REPRESENTATION_CONTEXT(2) 
PARAMETRIC_REPRESENTATION_CONTEXT() REPRESENTATION_CONTEXT('2D SPACE',''
  ) );
#15360 = PCURVE('',#13843,#15361);
#15361 = DEFINITIONAL_REPRESENTATION('',(#15362),#15366);
#15362 = LINE('',#15363,#15364);
#15363 = CARTESIAN_POINT('',(1.2,0.));
#15364 = VECTOR('',#15365,1.);
#15365 = DIRECTION('',(0.,-1.));
#15366 = ( GEOMETRIC_REPRESENTATION_CONTEXT(2) 
PARAMETRIC_REPRESENTATION_CONTEXT() REPRESENTATION_CONTEXT('2D SPACE',''
  ) );
#15367 = ORIENTED_EDGE('',*,*,#15368,.T.);
#15368 = EDGE_CURVE('',#15346,#15270,#15369,.T.);
#15369 = SURFACE_CURVE('',#15370,(#15374,#15381),.PCURVE_S1.);
#15370 = LINE('',#15371,#15372);
#15371 = CARTESIAN_POINT('',(45.4,4.25,7.75));
#15372 = VECTOR('',#15373,1.);
#15373 = DIRECTION('',(0.,-1.,0.));
#15374 = PCURVE('',#13815,#15375);
#15375 = DEFINITIONAL_REPRESENTATION('',(#15376),#15380);
#15376 = LINE('',#15377,#15378);
#15377 = CARTESIAN_POINT('',(0.,-6.15));
#15378 = VECTOR('',#15379,1.);
#15379 = DIRECTION('',(1.,0.));
#15380 = ( GEOMETRIC_REPRESENTATION_CONTEXT(2) 
PARAMETRIC_REPRESENTATION_CONTEXT() REPRESENTATION_CONTEXT('2D SPACE',''
  ) );
#15381 = PCURVE('',#15308,#15382);
#15382 = DEFINITIONAL_REPRESENTATION('',(#15383),#15387);
#15383 = LINE('',#15384,#15385);
#15384 = CARTESIAN_POINT('',(-0.6,0.45));
#15385 = VECTOR('',#15386,1.);
#15386 = DIRECTION('',(0.,-1.));
#15387 = ( GEOMETRIC_REPRESENTATION_CONTEXT(2) 
PARAMETRIC_REPRESENTATION_CONTEXT() REPRESENTATION_CONTEXT('2D SPACE',''
  ) );
#15388 = ORIENTED_EDGE('',*,*,#15269,.F.);
#15389 = ORIENTED_EDGE('',*,*,#13799,.F.);
#15390 = ADVANCED_FACE('',(#15391),#13869,.F.);
#15391 = FACE_BOUND('',#15392,.F.);
#15392 = EDGE_LOOP('',(#15393,#15394,#15417,#15438));
#15393 = ORIENTED_EDGE('',*,*,#15320,.T.);
#15394 = ORIENTED_EDGE('',*,*,#15395,.T.);
#15395 = EDGE_CURVE('',#15293,#15396,#15398,.T.);
#15396 = VERTEX_POINT('',#15397);
#15397 = CARTESIAN_POINT('',(46.6,4.25,7.75));
#15398 = SURFACE_CURVE('',#15399,(#15403,#15410),.PCURVE_S1.);
#15399 = LINE('',#15400,#15401);
#15400 = CARTESIAN_POINT('',(46.6,3.35,7.75));
#15401 = VECTOR('',#15402,1.);
#15402 = DIRECTION('',(0.,1.,0.));
#15403 = PCURVE('',#13869,#15404);
#15404 = DEFINITIONAL_REPRESENTATION('',(#15405),#15409);
#15405 = LINE('',#15406,#15407);
#15406 = CARTESIAN_POINT('',(0.,-6.15));
#15407 = VECTOR('',#15408,1.);
#15408 = DIRECTION('',(1.,0.));
#15409 = ( GEOMETRIC_REPRESENTATION_CONTEXT(2) 
PARAMETRIC_REPRESENTATION_CONTEXT() REPRESENTATION_CONTEXT('2D SPACE',''
  ) );
#15410 = PCURVE('',#15308,#15411);
#15411 = DEFINITIONAL_REPRESENTATION('',(#15412),#15416);
#15412 = LINE('',#15413,#15414);
#15413 = CARTESIAN_POINT('',(0.6,-0.45));
#15414 = VECTOR('',#15415,1.);
#15415 = DIRECTION('',(0.,1.));
#15416 = ( GEOMETRIC_REPRESENTATION_CONTEXT(2) 
PARAMETRIC_REPRESENTATION_CONTEXT() REPRESENTATION_CONTEXT('2D SPACE',''
  ) );
#15417 = ORIENTED_EDGE('',*,*,#15418,.F.);
#15418 = EDGE_CURVE('',#13828,#15396,#15419,.T.);
#15419 = SURFACE_CURVE('',#15420,(#15424,#15431),.PCURVE_S1.);
#15420 = LINE('',#15421,#15422);
#15421 = CARTESIAN_POINT('',(46.6,4.25,1.6));
#15422 = VECTOR('',#15423,1.);
#15423 = DIRECTION('',(0.,0.,1.));
#15424 = PCURVE('',#13869,#15425);
#15425 = DEFINITIONAL_REPRESENTATION('',(#15426),#15430);
#15426 = LINE('',#15427,#15428);
#15427 = CARTESIAN_POINT('',(0.9,0.));
#15428 = VECTOR('',#15429,1.);
#15429 = DIRECTION('',(0.,-1.));
#15430 = ( GEOMETRIC_REPRESENTATION_CONTEXT(2) 
PARAMETRIC_REPRESENTATION_CONTEXT() REPRESENTATION_CONTEXT('2D SPACE',''
  ) );
#15431 = PCURVE('',#13843,#15432);
#15432 = DEFINITIONAL_REPRESENTATION('',(#15433),#15437);
#15433 = LINE('',#15434,#15435);
#15434 = CARTESIAN_POINT('',(0.,-0.));
#15435 = VECTOR('',#15436,1.);
#15436 = DIRECTION('',(0.,-1.));
#15437 = ( GEOMETRIC_REPRESENTATION_CONTEXT(2) 
PARAMETRIC_REPRESENTATION_CONTEXT() REPRESENTATION_CONTEXT('2D SPACE',''
  ) );
#15438 = ORIENTED_EDGE('',*,*,#13855,.F.);
#15439 = ADVANCED_FACE('',(#15440),#13843,.F.);
#15440 = FACE_BOUND('',#15441,.F.);
#15441 = EDGE_LOOP('',(#15442,#15443,#15464,#15465));
#15442 = ORIENTED_EDGE('',*,*,#15418,.T.);
#15443 = ORIENTED_EDGE('',*,*,#15444,.T.);
#15444 = EDGE_CURVE('',#15396,#15346,#15445,.T.);
#15445 = SURFACE_CURVE('',#15446,(#15450,#15457),.PCURVE_S1.);
#15446 = LINE('',#15447,#15448);
#15447 = CARTESIAN_POINT('',(46.6,4.25,7.75));
#15448 = VECTOR('',#15449,1.);
#15449 = DIRECTION('',(-1.,0.,0.));
#15450 = PCURVE('',#13843,#15451);
#15451 = DEFINITIONAL_REPRESENTATION('',(#15452),#15456);
#15452 = LINE('',#15453,#15454);
#15453 = CARTESIAN_POINT('',(0.,-6.15));
#15454 = VECTOR('',#15455,1.);
#15455 = DIRECTION('',(1.,0.));
#15456 = ( GEOMETRIC_REPRESENTATION_CONTEXT(2) 
PARAMETRIC_REPRESENTATION_CONTEXT() REPRESENTATION_CONTEXT('2D SPACE',''
  ) );
#15457 = PCURVE('',#15308,#15458);
#15458 = DEFINITIONAL_REPRESENTATION('',(#15459),#15463);
#15459 = LINE('',#15460,#15461);
#15460 = CARTESIAN_POINT('',(0.6,0.45));
#15461 = VECTOR('',#15462,1.);
#15462 = DIRECTION('',(-1.,0.));
#15463 = ( GEOMETRIC_REPRESENTATION_CONTEXT(2) 
PARAMETRIC_REPRESENTATION_CONTEXT() REPRESENTATION_CONTEXT('2D SPACE',''
  ) );
#15464 = ORIENTED_EDGE('',*,*,#15345,.F.);
#15465 = ORIENTED_EDGE('',*,*,#13827,.F.);
#15466 = ADVANCED_FACE('',(#15467),#13901,.F.);
#15467 = FACE_BOUND('',#15468,.F.);
#15468 = EDGE_LOOP('',(#15469,#15492,#15520,#15541));
#15469 = ORIENTED_EDGE('',*,*,#15470,.T.);
#15470 = EDGE_CURVE('',#13884,#15471,#15473,.T.);
#15471 = VERTEX_POINT('',#15472);
#15472 = CARTESIAN_POINT('',(4.25,45.4,7.75));
#15473 = SURFACE_CURVE('',#15474,(#15478,#15485),.PCURVE_S1.);
#15474 = LINE('',#15475,#15476);
#15475 = CARTESIAN_POINT('',(4.25,45.4,1.6));
#15476 = VECTOR('',#15477,1.);
#15477 = DIRECTION('',(0.,0.,1.));
#15478 = PCURVE('',#13901,#15479);
#15479 = DEFINITIONAL_REPRESENTATION('',(#15480),#15484);
#15480 = LINE('',#15481,#15482);
#15481 = CARTESIAN_POINT('',(0.,0.));
#15482 = VECTOR('',#15483,1.);
#15483 = DIRECTION('',(0.,-1.));
#15484 = ( GEOMETRIC_REPRESENTATION_CONTEXT(2) 
PARAMETRIC_REPRESENTATION_CONTEXT() REPRESENTATION_CONTEXT('2D SPACE',''
  ) );
#15485 = PCURVE('',#13929,#15486);
#15486 = DEFINITIONAL_REPRESENTATION('',(#15487),#15491);
#15487 = LINE('',#15488,#15489);
#15488 = CARTESIAN_POINT('',(0.9,0.));
#15489 = VECTOR('',#15490,1.);
#15490 = DIRECTION('',(0.,-1.));
#15491 = ( GEOMETRIC_REPRESENTATION_CONTEXT(2) 
PARAMETRIC_REPRESENTATION_CONTEXT() REPRESENTATION_CONTEXT('2D SPACE',''
  ) );
#15492 = ORIENTED_EDGE('',*,*,#15493,.T.);
#15493 = EDGE_CURVE('',#15471,#15494,#15496,.T.);
#15494 = VERTEX_POINT('',#15495);
#15495 = CARTESIAN_POINT('',(4.25,46.6,7.75));
#15496 = SURFACE_CURVE('',#15497,(#15501,#15508),.PCURVE_S1.);
#15497 = LINE('',#15498,#15499);
#15498 = CARTESIAN_POINT('',(4.25,45.4,7.75));
#15499 = VECTOR('',#15500,1.);
#15500 = DIRECTION('',(1.110223024625E-16,1.,0.));
#15501 = PCURVE('',#13901,#15502);
#15502 = DEFINITIONAL_REPRESENTATION('',(#15503),#15507);
#15503 = LINE('',#15504,#15505);
#15504 = CARTESIAN_POINT('',(0.,-6.15));
#15505 = VECTOR('',#15506,1.);
#15506 = DIRECTION('',(1.,0.));
#15507 = ( GEOMETRIC_REPRESENTATION_CONTEXT(2) 
PARAMETRIC_REPRESENTATION_CONTEXT() REPRESENTATION_CONTEXT('2D SPACE',''
  ) );
#15508 = PCURVE('',#15509,#15514);
#15509 = PLANE('',#15510);
#15510 = AXIS2_PLACEMENT_3D('',#15511,#15512,#15513);
#15511 = CARTESIAN_POINT('',(3.8,46.,7.75));
#15512 = DIRECTION('',(0.,0.,1.));
#15513 = DIRECTION('',(1.110223024625E-16,1.,0.));
#15514 = DEFINITIONAL_REPRESENTATION('',(#15515),#15519);
#15515 = LINE('',#15516,#15517);
#15516 = CARTESIAN_POINT('',(-0.6,-0.45));
#15517 = VECTOR('',#15518,1.);
#15518 = DIRECTION('',(1.,0.));
#15519 = ( GEOMETRIC_REPRESENTATION_CONTEXT(2) 
PARAMETRIC_REPRESENTATION_CONTEXT() REPRESENTATION_CONTEXT('2D SPACE',''
  ) );
#15520 = ORIENTED_EDGE('',*,*,#15521,.F.);
#15521 = EDGE_CURVE('',#13886,#15494,#15522,.T.);
#15522 = SURFACE_CURVE('',#15523,(#15527,#15534),.PCURVE_S1.);
#15523 = LINE('',#15524,#15525);
#15524 = CARTESIAN_POINT('',(4.25,46.6,1.6));
#15525 = VECTOR('',#15526,1.);
#15526 = DIRECTION('',(0.,0.,1.));
#15527 = PCURVE('',#13901,#15528);
#15528 = DEFINITIONAL_REPRESENTATION('',(#15529),#15533);
#15529 = LINE('',#15530,#15531);
#15530 = CARTESIAN_POINT('',(1.2,0.));
#15531 = VECTOR('',#15532,1.);
#15532 = DIRECTION('',(0.,-1.));
#15533 = ( GEOMETRIC_REPRESENTATION_CONTEXT(2) 
PARAMETRIC_REPRESENTATION_CONTEXT() REPRESENTATION_CONTEXT('2D SPACE',''
  ) );
#15534 = PCURVE('',#13983,#15535);
#15535 = DEFINITIONAL_REPRESENTATION('',(#15536),#15540);
#15536 = LINE('',#15537,#15538);
#15537 = CARTESIAN_POINT('',(0.,0.));
#15538 = VECTOR('',#15539,1.);
#15539 = DIRECTION('',(0.,-1.));
#15540 = ( GEOMETRIC_REPRESENTATION_CONTEXT(2) 
PARAMETRIC_REPRESENTATION_CONTEXT() REPRESENTATION_CONTEXT('2D SPACE',''
  ) );
#15541 = ORIENTED_EDGE('',*,*,#13883,.F.);
#15542 = ADVANCED_FACE('',(#15543),#13929,.F.);
#15543 = FACE_BOUND('',#15544,.F.);
#15544 = EDGE_LOOP('',(#15545,#15568,#15589,#15590));
#15545 = ORIENTED_EDGE('',*,*,#15546,.T.);
#15546 = EDGE_CURVE('',#13914,#15547,#15549,.T.);
#15547 = VERTEX_POINT('',#15548);
#15548 = CARTESIAN_POINT('',(3.35,45.4,7.75));
#15549 = SURFACE_CURVE('',#15550,(#15554,#15561),.PCURVE_S1.);
#15550 = LINE('',#15551,#15552);
#15551 = CARTESIAN_POINT('',(3.35,45.4,1.6));
#15552 = VECTOR('',#15553,1.);
#15553 = DIRECTION('',(0.,0.,1.));
#15554 = PCURVE('',#13929,#15555);
#15555 = DEFINITIONAL_REPRESENTATION('',(#15556),#15560);
#15556 = LINE('',#15557,#15558);
#15557 = CARTESIAN_POINT('',(0.,0.));
#15558 = VECTOR('',#15559,1.);
#15559 = DIRECTION('',(0.,-1.));
#15560 = ( GEOMETRIC_REPRESENTATION_CONTEXT(2) 
PARAMETRIC_REPRESENTATION_CONTEXT() REPRESENTATION_CONTEXT('2D SPACE',''
  ) );
#15561 = PCURVE('',#13957,#15562);
#15562 = DEFINITIONAL_REPRESENTATION('',(#15563),#15567);
#15563 = LINE('',#15564,#15565);
#15564 = CARTESIAN_POINT('',(1.2,0.));
#15565 = VECTOR('',#15566,1.);
#15566 = DIRECTION('',(0.,-1.));
#15567 = ( GEOMETRIC_REPRESENTATION_CONTEXT(2) 
PARAMETRIC_REPRESENTATION_CONTEXT() REPRESENTATION_CONTEXT('2D SPACE',''
  ) );
#15568 = ORIENTED_EDGE('',*,*,#15569,.T.);
#15569 = EDGE_CURVE('',#15547,#15471,#15570,.T.);
#15570 = SURFACE_CURVE('',#15571,(#15575,#15582),.PCURVE_S1.);
#15571 = LINE('',#15572,#15573);
#15572 = CARTESIAN_POINT('',(3.35,45.4,7.75));
#15573 = VECTOR('',#15574,1.);
#15574 = DIRECTION('',(1.,-1.110223024625E-16,0.));
#15575 = PCURVE('',#13929,#15576);
#15576 = DEFINITIONAL_REPRESENTATION('',(#15577),#15581);
#15577 = LINE('',#15578,#15579);
#15578 = CARTESIAN_POINT('',(0.,-6.15));
#15579 = VECTOR('',#15580,1.);
#15580 = DIRECTION('',(1.,0.));
#15581 = ( GEOMETRIC_REPRESENTATION_CONTEXT(2) 
PARAMETRIC_REPRESENTATION_CONTEXT() REPRESENTATION_CONTEXT('2D SPACE',''
  ) );
#15582 = PCURVE('',#15509,#15583);
#15583 = DEFINITIONAL_REPRESENTATION('',(#15584),#15588);
#15584 = LINE('',#15585,#15586);
#15585 = CARTESIAN_POINT('',(-0.6,0.45));
#15586 = VECTOR('',#15587,1.);
#15587 = DIRECTION('',(0.,-1.));
#15588 = ( GEOMETRIC_REPRESENTATION_CONTEXT(2) 
PARAMETRIC_REPRESENTATION_CONTEXT() REPRESENTATION_CONTEXT('2D SPACE',''
  ) );
#15589 = ORIENTED_EDGE('',*,*,#15470,.F.);
#15590 = ORIENTED_EDGE('',*,*,#13913,.F.);
#15591 = ADVANCED_FACE('',(#15592),#13983,.F.);
#15592 = FACE_BOUND('',#15593,.F.);
#15593 = EDGE_LOOP('',(#15594,#15595,#15618,#15639));
#15594 = ORIENTED_EDGE('',*,*,#15521,.T.);
#15595 = ORIENTED_EDGE('',*,*,#15596,.T.);
#15596 = EDGE_CURVE('',#15494,#15597,#15599,.T.);
#15597 = VERTEX_POINT('',#15598);
#15598 = CARTESIAN_POINT('',(3.35,46.6,7.75));
#15599 = SURFACE_CURVE('',#15600,(#15604,#15611),.PCURVE_S1.);
#15600 = LINE('',#15601,#15602);
#15601 = CARTESIAN_POINT('',(4.25,46.6,7.75));
#15602 = VECTOR('',#15603,1.);
#15603 = DIRECTION('',(-1.,1.110223024625E-16,0.));
#15604 = PCURVE('',#13983,#15605);
#15605 = DEFINITIONAL_REPRESENTATION('',(#15606),#15610);
#15606 = LINE('',#15607,#15608);
#15607 = CARTESIAN_POINT('',(0.,-6.15));
#15608 = VECTOR('',#15609,1.);
#15609 = DIRECTION('',(1.,0.));
#15610 = ( GEOMETRIC_REPRESENTATION_CONTEXT(2) 
PARAMETRIC_REPRESENTATION_CONTEXT() REPRESENTATION_CONTEXT('2D SPACE',''
  ) );
#15611 = PCURVE('',#15509,#15612);
#15612 = DEFINITIONAL_REPRESENTATION('',(#15613),#15617);
#15613 = LINE('',#15614,#15615);
#15614 = CARTESIAN_POINT('',(0.6,-0.45));
#15615 = VECTOR('',#15616,1.);
#15616 = DIRECTION('',(0.,1.));
#15617 = ( GEOMETRIC_REPRESENTATION_CONTEXT(2) 
PARAMETRIC_REPRESENTATION_CONTEXT() REPRESENTATION_CONTEXT('2D SPACE',''
  ) );
#15618 = ORIENTED_EDGE('',*,*,#15619,.F.);
#15619 = EDGE_CURVE('',#13942,#15597,#15620,.T.);
#15620 = SURFACE_CURVE('',#15621,(#15625,#15632),.PCURVE_S1.);
#15621 = LINE('',#15622,#15623);
#15622 = CARTESIAN_POINT('',(3.35,46.6,1.6));
#15623 = VECTOR('',#15624,1.);
#15624 = DIRECTION('',(0.,0.,1.));
#15625 = PCURVE('',#13983,#15626);
#15626 = DEFINITIONAL_REPRESENTATION('',(#15627),#15631);
#15627 = LINE('',#15628,#15629);
#15628 = CARTESIAN_POINT('',(0.9,0.));
#15629 = VECTOR('',#15630,1.);
#15630 = DIRECTION('',(0.,-1.));
#15631 = ( GEOMETRIC_REPRESENTATION_CONTEXT(2) 
PARAMETRIC_REPRESENTATION_CONTEXT() REPRESENTATION_CONTEXT('2D SPACE',''
  ) );
#15632 = PCURVE('',#13957,#15633);
#15633 = DEFINITIONAL_REPRESENTATION('',(#15634),#15638);
#15634 = LINE('',#15635,#15636);
#15635 = CARTESIAN_POINT('',(0.,0.));
#15636 = VECTOR('',#15637,1.);
#15637 = DIRECTION('',(0.,-1.));
#15638 = ( GEOMETRIC_REPRESENTATION_CONTEXT(2) 
PARAMETRIC_REPRESENTATION_CONTEXT() REPRESENTATION_CONTEXT('2D SPACE',''
  ) );
#15639 = ORIENTED_EDGE('',*,*,#13969,.F.);
#15640 = ADVANCED_FACE('',(#15641),#13957,.F.);
#15641 = FACE_BOUND('',#15642,.F.);
#15642 = EDGE_LOOP('',(#15643,#15644,#15665,#15666));
#15643 = ORIENTED_EDGE('',*,*,#15619,.T.);
#15644 = ORIENTED_EDGE('',*,*,#15645,.T.);
#15645 = EDGE_CURVE('',#15597,#15547,#15646,.T.);
#15646 = SURFACE_CURVE('',#15647,(#15651,#15658),.PCURVE_S1.);
#15647 = LINE('',#15648,#15649);
#15648 = CARTESIAN_POINT('',(3.35,46.6,7.75));
#15649 = VECTOR('',#15650,1.);
#15650 = DIRECTION('',(-1.110223024625E-16,-1.,0.));
#15651 = PCURVE('',#13957,#15652);
#15652 = DEFINITIONAL_REPRESENTATION('',(#15653),#15657);
#15653 = LINE('',#15654,#15655);
#15654 = CARTESIAN_POINT('',(0.,-6.15));
#15655 = VECTOR('',#15656,1.);
#15656 = DIRECTION('',(1.,0.));
#15657 = ( GEOMETRIC_REPRESENTATION_CONTEXT(2) 
PARAMETRIC_REPRESENTATION_CONTEXT() REPRESENTATION_CONTEXT('2D SPACE',''
  ) );
#15658 = PCURVE('',#15509,#15659);
#15659 = DEFINITIONAL_REPRESENTATION('',(#15660),#15664);
#15660 = LINE('',#15661,#15662);
#15661 = CARTESIAN_POINT('',(0.6,0.45));
#15662 = VECTOR('',#15663,1.);
#15663 = DIRECTION('',(-1.,0.));
#15664 = ( GEOMETRIC_REPRESENTATION_CONTEXT(2) 
PARAMETRIC_REPRESENTATION_CONTEXT() REPRESENTATION_CONTEXT('2D SPACE',''
  ) );
#15665 = ORIENTED_EDGE('',*,*,#15546,.F.);
#15666 = ORIENTED_EDGE('',*,*,#13941,.F.);
#15667 = ADVANCED_FACE('',(#15668),#14075,.T.);
#15668 = FACE_BOUND('',#15669,.T.);
#15669 = EDGE_LOOP('',(#15670,#15671,#15672,#15673));
#15670 = ORIENTED_EDGE('',*,*,#14059,.T.);
#15671 = ORIENTED_EDGE('',*,*,#14162,.T.);
#15672 = ORIENTED_EDGE('',*,*,#14211,.T.);
#15673 = ORIENTED_EDGE('',*,*,#14135,.T.);
#15674 = ADVANCED_FACE('',(#15675),#14276,.T.);
#15675 = FACE_BOUND('',#15676,.T.);
#15676 = EDGE_LOOP('',(#15677,#15678,#15679,#15680));
#15677 = ORIENTED_EDGE('',*,*,#14260,.T.);
#15678 = ORIENTED_EDGE('',*,*,#14363,.T.);
#15679 = ORIENTED_EDGE('',*,*,#14412,.T.);
#15680 = ORIENTED_EDGE('',*,*,#14336,.T.);
#15681 = ADVANCED_FACE('',(#15682),#14477,.T.);
#15682 = FACE_BOUND('',#15683,.T.);
#15683 = EDGE_LOOP('',(#15684,#15685,#15686,#15687));
#15684 = ORIENTED_EDGE('',*,*,#14461,.T.);
#15685 = ORIENTED_EDGE('',*,*,#14515,.T.);
#15686 = ORIENTED_EDGE('',*,*,#14564,.T.);
#15687 = ORIENTED_EDGE('',*,*,#14613,.T.);
#15688 = ADVANCED_FACE('',(#15689),#14678,.T.);
#15689 = FACE_BOUND('',#15690,.T.);
#15690 = EDGE_LOOP('',(#15691,#15692,#15693,#15694));
#15691 = ORIENTED_EDGE('',*,*,#14662,.T.);
#15692 = ORIENTED_EDGE('',*,*,#14765,.T.);
#15693 = ORIENTED_EDGE('',*,*,#14814,.T.);
#15694 = ORIENTED_EDGE('',*,*,#14738,.T.);
#15695 = ADVANCED_FACE('',(#15696),#14879,.T.);
#15696 = FACE_BOUND('',#15697,.T.);
#15697 = EDGE_LOOP('',(#15698,#15699,#15700,#15701));
#15698 = ORIENTED_EDGE('',*,*,#14863,.T.);
#15699 = ORIENTED_EDGE('',*,*,#14966,.T.);
#15700 = ORIENTED_EDGE('',*,*,#15015,.T.);
#15701 = ORIENTED_EDGE('',*,*,#14939,.T.);
#15702 = ADVANCED_FACE('',(#15703),#15080,.T.);
#15703 = FACE_BOUND('',#15704,.T.);
#15704 = EDGE_LOOP('',(#15705,#15706,#15707,#15708));
#15705 = ORIENTED_EDGE('',*,*,#15064,.T.);
#15706 = ORIENTED_EDGE('',*,*,#15167,.T.);
#15707 = ORIENTED_EDGE('',*,*,#15216,.T.);
#15708 = ORIENTED_EDGE('',*,*,#15140,.T.);
#15709 = ADVANCED_FACE('',(#15710),#15308,.T.);
#15710 = FACE_BOUND('',#15711,.T.);
#15711 = EDGE_LOOP('',(#15712,#15713,#15714,#15715));
#15712 = ORIENTED_EDGE('',*,*,#15292,.T.);
#15713 = ORIENTED_EDGE('',*,*,#15395,.T.);
#15714 = ORIENTED_EDGE('',*,*,#15444,.T.);
#15715 = ORIENTED_EDGE('',*,*,#15368,.T.);
#15716 = ADVANCED_FACE('',(#15717),#15509,.T.);
#15717 = FACE_BOUND('',#15718,.T.);
#15718 = EDGE_LOOP('',(#15719,#15720,#15721,#15722));
#15719 = ORIENTED_EDGE('',*,*,#15493,.T.);
#15720 = ORIENTED_EDGE('',*,*,#15596,.T.);
#15721 = ORIENTED_EDGE('',*,*,#15645,.T.);
#15722 = ORIENTED_EDGE('',*,*,#15569,.T.);
#15723 = ( GEOMETRIC_REPRESENTATION_CONTEXT(3) 
GLOBAL_UNCERTAINTY_ASSIGNED_CONTEXT((#15727)) 
GLOBAL_UNIT_ASSIGNED_CONTEXT((#15724,#15725,#15726)) 
REPRESENTATION_CONTEXT('Context #1',
  '3D Context with UNIT and UNCERTAINTY') );
#15724 = ( LENGTH_UNIT() NAMED_UNIT(*) SI_UNIT(.MILLI.,.METRE.) );
#15725 = ( NAMED_UNIT(*) PLANE_ANGLE_UNIT() SI_UNIT($,.RADIAN.) );
#15726 = ( NAMED_UNIT(*) SI_UNIT($,.STERADIAN.) SOLID_ANGLE_UNIT() );
#15727 = UNCERTAINTY_MEASURE_WITH_UNIT(LENGTH_MEASURE(1.E-07),#15724,
  'distance_accuracy_value','confusion accuracy');
#15728 = PRODUCT_RELATED_PRODUCT_CATEGORY('part',$,(#7));
ENDSEC;
END-ISO-10303-21;
