ISO-10303-21;
HEADER;
FILE_DESCRIPTION(('Open CASCADE Model'),'2;1');
FILE_NAME('Open CASCADE Shape Model','2026-09-08T20:58:11',('Author'),(
    'Open CASCADE'),'Open CASCADE STEP processor 7.9','Open CASCADE 7.9'
  ,'Unknown');
FILE_SCHEMA(('AUTOMOTIVE_DESIGN { 1 0 10303 214 1 1 1 1 }'));
ENDSEC;
DATA;
#1 = APPLICATION_PROTOCOL_DEFINITION('international standard',
  'automotive_design',2000,#2);
#2 = APPLICATION_CONTEXT(
  'core data for automotive mechanical design processes');
#3 = SHAPE_DEFINITION_REPRESENTATION(#4,#10);
#4 = PRODUCT_DEFINITION_SHAPE('','',#5);
#5 = PRODUCT_DEFINITION('design','',#6,#9);
#6 = PRODUCT_DEFINITION_FORMATION('','',#7);
#7 = PRODUCT('Open CASCADE STEP translator 7.9 2',
  'Open CASCADE STEP translator 7.9 2','',(#8));
#8 = PRODUCT_CONTEXT('',#2,'mechanical');
#9 = PRODUCT_DEFINITION_CONTEXT('part definition',#2,'design');
#10 = ADVANCED_BREP_SHAPE_REPRESENTATION('',(#11,#15),#11070);
#11 = AXIS2_PLACEMENT_3D('',#12,#13,#14);
#12 = CARTESIAN_POINT('',(0.,0.,0.));
#13 = DIRECTION('',(0.,0.,1.));
#14 = DIRECTION('',(1.,0.,-0.));
#15 = MANIFOLD_SOLID_BREP('',#16);
#16 = CLOSED_SHELL('',(#17,#1143,#1224,#1273,#1323,#2117,#2171,#2220,
    #2269,#2323,#3117,#3167,#3216,#3270,#3324,#3373,#3423,#4217,#4271,
    #4298,#4374,#5048,#5097,#5151,#5201,#5255,#5304,#5978,#6027,#6081,
    #6131,#6185,#6234,#6908,#6957,#7011,#7061,#7093,#7626,#7673,#7700,
    #7727,#7734,#7781,#7808,#7835,#7842,#7889,#7916,#7943,#7950,#7997,
    #8024,#8051,#8058,#8105,#8132,#8159,#8166,#8213,#8240,#8267,#8274,
    #8321,#8348,#8375,#8382,#8429,#8456,#8483,#8490,#8537,#8564,#8591,
    #8598,#8645,#8672,#8699,#8706,#8753,#8780,#8807,#8814,#8861,#8888,
    #8915,#8922,#8969,#8996,#9023,#9030,#9077,#9104,#9131,#9138,#9185,
    #9212,#9239,#9246,#9293,#9320,#9347,#9354,#9401,#9428,#9455,#9462,
    #9509,#9536,#9563,#9570,#10183,#10231,#10258,#10285,#10292,#10347,
    #10402,#10450,#10477,#10504,#10511,#10566,#10614,#10641,#10668,
    #10675,#10730,#10784,#10845,#10899,#10953,#10960,#10995,#11002,
    #11009,#11043));
#17 = ADVANCED_FACE('',(#18,#577),#33,.F.);
#18 = FACE_BOUND('',#19,.F.);
#19 = EDGE_LOOP('',(#20,#60,#88,#121,#149,#182,#211,#244,#272,#305,#333,
    #366,#395,#428,#456,#489,#517,#550));
#20 = ORIENTED_EDGE('',*,*,#21,.F.);
#21 = EDGE_CURVE('',#22,#24,#26,.T.);
#22 = VERTEX_POINT('',#23);
#23 = CARTESIAN_POINT('',(18.481085212075,9.383836453955,8.));
#24 = VERTEX_POINT('',#25);
#25 = CARTESIAN_POINT('',(16.463235294118,9.484823859752,8.));
#26 = SURFACE_CURVE('',#27,(#32,#48),.PCURVE_S1.);
#27 = CIRCLE('',#28,9.5);
#28 = AXIS2_PLACEMENT_3D('',#29,#30,#31);
#29 = CARTESIAN_POINT('',(17.,0.,8.));
#30 = DIRECTION('',(8.588005617595E-34,1.224646799147E-16,1.));
#31 = DIRECTION('',(0.155903706534,0.987772258311,-1.209672134427E-16));
#32 = PCURVE('',#33,#38);
#33 = PLANE('',#34);
#34 = AXIS2_PLACEMENT_3D('',#35,#36,#37);
#35 = CARTESIAN_POINT('',(-1.727292798997E-15,-3.759188932048E-16,8.));
#36 = DIRECTION('',(0.,-1.224646799147E-16,-1.));
#37 = DIRECTION('',(1.,0.,0.));
#38 = DEFINITIONAL_REPRESENTATION('',(#39),#47);
#39 = ( BOUNDED_CURVE() B_SPLINE_CURVE(2,(#40,#41,#42,#43,#44,#45,#46),
.UNSPECIFIED.,.T.,.F.) B_SPLINE_CURVE_WITH_KNOTS((1,2,2,2,2,1),(
    -2.094395102393,0.,2.094395102393,4.188790204786,6.28318530718,
8.377580409573),.UNSPECIFIED.) CURVE() GEOMETRIC_REPRESENTATION_ITEM() 
RATIONAL_B_SPLINE_CURVE((1.,0.5,1.,0.5,1.,0.5,1.)) REPRESENTATION_ITEM(
  '') );
#40 = CARTESIAN_POINT('',(18.481085212075,-9.383836453955));
#41 = CARTESIAN_POINT('',(2.227803703908,-11.9491512916));
#42 = CARTESIAN_POINT('',(8.132816639879,3.409260808151));
#43 = CARTESIAN_POINT('',(14.03782957585,18.76767290791));
#44 = CARTESIAN_POINT('',(24.386098148046,5.974575645804));
#45 = CARTESIAN_POINT('',(34.734366720242,-6.818521616302));
#46 = CARTESIAN_POINT('',(18.481085212075,-9.383836453955));
#47 = ( GEOMETRIC_REPRESENTATION_CONTEXT(2) 
PARAMETRIC_REPRESENTATION_CONTEXT() REPRESENTATION_CONTEXT('2D SPACE',''
  ) );
#48 = PCURVE('',#49,#54);
#49 = CYLINDRICAL_SURFACE('',#50,9.5);
#50 = AXIS2_PLACEMENT_3D('',#51,#52,#53);
#51 = CARTESIAN_POINT('',(17.,0.,8.));
#52 = DIRECTION('',(-0.,1.224646799147E-16,1.));
#53 = DIRECTION('',(1.,0.,0.));
#54 = DEFINITIONAL_REPRESENTATION('',(#55),#59);
#55 = LINE('',#56,#57);
#56 = CARTESIAN_POINT('',(-4.868931261427,0.));
#57 = VECTOR('',#58,1.);
#58 = DIRECTION('',(1.,-0.));
#59 = ( GEOMETRIC_REPRESENTATION_CONTEXT(2) 
PARAMETRIC_REPRESENTATION_CONTEXT() REPRESENTATION_CONTEXT('2D SPACE',''
  ) );
#60 = ORIENTED_EDGE('',*,*,#61,.T.);
#61 = EDGE_CURVE('',#22,#62,#64,.T.);
#62 = VERTEX_POINT('',#63);
#63 = CARTESIAN_POINT('',(42.5,7.5,8.));
#64 = SURFACE_CURVE('',#65,(#69,#76),.PCURVE_S1.);
#65 = LINE('',#66,#67);
#66 = CARTESIAN_POINT('',(17.,9.5,8.));
#67 = VECTOR('',#68,1.);
#68 = DIRECTION('',(0.996938377813,-7.819124531863E-02,
    9.575665830081E-18));
#69 = PCURVE('',#33,#70);
#70 = DEFINITIONAL_REPRESENTATION('',(#71),#75);
#71 = LINE('',#72,#73);
#72 = CARTESIAN_POINT('',(17.,-9.5));
#73 = VECTOR('',#74,1.);
#74 = DIRECTION('',(0.996938377813,7.819124531863E-02));
#75 = ( GEOMETRIC_REPRESENTATION_CONTEXT(2) 
PARAMETRIC_REPRESENTATION_CONTEXT() REPRESENTATION_CONTEXT('2D SPACE',''
  ) );
#76 = PCURVE('',#77,#82);
#77 = PLANE('',#78);
#78 = AXIS2_PLACEMENT_3D('',#79,#80,#81);
#79 = CARTESIAN_POINT('',(17.,9.5,8.));
#80 = DIRECTION('',(-7.819124531863E-02,-0.996938377813,
    1.220897393335E-16));
#81 = DIRECTION('',(0.996938377813,-7.819124531863E-02,
    9.575665830081E-18));
#82 = DEFINITIONAL_REPRESENTATION('',(#83),#87);
#83 = LINE('',#84,#85);
#84 = CARTESIAN_POINT('',(0.,0.));
#85 = VECTOR('',#86,1.);
#86 = DIRECTION('',(1.,0.));
#87 = ( GEOMETRIC_REPRESENTATION_CONTEXT(2) 
PARAMETRIC_REPRESENTATION_CONTEXT() REPRESENTATION_CONTEXT('2D SPACE',''
  ) );
#88 = ORIENTED_EDGE('',*,*,#89,.F.);
#89 = EDGE_CURVE('',#90,#62,#92,.T.);
#90 = VERTEX_POINT('',#91);
#91 = CARTESIAN_POINT('',(42.5,-7.5,8.));
#92 = SURFACE_CURVE('',#93,(#98,#109),.PCURVE_S1.);
#93 = CIRCLE('',#94,7.5);
#94 = AXIS2_PLACEMENT_3D('',#95,#96,#97);
#95 = CARTESIAN_POINT('',(42.5,0.,8.));
#96 = DIRECTION('',(-0.,1.224646799147E-16,1.));
#97 = DIRECTION('',(0.,-1.,1.224646799147E-16));
#98 = PCURVE('',#33,#99);
#99 = DEFINITIONAL_REPRESENTATION('',(#100),#108);
#100 = ( BOUNDED_CURVE() B_SPLINE_CURVE(2,(#101,#102,#103,#104,#105,#106
,#107),.UNSPECIFIED.,.T.,.F.) B_SPLINE_CURVE_WITH_KNOTS((1,2,2,2,2,1),(
    -2.094395102393,0.,2.094395102393,4.188790204786,6.28318530718,
8.377580409573),.UNSPECIFIED.) CURVE() GEOMETRIC_REPRESENTATION_ITEM() 
RATIONAL_B_SPLINE_CURVE((1.,0.5,1.,0.5,1.,0.5,1.)) REPRESENTATION_ITEM(
  '') );
#101 = CARTESIAN_POINT('',(42.5,7.5));
#102 = CARTESIAN_POINT('',(55.490381056767,7.5));
#103 = CARTESIAN_POINT('',(48.995190528383,-3.75));
#104 = CARTESIAN_POINT('',(42.5,-15.));
#105 = CARTESIAN_POINT('',(36.004809471617,-3.75));
#106 = CARTESIAN_POINT('',(29.509618943233,7.5));
#107 = CARTESIAN_POINT('',(42.5,7.5));
#108 = ( GEOMETRIC_REPRESENTATION_CONTEXT(2) 
PARAMETRIC_REPRESENTATION_CONTEXT() REPRESENTATION_CONTEXT('2D SPACE',''
  ) );
#109 = PCURVE('',#110,#115);
#110 = CYLINDRICAL_SURFACE('',#111,7.5);
#111 = AXIS2_PLACEMENT_3D('',#112,#113,#114);
#112 = CARTESIAN_POINT('',(42.5,0.,8.));
#113 = DIRECTION('',(-0.,1.224646799147E-16,1.));
#114 = DIRECTION('',(1.,0.,0.));
#115 = DEFINITIONAL_REPRESENTATION('',(#116),#120);
#116 = LINE('',#117,#118);
#117 = CARTESIAN_POINT('',(-7.853981633974,0.));
#118 = VECTOR('',#119,1.);
#119 = DIRECTION('',(1.,-0.));
#120 = ( GEOMETRIC_REPRESENTATION_CONTEXT(2) 
PARAMETRIC_REPRESENTATION_CONTEXT() REPRESENTATION_CONTEXT('2D SPACE',''
  ) );
#121 = ORIENTED_EDGE('',*,*,#122,.T.);
#122 = EDGE_CURVE('',#90,#123,#125,.T.);
#123 = VERTEX_POINT('',#124);
#124 = CARTESIAN_POINT('',(18.481085212075,-9.383836453955,8.));
#125 = SURFACE_CURVE('',#126,(#130,#137),.PCURVE_S1.);
#126 = LINE('',#127,#128);
#127 = CARTESIAN_POINT('',(42.5,-7.5,8.));
#128 = VECTOR('',#129,1.);
#129 = DIRECTION('',(-0.996938377813,-7.819124531863E-02,
    9.575665830081E-18));
#130 = PCURVE('',#33,#131);
#131 = DEFINITIONAL_REPRESENTATION('',(#132),#136);
#132 = LINE('',#133,#134);
#133 = CARTESIAN_POINT('',(42.5,7.5));
#134 = VECTOR('',#135,1.);
#135 = DIRECTION('',(-0.996938377813,7.819124531863E-02));
#136 = ( GEOMETRIC_REPRESENTATION_CONTEXT(2) 
PARAMETRIC_REPRESENTATION_CONTEXT() REPRESENTATION_CONTEXT('2D SPACE',''
  ) );
#137 = PCURVE('',#138,#143);
#138 = PLANE('',#139);
#139 = AXIS2_PLACEMENT_3D('',#140,#141,#142);
#140 = CARTESIAN_POINT('',(42.5,-7.5,8.));
#141 = DIRECTION('',(-7.819124531863E-02,0.996938377813,
    -1.220897393335E-16));
#142 = DIRECTION('',(-0.996938377813,-7.819124531863E-02,
    9.575665830081E-18));
#143 = DEFINITIONAL_REPRESENTATION('',(#144),#148);
#144 = LINE('',#145,#146);
#145 = CARTESIAN_POINT('',(0.,0.));
#146 = VECTOR('',#147,1.);
#147 = DIRECTION('',(1.,0.));
#148 = ( GEOMETRIC_REPRESENTATION_CONTEXT(2) 
PARAMETRIC_REPRESENTATION_CONTEXT() REPRESENTATION_CONTEXT('2D SPACE',''
  ) );
#149 = ORIENTED_EDGE('',*,*,#150,.F.);
#150 = EDGE_CURVE('',#151,#123,#153,.T.);
#151 = VERTEX_POINT('',#152);
#152 = CARTESIAN_POINT('',(16.463235294118,-9.484823859752,8.));
#153 = SURFACE_CURVE('',#154,(#159,#170),.PCURVE_S1.);
#154 = CIRCLE('',#155,9.5);
#155 = AXIS2_PLACEMENT_3D('',#156,#157,#158);
#156 = CARTESIAN_POINT('',(17.,0.,8.));
#157 = DIRECTION('',(8.588005617595E-34,1.224646799147E-16,1.));
#158 = DIRECTION('',(0.155903706534,0.987772258311,-1.209672134427E-16)
  );
#159 = PCURVE('',#33,#160);
#160 = DEFINITIONAL_REPRESENTATION('',(#161),#169);
#161 = ( BOUNDED_CURVE() B_SPLINE_CURVE(2,(#162,#163,#164,#165,#166,#167
,#168),.UNSPECIFIED.,.T.,.F.) B_SPLINE_CURVE_WITH_KNOTS((1,2,2,2,2,1),(
    -2.094395102393,0.,2.094395102393,4.188790204786,6.28318530718,
8.377580409573),.UNSPECIFIED.) CURVE() GEOMETRIC_REPRESENTATION_ITEM() 
RATIONAL_B_SPLINE_CURVE((1.,0.5,1.,0.5,1.,0.5,1.)) REPRESENTATION_ITEM(
  '') );
#162 = CARTESIAN_POINT('',(18.481085212075,-9.383836453955));
#163 = CARTESIAN_POINT('',(2.227803703908,-11.9491512916));
#164 = CARTESIAN_POINT('',(8.132816639879,3.409260808151));
#165 = CARTESIAN_POINT('',(14.03782957585,18.76767290791));
#166 = CARTESIAN_POINT('',(24.386098148046,5.974575645804));
#167 = CARTESIAN_POINT('',(34.734366720242,-6.818521616302));
#168 = CARTESIAN_POINT('',(18.481085212075,-9.383836453955));
#169 = ( GEOMETRIC_REPRESENTATION_CONTEXT(2) 
PARAMETRIC_REPRESENTATION_CONTEXT() REPRESENTATION_CONTEXT('2D SPACE',''
  ) );
#170 = PCURVE('',#171,#176);
#171 = CYLINDRICAL_SURFACE('',#172,9.5);
#172 = AXIS2_PLACEMENT_3D('',#173,#174,#175);
#173 = CARTESIAN_POINT('',(17.,0.,8.));
#174 = DIRECTION('',(-0.,1.224646799147E-16,1.));
#175 = DIRECTION('',(1.,0.,0.));
#176 = DEFINITIONAL_REPRESENTATION('',(#177),#181);
#177 = LINE('',#178,#179);
#178 = CARTESIAN_POINT('',(-4.868931261427,0.));
#179 = VECTOR('',#180,1.);
#180 = DIRECTION('',(1.,-0.));
#181 = ( GEOMETRIC_REPRESENTATION_CONTEXT(2) 
PARAMETRIC_REPRESENTATION_CONTEXT() REPRESENTATION_CONTEXT('2D SPACE',''
  ) );
#182 = ORIENTED_EDGE('',*,*,#183,.T.);
#183 = EDGE_CURVE('',#151,#184,#186,.T.);
#184 = VERTEX_POINT('',#185);
#185 = CARTESIAN_POINT('',(-1.751923409301E-02,-18.99999192306,8.));
#186 = SURFACE_CURVE('',#187,(#192,#199),.PCURVE_S1.);
#187 = CIRCLE('',#188,19.);
#188 = AXIS2_PLACEMENT_3D('',#189,#190,#191);
#189 = CARTESIAN_POINT('',(0.,0.,8.));
#190 = DIRECTION('',(0.,-1.224646799147E-16,-1.));
#191 = DIRECTION('',(1.,0.,0.));
#192 = PCURVE('',#33,#193);
#193 = DEFINITIONAL_REPRESENTATION('',(#194),#198);
#194 = CIRCLE('',#195,19.);
#195 = AXIS2_PLACEMENT_2D('',#196,#197);
#196 = CARTESIAN_POINT('',(1.727292798997E-15,-3.759188932048E-16));
#197 = DIRECTION('',(1.,0.));
#198 = ( GEOMETRIC_REPRESENTATION_CONTEXT(2) 
PARAMETRIC_REPRESENTATION_CONTEXT() REPRESENTATION_CONTEXT('2D SPACE',''
  ) );
#199 = PCURVE('',#200,#205);
#200 = CYLINDRICAL_SURFACE('',#201,19.);
#201 = AXIS2_PLACEMENT_3D('',#202,#203,#204);
#202 = CARTESIAN_POINT('',(0.,0.,8.));
#203 = DIRECTION('',(-0.,1.224646799147E-16,1.));
#204 = DIRECTION('',(1.,0.,0.));
#205 = DEFINITIONAL_REPRESENTATION('',(#206),#210);
#206 = LINE('',#207,#208);
#207 = CARTESIAN_POINT('',(-0.,0.));
#208 = VECTOR('',#209,1.);
#209 = DIRECTION('',(-1.,0.));
#210 = ( GEOMETRIC_REPRESENTATION_CONTEXT(2) 
PARAMETRIC_REPRESENTATION_CONTEXT() REPRESENTATION_CONTEXT('2D SPACE',''
  ) );
#211 = ORIENTED_EDGE('',*,*,#212,.F.);
#212 = EDGE_CURVE('',#213,#184,#215,.T.);
#213 = VERTEX_POINT('',#214);
#214 = CARTESIAN_POINT('',(-1.113901851954,-20.69700751013,8.));
#215 = SURFACE_CURVE('',#216,(#221,#232),.PCURVE_S1.);
#216 = CIRCLE('',#217,9.5);
#217 = AXIS2_PLACEMENT_3D('',#218,#219,#220);
#218 = CARTESIAN_POINT('',(-8.5,-14.72243186433,8.));
#219 = DIRECTION('',(-5.485370833721E-33,1.224646799147E-16,1.));
#220 = DIRECTION('',(0.777484015584,-0.628902699558,7.701836779892E-17)
  );
#221 = PCURVE('',#33,#222);
#222 = DEFINITIONAL_REPRESENTATION('',(#223),#231);
#223 = ( BOUNDED_CURVE() B_SPLINE_CURVE(2,(#224,#225,#226,#227,#228,#229
,#230),.UNSPECIFIED.,.T.,.F.) B_SPLINE_CURVE_WITH_KNOTS((1,2,2,2,2,1),(
    -2.094395102393,0.,2.094395102393,4.188790204786,6.28318530718,
8.377580409573),.UNSPECIFIED.) CURVE() GEOMETRIC_REPRESENTATION_ITEM() 
RATIONAL_B_SPLINE_CURVE((1.,0.5,1.,0.5,1.,0.5,1.)) REPRESENTATION_ITEM(
  '') );
#224 = CARTESIAN_POINT('',(-1.113901851954,20.697007510139));
#225 = CARTESIAN_POINT('',(9.234366720242,7.903910248033));
#226 = CARTESIAN_POINT('',(-7.018914787925,5.338595410381));
#227 = CARTESIAN_POINT('',(-23.27219629609,2.773280572728));
#228 = CARTESIAN_POINT('',(-17.36718336012,18.131692672487));
#229 = CARTESIAN_POINT('',(-11.46217042415,33.490104772245));
#230 = CARTESIAN_POINT('',(-1.113901851954,20.697007510139));
#231 = ( GEOMETRIC_REPRESENTATION_CONTEXT(2) 
PARAMETRIC_REPRESENTATION_CONTEXT() REPRESENTATION_CONTEXT('2D SPACE',''
  ) );
#232 = PCURVE('',#233,#238);
#233 = CYLINDRICAL_SURFACE('',#234,9.5);
#234 = AXIS2_PLACEMENT_3D('',#235,#236,#237);
#235 = CARTESIAN_POINT('',(-8.5,-14.72243186433,8.));
#236 = DIRECTION('',(0.,1.224646799147E-16,1.));
#237 = DIRECTION('',(-0.5,-0.866025403784,1.060575238725E-16));
#238 = DEFINITIONAL_REPRESENTATION('',(#239),#243);
#239 = LINE('',#240,#241);
#240 = CARTESIAN_POINT('',(-4.868931261427,0.));
#241 = VECTOR('',#242,1.);
#242 = DIRECTION('',(1.,-0.));
#243 = ( GEOMETRIC_REPRESENTATION_CONTEXT(2) 
PARAMETRIC_REPRESENTATION_CONTEXT() REPRESENTATION_CONTEXT('2D SPACE',''
  ) );
#244 = ORIENTED_EDGE('',*,*,#245,.T.);
#245 = EDGE_CURVE('',#213,#246,#248,.T.);
#246 = VERTEX_POINT('',#247);
#247 = CARTESIAN_POINT('',(-14.75480947161,-40.55607966083,8.));
#248 = SURFACE_CURVE('',#249,(#253,#260),.PCURVE_S1.);
#249 = LINE('',#250,#251);
#250 = CARTESIAN_POINT('',(-0.272758664048,-19.47243186433,8.));
#251 = VECTOR('',#252,1.);
#252 = DIRECTION('',(-0.566184793706,-0.824278338534,1.009449828892E-16)
  );
#253 = PCURVE('',#33,#254);
#254 = DEFINITIONAL_REPRESENTATION('',(#255),#259);
#255 = LINE('',#256,#257);
#256 = CARTESIAN_POINT('',(-0.272758664048,19.472431864335));
#257 = VECTOR('',#258,1.);
#258 = DIRECTION('',(-0.566184793706,0.824278338534));
#259 = ( GEOMETRIC_REPRESENTATION_CONTEXT(2) 
PARAMETRIC_REPRESENTATION_CONTEXT() REPRESENTATION_CONTEXT('2D SPACE',''
  ) );
#260 = PCURVE('',#261,#266);
#261 = PLANE('',#262);
#262 = AXIS2_PLACEMENT_3D('',#263,#264,#265);
#263 = CARTESIAN_POINT('',(-0.272758664048,-19.47243186433,8.));
#264 = DIRECTION('',(-0.824278338534,0.566184793706,-6.933763953377E-17)
  );
#265 = DIRECTION('',(-0.566184793706,-0.824278338534,1.009449828892E-16)
  );
#266 = DEFINITIONAL_REPRESENTATION('',(#267),#271);
#267 = LINE('',#268,#269);
#268 = CARTESIAN_POINT('',(0.,0.));
#269 = VECTOR('',#270,1.);
#270 = DIRECTION('',(1.,0.));
#271 = ( GEOMETRIC_REPRESENTATION_CONTEXT(2) 
PARAMETRIC_REPRESENTATION_CONTEXT() REPRESENTATION_CONTEXT('2D SPACE',''
  ) );
#272 = ORIENTED_EDGE('',*,*,#273,.F.);
#273 = EDGE_CURVE('',#274,#246,#276,.T.);
#274 = VERTEX_POINT('',#275);
#275 = CARTESIAN_POINT('',(-27.74519052838,-33.05607966083,8.));
#276 = SURFACE_CURVE('',#277,(#282,#293),.PCURVE_S1.);
#277 = CIRCLE('',#278,7.5);
#278 = AXIS2_PLACEMENT_3D('',#279,#280,#281);
#279 = CARTESIAN_POINT('',(-21.25,-36.80607966083,8.));
#280 = DIRECTION('',(6.989777547461E-33,1.224646799147E-16,1.));
#281 = DIRECTION('',(-0.866025403784,0.5,-6.123233995737E-17));
#282 = PCURVE('',#33,#283);
#283 = DEFINITIONAL_REPRESENTATION('',(#284),#292);
#284 = ( BOUNDED_CURVE() B_SPLINE_CURVE(2,(#285,#286,#287,#288,#289,#290
,#291),.UNSPECIFIED.,.T.,.F.) B_SPLINE_CURVE_WITH_KNOTS((1,2,2,2,2,1),(
    -2.094395102393,0.,2.094395102393,4.188790204786,6.28318530718,
8.377580409573),.UNSPECIFIED.) CURVE() GEOMETRIC_REPRESENTATION_ITEM() 
RATIONAL_B_SPLINE_CURVE((1.,0.5,1.,0.5,1.,0.5,1.)) REPRESENTATION_ITEM(
  '') );
#285 = CARTESIAN_POINT('',(-27.74519052838,33.056079660839));
#286 = CARTESIAN_POINT('',(-34.24038105676,44.306079660839));
#287 = CARTESIAN_POINT('',(-21.25,44.306079660839));
#288 = CARTESIAN_POINT('',(-8.259618943233,44.306079660839));
#289 = CARTESIAN_POINT('',(-14.75480947161,33.056079660839));
#290 = CARTESIAN_POINT('',(-21.25,21.806079660839));
#291 = CARTESIAN_POINT('',(-27.74519052838,33.056079660839));
#292 = ( GEOMETRIC_REPRESENTATION_CONTEXT(2) 
PARAMETRIC_REPRESENTATION_CONTEXT() REPRESENTATION_CONTEXT('2D SPACE',''
  ) );
#293 = PCURVE('',#294,#299);
#294 = CYLINDRICAL_SURFACE('',#295,7.5);
#295 = AXIS2_PLACEMENT_3D('',#296,#297,#298);
#296 = CARTESIAN_POINT('',(-21.25,-36.80607966083,8.));
#297 = DIRECTION('',(0.,1.224646799147E-16,1.));
#298 = DIRECTION('',(-0.5,-0.866025403784,1.060575238725E-16));
#299 = DEFINITIONAL_REPRESENTATION('',(#300),#304);
#300 = LINE('',#301,#302);
#301 = CARTESIAN_POINT('',(-7.853981633974,0.));
#302 = VECTOR('',#303,1.);
#303 = DIRECTION('',(1.,-0.));
#304 = ( GEOMETRIC_REPRESENTATION_CONTEXT(2) 
PARAMETRIC_REPRESENTATION_CONTEXT() REPRESENTATION_CONTEXT('2D SPACE',''
  ) );
#305 = ORIENTED_EDGE('',*,*,#306,.T.);
#306 = EDGE_CURVE('',#274,#307,#309,.T.);
#307 = VERTEX_POINT('',#308);
#308 = CARTESIAN_POINT('',(-17.36718336012,-11.31317105618,8.));
#309 = SURFACE_CURVE('',#310,(#314,#321),.PCURVE_S1.);
#310 = LINE('',#311,#312);
#311 = CARTESIAN_POINT('',(-27.74519052838,-33.05607966083,8.));
#312 = VECTOR('',#313,1.);
#313 = DIRECTION('',(0.430753584107,0.902469583853,-1.105206487193E-16)
  );
#314 = PCURVE('',#33,#315);
#315 = DEFINITIONAL_REPRESENTATION('',(#316),#320);
#316 = LINE('',#317,#318);
#317 = CARTESIAN_POINT('',(-27.74519052838,33.056079660839));
#318 = VECTOR('',#319,1.);
#319 = DIRECTION('',(0.430753584107,-0.902469583853));
#320 = ( GEOMETRIC_REPRESENTATION_CONTEXT(2) 
PARAMETRIC_REPRESENTATION_CONTEXT() REPRESENTATION_CONTEXT('2D SPACE',''
  ) );
#321 = PCURVE('',#322,#327);
#322 = PLANE('',#323);
#323 = AXIS2_PLACEMENT_3D('',#324,#325,#326);
#324 = CARTESIAN_POINT('',(-27.74519052838,-33.05607966083,8.));
#325 = DIRECTION('',(0.902469583853,-0.430753584107,5.275209979976E-17)
  );
#326 = DIRECTION('',(0.430753584107,0.902469583853,-1.105206487193E-16)
  );
#327 = DEFINITIONAL_REPRESENTATION('',(#328),#332);
#328 = LINE('',#329,#330);
#329 = CARTESIAN_POINT('',(0.,0.));
#330 = VECTOR('',#331,1.);
#331 = DIRECTION('',(1.,0.));
#332 = ( GEOMETRIC_REPRESENTATION_CONTEXT(2) 
PARAMETRIC_REPRESENTATION_CONTEXT() REPRESENTATION_CONTEXT('2D SPACE',''
  ) );
#333 = ORIENTED_EDGE('',*,*,#334,.F.);
#334 = EDGE_CURVE('',#335,#307,#337,.T.);
#335 = VERTEX_POINT('',#336);
#336 = CARTESIAN_POINT('',(-16.44571606002,-9.51516806331,8.));
#337 = SURFACE_CURVE('',#338,(#343,#354),.PCURVE_S1.);
#338 = CIRCLE('',#339,9.5);
#339 = AXIS2_PLACEMENT_3D('',#340,#341,#342);
#340 = CARTESIAN_POINT('',(-8.5,-14.72243186433,8.));
#341 = DIRECTION('',(-5.485370833721E-33,1.224646799147E-16,1.));
#342 = DIRECTION('',(0.777484015584,-0.628902699558,7.701836779892E-17)
  );
#343 = PCURVE('',#33,#344);
#344 = DEFINITIONAL_REPRESENTATION('',(#345),#353);
#345 = ( BOUNDED_CURVE() B_SPLINE_CURVE(2,(#346,#347,#348,#349,#350,#351
,#352),.UNSPECIFIED.,.T.,.F.) B_SPLINE_CURVE_WITH_KNOTS((1,2,2,2,2,1),(
    -2.094395102393,0.,2.094395102393,4.188790204786,6.28318530718,
8.377580409573),.UNSPECIFIED.) CURVE() GEOMETRIC_REPRESENTATION_ITEM() 
RATIONAL_B_SPLINE_CURVE((1.,0.5,1.,0.5,1.,0.5,1.)) REPRESENTATION_ITEM(
  '') );
#346 = CARTESIAN_POINT('',(-1.113901851954,20.697007510139));
#347 = CARTESIAN_POINT('',(9.234366720242,7.903910248033));
#348 = CARTESIAN_POINT('',(-7.018914787925,5.338595410381));
#349 = CARTESIAN_POINT('',(-23.27219629609,2.773280572728));
#350 = CARTESIAN_POINT('',(-17.36718336012,18.131692672487));
#351 = CARTESIAN_POINT('',(-11.46217042415,33.490104772245));
#352 = CARTESIAN_POINT('',(-1.113901851954,20.697007510139));
#353 = ( GEOMETRIC_REPRESENTATION_CONTEXT(2) 
PARAMETRIC_REPRESENTATION_CONTEXT() REPRESENTATION_CONTEXT('2D SPACE',''
  ) );
#354 = PCURVE('',#355,#360);
#355 = CYLINDRICAL_SURFACE('',#356,9.5);
#356 = AXIS2_PLACEMENT_3D('',#357,#358,#359);
#357 = CARTESIAN_POINT('',(-8.5,-14.72243186433,8.));
#358 = DIRECTION('',(0.,1.224646799147E-16,1.));
#359 = DIRECTION('',(-0.5,-0.866025403784,1.060575238725E-16));
#360 = DEFINITIONAL_REPRESENTATION('',(#361),#365);
#361 = LINE('',#362,#363);
#362 = CARTESIAN_POINT('',(-4.868931261427,0.));
#363 = VECTOR('',#364,1.);
#364 = DIRECTION('',(1.,-0.));
#365 = ( GEOMETRIC_REPRESENTATION_CONTEXT(2) 
PARAMETRIC_REPRESENTATION_CONTEXT() REPRESENTATION_CONTEXT('2D SPACE',''
  ) );
#366 = ORIENTED_EDGE('',*,*,#367,.T.);
#367 = EDGE_CURVE('',#335,#368,#370,.T.);
#368 = VERTEX_POINT('',#369);
#369 = CARTESIAN_POINT('',(-16.44571606002,9.515168063311,8.));
#370 = SURFACE_CURVE('',#371,(#376,#383),.PCURVE_S1.);
#371 = CIRCLE('',#372,19.);
#372 = AXIS2_PLACEMENT_3D('',#373,#374,#375);
#373 = CARTESIAN_POINT('',(0.,0.,8.));
#374 = DIRECTION('',(0.,-1.224646799147E-16,-1.));
#375 = DIRECTION('',(1.,0.,0.));
#376 = PCURVE('',#33,#377);
#377 = DEFINITIONAL_REPRESENTATION('',(#378),#382);
#378 = CIRCLE('',#379,19.);
#379 = AXIS2_PLACEMENT_2D('',#380,#381);
#380 = CARTESIAN_POINT('',(1.727292798997E-15,-3.759188932048E-16));
#381 = DIRECTION('',(1.,0.));
#382 = ( GEOMETRIC_REPRESENTATION_CONTEXT(2) 
PARAMETRIC_REPRESENTATION_CONTEXT() REPRESENTATION_CONTEXT('2D SPACE',''
  ) );
#383 = PCURVE('',#384,#389);
#384 = CYLINDRICAL_SURFACE('',#385,19.);
#385 = AXIS2_PLACEMENT_3D('',#386,#387,#388);
#386 = CARTESIAN_POINT('',(0.,0.,8.));
#387 = DIRECTION('',(-0.,1.224646799147E-16,1.));
#388 = DIRECTION('',(1.,0.,0.));
#389 = DEFINITIONAL_REPRESENTATION('',(#390),#394);
#390 = LINE('',#391,#392);
#391 = CARTESIAN_POINT('',(-0.,0.));
#392 = VECTOR('',#393,1.);
#393 = DIRECTION('',(-1.,0.));
#394 = ( GEOMETRIC_REPRESENTATION_CONTEXT(2) 
PARAMETRIC_REPRESENTATION_CONTEXT() REPRESENTATION_CONTEXT('2D SPACE',''
  ) );
#395 = ORIENTED_EDGE('',*,*,#396,.F.);
#396 = EDGE_CURVE('',#397,#368,#399,.T.);
#397 = VERTEX_POINT('',#398);
#398 = CARTESIAN_POINT('',(-17.36718336012,11.313171056184,8.));
#399 = SURFACE_CURVE('',#400,(#405,#416),.PCURVE_S1.);
#400 = CIRCLE('',#401,9.5);
#401 = AXIS2_PLACEMENT_3D('',#402,#403,#404);
#402 = CARTESIAN_POINT('',(-8.5,14.722431864335,8.));
#403 = DIRECTION('',(2.413661756443E-33,1.224646799147E-16,1.));
#404 = DIRECTION('',(-0.933387722118,-0.358869558753,4.39488456438E-17)
  );
#405 = PCURVE('',#33,#406);
#406 = DEFINITIONAL_REPRESENTATION('',(#407),#415);
#407 = ( BOUNDED_CURVE() B_SPLINE_CURVE(2,(#408,#409,#410,#411,#412,#413
,#414),.UNSPECIFIED.,.T.,.F.) B_SPLINE_CURVE_WITH_KNOTS((1,2,2,2,2,1),(
    -2.094395102393,0.,2.094395102393,4.188790204786,6.28318530718,
8.377580409573),.UNSPECIFIED.) CURVE() GEOMETRIC_REPRESENTATION_ITEM() 
RATIONAL_B_SPLINE_CURVE((1.,0.5,1.,0.5,1.,0.5,1.)) REPRESENTATION_ITEM(
  '') );
#408 = CARTESIAN_POINT('',(-17.36718336012,-11.31317105618));
#409 = CARTESIAN_POINT('',(-11.46217042415,4.045241043574));
#410 = CARTESIAN_POINT('',(-1.113901851954,-8.747856218532));
#411 = CARTESIAN_POINT('',(9.234366720242,-21.54095348063));
#412 = CARTESIAN_POINT('',(-7.018914787925,-24.10626831829));
#413 = CARTESIAN_POINT('',(-23.27219629609,-26.67158315594));
#414 = CARTESIAN_POINT('',(-17.36718336012,-11.31317105618));
#415 = ( GEOMETRIC_REPRESENTATION_CONTEXT(2) 
PARAMETRIC_REPRESENTATION_CONTEXT() REPRESENTATION_CONTEXT('2D SPACE',''
  ) );
#416 = PCURVE('',#417,#422);
#417 = CYLINDRICAL_SURFACE('',#418,9.5);
#418 = AXIS2_PLACEMENT_3D('',#419,#420,#421);
#419 = CARTESIAN_POINT('',(-8.5,14.722431864335,8.));
#420 = DIRECTION('',(0.,1.224646799147E-16,1.));
#421 = DIRECTION('',(-0.5,0.866025403784,-1.060575238725E-16));
#422 = DEFINITIONAL_REPRESENTATION('',(#423),#427);
#423 = LINE('',#424,#425);
#424 = CARTESIAN_POINT('',(-4.868931261427,0.));
#425 = VECTOR('',#426,1.);
#426 = DIRECTION('',(1.,-0.));
#427 = ( GEOMETRIC_REPRESENTATION_CONTEXT(2) 
PARAMETRIC_REPRESENTATION_CONTEXT() REPRESENTATION_CONTEXT('2D SPACE',''
  ) );
#428 = ORIENTED_EDGE('',*,*,#429,.T.);
#429 = EDGE_CURVE('',#397,#430,#432,.T.);
#430 = VERTEX_POINT('',#431);
#431 = CARTESIAN_POINT('',(-27.74519052838,33.056079660839,8.));
#432 = SURFACE_CURVE('',#433,(#437,#444),.PCURVE_S1.);
#433 = LINE('',#434,#435);
#434 = CARTESIAN_POINT('',(-16.72724133595,9.972431864335,8.));
#435 = VECTOR('',#436,1.);
#436 = DIRECTION('',(-0.430753584107,0.902469583853,-1.105206487193E-16)
  );
#437 = PCURVE('',#33,#438);
#438 = DEFINITIONAL_REPRESENTATION('',(#439),#443);
#439 = LINE('',#440,#441);
#440 = CARTESIAN_POINT('',(-16.72724133595,-9.972431864335));
#441 = VECTOR('',#442,1.);
#442 = DIRECTION('',(-0.430753584107,-0.902469583853));
#443 = ( GEOMETRIC_REPRESENTATION_CONTEXT(2) 
PARAMETRIC_REPRESENTATION_CONTEXT() REPRESENTATION_CONTEXT('2D SPACE',''
  ) );
#444 = PCURVE('',#445,#450);
#445 = PLANE('',#446);
#446 = AXIS2_PLACEMENT_3D('',#447,#448,#449);
#447 = CARTESIAN_POINT('',(-16.72724133595,9.972431864335,8.));
#448 = DIRECTION('',(0.902469583853,0.430753584107,-5.275209979976E-17)
  );
#449 = DIRECTION('',(-0.430753584107,0.902469583853,-1.105206487193E-16)
  );
#450 = DEFINITIONAL_REPRESENTATION('',(#451),#455);
#451 = LINE('',#452,#453);
#452 = CARTESIAN_POINT('',(0.,0.));
#453 = VECTOR('',#454,1.);
#454 = DIRECTION('',(1.,0.));
#455 = ( GEOMETRIC_REPRESENTATION_CONTEXT(2) 
PARAMETRIC_REPRESENTATION_CONTEXT() REPRESENTATION_CONTEXT('2D SPACE',''
  ) );
#456 = ORIENTED_EDGE('',*,*,#457,.F.);
#457 = EDGE_CURVE('',#458,#430,#460,.T.);
#458 = VERTEX_POINT('',#459);
#459 = CARTESIAN_POINT('',(-14.75480947161,40.556079660839,8.));
#460 = SURFACE_CURVE('',#461,(#466,#477),.PCURVE_S1.);
#461 = CIRCLE('',#462,7.5);
#462 = AXIS2_PLACEMENT_3D('',#463,#464,#465);
#463 = CARTESIAN_POINT('',(-21.25,36.806079660839,8.));
#464 = DIRECTION('',(-3.958171220914E-33,1.224646799147E-16,1.));
#465 = DIRECTION('',(0.866025403784,0.5,-6.123233995737E-17));
#466 = PCURVE('',#33,#467);
#467 = DEFINITIONAL_REPRESENTATION('',(#468),#476);
#468 = ( BOUNDED_CURVE() B_SPLINE_CURVE(2,(#469,#470,#471,#472,#473,#474
,#475),.UNSPECIFIED.,.T.,.F.) B_SPLINE_CURVE_WITH_KNOTS((1,2,2,2,2,1),(
    -2.094395102393,0.,2.094395102393,4.188790204786,6.28318530718,
8.377580409573),.UNSPECIFIED.) CURVE() GEOMETRIC_REPRESENTATION_ITEM() 
RATIONAL_B_SPLINE_CURVE((1.,0.5,1.,0.5,1.,0.5,1.)) REPRESENTATION_ITEM(
  '') );
#469 = CARTESIAN_POINT('',(-14.75480947161,-40.55607966083));
#470 = CARTESIAN_POINT('',(-21.25,-51.80607966083));
#471 = CARTESIAN_POINT('',(-27.74519052838,-40.55607966083));
#472 = CARTESIAN_POINT('',(-34.24038105676,-29.30607966083));
#473 = CARTESIAN_POINT('',(-21.25,-29.30607966083));
#474 = CARTESIAN_POINT('',(-8.259618943233,-29.30607966083));
#475 = CARTESIAN_POINT('',(-14.75480947161,-40.55607966083));
#476 = ( GEOMETRIC_REPRESENTATION_CONTEXT(2) 
PARAMETRIC_REPRESENTATION_CONTEXT() REPRESENTATION_CONTEXT('2D SPACE',''
  ) );
#477 = PCURVE('',#478,#483);
#478 = CYLINDRICAL_SURFACE('',#479,7.5);
#479 = AXIS2_PLACEMENT_3D('',#480,#481,#482);
#480 = CARTESIAN_POINT('',(-21.25,36.806079660839,8.));
#481 = DIRECTION('',(0.,1.224646799147E-16,1.));
#482 = DIRECTION('',(-0.5,0.866025403784,-1.060575238725E-16));
#483 = DEFINITIONAL_REPRESENTATION('',(#484),#488);
#484 = LINE('',#485,#486);
#485 = CARTESIAN_POINT('',(-7.853981633974,0.));
#486 = VECTOR('',#487,1.);
#487 = DIRECTION('',(1.,-0.));
#488 = ( GEOMETRIC_REPRESENTATION_CONTEXT(2) 
PARAMETRIC_REPRESENTATION_CONTEXT() REPRESENTATION_CONTEXT('2D SPACE',''
  ) );
#489 = ORIENTED_EDGE('',*,*,#490,.T.);
#490 = EDGE_CURVE('',#458,#491,#493,.T.);
#491 = VERTEX_POINT('',#492);
#492 = CARTESIAN_POINT('',(-1.113901851954,20.697007510139,8.));
#493 = SURFACE_CURVE('',#494,(#498,#505),.PCURVE_S1.);
#494 = LINE('',#495,#496);
#495 = CARTESIAN_POINT('',(-14.75480947161,40.556079660839,8.));
#496 = VECTOR('',#497,1.);
#497 = DIRECTION('',(0.566184793706,-0.824278338534,1.009449828892E-16)
  );
#498 = PCURVE('',#33,#499);
#499 = DEFINITIONAL_REPRESENTATION('',(#500),#504);
#500 = LINE('',#501,#502);
#501 = CARTESIAN_POINT('',(-14.75480947161,-40.55607966083));
#502 = VECTOR('',#503,1.);
#503 = DIRECTION('',(0.566184793706,0.824278338534));
#504 = ( GEOMETRIC_REPRESENTATION_CONTEXT(2) 
PARAMETRIC_REPRESENTATION_CONTEXT() REPRESENTATION_CONTEXT('2D SPACE',''
  ) );
#505 = PCURVE('',#506,#511);
#506 = PLANE('',#507);
#507 = AXIS2_PLACEMENT_3D('',#508,#509,#510);
#508 = CARTESIAN_POINT('',(-14.75480947161,40.556079660839,8.));
#509 = DIRECTION('',(-0.824278338534,-0.566184793706,6.933763953377E-17)
  );
#510 = DIRECTION('',(0.566184793706,-0.824278338534,1.009449828892E-16)
  );
#511 = DEFINITIONAL_REPRESENTATION('',(#512),#516);
#512 = LINE('',#513,#514);
#513 = CARTESIAN_POINT('',(0.,0.));
#514 = VECTOR('',#515,1.);
#515 = DIRECTION('',(1.,0.));
#516 = ( GEOMETRIC_REPRESENTATION_CONTEXT(2) 
PARAMETRIC_REPRESENTATION_CONTEXT() REPRESENTATION_CONTEXT('2D SPACE',''
  ) );
#517 = ORIENTED_EDGE('',*,*,#518,.F.);
#518 = EDGE_CURVE('',#519,#491,#521,.T.);
#519 = VERTEX_POINT('',#520);
#520 = CARTESIAN_POINT('',(-1.751923409272E-02,18.999991923062,8.));
#521 = SURFACE_CURVE('',#522,(#527,#538),.PCURVE_S1.);
#522 = CIRCLE('',#523,9.5);
#523 = AXIS2_PLACEMENT_3D('',#524,#525,#526);
#524 = CARTESIAN_POINT('',(-8.5,14.722431864335,8.));
#525 = DIRECTION('',(2.413661756443E-33,1.224646799147E-16,1.));
#526 = DIRECTION('',(-0.933387722118,-0.358869558753,4.39488456438E-17)
  );
#527 = PCURVE('',#33,#528);
#528 = DEFINITIONAL_REPRESENTATION('',(#529),#537);
#529 = ( BOUNDED_CURVE() B_SPLINE_CURVE(2,(#530,#531,#532,#533,#534,#535
,#536),.UNSPECIFIED.,.T.,.F.) B_SPLINE_CURVE_WITH_KNOTS((1,2,2,2,2,1),(
    -2.094395102393,0.,2.094395102393,4.188790204786,6.28318530718,
8.377580409573),.UNSPECIFIED.) CURVE() GEOMETRIC_REPRESENTATION_ITEM() 
RATIONAL_B_SPLINE_CURVE((1.,0.5,1.,0.5,1.,0.5,1.)) REPRESENTATION_ITEM(
  '') );
#530 = CARTESIAN_POINT('',(-17.36718336012,-11.31317105618));
#531 = CARTESIAN_POINT('',(-11.46217042415,4.045241043574));
#532 = CARTESIAN_POINT('',(-1.113901851954,-8.747856218532));
#533 = CARTESIAN_POINT('',(9.234366720242,-21.54095348063));
#534 = CARTESIAN_POINT('',(-7.018914787925,-24.10626831829));
#535 = CARTESIAN_POINT('',(-23.27219629609,-26.67158315594));
#536 = CARTESIAN_POINT('',(-17.36718336012,-11.31317105618));
#537 = ( GEOMETRIC_REPRESENTATION_CONTEXT(2) 
PARAMETRIC_REPRESENTATION_CONTEXT() REPRESENTATION_CONTEXT('2D SPACE',''
  ) );
#538 = PCURVE('',#539,#544);
#539 = CYLINDRICAL_SURFACE('',#540,9.5);
#540 = AXIS2_PLACEMENT_3D('',#541,#542,#543);
#541 = CARTESIAN_POINT('',(-8.5,14.722431864335,8.));
#542 = DIRECTION('',(0.,1.224646799147E-16,1.));
#543 = DIRECTION('',(-0.5,0.866025403784,-1.060575238725E-16));
#544 = DEFINITIONAL_REPRESENTATION('',(#545),#549);
#545 = LINE('',#546,#547);
#546 = CARTESIAN_POINT('',(-4.868931261427,0.));
#547 = VECTOR('',#548,1.);
#548 = DIRECTION('',(1.,-0.));
#549 = ( GEOMETRIC_REPRESENTATION_CONTEXT(2) 
PARAMETRIC_REPRESENTATION_CONTEXT() REPRESENTATION_CONTEXT('2D SPACE',''
  ) );
#550 = ORIENTED_EDGE('',*,*,#551,.T.);
#551 = EDGE_CURVE('',#519,#24,#552,.T.);
#552 = SURFACE_CURVE('',#553,(#558,#565),.PCURVE_S1.);
#553 = CIRCLE('',#554,19.);
#554 = AXIS2_PLACEMENT_3D('',#555,#556,#557);
#555 = CARTESIAN_POINT('',(0.,0.,8.));
#556 = DIRECTION('',(0.,-1.224646799147E-16,-1.));
#557 = DIRECTION('',(1.,0.,0.));
#558 = PCURVE('',#33,#559);
#559 = DEFINITIONAL_REPRESENTATION('',(#560),#564);
#560 = CIRCLE('',#561,19.);
#561 = AXIS2_PLACEMENT_2D('',#562,#563);
#562 = CARTESIAN_POINT('',(1.727292798997E-15,-3.759188932048E-16));
#563 = DIRECTION('',(1.,0.));
#564 = ( GEOMETRIC_REPRESENTATION_CONTEXT(2) 
PARAMETRIC_REPRESENTATION_CONTEXT() REPRESENTATION_CONTEXT('2D SPACE',''
  ) );
#565 = PCURVE('',#566,#571);
#566 = CYLINDRICAL_SURFACE('',#567,19.);
#567 = AXIS2_PLACEMENT_3D('',#568,#569,#570);
#568 = CARTESIAN_POINT('',(0.,0.,8.));
#569 = DIRECTION('',(-0.,1.224646799147E-16,1.));
#570 = DIRECTION('',(1.,0.,0.));
#571 = DEFINITIONAL_REPRESENTATION('',(#572),#576);
#572 = LINE('',#573,#574);
#573 = CARTESIAN_POINT('',(-0.,0.));
#574 = VECTOR('',#575,1.);
#575 = DIRECTION('',(-1.,0.));
#576 = ( GEOMETRIC_REPRESENTATION_CONTEXT(2) 
PARAMETRIC_REPRESENTATION_CONTEXT() REPRESENTATION_CONTEXT('2D SPACE',''
  ) );
#577 = FACE_BOUND('',#578,.F.);
#578 = EDGE_LOOP('',(#579,#609,#642,#675,#708,#736,#769,#797,#830,#863,
    #896,#924,#957,#985,#1018,#1051,#1084,#1112));
#579 = ORIENTED_EDGE('',*,*,#580,.T.);
#580 = EDGE_CURVE('',#581,#583,#585,.T.);
#581 = VERTEX_POINT('',#582);
#582 = CARTESIAN_POINT('',(42.5,5.95,8.));
#583 = VERTEX_POINT('',#584);
#584 = CARTESIAN_POINT('',(18.239434466947,7.852789453573,8.));
#585 = SURFACE_CURVE('',#586,(#590,#597),.PCURVE_S1.);
#586 = LINE('',#587,#588);
#587 = CARTESIAN_POINT('',(8.861826518915,8.588288116164,8.));
#588 = VECTOR('',#589,1.);
#589 = DIRECTION('',(-0.996938377813,7.819124531863E-02,
    -9.575665830081E-18));
#590 = PCURVE('',#33,#591);
#591 = DEFINITIONAL_REPRESENTATION('',(#592),#596);
#592 = LINE('',#593,#594);
#593 = CARTESIAN_POINT('',(8.861826518915,-8.588288116164));
#594 = VECTOR('',#595,1.);
#595 = DIRECTION('',(-0.996938377813,-7.819124531863E-02));
#596 = ( GEOMETRIC_REPRESENTATION_CONTEXT(2) 
PARAMETRIC_REPRESENTATION_CONTEXT() REPRESENTATION_CONTEXT('2D SPACE',''
  ) );
#597 = PCURVE('',#598,#603);
#598 = PLANE('',#599);
#599 = AXIS2_PLACEMENT_3D('',#600,#601,#602);
#600 = CARTESIAN_POINT('',(17.,7.95,8.05));
#601 = DIRECTION('',(-7.819124531863E-02,-0.996938377813,
    1.220897393335E-16));
#602 = DIRECTION('',(0.996938377813,-7.819124531863E-02,
    9.575665830081E-18));
#603 = DEFINITIONAL_REPRESENTATION('',(#604),#608);
#604 = LINE('',#605,#606);
#605 = CARTESIAN_POINT('',(-8.163166011265,-5.E-02));
#606 = VECTOR('',#607,1.);
#607 = DIRECTION('',(-1.,0.));
#608 = ( GEOMETRIC_REPRESENTATION_CONTEXT(2) 
PARAMETRIC_REPRESENTATION_CONTEXT() REPRESENTATION_CONTEXT('2D SPACE',''
  ) );
#609 = ORIENTED_EDGE('',*,*,#610,.T.);
#610 = EDGE_CURVE('',#583,#611,#613,.T.);
#611 = VERTEX_POINT('',#612);
#612 = CARTESIAN_POINT('',(14.551691176471,7.563615795678,8.));
#613 = SURFACE_CURVE('',#614,(#619,#630),.PCURVE_S1.);
#614 = CIRCLE('',#615,7.95);
#615 = AXIS2_PLACEMENT_3D('',#616,#617,#618);
#616 = CARTESIAN_POINT('',(17.,0.,8.));
#617 = DIRECTION('',(-0.,1.224646799147E-16,1.));
#618 = DIRECTION('',(1.,0.,0.));
#619 = PCURVE('',#33,#620);
#620 = DEFINITIONAL_REPRESENTATION('',(#621),#629);
#621 = ( BOUNDED_CURVE() B_SPLINE_CURVE(2,(#622,#623,#624,#625,#626,#627
,#628),.UNSPECIFIED.,.T.,.F.) B_SPLINE_CURVE_WITH_KNOTS((1,2,2,2,2,1),(
    -2.094395102393,0.,2.094395102393,4.188790204786,6.28318530718,
8.377580409573),.UNSPECIFIED.) CURVE() GEOMETRIC_REPRESENTATION_ITEM() 
RATIONAL_B_SPLINE_CURVE((1.,0.5,1.,0.5,1.,0.5,1.)) REPRESENTATION_ITEM(
  '') );
#622 = CARTESIAN_POINT('',(24.95,-3.759188932048E-16));
#623 = CARTESIAN_POINT('',(24.95,-13.76980392017));
#624 = CARTESIAN_POINT('',(13.025,-6.884901960086));
#625 = CARTESIAN_POINT('',(1.1,-2.323107303849E-15));
#626 = CARTESIAN_POINT('',(13.025,6.884901960086));
#627 = CARTESIAN_POINT('',(24.95,13.769803920173));
#628 = CARTESIAN_POINT('',(24.95,-3.759188932048E-16));
#629 = ( GEOMETRIC_REPRESENTATION_CONTEXT(2) 
PARAMETRIC_REPRESENTATION_CONTEXT() REPRESENTATION_CONTEXT('2D SPACE',''
  ) );
#630 = PCURVE('',#631,#636);
#631 = CYLINDRICAL_SURFACE('',#632,7.95);
#632 = AXIS2_PLACEMENT_3D('',#633,#634,#635);
#633 = CARTESIAN_POINT('',(17.,6.123233995737E-18,8.05));
#634 = DIRECTION('',(-0.,1.224646799147E-16,1.));
#635 = DIRECTION('',(1.,0.,0.));
#636 = DEFINITIONAL_REPRESENTATION('',(#637),#641);
#637 = LINE('',#638,#639);
#638 = CARTESIAN_POINT('',(-6.28318530718,-5.E-02));
#639 = VECTOR('',#640,1.);
#640 = DIRECTION('',(1.,-0.));
#641 = ( GEOMETRIC_REPRESENTATION_CONTEXT(2) 
PARAMETRIC_REPRESENTATION_CONTEXT() REPRESENTATION_CONTEXT('2D SPACE',''
  ) );
#642 = ORIENTED_EDGE('',*,*,#643,.T.);
#643 = EDGE_CURVE('',#611,#644,#646,.T.);
#644 = VERTEX_POINT('',#645);
#645 = CARTESIAN_POINT('',(-0.725562164713,16.383942124688,8.));
#646 = SURFACE_CURVE('',#647,(#652,#663),.PCURVE_S1.);
#647 = CIRCLE('',#648,16.4);
#648 = AXIS2_PLACEMENT_3D('',#649,#650,#651);
#649 = CARTESIAN_POINT('',(0.,0.,8.));
#650 = DIRECTION('',(-0.,1.224646799147E-16,1.));
#651 = DIRECTION('',(1.,0.,0.));
#652 = PCURVE('',#33,#653);
#653 = DEFINITIONAL_REPRESENTATION('',(#654),#662);
#654 = ( BOUNDED_CURVE() B_SPLINE_CURVE(2,(#655,#656,#657,#658,#659,#660
,#661),.UNSPECIFIED.,.T.,.F.) B_SPLINE_CURVE_WITH_KNOTS((1,2,2,2,2,1),(
    -2.094395102393,0.,2.094395102393,4.188790204786,6.28318530718,
8.377580409573),.UNSPECIFIED.) CURVE() GEOMETRIC_REPRESENTATION_ITEM() 
RATIONAL_B_SPLINE_CURVE((1.,0.5,1.,0.5,1.,0.5,1.)) REPRESENTATION_ITEM(
  '') );
#655 = CARTESIAN_POINT('',(16.4,-3.759188932048E-16));
#656 = CARTESIAN_POINT('',(16.4,-28.40563324413));
#657 = CARTESIAN_POINT('',(-8.2,-14.20281662206));
#658 = CARTESIAN_POINT('',(-32.8,-4.392760394408E-15));
#659 = CARTESIAN_POINT('',(-8.2,14.202816622065));
#660 = CARTESIAN_POINT('',(16.4,28.40563324413));
#661 = CARTESIAN_POINT('',(16.4,-3.759188932048E-16));
#662 = ( GEOMETRIC_REPRESENTATION_CONTEXT(2) 
PARAMETRIC_REPRESENTATION_CONTEXT() REPRESENTATION_CONTEXT('2D SPACE',''
  ) );
#663 = PCURVE('',#664,#669);
#664 = CYLINDRICAL_SURFACE('',#665,16.4);
#665 = AXIS2_PLACEMENT_3D('',#666,#667,#668);
#666 = CARTESIAN_POINT('',(0.,6.123233995737E-18,8.05));
#667 = DIRECTION('',(-0.,1.224646799147E-16,1.));
#668 = DIRECTION('',(1.,0.,0.));
#669 = DEFINITIONAL_REPRESENTATION('',(#670),#674);
#670 = LINE('',#671,#672);
#671 = CARTESIAN_POINT('',(-6.28318530718,-5.E-02));
#672 = VECTOR('',#673,1.);
#673 = DIRECTION('',(1.,-0.));
#674 = ( GEOMETRIC_REPRESENTATION_CONTEXT(2) 
PARAMETRIC_REPRESENTATION_CONTEXT() REPRESENTATION_CONTEXT('2D SPACE',''
  ) );
#675 = ORIENTED_EDGE('',*,*,#676,.T.);
#676 = EDGE_CURVE('',#644,#677,#679,.T.);
#677 = VERTEX_POINT('',#678);
#678 = CARTESIAN_POINT('',(-2.319002076109,19.722208325824,8.));
#679 = SURFACE_CURVE('',#680,(#685,#696),.PCURVE_S1.);
#680 = CIRCLE('',#681,7.95);
#681 = AXIS2_PLACEMENT_3D('',#682,#683,#684);
#682 = CARTESIAN_POINT('',(-8.5,14.722431864335,8.));
#683 = DIRECTION('',(-5.750875869077E-33,1.224646799147E-16,1.));
#684 = DIRECTION('',(-0.5,0.866025403784,-1.060575238725E-16));
#685 = PCURVE('',#33,#686);
#686 = DEFINITIONAL_REPRESENTATION('',(#687),#695);
#687 = ( BOUNDED_CURVE() B_SPLINE_CURVE(2,(#688,#689,#690,#691,#692,#693
,#694),.UNSPECIFIED.,.T.,.F.) B_SPLINE_CURVE_WITH_KNOTS((1,2,2,2,2,1),(
    -2.094395102393,0.,2.094395102393,4.188790204786,6.28318530718,
8.377580409573),.UNSPECIFIED.) CURVE() GEOMETRIC_REPRESENTATION_ITEM() 
RATIONAL_B_SPLINE_CURVE((1.,0.5,1.,0.5,1.,0.5,1.)) REPRESENTATION_ITEM(
  '') );
#688 = CARTESIAN_POINT('',(-12.475,-21.60733382442));
#689 = CARTESIAN_POINT('',(-24.4,-14.72243186433));
#690 = CARTESIAN_POINT('',(-12.475,-7.837529904249));
#691 = CARTESIAN_POINT('',(-0.55,-0.952627944163));
#692 = CARTESIAN_POINT('',(-0.55,-14.72243186433));
#693 = CARTESIAN_POINT('',(-0.55,-28.4922357845));
#694 = CARTESIAN_POINT('',(-12.475,-21.60733382442));
#695 = ( GEOMETRIC_REPRESENTATION_CONTEXT(2) 
PARAMETRIC_REPRESENTATION_CONTEXT() REPRESENTATION_CONTEXT('2D SPACE',''
  ) );
#696 = PCURVE('',#697,#702);
#697 = CYLINDRICAL_SURFACE('',#698,7.95);
#698 = AXIS2_PLACEMENT_3D('',#699,#700,#701);
#699 = CARTESIAN_POINT('',(-8.5,14.722431864335,8.05));
#700 = DIRECTION('',(0.,1.224646799147E-16,1.));
#701 = DIRECTION('',(-0.5,0.866025403784,-1.060575238725E-16));
#702 = DEFINITIONAL_REPRESENTATION('',(#703),#707);
#703 = LINE('',#704,#705);
#704 = CARTESIAN_POINT('',(-6.28318530718,-5.E-02));
#705 = VECTOR('',#706,1.);
#706 = DIRECTION('',(1.,-0.));
#707 = ( GEOMETRIC_REPRESENTATION_CONTEXT(2) 
PARAMETRIC_REPRESENTATION_CONTEXT() REPRESENTATION_CONTEXT('2D SPACE',''
  ) );
#708 = ORIENTED_EDGE('',*,*,#709,.T.);
#709 = EDGE_CURVE('',#677,#710,#712,.T.);
#710 = VERTEX_POINT('',#711);
#711 = CARTESIAN_POINT('',(-16.09714884748,39.781079660839,8.));
#712 = SURFACE_CURVE('',#713,(#717,#724),.PCURVE_S1.);
#713 = LINE('',#714,#715);
#714 = CARTESIAN_POINT('',(-4.234262979624,22.510534845644,8.));
#715 = VECTOR('',#716,1.);
#716 = DIRECTION('',(-0.566184793706,0.824278338534,-1.009449828892E-16)
  );
#717 = PCURVE('',#33,#718);
#718 = DEFINITIONAL_REPRESENTATION('',(#719),#723);
#719 = LINE('',#720,#721);
#720 = CARTESIAN_POINT('',(-4.234262979624,-22.51053484564));
#721 = VECTOR('',#722,1.);
#722 = DIRECTION('',(-0.566184793706,-0.824278338534));
#723 = ( GEOMETRIC_REPRESENTATION_CONTEXT(2) 
PARAMETRIC_REPRESENTATION_CONTEXT() REPRESENTATION_CONTEXT('2D SPACE',''
  ) );
#724 = PCURVE('',#725,#730);
#725 = PLANE('',#726);
#726 = AXIS2_PLACEMENT_3D('',#727,#728,#729);
#727 = CARTESIAN_POINT('',(-16.09714884748,39.781079660839,8.05));
#728 = DIRECTION('',(-0.824278338534,-0.566184793706,6.933763953377E-17)
  );
#729 = DIRECTION('',(0.566184793706,-0.824278338534,1.009449828892E-16)
  );
#730 = DEFINITIONAL_REPRESENTATION('',(#731),#735);
#731 = LINE('',#732,#733);
#732 = CARTESIAN_POINT('',(20.952321573694,-5.E-02));
#733 = VECTOR('',#734,1.);
#734 = DIRECTION('',(-1.,0.));
#735 = ( GEOMETRIC_REPRESENTATION_CONTEXT(2) 
PARAMETRIC_REPRESENTATION_CONTEXT() REPRESENTATION_CONTEXT('2D SPACE',''
  ) );
#736 = ORIENTED_EDGE('',*,*,#737,.T.);
#737 = EDGE_CURVE('',#710,#738,#740,.T.);
#738 = VERTEX_POINT('',#739);
#739 = CARTESIAN_POINT('',(-26.40285115251,33.831079660839,8.));
#740 = SURFACE_CURVE('',#741,(#746,#757),.PCURVE_S1.);
#741 = CIRCLE('',#742,5.95);
#742 = AXIS2_PLACEMENT_3D('',#743,#744,#745);
#743 = CARTESIAN_POINT('',(-21.25,36.806079660839,8.));
#744 = DIRECTION('',(-5.750875869077E-33,1.224646799147E-16,1.));
#745 = DIRECTION('',(-0.5,0.866025403784,-1.060575238725E-16));
#746 = PCURVE('',#33,#747);
#747 = DEFINITIONAL_REPRESENTATION('',(#748),#756);
#748 = ( BOUNDED_CURVE() B_SPLINE_CURVE(2,(#749,#750,#751,#752,#753,#754
,#755),.UNSPECIFIED.,.T.,.F.) B_SPLINE_CURVE_WITH_KNOTS((1,2,2,2,2,1),(
    -2.094395102393,0.,2.094395102393,4.188790204786,6.28318530718,
8.377580409573),.UNSPECIFIED.) CURVE() GEOMETRIC_REPRESENTATION_ITEM() 
RATIONAL_B_SPLINE_CURVE((1.,0.5,1.,0.5,1.,0.5,1.)) REPRESENTATION_ITEM(
  '') );
#749 = CARTESIAN_POINT('',(-24.225,-41.95893081335));
#750 = CARTESIAN_POINT('',(-33.15,-36.80607966083));
#751 = CARTESIAN_POINT('',(-24.225,-31.65322850832));
#752 = CARTESIAN_POINT('',(-15.3,-26.5003773558));
#753 = CARTESIAN_POINT('',(-15.3,-36.80607966083));
#754 = CARTESIAN_POINT('',(-15.3,-47.11178196587));
#755 = CARTESIAN_POINT('',(-24.225,-41.95893081335));
#756 = ( GEOMETRIC_REPRESENTATION_CONTEXT(2) 
PARAMETRIC_REPRESENTATION_CONTEXT() REPRESENTATION_CONTEXT('2D SPACE',''
  ) );
#757 = PCURVE('',#758,#763);
#758 = CYLINDRICAL_SURFACE('',#759,5.95);
#759 = AXIS2_PLACEMENT_3D('',#760,#761,#762);
#760 = CARTESIAN_POINT('',(-21.25,36.806079660839,8.05));
#761 = DIRECTION('',(0.,1.224646799147E-16,1.));
#762 = DIRECTION('',(-0.5,0.866025403784,-1.060575238725E-16));
#763 = DEFINITIONAL_REPRESENTATION('',(#764),#768);
#764 = LINE('',#765,#766);
#765 = CARTESIAN_POINT('',(-12.56637061435,-5.E-02));
#766 = VECTOR('',#767,1.);
#767 = DIRECTION('',(1.,-0.));
#768 = ( GEOMETRIC_REPRESENTATION_CONTEXT(2) 
PARAMETRIC_REPRESENTATION_CONTEXT() REPRESENTATION_CONTEXT('2D SPACE',''
  ) );
#769 = ORIENTED_EDGE('',*,*,#770,.T.);
#770 = EDGE_CURVE('',#738,#771,#773,.T.);
#771 = VERTEX_POINT('',#772);
#772 = CARTESIAN_POINT('',(-15.92043239083,11.869418872251,8.));
#773 = SURFACE_CURVE('',#774,(#778,#785),.PCURVE_S1.);
#774 = LINE('',#775,#776);
#775 = CARTESIAN_POINT('',(-11.86858894307,3.380422831229,8.));
#776 = VECTOR('',#777,1.);
#777 = DIRECTION('',(0.430753584107,-0.902469583853,1.105206487193E-16)
  );
#778 = PCURVE('',#33,#779);
#779 = DEFINITIONAL_REPRESENTATION('',(#780),#784);
#780 = LINE('',#781,#782);
#781 = CARTESIAN_POINT('',(-11.86858894307,-3.380422831229));
#782 = VECTOR('',#783,1.);
#783 = DIRECTION('',(0.430753584107,0.902469583853));
#784 = ( GEOMETRIC_REPRESENTATION_CONTEXT(2) 
PARAMETRIC_REPRESENTATION_CONTEXT() REPRESENTATION_CONTEXT('2D SPACE',''
  ) );
#785 = PCURVE('',#786,#791);
#786 = PLANE('',#787);
#787 = AXIS2_PLACEMENT_3D('',#788,#789,#790);
#788 = CARTESIAN_POINT('',(-15.38490196008,10.747431864335,8.05));
#789 = DIRECTION('',(0.902469583853,0.430753584107,-5.275209979976E-17)
  );
#790 = DIRECTION('',(-0.430753584107,0.902469583853,-1.105206487193E-16)
  );
#791 = DEFINITIONAL_REPRESENTATION('',(#792),#796);
#792 = LINE('',#793,#794);
#793 = CARTESIAN_POINT('',(-8.163166011265,-5.E-02));
#794 = VECTOR('',#795,1.);
#795 = DIRECTION('',(-1.,0.));
#796 = ( GEOMETRIC_REPRESENTATION_CONTEXT(2) 
PARAMETRIC_REPRESENTATION_CONTEXT() REPRESENTATION_CONTEXT('2D SPACE',''
  ) );
#797 = ORIENTED_EDGE('',*,*,#798,.T.);
#798 = EDGE_CURVE('',#771,#799,#801,.T.);
#799 = VERTEX_POINT('',#800);
#800 = CARTESIAN_POINT('',(-13.82612901175,8.82032632901,8.));
#801 = SURFACE_CURVE('',#802,(#807,#818),.PCURVE_S1.);
#802 = CIRCLE('',#803,7.95);
#803 = AXIS2_PLACEMENT_3D('',#804,#805,#806);
#804 = CARTESIAN_POINT('',(-8.5,14.722431864335,8.));
#805 = DIRECTION('',(-5.750875869077E-33,1.224646799147E-16,1.));
#806 = DIRECTION('',(-0.5,0.866025403784,-1.060575238725E-16));
#807 = PCURVE('',#33,#808);
#808 = DEFINITIONAL_REPRESENTATION('',(#809),#817);
#809 = ( BOUNDED_CURVE() B_SPLINE_CURVE(2,(#810,#811,#812,#813,#814,#815
,#816),.UNSPECIFIED.,.T.,.F.) B_SPLINE_CURVE_WITH_KNOTS((1,2,2,2,2,1),(
    -2.094395102393,0.,2.094395102393,4.188790204786,6.28318530718,
8.377580409573),.UNSPECIFIED.) CURVE() GEOMETRIC_REPRESENTATION_ITEM() 
RATIONAL_B_SPLINE_CURVE((1.,0.5,1.,0.5,1.,0.5,1.)) REPRESENTATION_ITEM(
  '') );
#810 = CARTESIAN_POINT('',(-12.475,-21.60733382442));
#811 = CARTESIAN_POINT('',(-24.4,-14.72243186433));
#812 = CARTESIAN_POINT('',(-12.475,-7.837529904249));
#813 = CARTESIAN_POINT('',(-0.55,-0.952627944163));
#814 = CARTESIAN_POINT('',(-0.55,-14.72243186433));
#815 = CARTESIAN_POINT('',(-0.55,-28.4922357845));
#816 = CARTESIAN_POINT('',(-12.475,-21.60733382442));
#817 = ( GEOMETRIC_REPRESENTATION_CONTEXT(2) 
PARAMETRIC_REPRESENTATION_CONTEXT() REPRESENTATION_CONTEXT('2D SPACE',''
  ) );
#818 = PCURVE('',#819,#824);
#819 = CYLINDRICAL_SURFACE('',#820,7.95);
#820 = AXIS2_PLACEMENT_3D('',#821,#822,#823);
#821 = CARTESIAN_POINT('',(-8.5,14.722431864335,8.05));
#822 = DIRECTION('',(0.,1.224646799147E-16,1.));
#823 = DIRECTION('',(-0.5,0.866025403784,-1.060575238725E-16));
#824 = DEFINITIONAL_REPRESENTATION('',(#825),#829);
#825 = LINE('',#826,#827);
#826 = CARTESIAN_POINT('',(-6.28318530718,-5.E-02));
#827 = VECTOR('',#828,1.);
#828 = DIRECTION('',(1.,-0.));
#829 = ( GEOMETRIC_REPRESENTATION_CONTEXT(2) 
PARAMETRIC_REPRESENTATION_CONTEXT() REPRESENTATION_CONTEXT('2D SPACE',''
  ) );
#830 = ORIENTED_EDGE('',*,*,#831,.T.);
#831 = EDGE_CURVE('',#799,#832,#834,.T.);
#832 = VERTEX_POINT('',#833);
#833 = CARTESIAN_POINT('',(-13.82612901175,-8.82032632901,8.));
#834 = SURFACE_CURVE('',#835,(#840,#851),.PCURVE_S1.);
#835 = CIRCLE('',#836,16.4);
#836 = AXIS2_PLACEMENT_3D('',#837,#838,#839);
#837 = CARTESIAN_POINT('',(0.,0.,8.));
#838 = DIRECTION('',(-0.,1.224646799147E-16,1.));
#839 = DIRECTION('',(1.,0.,0.));
#840 = PCURVE('',#33,#841);
#841 = DEFINITIONAL_REPRESENTATION('',(#842),#850);
#842 = ( BOUNDED_CURVE() B_SPLINE_CURVE(2,(#843,#844,#845,#846,#847,#848
,#849),.UNSPECIFIED.,.T.,.F.) B_SPLINE_CURVE_WITH_KNOTS((1,2,2,2,2,1),(
    -2.094395102393,0.,2.094395102393,4.188790204786,6.28318530718,
8.377580409573),.UNSPECIFIED.) CURVE() GEOMETRIC_REPRESENTATION_ITEM() 
RATIONAL_B_SPLINE_CURVE((1.,0.5,1.,0.5,1.,0.5,1.)) REPRESENTATION_ITEM(
  '') );
#843 = CARTESIAN_POINT('',(16.4,-3.759188932048E-16));
#844 = CARTESIAN_POINT('',(16.4,-28.40563324413));
#845 = CARTESIAN_POINT('',(-8.2,-14.20281662206));
#846 = CARTESIAN_POINT('',(-32.8,-4.392760394408E-15));
#847 = CARTESIAN_POINT('',(-8.2,14.202816622065));
#848 = CARTESIAN_POINT('',(16.4,28.40563324413));
#849 = CARTESIAN_POINT('',(16.4,-3.759188932048E-16));
#850 = ( GEOMETRIC_REPRESENTATION_CONTEXT(2) 
PARAMETRIC_REPRESENTATION_CONTEXT() REPRESENTATION_CONTEXT('2D SPACE',''
  ) );
#851 = PCURVE('',#852,#857);
#852 = CYLINDRICAL_SURFACE('',#853,16.4);
#853 = AXIS2_PLACEMENT_3D('',#854,#855,#856);
#854 = CARTESIAN_POINT('',(0.,6.123233995737E-18,8.05));
#855 = DIRECTION('',(-0.,1.224646799147E-16,1.));
#856 = DIRECTION('',(1.,0.,0.));
#857 = DEFINITIONAL_REPRESENTATION('',(#858),#862);
#858 = LINE('',#859,#860);
#859 = CARTESIAN_POINT('',(-6.28318530718,-5.E-02));
#860 = VECTOR('',#861,1.);
#861 = DIRECTION('',(1.,-0.));
#862 = ( GEOMETRIC_REPRESENTATION_CONTEXT(2) 
PARAMETRIC_REPRESENTATION_CONTEXT() REPRESENTATION_CONTEXT('2D SPACE',''
  ) );
#863 = ORIENTED_EDGE('',*,*,#864,.T.);
#864 = EDGE_CURVE('',#832,#865,#867,.T.);
#865 = VERTEX_POINT('',#866);
#866 = CARTESIAN_POINT('',(-15.92043239083,-11.86941887225,8.));
#867 = SURFACE_CURVE('',#868,(#873,#884),.PCURVE_S1.);
#868 = CIRCLE('',#869,7.95);
#869 = AXIS2_PLACEMENT_3D('',#870,#871,#872);
#870 = CARTESIAN_POINT('',(-8.5,-14.72243186433,8.));
#871 = DIRECTION('',(5.627922965446E-33,1.224646799147E-16,1.));
#872 = DIRECTION('',(-0.5,-0.866025403784,1.060575238725E-16));
#873 = PCURVE('',#33,#874);
#874 = DEFINITIONAL_REPRESENTATION('',(#875),#883);
#875 = ( BOUNDED_CURVE() B_SPLINE_CURVE(2,(#876,#877,#878,#879,#880,#881
,#882),.UNSPECIFIED.,.T.,.F.) B_SPLINE_CURVE_WITH_KNOTS((1,2,2,2,2,1),(
    -2.094395102393,0.,2.094395102393,4.188790204786,6.28318530718,
8.377580409573),.UNSPECIFIED.) CURVE() GEOMETRIC_REPRESENTATION_ITEM() 
RATIONAL_B_SPLINE_CURVE((1.,0.5,1.,0.5,1.,0.5,1.)) REPRESENTATION_ITEM(
  '') );
#876 = CARTESIAN_POINT('',(-12.475,21.607333824422));
#877 = CARTESIAN_POINT('',(-0.55,28.492235784508));
#878 = CARTESIAN_POINT('',(-0.55,14.722431864335));
#879 = CARTESIAN_POINT('',(-0.55,0.952627944163));
#880 = CARTESIAN_POINT('',(-12.475,7.837529904249));
#881 = CARTESIAN_POINT('',(-24.4,14.722431864335));
#882 = CARTESIAN_POINT('',(-12.475,21.607333824422));
#883 = ( GEOMETRIC_REPRESENTATION_CONTEXT(2) 
PARAMETRIC_REPRESENTATION_CONTEXT() REPRESENTATION_CONTEXT('2D SPACE',''
  ) );
#884 = PCURVE('',#885,#890);
#885 = CYLINDRICAL_SURFACE('',#886,7.95);
#886 = AXIS2_PLACEMENT_3D('',#887,#888,#889);
#887 = CARTESIAN_POINT('',(-8.5,-14.72243186433,8.05));
#888 = DIRECTION('',(0.,1.224646799147E-16,1.));
#889 = DIRECTION('',(-0.5,-0.866025403784,1.060575238725E-16));
#890 = DEFINITIONAL_REPRESENTATION('',(#891),#895);
#891 = LINE('',#892,#893);
#892 = CARTESIAN_POINT('',(-6.28318530718,-5.E-02));
#893 = VECTOR('',#894,1.);
#894 = DIRECTION('',(1.,-0.));
#895 = ( GEOMETRIC_REPRESENTATION_CONTEXT(2) 
PARAMETRIC_REPRESENTATION_CONTEXT() REPRESENTATION_CONTEXT('2D SPACE',''
  ) );
#896 = ORIENTED_EDGE('',*,*,#897,.T.);
#897 = EDGE_CURVE('',#865,#898,#900,.T.);
#898 = VERTEX_POINT('',#899);
#899 = CARTESIAN_POINT('',(-26.40285115251,-33.83107966083,8.));
#900 = SURFACE_CURVE('',#901,(#905,#912),.PCURVE_S1.);
#901 = LINE('',#902,#903);
#902 = CARTESIAN_POINT('',(-17.37756353929,-14.92224672948,8.));
#903 = VECTOR('',#904,1.);
#904 = DIRECTION('',(-0.430753584107,-0.902469583853,1.105206487193E-16)
  );
#905 = PCURVE('',#33,#906);
#906 = DEFINITIONAL_REPRESENTATION('',(#907),#911);
#907 = LINE('',#908,#909);
#908 = CARTESIAN_POINT('',(-17.37756353929,14.922246729481));
#909 = VECTOR('',#910,1.);
#910 = DIRECTION('',(-0.430753584107,0.902469583853));
#911 = ( GEOMETRIC_REPRESENTATION_CONTEXT(2) 
PARAMETRIC_REPRESENTATION_CONTEXT() REPRESENTATION_CONTEXT('2D SPACE',''
  ) );
#912 = PCURVE('',#913,#918);
#913 = PLANE('',#914);
#914 = AXIS2_PLACEMENT_3D('',#915,#916,#917);
#915 = CARTESIAN_POINT('',(-26.40285115251,-33.83107966083,8.05));
#916 = DIRECTION('',(0.902469583853,-0.430753584107,5.275209979976E-17)
  );
#917 = DIRECTION('',(0.430753584107,0.902469583853,-1.105206487193E-16)
  );
#918 = DEFINITIONAL_REPRESENTATION('',(#919),#923);
#919 = LINE('',#920,#921);
#920 = CARTESIAN_POINT('',(20.952321573694,-5.E-02));
#921 = VECTOR('',#922,1.);
#922 = DIRECTION('',(-1.,0.));
#923 = ( GEOMETRIC_REPRESENTATION_CONTEXT(2) 
PARAMETRIC_REPRESENTATION_CONTEXT() REPRESENTATION_CONTEXT('2D SPACE',''
  ) );
#924 = ORIENTED_EDGE('',*,*,#925,.T.);
#925 = EDGE_CURVE('',#898,#926,#928,.T.);
#926 = VERTEX_POINT('',#927);
#927 = CARTESIAN_POINT('',(-16.09714884748,-39.78107966083,8.));
#928 = SURFACE_CURVE('',#929,(#934,#945),.PCURVE_S1.);
#929 = CIRCLE('',#930,5.95);
#930 = AXIS2_PLACEMENT_3D('',#931,#932,#933);
#931 = CARTESIAN_POINT('',(-21.25,-36.80607966083,8.));
#932 = DIRECTION('',(5.627922965446E-33,1.224646799147E-16,1.));
#933 = DIRECTION('',(-0.5,-0.866025403784,1.060575238725E-16));
#934 = PCURVE('',#33,#935);
#935 = DEFINITIONAL_REPRESENTATION('',(#936),#944);
#936 = ( BOUNDED_CURVE() B_SPLINE_CURVE(2,(#937,#938,#939,#940,#941,#942
,#943),.UNSPECIFIED.,.T.,.F.) B_SPLINE_CURVE_WITH_KNOTS((1,2,2,2,2,1),(
    -2.094395102393,0.,2.094395102393,4.188790204786,6.28318530718,
8.377580409573),.UNSPECIFIED.) CURVE() GEOMETRIC_REPRESENTATION_ITEM() 
RATIONAL_B_SPLINE_CURVE((1.,0.5,1.,0.5,1.,0.5,1.)) REPRESENTATION_ITEM(
  '') );
#937 = CARTESIAN_POINT('',(-24.225,41.958930813356));
#938 = CARTESIAN_POINT('',(-15.3,47.111781965873));
#939 = CARTESIAN_POINT('',(-15.3,36.806079660839));
#940 = CARTESIAN_POINT('',(-15.3,26.500377355804));
#941 = CARTESIAN_POINT('',(-24.225,31.653228508321));
#942 = CARTESIAN_POINT('',(-33.15,36.806079660839));
#943 = CARTESIAN_POINT('',(-24.225,41.958930813356));
#944 = ( GEOMETRIC_REPRESENTATION_CONTEXT(2) 
PARAMETRIC_REPRESENTATION_CONTEXT() REPRESENTATION_CONTEXT('2D SPACE',''
  ) );
#945 = PCURVE('',#946,#951);
#946 = CYLINDRICAL_SURFACE('',#947,5.95);
#947 = AXIS2_PLACEMENT_3D('',#948,#949,#950);
#948 = CARTESIAN_POINT('',(-21.25,-36.80607966083,8.05));
#949 = DIRECTION('',(0.,1.224646799147E-16,1.));
#950 = DIRECTION('',(-0.5,-0.866025403784,1.060575238725E-16));
#951 = DEFINITIONAL_REPRESENTATION('',(#952),#956);
#952 = LINE('',#953,#954);
#953 = CARTESIAN_POINT('',(-12.56637061435,-5.E-02));
#954 = VECTOR('',#955,1.);
#955 = DIRECTION('',(1.,-0.));
#956 = ( GEOMETRIC_REPRESENTATION_CONTEXT(2) 
PARAMETRIC_REPRESENTATION_CONTEXT() REPRESENTATION_CONTEXT('2D SPACE',''
  ) );
#957 = ORIENTED_EDGE('',*,*,#958,.T.);
#958 = EDGE_CURVE('',#926,#959,#961,.T.);
#959 = VERTEX_POINT('',#960);
#960 = CARTESIAN_POINT('',(-2.319002076109,-19.72220832582,8.));
#961 = SURFACE_CURVE('',#962,(#966,#973),.PCURVE_S1.);
#962 = LINE('',#963,#964);
#963 = CARTESIAN_POINT('',(3.00676242416,-11.96871094739,8.));
#964 = VECTOR('',#965,1.);
#965 = DIRECTION('',(0.566184793706,0.824278338534,-1.009449828892E-16)
  );
#966 = PCURVE('',#33,#967);
#967 = DEFINITIONAL_REPRESENTATION('',(#968),#972);
#968 = LINE('',#969,#970);
#969 = CARTESIAN_POINT('',(3.00676242416,11.968710947393));
#970 = VECTOR('',#971,1.);
#971 = DIRECTION('',(0.566184793706,-0.824278338534));
#972 = ( GEOMETRIC_REPRESENTATION_CONTEXT(2) 
PARAMETRIC_REPRESENTATION_CONTEXT() REPRESENTATION_CONTEXT('2D SPACE',''
  ) );
#973 = PCURVE('',#974,#979);
#974 = PLANE('',#975);
#975 = AXIS2_PLACEMENT_3D('',#976,#977,#978);
#976 = CARTESIAN_POINT('',(-1.615098039914,-18.69743186433,8.05));
#977 = DIRECTION('',(-0.824278338534,0.566184793706,-6.933763953377E-17)
  );
#978 = DIRECTION('',(-0.566184793706,-0.824278338534,1.009449828892E-16)
  );
#979 = DEFINITIONAL_REPRESENTATION('',(#980),#984);
#980 = LINE('',#981,#982);
#981 = CARTESIAN_POINT('',(-8.163166011265,-5.E-02));
#982 = VECTOR('',#983,1.);
#983 = DIRECTION('',(-1.,0.));
#984 = ( GEOMETRIC_REPRESENTATION_CONTEXT(2) 
PARAMETRIC_REPRESENTATION_CONTEXT() REPRESENTATION_CONTEXT('2D SPACE',''
  ) );
#985 = ORIENTED_EDGE('',*,*,#986,.T.);
#986 = EDGE_CURVE('',#959,#987,#989,.T.);
#987 = VERTEX_POINT('',#988);
#988 = CARTESIAN_POINT('',(-0.725562164713,-16.38394212468,8.));
#989 = SURFACE_CURVE('',#990,(#995,#1006),.PCURVE_S1.);
#990 = CIRCLE('',#991,7.95);
#991 = AXIS2_PLACEMENT_3D('',#992,#993,#994);
#992 = CARTESIAN_POINT('',(-8.5,-14.72243186433,8.));
#993 = DIRECTION('',(5.627922965446E-33,1.224646799147E-16,1.));
#994 = DIRECTION('',(-0.5,-0.866025403784,1.060575238725E-16));
#995 = PCURVE('',#33,#996);
#996 = DEFINITIONAL_REPRESENTATION('',(#997),#1005);
#997 = ( BOUNDED_CURVE() B_SPLINE_CURVE(2,(#998,#999,#1000,#1001,#1002,
#1003,#1004),.UNSPECIFIED.,.T.,.F.) B_SPLINE_CURVE_WITH_KNOTS((1,2,2,2,2
    ,1),(-2.094395102393,0.,2.094395102393,4.188790204786,6.28318530718,
8.377580409573),.UNSPECIFIED.) CURVE() GEOMETRIC_REPRESENTATION_ITEM() 
RATIONAL_B_SPLINE_CURVE((1.,0.5,1.,0.5,1.,0.5,1.)) REPRESENTATION_ITEM(
  '') );
#998 = CARTESIAN_POINT('',(-12.475,21.607333824422));
#999 = CARTESIAN_POINT('',(-0.55,28.492235784508));
#1000 = CARTESIAN_POINT('',(-0.55,14.722431864335));
#1001 = CARTESIAN_POINT('',(-0.55,0.952627944163));
#1002 = CARTESIAN_POINT('',(-12.475,7.837529904249));
#1003 = CARTESIAN_POINT('',(-24.4,14.722431864335));
#1004 = CARTESIAN_POINT('',(-12.475,21.607333824422));
#1005 = ( GEOMETRIC_REPRESENTATION_CONTEXT(2) 
PARAMETRIC_REPRESENTATION_CONTEXT() REPRESENTATION_CONTEXT('2D SPACE',''
  ) );
#1006 = PCURVE('',#1007,#1012);
#1007 = CYLINDRICAL_SURFACE('',#1008,7.95);
#1008 = AXIS2_PLACEMENT_3D('',#1009,#1010,#1011);
#1009 = CARTESIAN_POINT('',(-8.5,-14.72243186433,8.05));
#1010 = DIRECTION('',(0.,1.224646799147E-16,1.));
#1011 = DIRECTION('',(-0.5,-0.866025403784,1.060575238725E-16));
#1012 = DEFINITIONAL_REPRESENTATION('',(#1013),#1017);
#1013 = LINE('',#1014,#1015);
#1014 = CARTESIAN_POINT('',(-6.28318530718,-5.E-02));
#1015 = VECTOR('',#1016,1.);
#1016 = DIRECTION('',(1.,-0.));
#1017 = ( GEOMETRIC_REPRESENTATION_CONTEXT(2) 
PARAMETRIC_REPRESENTATION_CONTEXT() REPRESENTATION_CONTEXT('2D SPACE',''
  ) );
#1018 = ORIENTED_EDGE('',*,*,#1019,.T.);
#1019 = EDGE_CURVE('',#987,#1020,#1022,.T.);
#1020 = VERTEX_POINT('',#1021);
#1021 = CARTESIAN_POINT('',(14.551691176471,-7.563615795678,8.));
#1022 = SURFACE_CURVE('',#1023,(#1028,#1039),.PCURVE_S1.);
#1023 = CIRCLE('',#1024,16.4);
#1024 = AXIS2_PLACEMENT_3D('',#1025,#1026,#1027);
#1025 = CARTESIAN_POINT('',(0.,0.,8.));
#1026 = DIRECTION('',(-0.,1.224646799147E-16,1.));
#1027 = DIRECTION('',(1.,0.,0.));
#1028 = PCURVE('',#33,#1029);
#1029 = DEFINITIONAL_REPRESENTATION('',(#1030),#1038);
#1030 = ( BOUNDED_CURVE() B_SPLINE_CURVE(2,(#1031,#1032,#1033,#1034,
#1035,#1036,#1037),.UNSPECIFIED.,.T.,.F.) B_SPLINE_CURVE_WITH_KNOTS((1,2
    ,2,2,2,1),(-2.094395102393,0.,2.094395102393,4.188790204786,
6.28318530718,8.377580409573),.UNSPECIFIED.) CURVE() 
GEOMETRIC_REPRESENTATION_ITEM() RATIONAL_B_SPLINE_CURVE((1.,0.5,1.,0.5,
1.,0.5,1.)) REPRESENTATION_ITEM('') );
#1031 = CARTESIAN_POINT('',(16.4,-3.759188932048E-16));
#1032 = CARTESIAN_POINT('',(16.4,-28.40563324413));
#1033 = CARTESIAN_POINT('',(-8.2,-14.20281662206));
#1034 = CARTESIAN_POINT('',(-32.8,-4.392760394408E-15));
#1035 = CARTESIAN_POINT('',(-8.2,14.202816622065));
#1036 = CARTESIAN_POINT('',(16.4,28.40563324413));
#1037 = CARTESIAN_POINT('',(16.4,-3.759188932048E-16));
#1038 = ( GEOMETRIC_REPRESENTATION_CONTEXT(2) 
PARAMETRIC_REPRESENTATION_CONTEXT() REPRESENTATION_CONTEXT('2D SPACE',''
  ) );
#1039 = PCURVE('',#1040,#1045);
#1040 = CYLINDRICAL_SURFACE('',#1041,16.4);
#1041 = AXIS2_PLACEMENT_3D('',#1042,#1043,#1044);
#1042 = CARTESIAN_POINT('',(0.,6.123233995737E-18,8.05));
#1043 = DIRECTION('',(-0.,1.224646799147E-16,1.));
#1044 = DIRECTION('',(1.,0.,0.));
#1045 = DEFINITIONAL_REPRESENTATION('',(#1046),#1050);
#1046 = LINE('',#1047,#1048);
#1047 = CARTESIAN_POINT('',(-6.28318530718,-5.E-02));
#1048 = VECTOR('',#1049,1.);
#1049 = DIRECTION('',(1.,-0.));
#1050 = ( GEOMETRIC_REPRESENTATION_CONTEXT(2) 
PARAMETRIC_REPRESENTATION_CONTEXT() REPRESENTATION_CONTEXT('2D SPACE',''
  ) );
#1051 = ORIENTED_EDGE('',*,*,#1052,.T.);
#1052 = EDGE_CURVE('',#1020,#1053,#1055,.T.);
#1053 = VERTEX_POINT('',#1054);
#1054 = CARTESIAN_POINT('',(18.239434466947,-7.852789453573,8.));
#1055 = SURFACE_CURVE('',#1056,(#1061,#1072),.PCURVE_S1.);
#1056 = CIRCLE('',#1057,7.95);
#1057 = AXIS2_PLACEMENT_3D('',#1058,#1059,#1060);
#1058 = CARTESIAN_POINT('',(17.,0.,8.));
#1059 = DIRECTION('',(-0.,1.224646799147E-16,1.));
#1060 = DIRECTION('',(1.,0.,0.));
#1061 = PCURVE('',#33,#1062);
#1062 = DEFINITIONAL_REPRESENTATION('',(#1063),#1071);
#1063 = ( BOUNDED_CURVE() B_SPLINE_CURVE(2,(#1064,#1065,#1066,#1067,
#1068,#1069,#1070),.UNSPECIFIED.,.T.,.F.) B_SPLINE_CURVE_WITH_KNOTS((1,2
    ,2,2,2,1),(-2.094395102393,0.,2.094395102393,4.188790204786,
6.28318530718,8.377580409573),.UNSPECIFIED.) CURVE() 
GEOMETRIC_REPRESENTATION_ITEM() RATIONAL_B_SPLINE_CURVE((1.,0.5,1.,0.5,
1.,0.5,1.)) REPRESENTATION_ITEM('') );
#1064 = CARTESIAN_POINT('',(24.95,-3.759188932048E-16));
#1065 = CARTESIAN_POINT('',(24.95,-13.76980392017));
#1066 = CARTESIAN_POINT('',(13.025,-6.884901960086));
#1067 = CARTESIAN_POINT('',(1.1,-2.323107303849E-15));
#1068 = CARTESIAN_POINT('',(13.025,6.884901960086));
#1069 = CARTESIAN_POINT('',(24.95,13.769803920173));
#1070 = CARTESIAN_POINT('',(24.95,-3.759188932048E-16));
#1071 = ( GEOMETRIC_REPRESENTATION_CONTEXT(2) 
PARAMETRIC_REPRESENTATION_CONTEXT() REPRESENTATION_CONTEXT('2D SPACE',''
  ) );
#1072 = PCURVE('',#1073,#1078);
#1073 = CYLINDRICAL_SURFACE('',#1074,7.95);
#1074 = AXIS2_PLACEMENT_3D('',#1075,#1076,#1077);
#1075 = CARTESIAN_POINT('',(17.,6.123233995737E-18,8.05));
#1076 = DIRECTION('',(-0.,1.224646799147E-16,1.));
#1077 = DIRECTION('',(1.,0.,0.));
#1078 = DEFINITIONAL_REPRESENTATION('',(#1079),#1083);
#1079 = LINE('',#1080,#1081);
#1080 = CARTESIAN_POINT('',(-6.28318530718,-5.E-02));
#1081 = VECTOR('',#1082,1.);
#1082 = DIRECTION('',(1.,-0.));
#1083 = ( GEOMETRIC_REPRESENTATION_CONTEXT(2) 
PARAMETRIC_REPRESENTATION_CONTEXT() REPRESENTATION_CONTEXT('2D SPACE',''
  ) );
#1084 = ORIENTED_EDGE('',*,*,#1085,.T.);
#1085 = EDGE_CURVE('',#1053,#1086,#1088,.T.);
#1086 = VERTEX_POINT('',#1087);
#1087 = CARTESIAN_POINT('',(42.5,-5.95,8.));
#1088 = SURFACE_CURVE('',#1089,(#1093,#1100),.PCURVE_S1.);
#1089 = LINE('',#1090,#1091);
#1090 = CARTESIAN_POINT('',(21.611826518915,-7.588288116164,8.));
#1091 = VECTOR('',#1092,1.);
#1092 = DIRECTION('',(0.996938377813,7.819124531863E-02,
    -9.575665830081E-18));
#1093 = PCURVE('',#33,#1094);
#1094 = DEFINITIONAL_REPRESENTATION('',(#1095),#1099);
#1095 = LINE('',#1096,#1097);
#1096 = CARTESIAN_POINT('',(21.611826518915,7.588288116164));
#1097 = VECTOR('',#1098,1.);
#1098 = DIRECTION('',(0.996938377813,-7.819124531863E-02));
#1099 = ( GEOMETRIC_REPRESENTATION_CONTEXT(2) 
PARAMETRIC_REPRESENTATION_CONTEXT() REPRESENTATION_CONTEXT('2D SPACE',''
  ) );
#1100 = PCURVE('',#1101,#1106);
#1101 = PLANE('',#1102);
#1102 = AXIS2_PLACEMENT_3D('',#1103,#1104,#1105);
#1103 = CARTESIAN_POINT('',(42.5,-5.95,8.05));
#1104 = DIRECTION('',(-7.819124531863E-02,0.996938377813,
    -1.220897393335E-16));
#1105 = DIRECTION('',(-0.996938377813,-7.819124531863E-02,
    9.575665830081E-18));
#1106 = DEFINITIONAL_REPRESENTATION('',(#1107),#1111);
#1107 = LINE('',#1108,#1109);
#1108 = CARTESIAN_POINT('',(20.952321573694,-5.E-02));
#1109 = VECTOR('',#1110,1.);
#1110 = DIRECTION('',(-1.,0.));
#1111 = ( GEOMETRIC_REPRESENTATION_CONTEXT(2) 
PARAMETRIC_REPRESENTATION_CONTEXT() REPRESENTATION_CONTEXT('2D SPACE',''
  ) );
#1112 = ORIENTED_EDGE('',*,*,#1113,.T.);
#1113 = EDGE_CURVE('',#1086,#581,#1114,.T.);
#1114 = SURFACE_CURVE('',#1115,(#1120,#1131),.PCURVE_S1.);
#1115 = CIRCLE('',#1116,5.95);
#1116 = AXIS2_PLACEMENT_3D('',#1117,#1118,#1119);
#1117 = CARTESIAN_POINT('',(42.5,0.,8.));
#1118 = DIRECTION('',(-0.,1.224646799147E-16,1.));
#1119 = DIRECTION('',(1.,0.,0.));
#1120 = PCURVE('',#33,#1121);
#1121 = DEFINITIONAL_REPRESENTATION('',(#1122),#1130);
#1122 = ( BOUNDED_CURVE() B_SPLINE_CURVE(2,(#1123,#1124,#1125,#1126,
#1127,#1128,#1129),.UNSPECIFIED.,.T.,.F.) B_SPLINE_CURVE_WITH_KNOTS((1,2
    ,2,2,2,1),(-2.094395102393,0.,2.094395102393,4.188790204786,
6.28318530718,8.377580409573),.UNSPECIFIED.) CURVE() 
GEOMETRIC_REPRESENTATION_ITEM() RATIONAL_B_SPLINE_CURVE((1.,0.5,1.,0.5,
1.,0.5,1.)) REPRESENTATION_ITEM('') );
#1123 = CARTESIAN_POINT('',(48.45,-3.759188932048E-16));
#1124 = CARTESIAN_POINT('',(48.45,-10.30570230503));
#1125 = CARTESIAN_POINT('',(39.525,-5.152851152517));
#1126 = CARTESIAN_POINT('',(30.6,-1.83324858419E-15));
#1127 = CARTESIAN_POINT('',(39.525,5.152851152517));
#1128 = CARTESIAN_POINT('',(48.45,10.305702305035));
#1129 = CARTESIAN_POINT('',(48.45,-3.759188932048E-16));
#1130 = ( GEOMETRIC_REPRESENTATION_CONTEXT(2) 
PARAMETRIC_REPRESENTATION_CONTEXT() REPRESENTATION_CONTEXT('2D SPACE',''
  ) );
#1131 = PCURVE('',#1132,#1137);
#1132 = CYLINDRICAL_SURFACE('',#1133,5.95);
#1133 = AXIS2_PLACEMENT_3D('',#1134,#1135,#1136);
#1134 = CARTESIAN_POINT('',(42.5,6.123233995737E-18,8.05));
#1135 = DIRECTION('',(-0.,1.224646799147E-16,1.));
#1136 = DIRECTION('',(1.,0.,0.));
#1137 = DEFINITIONAL_REPRESENTATION('',(#1138),#1142);
#1138 = LINE('',#1139,#1140);
#1139 = CARTESIAN_POINT('',(-12.56637061435,-5.E-02));
#1140 = VECTOR('',#1141,1.);
#1141 = DIRECTION('',(1.,-0.));
#1142 = ( GEOMETRIC_REPRESENTATION_CONTEXT(2) 
PARAMETRIC_REPRESENTATION_CONTEXT() REPRESENTATION_CONTEXT('2D SPACE',''
  ) );
#1143 = ADVANCED_FACE('',(#1144),#49,.T.);
#1144 = FACE_BOUND('',#1145,.F.);
#1145 = EDGE_LOOP('',(#1146,#1169,#1202,#1223));
#1146 = ORIENTED_EDGE('',*,*,#1147,.F.);
#1147 = EDGE_CURVE('',#1148,#24,#1150,.T.);
#1148 = VERTEX_POINT('',#1149);
#1149 = CARTESIAN_POINT('',(16.463235294118,9.484823859752,
    -1.7763568394E-15));
#1150 = SURFACE_CURVE('',#1151,(#1155,#1162),.PCURVE_S1.);
#1151 = LINE('',#1152,#1153);
#1152 = CARTESIAN_POINT('',(16.463235294118,9.484823859752,8.));
#1153 = VECTOR('',#1154,1.);
#1154 = DIRECTION('',(-0.,1.224646799147E-16,1.));
#1155 = PCURVE('',#49,#1156);
#1156 = DEFINITIONAL_REPRESENTATION('',(#1157),#1161);
#1157 = LINE('',#1158,#1159);
#1158 = CARTESIAN_POINT('',(-4.655857326302,0.));
#1159 = VECTOR('',#1160,1.);
#1160 = DIRECTION('',(-0.,1.));
#1161 = ( GEOMETRIC_REPRESENTATION_CONTEXT(2) 
PARAMETRIC_REPRESENTATION_CONTEXT() REPRESENTATION_CONTEXT('2D SPACE',''
  ) );
#1162 = PCURVE('',#566,#1163);
#1163 = DEFINITIONAL_REPRESENTATION('',(#1164),#1168);
#1164 = LINE('',#1165,#1166);
#1165 = CARTESIAN_POINT('',(-5.760508596664,0.));
#1166 = VECTOR('',#1167,1.);
#1167 = DIRECTION('',(-0.,1.));
#1168 = ( GEOMETRIC_REPRESENTATION_CONTEXT(2) 
PARAMETRIC_REPRESENTATION_CONTEXT() REPRESENTATION_CONTEXT('2D SPACE',''
  ) );
#1169 = ORIENTED_EDGE('',*,*,#1170,.F.);
#1170 = EDGE_CURVE('',#1171,#1148,#1173,.T.);
#1171 = VERTEX_POINT('',#1172);
#1172 = CARTESIAN_POINT('',(18.481085212075,9.383836453955,
    -1.7763568394E-15));
#1173 = SURFACE_CURVE('',#1174,(#1179,#1186),.PCURVE_S1.);
#1174 = CIRCLE('',#1175,9.5);
#1175 = AXIS2_PLACEMENT_3D('',#1176,#1177,#1178);
#1176 = CARTESIAN_POINT('',(17.,-9.797174393179E-16,0.));
#1177 = DIRECTION('',(8.588005617595E-34,1.224646799147E-16,1.));
#1178 = DIRECTION('',(0.155903706534,0.987772258311,-1.209672134427E-16)
  );
#1179 = PCURVE('',#49,#1180);
#1180 = DEFINITIONAL_REPRESENTATION('',(#1181),#1185);
#1181 = LINE('',#1182,#1183);
#1182 = CARTESIAN_POINT('',(-4.868931261427,-8.));
#1183 = VECTOR('',#1184,1.);
#1184 = DIRECTION('',(1.,-0.));
#1185 = ( GEOMETRIC_REPRESENTATION_CONTEXT(2) 
PARAMETRIC_REPRESENTATION_CONTEXT() REPRESENTATION_CONTEXT('2D SPACE',''
  ) );
#1186 = PCURVE('',#1187,#1192);
#1187 = PLANE('',#1188);
#1188 = AXIS2_PLACEMENT_3D('',#1189,#1190,#1191);
#1189 = CARTESIAN_POINT('',(17.,-1.16767688592E-15,0.));
#1190 = DIRECTION('',(0.,-1.224646799147E-16,-1.));
#1191 = DIRECTION('',(1.,0.,0.));
#1192 = DEFINITIONAL_REPRESENTATION('',(#1193),#1201);
#1193 = ( BOUNDED_CURVE() B_SPLINE_CURVE(2,(#1194,#1195,#1196,#1197,
#1198,#1199,#1200),.UNSPECIFIED.,.T.,.F.) B_SPLINE_CURVE_WITH_KNOTS((1,2
    ,2,2,2,1),(-2.094395102393,0.,2.094395102393,4.188790204786,
6.28318530718,8.377580409573),.UNSPECIFIED.) CURVE() 
GEOMETRIC_REPRESENTATION_ITEM() RATIONAL_B_SPLINE_CURVE((1.,0.5,1.,0.5,
1.,0.5,1.)) REPRESENTATION_ITEM('') );
#1194 = CARTESIAN_POINT('',(1.481085212075,-9.383836453955));
#1195 = CARTESIAN_POINT('',(-14.77219629609,-11.9491512916));
#1196 = CARTESIAN_POINT('',(-8.867183360121,3.409260808151));
#1197 = CARTESIAN_POINT('',(-2.96217042415,18.76767290791));
#1198 = CARTESIAN_POINT('',(7.386098148046,5.974575645804));
#1199 = CARTESIAN_POINT('',(17.734366720242,-6.818521616302));
#1200 = CARTESIAN_POINT('',(1.481085212075,-9.383836453955));
#1201 = ( GEOMETRIC_REPRESENTATION_CONTEXT(2) 
PARAMETRIC_REPRESENTATION_CONTEXT() REPRESENTATION_CONTEXT('2D SPACE',''
  ) );
#1202 = ORIENTED_EDGE('',*,*,#1203,.T.);
#1203 = EDGE_CURVE('',#1171,#22,#1204,.T.);
#1204 = SURFACE_CURVE('',#1205,(#1209,#1216),.PCURVE_S1.);
#1205 = LINE('',#1206,#1207);
#1206 = CARTESIAN_POINT('',(18.481085212075,9.383836453955,8.));
#1207 = VECTOR('',#1208,1.);
#1208 = DIRECTION('',(-0.,1.224646799147E-16,1.));
#1209 = PCURVE('',#49,#1210);
#1210 = DEFINITIONAL_REPRESENTATION('',(#1211),#1215);
#1211 = LINE('',#1212,#1213);
#1212 = CARTESIAN_POINT('',(-4.868931261427,0.));
#1213 = VECTOR('',#1214,1.);
#1214 = DIRECTION('',(-0.,1.));
#1215 = ( GEOMETRIC_REPRESENTATION_CONTEXT(2) 
PARAMETRIC_REPRESENTATION_CONTEXT() REPRESENTATION_CONTEXT('2D SPACE',''
  ) );
#1216 = PCURVE('',#77,#1217);
#1217 = DEFINITIONAL_REPRESENTATION('',(#1218),#1222);
#1218 = LINE('',#1219,#1220);
#1219 = CARTESIAN_POINT('',(1.485633661054,-1.422593148417E-17));
#1220 = VECTOR('',#1221,1.);
#1221 = DIRECTION('',(0.,1.));
#1222 = ( GEOMETRIC_REPRESENTATION_CONTEXT(2) 
PARAMETRIC_REPRESENTATION_CONTEXT() REPRESENTATION_CONTEXT('2D SPACE',''
  ) );
#1223 = ORIENTED_EDGE('',*,*,#21,.T.);
#1224 = ADVANCED_FACE('',(#1225),#77,.F.);
#1225 = FACE_BOUND('',#1226,.F.);
#1226 = EDGE_LOOP('',(#1227,#1228,#1229,#1252));
#1227 = ORIENTED_EDGE('',*,*,#61,.F.);
#1228 = ORIENTED_EDGE('',*,*,#1203,.F.);
#1229 = ORIENTED_EDGE('',*,*,#1230,.T.);
#1230 = EDGE_CURVE('',#1171,#1231,#1233,.T.);
#1231 = VERTEX_POINT('',#1232);
#1232 = CARTESIAN_POINT('',(42.5,7.5,-1.7763568394E-15));
#1233 = SURFACE_CURVE('',#1234,(#1238,#1245),.PCURVE_S1.);
#1234 = LINE('',#1235,#1236);
#1235 = CARTESIAN_POINT('',(17.,9.5,-1.7763568394E-15));
#1236 = VECTOR('',#1237,1.);
#1237 = DIRECTION('',(0.996938377813,-7.819124531863E-02,
    9.575665830081E-18));
#1238 = PCURVE('',#77,#1239);
#1239 = DEFINITIONAL_REPRESENTATION('',(#1240),#1244);
#1240 = LINE('',#1241,#1242);
#1241 = CARTESIAN_POINT('',(6.229022676233E-17,-8.));
#1242 = VECTOR('',#1243,1.);
#1243 = DIRECTION('',(1.,0.));
#1244 = ( GEOMETRIC_REPRESENTATION_CONTEXT(2) 
PARAMETRIC_REPRESENTATION_CONTEXT() REPRESENTATION_CONTEXT('2D SPACE',''
  ) );
#1245 = PCURVE('',#1187,#1246);
#1246 = DEFINITIONAL_REPRESENTATION('',(#1247),#1251);
#1247 = LINE('',#1248,#1249);
#1248 = CARTESIAN_POINT('',(0.,-9.5));
#1249 = VECTOR('',#1250,1.);
#1250 = DIRECTION('',(0.996938377813,7.819124531863E-02));
#1251 = ( GEOMETRIC_REPRESENTATION_CONTEXT(2) 
PARAMETRIC_REPRESENTATION_CONTEXT() REPRESENTATION_CONTEXT('2D SPACE',''
  ) );
#1252 = ORIENTED_EDGE('',*,*,#1253,.F.);
#1253 = EDGE_CURVE('',#62,#1231,#1254,.T.);
#1254 = SURFACE_CURVE('',#1255,(#1259,#1266),.PCURVE_S1.);
#1255 = LINE('',#1256,#1257);
#1256 = CARTESIAN_POINT('',(42.5,7.5,8.));
#1257 = VECTOR('',#1258,1.);
#1258 = DIRECTION('',(0.,-1.224646799147E-16,-1.));
#1259 = PCURVE('',#77,#1260);
#1260 = DEFINITIONAL_REPRESENTATION('',(#1261),#1265);
#1261 = LINE('',#1262,#1263);
#1262 = CARTESIAN_POINT('',(25.578311124857,-2.449293598295E-16));
#1263 = VECTOR('',#1264,1.);
#1264 = DIRECTION('',(0.,-1.));
#1265 = ( GEOMETRIC_REPRESENTATION_CONTEXT(2) 
PARAMETRIC_REPRESENTATION_CONTEXT() REPRESENTATION_CONTEXT('2D SPACE',''
  ) );
#1266 = PCURVE('',#110,#1267);
#1267 = DEFINITIONAL_REPRESENTATION('',(#1268),#1272);
#1268 = LINE('',#1269,#1270);
#1269 = CARTESIAN_POINT('',(-4.712388980385,0.));
#1270 = VECTOR('',#1271,1.);
#1271 = DIRECTION('',(-0.,-1.));
#1272 = ( GEOMETRIC_REPRESENTATION_CONTEXT(2) 
PARAMETRIC_REPRESENTATION_CONTEXT() REPRESENTATION_CONTEXT('2D SPACE',''
  ) );
#1273 = ADVANCED_FACE('',(#1274),#566,.T.);
#1274 = FACE_BOUND('',#1275,.F.);
#1275 = EDGE_LOOP('',(#1276,#1277,#1300,#1322));
#1276 = ORIENTED_EDGE('',*,*,#551,.F.);
#1277 = ORIENTED_EDGE('',*,*,#1278,.F.);
#1278 = EDGE_CURVE('',#1279,#519,#1281,.T.);
#1279 = VERTEX_POINT('',#1280);
#1280 = CARTESIAN_POINT('',(-1.751923409272E-02,18.999991923062,
    -1.7763568394E-15));
#1281 = SURFACE_CURVE('',#1282,(#1286,#1293),.PCURVE_S1.);
#1282 = LINE('',#1283,#1284);
#1283 = CARTESIAN_POINT('',(-1.751923409291E-02,18.999991923062,8.));
#1284 = VECTOR('',#1285,1.);
#1285 = DIRECTION('',(-0.,1.224646799147E-16,1.));
#1286 = PCURVE('',#566,#1287);
#1287 = DEFINITIONAL_REPRESENTATION('',(#1288),#1292);
#1288 = LINE('',#1289,#1290);
#1289 = CARTESIAN_POINT('',(-4.711466915302,0.));
#1290 = VECTOR('',#1291,1.);
#1291 = DIRECTION('',(-0.,1.));
#1292 = ( GEOMETRIC_REPRESENTATION_CONTEXT(2) 
PARAMETRIC_REPRESENTATION_CONTEXT() REPRESENTATION_CONTEXT('2D SPACE',''
  ) );
#1293 = PCURVE('',#539,#1294);
#1294 = DEFINITIONAL_REPRESENTATION('',(#1295),#1299);
#1295 = LINE('',#1296,#1297);
#1296 = CARTESIAN_POINT('',(-1.627327980878,0.));
#1297 = VECTOR('',#1298,1.);
#1298 = DIRECTION('',(-0.,1.));
#1299 = ( GEOMETRIC_REPRESENTATION_CONTEXT(2) 
PARAMETRIC_REPRESENTATION_CONTEXT() REPRESENTATION_CONTEXT('2D SPACE',''
  ) );
#1300 = ORIENTED_EDGE('',*,*,#1301,.T.);
#1301 = EDGE_CURVE('',#1279,#1148,#1302,.T.);
#1302 = SURFACE_CURVE('',#1303,(#1308,#1315),.PCURVE_S1.);
#1303 = CIRCLE('',#1304,19.);
#1304 = AXIS2_PLACEMENT_3D('',#1305,#1306,#1307);
#1305 = CARTESIAN_POINT('',(0.,-9.797174393179E-16,0.));
#1306 = DIRECTION('',(0.,-1.224646799147E-16,-1.));
#1307 = DIRECTION('',(1.,0.,0.));
#1308 = PCURVE('',#566,#1309);
#1309 = DEFINITIONAL_REPRESENTATION('',(#1310),#1314);
#1310 = LINE('',#1311,#1312);
#1311 = CARTESIAN_POINT('',(-0.,-8.));
#1312 = VECTOR('',#1313,1.);
#1313 = DIRECTION('',(-1.,0.));
#1314 = ( GEOMETRIC_REPRESENTATION_CONTEXT(2) 
PARAMETRIC_REPRESENTATION_CONTEXT() REPRESENTATION_CONTEXT('2D SPACE',''
  ) );
#1315 = PCURVE('',#1187,#1316);
#1316 = DEFINITIONAL_REPRESENTATION('',(#1317),#1321);
#1317 = CIRCLE('',#1318,19.);
#1318 = AXIS2_PLACEMENT_2D('',#1319,#1320);
#1319 = CARTESIAN_POINT('',(-17.,-1.879594466024E-16));
#1320 = DIRECTION('',(1.,0.));
#1321 = ( GEOMETRIC_REPRESENTATION_CONTEXT(2) 
PARAMETRIC_REPRESENTATION_CONTEXT() REPRESENTATION_CONTEXT('2D SPACE',''
  ) );
#1322 = ORIENTED_EDGE('',*,*,#1147,.T.);
#1323 = ADVANCED_FACE('',(#1324,#1373,#1497,#1621,#1745,#1869,#1993),
  #110,.T.);
#1324 = FACE_BOUND('',#1325,.F.);
#1325 = EDGE_LOOP('',(#1326,#1327,#1328,#1352));
#1326 = ORIENTED_EDGE('',*,*,#89,.T.);
#1327 = ORIENTED_EDGE('',*,*,#1253,.T.);
#1328 = ORIENTED_EDGE('',*,*,#1329,.T.);
#1329 = EDGE_CURVE('',#1231,#1330,#1332,.T.);
#1330 = VERTEX_POINT('',#1331);
#1331 = CARTESIAN_POINT('',(42.5,-7.5,8.881784197001E-16));
#1332 = SURFACE_CURVE('',#1333,(#1338,#1345),.PCURVE_S1.);
#1333 = CIRCLE('',#1334,7.5);
#1334 = AXIS2_PLACEMENT_3D('',#1335,#1336,#1337);
#1335 = CARTESIAN_POINT('',(42.5,-9.797174393179E-16,0.));
#1336 = DIRECTION('',(0.,-1.224646799147E-16,-1.));
#1337 = DIRECTION('',(0.,1.,-1.224646799147E-16));
#1338 = PCURVE('',#110,#1339);
#1339 = DEFINITIONAL_REPRESENTATION('',(#1340),#1344);
#1340 = LINE('',#1341,#1342);
#1341 = CARTESIAN_POINT('',(-4.712388980385,-8.));
#1342 = VECTOR('',#1343,1.);
#1343 = DIRECTION('',(-1.,0.));
#1344 = ( GEOMETRIC_REPRESENTATION_CONTEXT(2) 
PARAMETRIC_REPRESENTATION_CONTEXT() REPRESENTATION_CONTEXT('2D SPACE',''
  ) );
#1345 = PCURVE('',#1187,#1346);
#1346 = DEFINITIONAL_REPRESENTATION('',(#1347),#1351);
#1347 = CIRCLE('',#1348,7.5);
#1348 = AXIS2_PLACEMENT_2D('',#1349,#1350);
#1349 = CARTESIAN_POINT('',(25.5,-1.879594466024E-16));
#1350 = DIRECTION('',(0.,-1.));
#1351 = ( GEOMETRIC_REPRESENTATION_CONTEXT(2) 
PARAMETRIC_REPRESENTATION_CONTEXT() REPRESENTATION_CONTEXT('2D SPACE',''
  ) );
#1352 = ORIENTED_EDGE('',*,*,#1353,.F.);
#1353 = EDGE_CURVE('',#90,#1330,#1354,.T.);
#1354 = SURFACE_CURVE('',#1355,(#1359,#1366),.PCURVE_S1.);
#1355 = LINE('',#1356,#1357);
#1356 = CARTESIAN_POINT('',(42.5,-7.5,8.));
#1357 = VECTOR('',#1358,1.);
#1358 = DIRECTION('',(0.,-1.224646799147E-16,-1.));
#1359 = PCURVE('',#110,#1360);
#1360 = DEFINITIONAL_REPRESENTATION('',(#1361),#1365);
#1361 = LINE('',#1362,#1363);
#1362 = CARTESIAN_POINT('',(-7.853981633974,0.));
#1363 = VECTOR('',#1364,1.);
#1364 = DIRECTION('',(-0.,-1.));
#1365 = ( GEOMETRIC_REPRESENTATION_CONTEXT(2) 
PARAMETRIC_REPRESENTATION_CONTEXT() REPRESENTATION_CONTEXT('2D SPACE',''
  ) );
#1366 = PCURVE('',#138,#1367);
#1367 = DEFINITIONAL_REPRESENTATION('',(#1368),#1372);
#1368 = LINE('',#1369,#1370);
#1369 = CARTESIAN_POINT('',(0.,0.));
#1370 = VECTOR('',#1371,1.);
#1371 = DIRECTION('',(0.,-1.));
#1372 = ( GEOMETRIC_REPRESENTATION_CONTEXT(2) 
PARAMETRIC_REPRESENTATION_CONTEXT() REPRESENTATION_CONTEXT('2D SPACE',''
  ) );
#1373 = FACE_BOUND('',#1374,.F.);
#1374 = EDGE_LOOP('',(#1375,#1410,#1438,#1471));
#1375 = ORIENTED_EDGE('',*,*,#1376,.T.);
#1376 = EDGE_CURVE('',#1377,#1379,#1381,.T.);
#1377 = VERTEX_POINT('',#1378);
#1378 = CARTESIAN_POINT('',(49.971780243021,-0.65,1.835));
#1379 = VERTEX_POINT('',#1380);
#1380 = CARTESIAN_POINT('',(49.971780243021,0.65,1.835));
#1381 = SURFACE_CURVE('',#1382,(#1387,#1394),.PCURVE_S1.);
#1382 = CIRCLE('',#1383,7.5);
#1383 = AXIS2_PLACEMENT_3D('',#1384,#1385,#1386);
#1384 = CARTESIAN_POINT('',(42.5,-7.549947516743E-16,1.835));
#1385 = DIRECTION('',(-0.,1.224646799147E-16,1.));
#1386 = DIRECTION('',(1.,0.,0.));
#1387 = PCURVE('',#110,#1388);
#1388 = DEFINITIONAL_REPRESENTATION('',(#1389),#1393);
#1389 = LINE('',#1390,#1391);
#1390 = CARTESIAN_POINT('',(-12.56637061435,-6.165));
#1391 = VECTOR('',#1392,1.);
#1392 = DIRECTION('',(1.,-0.));
#1393 = ( GEOMETRIC_REPRESENTATION_CONTEXT(2) 
PARAMETRIC_REPRESENTATION_CONTEXT() REPRESENTATION_CONTEXT('2D SPACE',''
  ) );
#1394 = PCURVE('',#1395,#1400);
#1395 = PLANE('',#1396);
#1396 = AXIS2_PLACEMENT_3D('',#1397,#1398,#1399);
#1397 = CARTESIAN_POINT('',(48.2,-7.549947516743E-16,1.835));
#1398 = DIRECTION('',(0.,-1.224646799147E-16,-1.));
#1399 = DIRECTION('',(1.,0.,0.));
#1400 = DEFINITIONAL_REPRESENTATION('',(#1401),#1409);
#1401 = ( BOUNDED_CURVE() B_SPLINE_CURVE(2,(#1402,#1403,#1404,#1405,
#1406,#1407,#1408),.UNSPECIFIED.,.T.,.F.) B_SPLINE_CURVE_WITH_KNOTS((1,2
    ,2,2,2,1),(-2.094395102393,0.,2.094395102393,4.188790204786,
6.28318530718,8.377580409573),.UNSPECIFIED.) CURVE() 
GEOMETRIC_REPRESENTATION_ITEM() RATIONAL_B_SPLINE_CURVE((1.,0.5,1.,0.5,
1.,0.5,1.)) REPRESENTATION_ITEM('') );
#1402 = CARTESIAN_POINT('',(1.8,0.));
#1403 = CARTESIAN_POINT('',(1.8,-12.99038105676));
#1404 = CARTESIAN_POINT('',(-9.45,-6.495190528383));
#1405 = CARTESIAN_POINT('',(-20.7,-1.836970198721E-15));
#1406 = CARTESIAN_POINT('',(-9.45,6.495190528383));
#1407 = CARTESIAN_POINT('',(1.8,12.990381056767));
#1408 = CARTESIAN_POINT('',(1.8,0.));
#1409 = ( GEOMETRIC_REPRESENTATION_CONTEXT(2) 
PARAMETRIC_REPRESENTATION_CONTEXT() REPRESENTATION_CONTEXT('2D SPACE',''
  ) );
#1410 = ORIENTED_EDGE('',*,*,#1411,.T.);
#1411 = EDGE_CURVE('',#1379,#1412,#1414,.T.);
#1412 = VERTEX_POINT('',#1413);
#1413 = CARTESIAN_POINT('',(49.971780243021,0.65,2.615));
#1414 = SURFACE_CURVE('',#1415,(#1419,#1426),.PCURVE_S1.);
#1415 = LINE('',#1416,#1417);
#1416 = CARTESIAN_POINT('',(49.971780243021,0.65,8.));
#1417 = VECTOR('',#1418,1.);
#1418 = DIRECTION('',(-0.,1.224646799147E-16,1.));
#1419 = PCURVE('',#110,#1420);
#1420 = DEFINITIONAL_REPRESENTATION('',(#1421),#1425);
#1421 = LINE('',#1422,#1423);
#1422 = CARTESIAN_POINT('',(-6.196409778329,0.));
#1423 = VECTOR('',#1424,1.);
#1424 = DIRECTION('',(-0.,1.));
#1425 = ( GEOMETRIC_REPRESENTATION_CONTEXT(2) 
PARAMETRIC_REPRESENTATION_CONTEXT() REPRESENTATION_CONTEXT('2D SPACE',''
  ) );
#1426 = PCURVE('',#1427,#1432);
#1427 = PLANE('',#1428);
#1428 = AXIS2_PLACEMENT_3D('',#1429,#1430,#1431);
#1429 = CARTESIAN_POINT('',(46.,0.65,2.615));
#1430 = DIRECTION('',(0.,-1.,1.224646799147E-16));
#1431 = DIRECTION('',(1.,0.,0.));
#1432 = DEFINITIONAL_REPRESENTATION('',(#1433),#1437);
#1433 = LINE('',#1434,#1435);
#1434 = CARTESIAN_POINT('',(3.971780243021,5.385));
#1435 = VECTOR('',#1436,1.);
#1436 = DIRECTION('',(0.,1.));
#1437 = ( GEOMETRIC_REPRESENTATION_CONTEXT(2) 
PARAMETRIC_REPRESENTATION_CONTEXT() REPRESENTATION_CONTEXT('2D SPACE',''
  ) );
#1438 = ORIENTED_EDGE('',*,*,#1439,.F.);
#1439 = EDGE_CURVE('',#1440,#1412,#1442,.T.);
#1440 = VERTEX_POINT('',#1441);
#1441 = CARTESIAN_POINT('',(49.971780243021,-0.65,2.615));
#1442 = SURFACE_CURVE('',#1443,(#1448,#1455),.PCURVE_S1.);
#1443 = CIRCLE('',#1444,7.5);
#1444 = AXIS2_PLACEMENT_3D('',#1445,#1446,#1447);
#1445 = CARTESIAN_POINT('',(42.5,-6.594723013408E-16,2.615));
#1446 = DIRECTION('',(-0.,1.224646799147E-16,1.));
#1447 = DIRECTION('',(1.,0.,0.));
#1448 = PCURVE('',#110,#1449);
#1449 = DEFINITIONAL_REPRESENTATION('',(#1450),#1454);
#1450 = LINE('',#1451,#1452);
#1451 = CARTESIAN_POINT('',(-12.56637061435,-5.385));
#1452 = VECTOR('',#1453,1.);
#1453 = DIRECTION('',(1.,-0.));
#1454 = ( GEOMETRIC_REPRESENTATION_CONTEXT(2) 
PARAMETRIC_REPRESENTATION_CONTEXT() REPRESENTATION_CONTEXT('2D SPACE',''
  ) );
#1455 = PCURVE('',#1456,#1461);
#1456 = PLANE('',#1457);
#1457 = AXIS2_PLACEMENT_3D('',#1458,#1459,#1460);
#1458 = CARTESIAN_POINT('',(48.2,-6.594723013408E-16,2.615));
#1459 = DIRECTION('',(0.,-1.224646799147E-16,-1.));
#1460 = DIRECTION('',(1.,0.,0.));
#1461 = DEFINITIONAL_REPRESENTATION('',(#1462),#1470);
#1462 = ( BOUNDED_CURVE() B_SPLINE_CURVE(2,(#1463,#1464,#1465,#1466,
#1467,#1468,#1469),.UNSPECIFIED.,.T.,.F.) B_SPLINE_CURVE_WITH_KNOTS((1,2
    ,2,2,2,1),(-2.094395102393,0.,2.094395102393,4.188790204786,
6.28318530718,8.377580409573),.UNSPECIFIED.) CURVE() 
GEOMETRIC_REPRESENTATION_ITEM() RATIONAL_B_SPLINE_CURVE((1.,0.5,1.,0.5,
1.,0.5,1.)) REPRESENTATION_ITEM('') );
#1463 = CARTESIAN_POINT('',(1.8,0.));
#1464 = CARTESIAN_POINT('',(1.8,-12.99038105676));
#1465 = CARTESIAN_POINT('',(-9.45,-6.495190528383));
#1466 = CARTESIAN_POINT('',(-20.7,-1.836970198721E-15));
#1467 = CARTESIAN_POINT('',(-9.45,6.495190528383));
#1468 = CARTESIAN_POINT('',(1.8,12.990381056767));
#1469 = CARTESIAN_POINT('',(1.8,0.));
#1470 = ( GEOMETRIC_REPRESENTATION_CONTEXT(2) 
PARAMETRIC_REPRESENTATION_CONTEXT() REPRESENTATION_CONTEXT('2D SPACE',''
  ) );
#1471 = ORIENTED_EDGE('',*,*,#1472,.F.);
#1472 = EDGE_CURVE('',#1377,#1440,#1473,.T.);
#1473 = SURFACE_CURVE('',#1474,(#1478,#1485),.PCURVE_S1.);
#1474 = LINE('',#1475,#1476);
#1475 = CARTESIAN_POINT('',(49.971780243021,-0.65,8.));
#1476 = VECTOR('',#1477,1.);
#1477 = DIRECTION('',(-0.,1.224646799147E-16,1.));
#1478 = PCURVE('',#110,#1479);
#1479 = DEFINITIONAL_REPRESENTATION('',(#1480),#1484);
#1480 = LINE('',#1481,#1482);
#1481 = CARTESIAN_POINT('',(-6.36996083603,0.));
#1482 = VECTOR('',#1483,1.);
#1483 = DIRECTION('',(-0.,1.));
#1484 = ( GEOMETRIC_REPRESENTATION_CONTEXT(2) 
PARAMETRIC_REPRESENTATION_CONTEXT() REPRESENTATION_CONTEXT('2D SPACE',''
  ) );
#1485 = PCURVE('',#1486,#1491);
#1486 = PLANE('',#1487);
#1487 = AXIS2_PLACEMENT_3D('',#1488,#1489,#1490);
#1488 = CARTESIAN_POINT('',(50.4,-0.65,2.615));
#1489 = DIRECTION('',(0.,1.,-1.224646799147E-16));
#1490 = DIRECTION('',(-1.,-0.,0.));
#1491 = DEFINITIONAL_REPRESENTATION('',(#1492),#1496);
#1492 = LINE('',#1493,#1494);
#1493 = CARTESIAN_POINT('',(0.428219756979,5.385));
#1494 = VECTOR('',#1495,1.);
#1495 = DIRECTION('',(0.,1.));
#1496 = ( GEOMETRIC_REPRESENTATION_CONTEXT(2) 
PARAMETRIC_REPRESENTATION_CONTEXT() REPRESENTATION_CONTEXT('2D SPACE',''
  ) );
#1497 = FACE_BOUND('',#1498,.F.);
#1498 = EDGE_LOOP('',(#1499,#1534,#1562,#1595));
#1499 = ORIENTED_EDGE('',*,*,#1500,.T.);
#1500 = EDGE_CURVE('',#1501,#1503,#1505,.T.);
#1501 = VERTEX_POINT('',#1502);
#1502 = CARTESIAN_POINT('',(49.971780243021,-0.65,2.885));
#1503 = VERTEX_POINT('',#1504);
#1504 = CARTESIAN_POINT('',(49.971780243021,0.65,2.885));
#1505 = SURFACE_CURVE('',#1506,(#1511,#1518),.PCURVE_S1.);
#1506 = CIRCLE('',#1507,7.5);
#1507 = AXIS2_PLACEMENT_3D('',#1508,#1509,#1510);
#1508 = CARTESIAN_POINT('',(42.5,-6.264068377639E-16,2.885));
#1509 = DIRECTION('',(-0.,1.224646799147E-16,1.));
#1510 = DIRECTION('',(1.,0.,0.));
#1511 = PCURVE('',#110,#1512);
#1512 = DEFINITIONAL_REPRESENTATION('',(#1513),#1517);
#1513 = LINE('',#1514,#1515);
#1514 = CARTESIAN_POINT('',(-12.56637061435,-5.115));
#1515 = VECTOR('',#1516,1.);
#1516 = DIRECTION('',(1.,-0.));
#1517 = ( GEOMETRIC_REPRESENTATION_CONTEXT(2) 
PARAMETRIC_REPRESENTATION_CONTEXT() REPRESENTATION_CONTEXT('2D SPACE',''
  ) );
#1518 = PCURVE('',#1519,#1524);
#1519 = PLANE('',#1520);
#1520 = AXIS2_PLACEMENT_3D('',#1521,#1522,#1523);
#1521 = CARTESIAN_POINT('',(48.2,-6.264068377639E-16,2.885));
#1522 = DIRECTION('',(0.,-1.224646799147E-16,-1.));
#1523 = DIRECTION('',(1.,0.,0.));
#1524 = DEFINITIONAL_REPRESENTATION('',(#1525),#1533);
#1525 = ( BOUNDED_CURVE() B_SPLINE_CURVE(2,(#1526,#1527,#1528,#1529,
#1530,#1531,#1532),.UNSPECIFIED.,.T.,.F.) B_SPLINE_CURVE_WITH_KNOTS((1,2
    ,2,2,2,1),(-2.094395102393,0.,2.094395102393,4.188790204786,
6.28318530718,8.377580409573),.UNSPECIFIED.) CURVE() 
GEOMETRIC_REPRESENTATION_ITEM() RATIONAL_B_SPLINE_CURVE((1.,0.5,1.,0.5,
1.,0.5,1.)) REPRESENTATION_ITEM('') );
#1526 = CARTESIAN_POINT('',(1.8,0.));
#1527 = CARTESIAN_POINT('',(1.8,-12.99038105676));
#1528 = CARTESIAN_POINT('',(-9.45,-6.495190528383));
#1529 = CARTESIAN_POINT('',(-20.7,-1.836970198721E-15));
#1530 = CARTESIAN_POINT('',(-9.45,6.495190528383));
#1531 = CARTESIAN_POINT('',(1.8,12.990381056767));
#1532 = CARTESIAN_POINT('',(1.8,0.));
#1533 = ( GEOMETRIC_REPRESENTATION_CONTEXT(2) 
PARAMETRIC_REPRESENTATION_CONTEXT() REPRESENTATION_CONTEXT('2D SPACE',''
  ) );
#1534 = ORIENTED_EDGE('',*,*,#1535,.T.);
#1535 = EDGE_CURVE('',#1503,#1536,#1538,.T.);
#1536 = VERTEX_POINT('',#1537);
#1537 = CARTESIAN_POINT('',(49.971780243021,0.65,3.665));
#1538 = SURFACE_CURVE('',#1539,(#1543,#1550),.PCURVE_S1.);
#1539 = LINE('',#1540,#1541);
#1540 = CARTESIAN_POINT('',(49.971780243021,0.65,8.));
#1541 = VECTOR('',#1542,1.);
#1542 = DIRECTION('',(-0.,1.224646799147E-16,1.));
#1543 = PCURVE('',#110,#1544);
#1544 = DEFINITIONAL_REPRESENTATION('',(#1545),#1549);
#1545 = LINE('',#1546,#1547);
#1546 = CARTESIAN_POINT('',(-6.196409778329,0.));
#1547 = VECTOR('',#1548,1.);
#1548 = DIRECTION('',(-0.,1.));
#1549 = ( GEOMETRIC_REPRESENTATION_CONTEXT(2) 
PARAMETRIC_REPRESENTATION_CONTEXT() REPRESENTATION_CONTEXT('2D SPACE',''
  ) );
#1550 = PCURVE('',#1551,#1556);
#1551 = PLANE('',#1552);
#1552 = AXIS2_PLACEMENT_3D('',#1553,#1554,#1555);
#1553 = CARTESIAN_POINT('',(46.,0.65,3.665));
#1554 = DIRECTION('',(0.,-1.,1.224646799147E-16));
#1555 = DIRECTION('',(1.,0.,0.));
#1556 = DEFINITIONAL_REPRESENTATION('',(#1557),#1561);
#1557 = LINE('',#1558,#1559);
#1558 = CARTESIAN_POINT('',(3.971780243021,4.335));
#1559 = VECTOR('',#1560,1.);
#1560 = DIRECTION('',(0.,1.));
#1561 = ( GEOMETRIC_REPRESENTATION_CONTEXT(2) 
PARAMETRIC_REPRESENTATION_CONTEXT() REPRESENTATION_CONTEXT('2D SPACE',''
  ) );
#1562 = ORIENTED_EDGE('',*,*,#1563,.F.);
#1563 = EDGE_CURVE('',#1564,#1536,#1566,.T.);
#1564 = VERTEX_POINT('',#1565);
#1565 = CARTESIAN_POINT('',(49.971780243021,-0.65,3.665));
#1566 = SURFACE_CURVE('',#1567,(#1572,#1579),.PCURVE_S1.);
#1567 = CIRCLE('',#1568,7.5);
#1568 = AXIS2_PLACEMENT_3D('',#1569,#1570,#1571);
#1569 = CARTESIAN_POINT('',(42.5,-5.308843874304E-16,3.665));
#1570 = DIRECTION('',(-0.,1.224646799147E-16,1.));
#1571 = DIRECTION('',(1.,0.,0.));
#1572 = PCURVE('',#110,#1573);
#1573 = DEFINITIONAL_REPRESENTATION('',(#1574),#1578);
#1574 = LINE('',#1575,#1576);
#1575 = CARTESIAN_POINT('',(-12.56637061435,-4.335));
#1576 = VECTOR('',#1577,1.);
#1577 = DIRECTION('',(1.,-0.));
#1578 = ( GEOMETRIC_REPRESENTATION_CONTEXT(2) 
PARAMETRIC_REPRESENTATION_CONTEXT() REPRESENTATION_CONTEXT('2D SPACE',''
  ) );
#1579 = PCURVE('',#1580,#1585);
#1580 = PLANE('',#1581);
#1581 = AXIS2_PLACEMENT_3D('',#1582,#1583,#1584);
#1582 = CARTESIAN_POINT('',(48.2,-5.308843874304E-16,3.665));
#1583 = DIRECTION('',(0.,-1.224646799147E-16,-1.));
#1584 = DIRECTION('',(1.,0.,0.));
#1585 = DEFINITIONAL_REPRESENTATION('',(#1586),#1594);
#1586 = ( BOUNDED_CURVE() B_SPLINE_CURVE(2,(#1587,#1588,#1589,#1590,
#1591,#1592,#1593),.UNSPECIFIED.,.T.,.F.) B_SPLINE_CURVE_WITH_KNOTS((1,2
    ,2,2,2,1),(-2.094395102393,0.,2.094395102393,4.188790204786,
6.28318530718,8.377580409573),.UNSPECIFIED.) CURVE() 
GEOMETRIC_REPRESENTATION_ITEM() RATIONAL_B_SPLINE_CURVE((1.,0.5,1.,0.5,
1.,0.5,1.)) REPRESENTATION_ITEM('') );
#1587 = CARTESIAN_POINT('',(1.8,0.));
#1588 = CARTESIAN_POINT('',(1.8,-12.99038105676));
#1589 = CARTESIAN_POINT('',(-9.45,-6.495190528383));
#1590 = CARTESIAN_POINT('',(-20.7,-1.836970198721E-15));
#1591 = CARTESIAN_POINT('',(-9.45,6.495190528383));
#1592 = CARTESIAN_POINT('',(1.8,12.990381056767));
#1593 = CARTESIAN_POINT('',(1.8,0.));
#1594 = ( GEOMETRIC_REPRESENTATION_CONTEXT(2) 
PARAMETRIC_REPRESENTATION_CONTEXT() REPRESENTATION_CONTEXT('2D SPACE',''
  ) );
#1595 = ORIENTED_EDGE('',*,*,#1596,.F.);
#1596 = EDGE_CURVE('',#1501,#1564,#1597,.T.);
#1597 = SURFACE_CURVE('',#1598,(#1602,#1609),.PCURVE_S1.);
#1598 = LINE('',#1599,#1600);
#1599 = CARTESIAN_POINT('',(49.971780243021,-0.65,8.));
#1600 = VECTOR('',#1601,1.);
#1601 = DIRECTION('',(-0.,1.224646799147E-16,1.));
#1602 = PCURVE('',#110,#1603);
#1603 = DEFINITIONAL_REPRESENTATION('',(#1604),#1608);
#1604 = LINE('',#1605,#1606);
#1605 = CARTESIAN_POINT('',(-6.36996083603,0.));
#1606 = VECTOR('',#1607,1.);
#1607 = DIRECTION('',(-0.,1.));
#1608 = ( GEOMETRIC_REPRESENTATION_CONTEXT(2) 
PARAMETRIC_REPRESENTATION_CONTEXT() REPRESENTATION_CONTEXT('2D SPACE',''
  ) );
#1609 = PCURVE('',#1610,#1615);
#1610 = PLANE('',#1611);
#1611 = AXIS2_PLACEMENT_3D('',#1612,#1613,#1614);
#1612 = CARTESIAN_POINT('',(50.4,-0.65,3.665));
#1613 = DIRECTION('',(0.,1.,-1.224646799147E-16));
#1614 = DIRECTION('',(-1.,-0.,0.));
#1615 = DEFINITIONAL_REPRESENTATION('',(#1616),#1620);
#1616 = LINE('',#1617,#1618);
#1617 = CARTESIAN_POINT('',(0.428219756979,4.335));
#1618 = VECTOR('',#1619,1.);
#1619 = DIRECTION('',(0.,1.));
#1620 = ( GEOMETRIC_REPRESENTATION_CONTEXT(2) 
PARAMETRIC_REPRESENTATION_CONTEXT() REPRESENTATION_CONTEXT('2D SPACE',''
  ) );
#1621 = FACE_BOUND('',#1622,.F.);
#1622 = EDGE_LOOP('',(#1623,#1658,#1686,#1719));
#1623 = ORIENTED_EDGE('',*,*,#1624,.T.);
#1624 = EDGE_CURVE('',#1625,#1627,#1629,.T.);
#1625 = VERTEX_POINT('',#1626);
#1626 = CARTESIAN_POINT('',(49.971780243021,-0.65,3.935));
#1627 = VERTEX_POINT('',#1628);
#1628 = CARTESIAN_POINT('',(49.971780243021,0.65,3.935));
#1629 = SURFACE_CURVE('',#1630,(#1635,#1642),.PCURVE_S1.);
#1630 = CIRCLE('',#1631,7.5);
#1631 = AXIS2_PLACEMENT_3D('',#1632,#1633,#1634);
#1632 = CARTESIAN_POINT('',(42.5,-4.978189238534E-16,3.935));
#1633 = DIRECTION('',(-0.,1.224646799147E-16,1.));
#1634 = DIRECTION('',(1.,0.,0.));
#1635 = PCURVE('',#110,#1636);
#1636 = DEFINITIONAL_REPRESENTATION('',(#1637),#1641);
#1637 = LINE('',#1638,#1639);
#1638 = CARTESIAN_POINT('',(-12.56637061435,-4.065));
#1639 = VECTOR('',#1640,1.);
#1640 = DIRECTION('',(1.,-0.));
#1641 = ( GEOMETRIC_REPRESENTATION_CONTEXT(2) 
PARAMETRIC_REPRESENTATION_CONTEXT() REPRESENTATION_CONTEXT('2D SPACE',''
  ) );
#1642 = PCURVE('',#1643,#1648);
#1643 = PLANE('',#1644);
#1644 = AXIS2_PLACEMENT_3D('',#1645,#1646,#1647);
#1645 = CARTESIAN_POINT('',(48.2,-4.978189238534E-16,3.935));
#1646 = DIRECTION('',(0.,-1.224646799147E-16,-1.));
#1647 = DIRECTION('',(1.,0.,0.));
#1648 = DEFINITIONAL_REPRESENTATION('',(#1649),#1657);
#1649 = ( BOUNDED_CURVE() B_SPLINE_CURVE(2,(#1650,#1651,#1652,#1653,
#1654,#1655,#1656),.UNSPECIFIED.,.T.,.F.) B_SPLINE_CURVE_WITH_KNOTS((1,2
    ,2,2,2,1),(-2.094395102393,0.,2.094395102393,4.188790204786,
6.28318530718,8.377580409573),.UNSPECIFIED.) CURVE() 
GEOMETRIC_REPRESENTATION_ITEM() RATIONAL_B_SPLINE_CURVE((1.,0.5,1.,0.5,
1.,0.5,1.)) REPRESENTATION_ITEM('') );
#1650 = CARTESIAN_POINT('',(1.8,0.));
#1651 = CARTESIAN_POINT('',(1.8,-12.99038105676));
#1652 = CARTESIAN_POINT('',(-9.45,-6.495190528383));
#1653 = CARTESIAN_POINT('',(-20.7,-1.836970198721E-15));
#1654 = CARTESIAN_POINT('',(-9.45,6.495190528383));
#1655 = CARTESIAN_POINT('',(1.8,12.990381056767));
#1656 = CARTESIAN_POINT('',(1.8,0.));
#1657 = ( GEOMETRIC_REPRESENTATION_CONTEXT(2) 
PARAMETRIC_REPRESENTATION_CONTEXT() REPRESENTATION_CONTEXT('2D SPACE',''
  ) );
#1658 = ORIENTED_EDGE('',*,*,#1659,.T.);
#1659 = EDGE_CURVE('',#1627,#1660,#1662,.T.);
#1660 = VERTEX_POINT('',#1661);
#1661 = CARTESIAN_POINT('',(49.971780243021,0.65,4.715));
#1662 = SURFACE_CURVE('',#1663,(#1667,#1674),.PCURVE_S1.);
#1663 = LINE('',#1664,#1665);
#1664 = CARTESIAN_POINT('',(49.971780243021,0.65,8.));
#1665 = VECTOR('',#1666,1.);
#1666 = DIRECTION('',(-0.,1.224646799147E-16,1.));
#1667 = PCURVE('',#110,#1668);
#1668 = DEFINITIONAL_REPRESENTATION('',(#1669),#1673);
#1669 = LINE('',#1670,#1671);
#1670 = CARTESIAN_POINT('',(-6.196409778329,0.));
#1671 = VECTOR('',#1672,1.);
#1672 = DIRECTION('',(-0.,1.));
#1673 = ( GEOMETRIC_REPRESENTATION_CONTEXT(2) 
PARAMETRIC_REPRESENTATION_CONTEXT() REPRESENTATION_CONTEXT('2D SPACE',''
  ) );
#1674 = PCURVE('',#1675,#1680);
#1675 = PLANE('',#1676);
#1676 = AXIS2_PLACEMENT_3D('',#1677,#1678,#1679);
#1677 = CARTESIAN_POINT('',(46.,0.65,4.715));
#1678 = DIRECTION('',(0.,-1.,1.224646799147E-16));
#1679 = DIRECTION('',(1.,0.,0.));
#1680 = DEFINITIONAL_REPRESENTATION('',(#1681),#1685);
#1681 = LINE('',#1682,#1683);
#1682 = CARTESIAN_POINT('',(3.971780243021,3.285));
#1683 = VECTOR('',#1684,1.);
#1684 = DIRECTION('',(0.,1.));
#1685 = ( GEOMETRIC_REPRESENTATION_CONTEXT(2) 
PARAMETRIC_REPRESENTATION_CONTEXT() REPRESENTATION_CONTEXT('2D SPACE',''
  ) );
#1686 = ORIENTED_EDGE('',*,*,#1687,.F.);
#1687 = EDGE_CURVE('',#1688,#1660,#1690,.T.);
#1688 = VERTEX_POINT('',#1689);
#1689 = CARTESIAN_POINT('',(49.971780243021,-0.65,4.715));
#1690 = SURFACE_CURVE('',#1691,(#1696,#1703),.PCURVE_S1.);
#1691 = CIRCLE('',#1692,7.5);
#1692 = AXIS2_PLACEMENT_3D('',#1693,#1694,#1695);
#1693 = CARTESIAN_POINT('',(42.5,-4.022964735199E-16,4.715));
#1694 = DIRECTION('',(-0.,1.224646799147E-16,1.));
#1695 = DIRECTION('',(1.,0.,0.));
#1696 = PCURVE('',#110,#1697);
#1697 = DEFINITIONAL_REPRESENTATION('',(#1698),#1702);
#1698 = LINE('',#1699,#1700);
#1699 = CARTESIAN_POINT('',(-12.56637061435,-3.285));
#1700 = VECTOR('',#1701,1.);
#1701 = DIRECTION('',(1.,-0.));
#1702 = ( GEOMETRIC_REPRESENTATION_CONTEXT(2) 
PARAMETRIC_REPRESENTATION_CONTEXT() REPRESENTATION_CONTEXT('2D SPACE',''
  ) );
#1703 = PCURVE('',#1704,#1709);
#1704 = PLANE('',#1705);
#1705 = AXIS2_PLACEMENT_3D('',#1706,#1707,#1708);
#1706 = CARTESIAN_POINT('',(48.2,-4.022964735199E-16,4.715));
#1707 = DIRECTION('',(0.,-1.224646799147E-16,-1.));
#1708 = DIRECTION('',(1.,0.,0.));
#1709 = DEFINITIONAL_REPRESENTATION('',(#1710),#1718);
#1710 = ( BOUNDED_CURVE() B_SPLINE_CURVE(2,(#1711,#1712,#1713,#1714,
#1715,#1716,#1717),.UNSPECIFIED.,.T.,.F.) B_SPLINE_CURVE_WITH_KNOTS((1,2
    ,2,2,2,1),(-2.094395102393,0.,2.094395102393,4.188790204786,
6.28318530718,8.377580409573),.UNSPECIFIED.) CURVE() 
GEOMETRIC_REPRESENTATION_ITEM() RATIONAL_B_SPLINE_CURVE((1.,0.5,1.,0.5,
1.,0.5,1.)) REPRESENTATION_ITEM('') );
#1711 = CARTESIAN_POINT('',(1.8,0.));
#1712 = CARTESIAN_POINT('',(1.8,-12.99038105676));
#1713 = CARTESIAN_POINT('',(-9.45,-6.495190528383));
#1714 = CARTESIAN_POINT('',(-20.7,-1.836970198721E-15));
#1715 = CARTESIAN_POINT('',(-9.45,6.495190528383));
#1716 = CARTESIAN_POINT('',(1.8,12.990381056767));
#1717 = CARTESIAN_POINT('',(1.8,0.));
#1718 = ( GEOMETRIC_REPRESENTATION_CONTEXT(2) 
PARAMETRIC_REPRESENTATION_CONTEXT() REPRESENTATION_CONTEXT('2D SPACE',''
  ) );
#1719 = ORIENTED_EDGE('',*,*,#1720,.F.);
#1720 = EDGE_CURVE('',#1625,#1688,#1721,.T.);
#1721 = SURFACE_CURVE('',#1722,(#1726,#1733),.PCURVE_S1.);
#1722 = LINE('',#1723,#1724);
#1723 = CARTESIAN_POINT('',(49.971780243021,-0.65,8.));
#1724 = VECTOR('',#1725,1.);
#1725 = DIRECTION('',(-0.,1.224646799147E-16,1.));
#1726 = PCURVE('',#110,#1727);
#1727 = DEFINITIONAL_REPRESENTATION('',(#1728),#1732);
#1728 = LINE('',#1729,#1730);
#1729 = CARTESIAN_POINT('',(-6.36996083603,0.));
#1730 = VECTOR('',#1731,1.);
#1731 = DIRECTION('',(-0.,1.));
#1732 = ( GEOMETRIC_REPRESENTATION_CONTEXT(2) 
PARAMETRIC_REPRESENTATION_CONTEXT() REPRESENTATION_CONTEXT('2D SPACE',''
  ) );
#1733 = PCURVE('',#1734,#1739);
#1734 = PLANE('',#1735);
#1735 = AXIS2_PLACEMENT_3D('',#1736,#1737,#1738);
#1736 = CARTESIAN_POINT('',(50.4,-0.65,4.715));
#1737 = DIRECTION('',(0.,1.,-1.224646799147E-16));
#1738 = DIRECTION('',(-1.,-0.,0.));
#1739 = DEFINITIONAL_REPRESENTATION('',(#1740),#1744);
#1740 = LINE('',#1741,#1742);
#1741 = CARTESIAN_POINT('',(0.428219756979,3.285));
#1742 = VECTOR('',#1743,1.);
#1743 = DIRECTION('',(0.,1.));
#1744 = ( GEOMETRIC_REPRESENTATION_CONTEXT(2) 
PARAMETRIC_REPRESENTATION_CONTEXT() REPRESENTATION_CONTEXT('2D SPACE',''
  ) );
#1745 = FACE_BOUND('',#1746,.F.);
#1746 = EDGE_LOOP('',(#1747,#1782,#1810,#1843));
#1747 = ORIENTED_EDGE('',*,*,#1748,.T.);
#1748 = EDGE_CURVE('',#1749,#1751,#1753,.T.);
#1749 = VERTEX_POINT('',#1750);
#1750 = CARTESIAN_POINT('',(49.971780243021,-0.65,4.985));
#1751 = VERTEX_POINT('',#1752);
#1752 = CARTESIAN_POINT('',(49.971780243021,0.65,4.985));
#1753 = SURFACE_CURVE('',#1754,(#1759,#1766),.PCURVE_S1.);
#1754 = CIRCLE('',#1755,7.5);
#1755 = AXIS2_PLACEMENT_3D('',#1756,#1757,#1758);
#1756 = CARTESIAN_POINT('',(42.5,-3.692310099429E-16,4.985));
#1757 = DIRECTION('',(-0.,1.224646799147E-16,1.));
#1758 = DIRECTION('',(1.,0.,0.));
#1759 = PCURVE('',#110,#1760);
#1760 = DEFINITIONAL_REPRESENTATION('',(#1761),#1765);
#1761 = LINE('',#1762,#1763);
#1762 = CARTESIAN_POINT('',(-12.56637061435,-3.015));
#1763 = VECTOR('',#1764,1.);
#1764 = DIRECTION('',(1.,-0.));
#1765 = ( GEOMETRIC_REPRESENTATION_CONTEXT(2) 
PARAMETRIC_REPRESENTATION_CONTEXT() REPRESENTATION_CONTEXT('2D SPACE',''
  ) );
#1766 = PCURVE('',#1767,#1772);
#1767 = PLANE('',#1768);
#1768 = AXIS2_PLACEMENT_3D('',#1769,#1770,#1771);
#1769 = CARTESIAN_POINT('',(48.2,-3.692310099429E-16,4.985));
#1770 = DIRECTION('',(0.,-1.224646799147E-16,-1.));
#1771 = DIRECTION('',(1.,0.,0.));
#1772 = DEFINITIONAL_REPRESENTATION('',(#1773),#1781);
#1773 = ( BOUNDED_CURVE() B_SPLINE_CURVE(2,(#1774,#1775,#1776,#1777,
#1778,#1779,#1780),.UNSPECIFIED.,.T.,.F.) B_SPLINE_CURVE_WITH_KNOTS((1,2
    ,2,2,2,1),(-2.094395102393,0.,2.094395102393,4.188790204786,
6.28318530718,8.377580409573),.UNSPECIFIED.) CURVE() 
GEOMETRIC_REPRESENTATION_ITEM() RATIONAL_B_SPLINE_CURVE((1.,0.5,1.,0.5,
1.,0.5,1.)) REPRESENTATION_ITEM('') );
#1774 = CARTESIAN_POINT('',(1.8,0.));
#1775 = CARTESIAN_POINT('',(1.8,-12.99038105676));
#1776 = CARTESIAN_POINT('',(-9.45,-6.495190528383));
#1777 = CARTESIAN_POINT('',(-20.7,-1.836970198721E-15));
#1778 = CARTESIAN_POINT('',(-9.45,6.495190528383));
#1779 = CARTESIAN_POINT('',(1.8,12.990381056767));
#1780 = CARTESIAN_POINT('',(1.8,0.));
#1781 = ( GEOMETRIC_REPRESENTATION_CONTEXT(2) 
PARAMETRIC_REPRESENTATION_CONTEXT() REPRESENTATION_CONTEXT('2D SPACE',''
  ) );
#1782 = ORIENTED_EDGE('',*,*,#1783,.T.);
#1783 = EDGE_CURVE('',#1751,#1784,#1786,.T.);
#1784 = VERTEX_POINT('',#1785);
#1785 = CARTESIAN_POINT('',(49.971780243021,0.65,5.765));
#1786 = SURFACE_CURVE('',#1787,(#1791,#1798),.PCURVE_S1.);
#1787 = LINE('',#1788,#1789);
#1788 = CARTESIAN_POINT('',(49.971780243021,0.65,8.));
#1789 = VECTOR('',#1790,1.);
#1790 = DIRECTION('',(-0.,1.224646799147E-16,1.));
#1791 = PCURVE('',#110,#1792);
#1792 = DEFINITIONAL_REPRESENTATION('',(#1793),#1797);
#1793 = LINE('',#1794,#1795);
#1794 = CARTESIAN_POINT('',(-6.196409778329,0.));
#1795 = VECTOR('',#1796,1.);
#1796 = DIRECTION('',(-0.,1.));
#1797 = ( GEOMETRIC_REPRESENTATION_CONTEXT(2) 
PARAMETRIC_REPRESENTATION_CONTEXT() REPRESENTATION_CONTEXT('2D SPACE',''
  ) );
#1798 = PCURVE('',#1799,#1804);
#1799 = PLANE('',#1800);
#1800 = AXIS2_PLACEMENT_3D('',#1801,#1802,#1803);
#1801 = CARTESIAN_POINT('',(46.,0.65,5.765));
#1802 = DIRECTION('',(0.,-1.,1.224646799147E-16));
#1803 = DIRECTION('',(1.,0.,0.));
#1804 = DEFINITIONAL_REPRESENTATION('',(#1805),#1809);
#1805 = LINE('',#1806,#1807);
#1806 = CARTESIAN_POINT('',(3.971780243021,2.235));
#1807 = VECTOR('',#1808,1.);
#1808 = DIRECTION('',(0.,1.));
#1809 = ( GEOMETRIC_REPRESENTATION_CONTEXT(2) 
PARAMETRIC_REPRESENTATION_CONTEXT() REPRESENTATION_CONTEXT('2D SPACE',''
  ) );
#1810 = ORIENTED_EDGE('',*,*,#1811,.F.);
#1811 = EDGE_CURVE('',#1812,#1784,#1814,.T.);
#1812 = VERTEX_POINT('',#1813);
#1813 = CARTESIAN_POINT('',(49.971780243021,-0.65,5.765));
#1814 = SURFACE_CURVE('',#1815,(#1820,#1827),.PCURVE_S1.);
#1815 = CIRCLE('',#1816,7.5);
#1816 = AXIS2_PLACEMENT_3D('',#1817,#1818,#1819);
#1817 = CARTESIAN_POINT('',(42.5,-2.737085596094E-16,5.765));
#1818 = DIRECTION('',(-0.,1.224646799147E-16,1.));
#1819 = DIRECTION('',(1.,0.,0.));
#1820 = PCURVE('',#110,#1821);
#1821 = DEFINITIONAL_REPRESENTATION('',(#1822),#1826);
#1822 = LINE('',#1823,#1824);
#1823 = CARTESIAN_POINT('',(-12.56637061435,-2.235));
#1824 = VECTOR('',#1825,1.);
#1825 = DIRECTION('',(1.,-0.));
#1826 = ( GEOMETRIC_REPRESENTATION_CONTEXT(2) 
PARAMETRIC_REPRESENTATION_CONTEXT() REPRESENTATION_CONTEXT('2D SPACE',''
  ) );
#1827 = PCURVE('',#1828,#1833);
#1828 = PLANE('',#1829);
#1829 = AXIS2_PLACEMENT_3D('',#1830,#1831,#1832);
#1830 = CARTESIAN_POINT('',(48.2,-2.737085596094E-16,5.765));
#1831 = DIRECTION('',(0.,-1.224646799147E-16,-1.));
#1832 = DIRECTION('',(1.,0.,0.));
#1833 = DEFINITIONAL_REPRESENTATION('',(#1834),#1842);
#1834 = ( BOUNDED_CURVE() B_SPLINE_CURVE(2,(#1835,#1836,#1837,#1838,
#1839,#1840,#1841),.UNSPECIFIED.,.T.,.F.) B_SPLINE_CURVE_WITH_KNOTS((1,2
    ,2,2,2,1),(-2.094395102393,0.,2.094395102393,4.188790204786,
6.28318530718,8.377580409573),.UNSPECIFIED.) CURVE() 
GEOMETRIC_REPRESENTATION_ITEM() RATIONAL_B_SPLINE_CURVE((1.,0.5,1.,0.5,
1.,0.5,1.)) REPRESENTATION_ITEM('') );
#1835 = CARTESIAN_POINT('',(1.8,0.));
#1836 = CARTESIAN_POINT('',(1.8,-12.99038105676));
#1837 = CARTESIAN_POINT('',(-9.45,-6.495190528383));
#1838 = CARTESIAN_POINT('',(-20.7,-1.836970198721E-15));
#1839 = CARTESIAN_POINT('',(-9.45,6.495190528383));
#1840 = CARTESIAN_POINT('',(1.8,12.990381056767));
#1841 = CARTESIAN_POINT('',(1.8,0.));
#1842 = ( GEOMETRIC_REPRESENTATION_CONTEXT(2) 
PARAMETRIC_REPRESENTATION_CONTEXT() REPRESENTATION_CONTEXT('2D SPACE',''
  ) );
#1843 = ORIENTED_EDGE('',*,*,#1844,.F.);
#1844 = EDGE_CURVE('',#1749,#1812,#1845,.T.);
#1845 = SURFACE_CURVE('',#1846,(#1850,#1857),.PCURVE_S1.);
#1846 = LINE('',#1847,#1848);
#1847 = CARTESIAN_POINT('',(49.971780243021,-0.65,8.));
#1848 = VECTOR('',#1849,1.);
#1849 = DIRECTION('',(-0.,1.224646799147E-16,1.));
#1850 = PCURVE('',#110,#1851);
#1851 = DEFINITIONAL_REPRESENTATION('',(#1852),#1856);
#1852 = LINE('',#1853,#1854);
#1853 = CARTESIAN_POINT('',(-6.36996083603,0.));
#1854 = VECTOR('',#1855,1.);
#1855 = DIRECTION('',(-0.,1.));
#1856 = ( GEOMETRIC_REPRESENTATION_CONTEXT(2) 
PARAMETRIC_REPRESENTATION_CONTEXT() REPRESENTATION_CONTEXT('2D SPACE',''
  ) );
#1857 = PCURVE('',#1858,#1863);
#1858 = PLANE('',#1859);
#1859 = AXIS2_PLACEMENT_3D('',#1860,#1861,#1862);
#1860 = CARTESIAN_POINT('',(50.4,-0.65,5.765));
#1861 = DIRECTION('',(0.,1.,-1.224646799147E-16));
#1862 = DIRECTION('',(-1.,-0.,0.));
#1863 = DEFINITIONAL_REPRESENTATION('',(#1864),#1868);
#1864 = LINE('',#1865,#1866);
#1865 = CARTESIAN_POINT('',(0.428219756979,2.235));
#1866 = VECTOR('',#1867,1.);
#1867 = DIRECTION('',(0.,1.));
#1868 = ( GEOMETRIC_REPRESENTATION_CONTEXT(2) 
PARAMETRIC_REPRESENTATION_CONTEXT() REPRESENTATION_CONTEXT('2D SPACE',''
  ) );
#1869 = FACE_BOUND('',#1870,.F.);
#1870 = EDGE_LOOP('',(#1871,#1906,#1934,#1967));
#1871 = ORIENTED_EDGE('',*,*,#1872,.T.);
#1872 = EDGE_CURVE('',#1873,#1875,#1877,.T.);
#1873 = VERTEX_POINT('',#1874);
#1874 = CARTESIAN_POINT('',(49.971780243021,-0.65,6.035));
#1875 = VERTEX_POINT('',#1876);
#1876 = CARTESIAN_POINT('',(49.971780243021,0.65,6.035));
#1877 = SURFACE_CURVE('',#1878,(#1883,#1890),.PCURVE_S1.);
#1878 = CIRCLE('',#1879,7.5);
#1879 = AXIS2_PLACEMENT_3D('',#1880,#1881,#1882);
#1880 = CARTESIAN_POINT('',(42.5,-2.406430960325E-16,6.035));
#1881 = DIRECTION('',(-0.,1.224646799147E-16,1.));
#1882 = DIRECTION('',(1.,0.,0.));
#1883 = PCURVE('',#110,#1884);
#1884 = DEFINITIONAL_REPRESENTATION('',(#1885),#1889);
#1885 = LINE('',#1886,#1887);
#1886 = CARTESIAN_POINT('',(-12.56637061435,-1.965));
#1887 = VECTOR('',#1888,1.);
#1888 = DIRECTION('',(1.,-0.));
#1889 = ( GEOMETRIC_REPRESENTATION_CONTEXT(2) 
PARAMETRIC_REPRESENTATION_CONTEXT() REPRESENTATION_CONTEXT('2D SPACE',''
  ) );
#1890 = PCURVE('',#1891,#1896);
#1891 = PLANE('',#1892);
#1892 = AXIS2_PLACEMENT_3D('',#1893,#1894,#1895);
#1893 = CARTESIAN_POINT('',(48.2,-2.406430960325E-16,6.035));
#1894 = DIRECTION('',(0.,-1.224646799147E-16,-1.));
#1895 = DIRECTION('',(1.,0.,0.));
#1896 = DEFINITIONAL_REPRESENTATION('',(#1897),#1905);
#1897 = ( BOUNDED_CURVE() B_SPLINE_CURVE(2,(#1898,#1899,#1900,#1901,
#1902,#1903,#1904),.UNSPECIFIED.,.T.,.F.) B_SPLINE_CURVE_WITH_KNOTS((1,2
    ,2,2,2,1),(-2.094395102393,0.,2.094395102393,4.188790204786,
6.28318530718,8.377580409573),.UNSPECIFIED.) CURVE() 
GEOMETRIC_REPRESENTATION_ITEM() RATIONAL_B_SPLINE_CURVE((1.,0.5,1.,0.5,
1.,0.5,1.)) REPRESENTATION_ITEM('') );
#1898 = CARTESIAN_POINT('',(1.8,0.));
#1899 = CARTESIAN_POINT('',(1.8,-12.99038105676));
#1900 = CARTESIAN_POINT('',(-9.45,-6.495190528383));
#1901 = CARTESIAN_POINT('',(-20.7,-1.836970198721E-15));
#1902 = CARTESIAN_POINT('',(-9.45,6.495190528383));
#1903 = CARTESIAN_POINT('',(1.8,12.990381056767));
#1904 = CARTESIAN_POINT('',(1.8,0.));
#1905 = ( GEOMETRIC_REPRESENTATION_CONTEXT(2) 
PARAMETRIC_REPRESENTATION_CONTEXT() REPRESENTATION_CONTEXT('2D SPACE',''
  ) );
#1906 = ORIENTED_EDGE('',*,*,#1907,.T.);
#1907 = EDGE_CURVE('',#1875,#1908,#1910,.T.);
#1908 = VERTEX_POINT('',#1909);
#1909 = CARTESIAN_POINT('',(49.971780243021,0.65,6.815));
#1910 = SURFACE_CURVE('',#1911,(#1915,#1922),.PCURVE_S1.);
#1911 = LINE('',#1912,#1913);
#1912 = CARTESIAN_POINT('',(49.971780243021,0.65,8.));
#1913 = VECTOR('',#1914,1.);
#1914 = DIRECTION('',(-0.,1.224646799147E-16,1.));
#1915 = PCURVE('',#110,#1916);
#1916 = DEFINITIONAL_REPRESENTATION('',(#1917),#1921);
#1917 = LINE('',#1918,#1919);
#1918 = CARTESIAN_POINT('',(-6.196409778329,0.));
#1919 = VECTOR('',#1920,1.);
#1920 = DIRECTION('',(-0.,1.));
#1921 = ( GEOMETRIC_REPRESENTATION_CONTEXT(2) 
PARAMETRIC_REPRESENTATION_CONTEXT() REPRESENTATION_CONTEXT('2D SPACE',''
  ) );
#1922 = PCURVE('',#1923,#1928);
#1923 = PLANE('',#1924);
#1924 = AXIS2_PLACEMENT_3D('',#1925,#1926,#1927);
#1925 = CARTESIAN_POINT('',(46.,0.65,6.815));
#1926 = DIRECTION('',(0.,-1.,1.224646799147E-16));
#1927 = DIRECTION('',(1.,0.,0.));
#1928 = DEFINITIONAL_REPRESENTATION('',(#1929),#1933);
#1929 = LINE('',#1930,#1931);
#1930 = CARTESIAN_POINT('',(3.971780243021,1.185));
#1931 = VECTOR('',#1932,1.);
#1932 = DIRECTION('',(0.,1.));
#1933 = ( GEOMETRIC_REPRESENTATION_CONTEXT(2) 
PARAMETRIC_REPRESENTATION_CONTEXT() REPRESENTATION_CONTEXT('2D SPACE',''
  ) );
#1934 = ORIENTED_EDGE('',*,*,#1935,.F.);
#1935 = EDGE_CURVE('',#1936,#1908,#1938,.T.);
#1936 = VERTEX_POINT('',#1937);
#1937 = CARTESIAN_POINT('',(49.971780243021,-0.65,6.815));
#1938 = SURFACE_CURVE('',#1939,(#1944,#1951),.PCURVE_S1.);
#1939 = CIRCLE('',#1940,7.5);
#1940 = AXIS2_PLACEMENT_3D('',#1941,#1942,#1943);
#1941 = CARTESIAN_POINT('',(42.5,-1.45120645699E-16,6.815));
#1942 = DIRECTION('',(-0.,1.224646799147E-16,1.));
#1943 = DIRECTION('',(1.,0.,0.));
#1944 = PCURVE('',#110,#1945);
#1945 = DEFINITIONAL_REPRESENTATION('',(#1946),#1950);
#1946 = LINE('',#1947,#1948);
#1947 = CARTESIAN_POINT('',(-12.56637061435,-1.185));
#1948 = VECTOR('',#1949,1.);
#1949 = DIRECTION('',(1.,-0.));
#1950 = ( GEOMETRIC_REPRESENTATION_CONTEXT(2) 
PARAMETRIC_REPRESENTATION_CONTEXT() REPRESENTATION_CONTEXT('2D SPACE',''
  ) );
#1951 = PCURVE('',#1952,#1957);
#1952 = PLANE('',#1953);
#1953 = AXIS2_PLACEMENT_3D('',#1954,#1955,#1956);
#1954 = CARTESIAN_POINT('',(48.2,-1.45120645699E-16,6.815));
#1955 = DIRECTION('',(0.,-1.224646799147E-16,-1.));
#1956 = DIRECTION('',(1.,0.,0.));
#1957 = DEFINITIONAL_REPRESENTATION('',(#1958),#1966);
#1958 = ( BOUNDED_CURVE() B_SPLINE_CURVE(2,(#1959,#1960,#1961,#1962,
#1963,#1964,#1965),.UNSPECIFIED.,.T.,.F.) B_SPLINE_CURVE_WITH_KNOTS((1,2
    ,2,2,2,1),(-2.094395102393,0.,2.094395102393,4.188790204786,
6.28318530718,8.377580409573),.UNSPECIFIED.) CURVE() 
GEOMETRIC_REPRESENTATION_ITEM() RATIONAL_B_SPLINE_CURVE((1.,0.5,1.,0.5,
1.,0.5,1.)) REPRESENTATION_ITEM('') );
#1959 = CARTESIAN_POINT('',(1.8,0.));
#1960 = CARTESIAN_POINT('',(1.8,-12.99038105676));
#1961 = CARTESIAN_POINT('',(-9.45,-6.495190528383));
#1962 = CARTESIAN_POINT('',(-20.7,-1.836970198721E-15));
#1963 = CARTESIAN_POINT('',(-9.45,6.495190528383));
#1964 = CARTESIAN_POINT('',(1.8,12.990381056767));
#1965 = CARTESIAN_POINT('',(1.8,0.));
#1966 = ( GEOMETRIC_REPRESENTATION_CONTEXT(2) 
PARAMETRIC_REPRESENTATION_CONTEXT() REPRESENTATION_CONTEXT('2D SPACE',''
  ) );
#1967 = ORIENTED_EDGE('',*,*,#1968,.F.);
#1968 = EDGE_CURVE('',#1873,#1936,#1969,.T.);
#1969 = SURFACE_CURVE('',#1970,(#1974,#1981),.PCURVE_S1.);
#1970 = LINE('',#1971,#1972);
#1971 = CARTESIAN_POINT('',(49.971780243021,-0.65,8.));
#1972 = VECTOR('',#1973,1.);
#1973 = DIRECTION('',(-0.,1.224646799147E-16,1.));
#1974 = PCURVE('',#110,#1975);
#1975 = DEFINITIONAL_REPRESENTATION('',(#1976),#1980);
#1976 = LINE('',#1977,#1978);
#1977 = CARTESIAN_POINT('',(-6.36996083603,0.));
#1978 = VECTOR('',#1979,1.);
#1979 = DIRECTION('',(-0.,1.));
#1980 = ( GEOMETRIC_REPRESENTATION_CONTEXT(2) 
PARAMETRIC_REPRESENTATION_CONTEXT() REPRESENTATION_CONTEXT('2D SPACE',''
  ) );
#1981 = PCURVE('',#1982,#1987);
#1982 = PLANE('',#1983);
#1983 = AXIS2_PLACEMENT_3D('',#1984,#1985,#1986);
#1984 = CARTESIAN_POINT('',(50.4,-0.65,6.815));
#1985 = DIRECTION('',(0.,1.,-1.224646799147E-16));
#1986 = DIRECTION('',(-1.,-0.,0.));
#1987 = DEFINITIONAL_REPRESENTATION('',(#1988),#1992);
#1988 = LINE('',#1989,#1990);
#1989 = CARTESIAN_POINT('',(0.428219756979,1.185));
#1990 = VECTOR('',#1991,1.);
#1991 = DIRECTION('',(0.,1.));
#1992 = ( GEOMETRIC_REPRESENTATION_CONTEXT(2) 
PARAMETRIC_REPRESENTATION_CONTEXT() REPRESENTATION_CONTEXT('2D SPACE',''
  ) );
#1993 = FACE_BOUND('',#1994,.F.);
#1994 = EDGE_LOOP('',(#1995,#2030,#2058,#2091));
#1995 = ORIENTED_EDGE('',*,*,#1996,.T.);
#1996 = EDGE_CURVE('',#1997,#1999,#2001,.T.);
#1997 = VERTEX_POINT('',#1998);
#1998 = CARTESIAN_POINT('',(49.971780243021,-0.65,7.085));
#1999 = VERTEX_POINT('',#2000);
#2000 = CARTESIAN_POINT('',(49.971780243021,0.65,7.085));
#2001 = SURFACE_CURVE('',#2002,(#2007,#2014),.PCURVE_S1.);
#2002 = CIRCLE('',#2003,7.5);
#2003 = AXIS2_PLACEMENT_3D('',#2004,#2005,#2006);
#2004 = CARTESIAN_POINT('',(42.5,-1.12055182122E-16,7.085));
#2005 = DIRECTION('',(-0.,1.224646799147E-16,1.));
#2006 = DIRECTION('',(1.,0.,0.));
#2007 = PCURVE('',#110,#2008);
#2008 = DEFINITIONAL_REPRESENTATION('',(#2009),#2013);
#2009 = LINE('',#2010,#2011);
#2010 = CARTESIAN_POINT('',(-12.56637061435,-0.915));
#2011 = VECTOR('',#2012,1.);
#2012 = DIRECTION('',(1.,-0.));
#2013 = ( GEOMETRIC_REPRESENTATION_CONTEXT(2) 
PARAMETRIC_REPRESENTATION_CONTEXT() REPRESENTATION_CONTEXT('2D SPACE',''
  ) );
#2014 = PCURVE('',#2015,#2020);
#2015 = PLANE('',#2016);
#2016 = AXIS2_PLACEMENT_3D('',#2017,#2018,#2019);
#2017 = CARTESIAN_POINT('',(48.2,-1.12055182122E-16,7.085));
#2018 = DIRECTION('',(0.,-1.224646799147E-16,-1.));
#2019 = DIRECTION('',(1.,0.,0.));
#2020 = DEFINITIONAL_REPRESENTATION('',(#2021),#2029);
#2021 = ( BOUNDED_CURVE() B_SPLINE_CURVE(2,(#2022,#2023,#2024,#2025,
#2026,#2027,#2028),.UNSPECIFIED.,.T.,.F.) B_SPLINE_CURVE_WITH_KNOTS((1,2
    ,2,2,2,1),(-2.094395102393,0.,2.094395102393,4.188790204786,
6.28318530718,8.377580409573),.UNSPECIFIED.) CURVE() 
GEOMETRIC_REPRESENTATION_ITEM() RATIONAL_B_SPLINE_CURVE((1.,0.5,1.,0.5,
1.,0.5,1.)) REPRESENTATION_ITEM('') );
#2022 = CARTESIAN_POINT('',(1.8,0.));
#2023 = CARTESIAN_POINT('',(1.8,-12.99038105676));
#2024 = CARTESIAN_POINT('',(-9.45,-6.495190528383));
#2025 = CARTESIAN_POINT('',(-20.7,-1.836970198721E-15));
#2026 = CARTESIAN_POINT('',(-9.45,6.495190528383));
#2027 = CARTESIAN_POINT('',(1.8,12.990381056767));
#2028 = CARTESIAN_POINT('',(1.8,0.));
#2029 = ( GEOMETRIC_REPRESENTATION_CONTEXT(2) 
PARAMETRIC_REPRESENTATION_CONTEXT() REPRESENTATION_CONTEXT('2D SPACE',''
  ) );
#2030 = ORIENTED_EDGE('',*,*,#2031,.T.);
#2031 = EDGE_CURVE('',#1999,#2032,#2034,.T.);
#2032 = VERTEX_POINT('',#2033);
#2033 = CARTESIAN_POINT('',(49.971780243021,0.65,7.865));
#2034 = SURFACE_CURVE('',#2035,(#2039,#2046),.PCURVE_S1.);
#2035 = LINE('',#2036,#2037);
#2036 = CARTESIAN_POINT('',(49.971780243021,0.65,8.));
#2037 = VECTOR('',#2038,1.);
#2038 = DIRECTION('',(-0.,1.224646799147E-16,1.));
#2039 = PCURVE('',#110,#2040);
#2040 = DEFINITIONAL_REPRESENTATION('',(#2041),#2045);
#2041 = LINE('',#2042,#2043);
#2042 = CARTESIAN_POINT('',(-6.196409778329,0.));
#2043 = VECTOR('',#2044,1.);
#2044 = DIRECTION('',(-0.,1.));
#2045 = ( GEOMETRIC_REPRESENTATION_CONTEXT(2) 
PARAMETRIC_REPRESENTATION_CONTEXT() REPRESENTATION_CONTEXT('2D SPACE',''
  ) );
#2046 = PCURVE('',#2047,#2052);
#2047 = PLANE('',#2048);
#2048 = AXIS2_PLACEMENT_3D('',#2049,#2050,#2051);
#2049 = CARTESIAN_POINT('',(46.,0.65,7.865));
#2050 = DIRECTION('',(0.,-1.,1.224646799147E-16));
#2051 = DIRECTION('',(1.,0.,0.));
#2052 = DEFINITIONAL_REPRESENTATION('',(#2053),#2057);
#2053 = LINE('',#2054,#2055);
#2054 = CARTESIAN_POINT('',(3.971780243021,0.135));
#2055 = VECTOR('',#2056,1.);
#2056 = DIRECTION('',(0.,1.));
#2057 = ( GEOMETRIC_REPRESENTATION_CONTEXT(2) 
PARAMETRIC_REPRESENTATION_CONTEXT() REPRESENTATION_CONTEXT('2D SPACE',''
  ) );
#2058 = ORIENTED_EDGE('',*,*,#2059,.F.);
#2059 = EDGE_CURVE('',#2060,#2032,#2062,.T.);
#2060 = VERTEX_POINT('',#2061);
#2061 = CARTESIAN_POINT('',(49.971780243021,-0.65,7.865));
#2062 = SURFACE_CURVE('',#2063,(#2068,#2075),.PCURVE_S1.);
#2063 = CIRCLE('',#2064,7.5);
#2064 = AXIS2_PLACEMENT_3D('',#2065,#2066,#2067);
#2065 = CARTESIAN_POINT('',(42.5,-1.653273178849E-17,7.865));
#2066 = DIRECTION('',(-0.,1.224646799147E-16,1.));
#2067 = DIRECTION('',(1.,0.,0.));
#2068 = PCURVE('',#110,#2069);
#2069 = DEFINITIONAL_REPRESENTATION('',(#2070),#2074);
#2070 = LINE('',#2071,#2072);
#2071 = CARTESIAN_POINT('',(-12.56637061435,-0.135));
#2072 = VECTOR('',#2073,1.);
#2073 = DIRECTION('',(1.,-0.));
#2074 = ( GEOMETRIC_REPRESENTATION_CONTEXT(2) 
PARAMETRIC_REPRESENTATION_CONTEXT() REPRESENTATION_CONTEXT('2D SPACE',''
  ) );
#2075 = PCURVE('',#2076,#2081);
#2076 = PLANE('',#2077);
#2077 = AXIS2_PLACEMENT_3D('',#2078,#2079,#2080);
#2078 = CARTESIAN_POINT('',(48.2,-1.653273178849E-17,7.865));
#2079 = DIRECTION('',(0.,-1.224646799147E-16,-1.));
#2080 = DIRECTION('',(1.,0.,0.));
#2081 = DEFINITIONAL_REPRESENTATION('',(#2082),#2090);
#2082 = ( BOUNDED_CURVE() B_SPLINE_CURVE(2,(#2083,#2084,#2085,#2086,
#2087,#2088,#2089),.UNSPECIFIED.,.T.,.F.) B_SPLINE_CURVE_WITH_KNOTS((1,2
    ,2,2,2,1),(-2.094395102393,0.,2.094395102393,4.188790204786,
6.28318530718,8.377580409573),.UNSPECIFIED.) CURVE() 
GEOMETRIC_REPRESENTATION_ITEM() RATIONAL_B_SPLINE_CURVE((1.,0.5,1.,0.5,
1.,0.5,1.)) REPRESENTATION_ITEM('') );
#2083 = CARTESIAN_POINT('',(1.8,0.));
#2084 = CARTESIAN_POINT('',(1.8,-12.99038105676));
#2085 = CARTESIAN_POINT('',(-9.45,-6.495190528383));
#2086 = CARTESIAN_POINT('',(-20.7,-1.836970198721E-15));
#2087 = CARTESIAN_POINT('',(-9.45,6.495190528383));
#2088 = CARTESIAN_POINT('',(1.8,12.990381056767));
#2089 = CARTESIAN_POINT('',(1.8,0.));
#2090 = ( GEOMETRIC_REPRESENTATION_CONTEXT(2) 
PARAMETRIC_REPRESENTATION_CONTEXT() REPRESENTATION_CONTEXT('2D SPACE',''
  ) );
#2091 = ORIENTED_EDGE('',*,*,#2092,.F.);
#2092 = EDGE_CURVE('',#1997,#2060,#2093,.T.);
#2093 = SURFACE_CURVE('',#2094,(#2098,#2105),.PCURVE_S1.);
#2094 = LINE('',#2095,#2096);
#2095 = CARTESIAN_POINT('',(49.971780243021,-0.65,8.));
#2096 = VECTOR('',#2097,1.);
#2097 = DIRECTION('',(-0.,1.224646799147E-16,1.));
#2098 = PCURVE('',#110,#2099);
#2099 = DEFINITIONAL_REPRESENTATION('',(#2100),#2104);
#2100 = LINE('',#2101,#2102);
#2101 = CARTESIAN_POINT('',(-6.36996083603,0.));
#2102 = VECTOR('',#2103,1.);
#2103 = DIRECTION('',(-0.,1.));
#2104 = ( GEOMETRIC_REPRESENTATION_CONTEXT(2) 
PARAMETRIC_REPRESENTATION_CONTEXT() REPRESENTATION_CONTEXT('2D SPACE',''
  ) );
#2105 = PCURVE('',#2106,#2111);
#2106 = PLANE('',#2107);
#2107 = AXIS2_PLACEMENT_3D('',#2108,#2109,#2110);
#2108 = CARTESIAN_POINT('',(50.4,-0.65,7.865));
#2109 = DIRECTION('',(0.,1.,-1.224646799147E-16));
#2110 = DIRECTION('',(-1.,-0.,0.));
#2111 = DEFINITIONAL_REPRESENTATION('',(#2112),#2116);
#2112 = LINE('',#2113,#2114);
#2113 = CARTESIAN_POINT('',(0.428219756979,0.135));
#2114 = VECTOR('',#2115,1.);
#2115 = DIRECTION('',(0.,1.));
#2116 = ( GEOMETRIC_REPRESENTATION_CONTEXT(2) 
PARAMETRIC_REPRESENTATION_CONTEXT() REPRESENTATION_CONTEXT('2D SPACE',''
  ) );
#2117 = ADVANCED_FACE('',(#2118),#539,.T.);
#2118 = FACE_BOUND('',#2119,.F.);
#2119 = EDGE_LOOP('',(#2120,#2143,#2169,#2170));
#2120 = ORIENTED_EDGE('',*,*,#2121,.F.);
#2121 = EDGE_CURVE('',#2122,#491,#2124,.T.);
#2122 = VERTEX_POINT('',#2123);
#2123 = CARTESIAN_POINT('',(-1.113901851954,20.697007510139,
    -1.7763568394E-15));
#2124 = SURFACE_CURVE('',#2125,(#2129,#2136),.PCURVE_S1.);
#2125 = LINE('',#2126,#2127);
#2126 = CARTESIAN_POINT('',(-1.113901851954,20.697007510139,8.));
#2127 = VECTOR('',#2128,1.);
#2128 = DIRECTION('',(0.,1.224646799147E-16,1.));
#2129 = PCURVE('',#539,#2130);
#2130 = DEFINITIONAL_REPRESENTATION('',(#2131),#2135);
#2131 = LINE('',#2132,#2133);
#2132 = CARTESIAN_POINT('',(-1.414254045752,0.));
#2133 = VECTOR('',#2134,1.);
#2134 = DIRECTION('',(-0.,1.));
#2135 = ( GEOMETRIC_REPRESENTATION_CONTEXT(2) 
PARAMETRIC_REPRESENTATION_CONTEXT() REPRESENTATION_CONTEXT('2D SPACE',''
  ) );
#2136 = PCURVE('',#506,#2137);
#2137 = DEFINITIONAL_REPRESENTATION('',(#2138),#2142);
#2138 = LINE('',#2139,#2140);
#2139 = CARTESIAN_POINT('',(24.092677463803,2.325003447613E-16));
#2140 = VECTOR('',#2141,1.);
#2141 = DIRECTION('',(0.,1.));
#2142 = ( GEOMETRIC_REPRESENTATION_CONTEXT(2) 
PARAMETRIC_REPRESENTATION_CONTEXT() REPRESENTATION_CONTEXT('2D SPACE',''
  ) );
#2143 = ORIENTED_EDGE('',*,*,#2144,.F.);
#2144 = EDGE_CURVE('',#1279,#2122,#2145,.T.);
#2145 = SURFACE_CURVE('',#2146,(#2151,#2158),.PCURVE_S1.);
#2146 = CIRCLE('',#2147,9.5);
#2147 = AXIS2_PLACEMENT_3D('',#2148,#2149,#2150);
#2148 = CARTESIAN_POINT('',(-8.5,14.722431864335,-1.7763568394E-15));
#2149 = DIRECTION('',(2.413661756443E-33,1.224646799147E-16,1.));
#2150 = DIRECTION('',(-0.933387722118,-0.358869558753,4.39488456438E-17)
  );
#2151 = PCURVE('',#539,#2152);
#2152 = DEFINITIONAL_REPRESENTATION('',(#2153),#2157);
#2153 = LINE('',#2154,#2155);
#2154 = CARTESIAN_POINT('',(-4.868931261427,-8.));
#2155 = VECTOR('',#2156,1.);
#2156 = DIRECTION('',(1.,-0.));
#2157 = ( GEOMETRIC_REPRESENTATION_CONTEXT(2) 
PARAMETRIC_REPRESENTATION_CONTEXT() REPRESENTATION_CONTEXT('2D SPACE',''
  ) );
#2158 = PCURVE('',#1187,#2159);
#2159 = DEFINITIONAL_REPRESENTATION('',(#2160),#2168);
#2160 = ( BOUNDED_CURVE() B_SPLINE_CURVE(2,(#2161,#2162,#2163,#2164,
#2165,#2166,#2167),.UNSPECIFIED.,.T.,.F.) B_SPLINE_CURVE_WITH_KNOTS((1,2
    ,2,2,2,1),(-2.094395102393,0.,2.094395102393,4.188790204786,
6.28318530718,8.377580409573),.UNSPECIFIED.) CURVE() 
GEOMETRIC_REPRESENTATION_ITEM() RATIONAL_B_SPLINE_CURVE((1.,0.5,1.,0.5,
1.,0.5,1.)) REPRESENTATION_ITEM('') );
#2161 = CARTESIAN_POINT('',(-34.36718336012,-11.31317105618));
#2162 = CARTESIAN_POINT('',(-28.46217042415,4.045241043574));
#2163 = CARTESIAN_POINT('',(-18.11390185195,-8.747856218532));
#2164 = CARTESIAN_POINT('',(-7.765633279758,-21.54095348063));
#2165 = CARTESIAN_POINT('',(-24.01891478792,-24.10626831829));
#2166 = CARTESIAN_POINT('',(-40.27219629609,-26.67158315594));
#2167 = CARTESIAN_POINT('',(-34.36718336012,-11.31317105618));
#2168 = ( GEOMETRIC_REPRESENTATION_CONTEXT(2) 
PARAMETRIC_REPRESENTATION_CONTEXT() REPRESENTATION_CONTEXT('2D SPACE',''
  ) );
#2169 = ORIENTED_EDGE('',*,*,#1278,.T.);
#2170 = ORIENTED_EDGE('',*,*,#518,.T.);
#2171 = ADVANCED_FACE('',(#2172),#138,.F.);
#2172 = FACE_BOUND('',#2173,.F.);
#2173 = EDGE_LOOP('',(#2174,#2175,#2176,#2199));
#2174 = ORIENTED_EDGE('',*,*,#122,.F.);
#2175 = ORIENTED_EDGE('',*,*,#1353,.T.);
#2176 = ORIENTED_EDGE('',*,*,#2177,.T.);
#2177 = EDGE_CURVE('',#1330,#2178,#2180,.T.);
#2178 = VERTEX_POINT('',#2179);
#2179 = CARTESIAN_POINT('',(18.481085212075,-9.383836453955,
    8.881784197001E-16));
#2180 = SURFACE_CURVE('',#2181,(#2185,#2192),.PCURVE_S1.);
#2181 = LINE('',#2182,#2183);
#2182 = CARTESIAN_POINT('',(42.5,-7.5,8.881784197001E-16));
#2183 = VECTOR('',#2184,1.);
#2184 = DIRECTION('',(-0.996938377813,-7.819124531863E-02,
    9.575665830081E-18));
#2185 = PCURVE('',#138,#2186);
#2186 = DEFINITIONAL_REPRESENTATION('',(#2187),#2191);
#2187 = LINE('',#2188,#2189);
#2188 = CARTESIAN_POINT('',(-7.157549939159E-18,-8.));
#2189 = VECTOR('',#2190,1.);
#2190 = DIRECTION('',(1.,0.));
#2191 = ( GEOMETRIC_REPRESENTATION_CONTEXT(2) 
PARAMETRIC_REPRESENTATION_CONTEXT() REPRESENTATION_CONTEXT('2D SPACE',''
  ) );
#2192 = PCURVE('',#1187,#2193);
#2193 = DEFINITIONAL_REPRESENTATION('',(#2194),#2198);
#2194 = LINE('',#2195,#2196);
#2195 = CARTESIAN_POINT('',(25.5,7.5));
#2196 = VECTOR('',#2197,1.);
#2197 = DIRECTION('',(-0.996938377813,7.819124531863E-02));
#2198 = ( GEOMETRIC_REPRESENTATION_CONTEXT(2) 
PARAMETRIC_REPRESENTATION_CONTEXT() REPRESENTATION_CONTEXT('2D SPACE',''
  ) );
#2199 = ORIENTED_EDGE('',*,*,#2200,.T.);
#2200 = EDGE_CURVE('',#2178,#123,#2201,.T.);
#2201 = SURFACE_CURVE('',#2202,(#2206,#2213),.PCURVE_S1.);
#2202 = LINE('',#2203,#2204);
#2203 = CARTESIAN_POINT('',(18.481085212075,-9.383836453955,8.));
#2204 = VECTOR('',#2205,1.);
#2205 = DIRECTION('',(-0.,1.224646799147E-16,1.));
#2206 = PCURVE('',#138,#2207);
#2207 = DEFINITIONAL_REPRESENTATION('',(#2208),#2212);
#2208 = LINE('',#2209,#2210);
#2209 = CARTESIAN_POINT('',(24.092677463803,-2.307034283453E-16));
#2210 = VECTOR('',#2211,1.);
#2211 = DIRECTION('',(0.,1.));
#2212 = ( GEOMETRIC_REPRESENTATION_CONTEXT(2) 
PARAMETRIC_REPRESENTATION_CONTEXT() REPRESENTATION_CONTEXT('2D SPACE',''
  ) );
#2213 = PCURVE('',#171,#2214);
#2214 = DEFINITIONAL_REPRESENTATION('',(#2215),#2219);
#2215 = LINE('',#2216,#2217);
#2216 = CARTESIAN_POINT('',(-1.414254045752,0.));
#2217 = VECTOR('',#2218,1.);
#2218 = DIRECTION('',(-0.,1.));
#2219 = ( GEOMETRIC_REPRESENTATION_CONTEXT(2) 
PARAMETRIC_REPRESENTATION_CONTEXT() REPRESENTATION_CONTEXT('2D SPACE',''
  ) );
#2220 = ADVANCED_FACE('',(#2221),#506,.F.);
#2221 = FACE_BOUND('',#2222,.F.);
#2222 = EDGE_LOOP('',(#2223,#2224,#2247,#2268));
#2223 = ORIENTED_EDGE('',*,*,#490,.F.);
#2224 = ORIENTED_EDGE('',*,*,#2225,.T.);
#2225 = EDGE_CURVE('',#458,#2226,#2228,.T.);
#2226 = VERTEX_POINT('',#2227);
#2227 = CARTESIAN_POINT('',(-14.75480947161,40.556079660839,
    -5.329070518201E-15));
#2228 = SURFACE_CURVE('',#2229,(#2233,#2240),.PCURVE_S1.);
#2229 = LINE('',#2230,#2231);
#2230 = CARTESIAN_POINT('',(-14.75480947161,40.556079660839,8.));
#2231 = VECTOR('',#2232,1.);
#2232 = DIRECTION('',(0.,-1.224646799147E-16,-1.));
#2233 = PCURVE('',#506,#2234);
#2234 = DEFINITIONAL_REPRESENTATION('',(#2235),#2239);
#2235 = LINE('',#2236,#2237);
#2236 = CARTESIAN_POINT('',(0.,0.));
#2237 = VECTOR('',#2238,1.);
#2238 = DIRECTION('',(0.,-1.));
#2239 = ( GEOMETRIC_REPRESENTATION_CONTEXT(2) 
PARAMETRIC_REPRESENTATION_CONTEXT() REPRESENTATION_CONTEXT('2D SPACE',''
  ) );
#2240 = PCURVE('',#478,#2241);
#2241 = DEFINITIONAL_REPRESENTATION('',(#2242),#2246);
#2242 = LINE('',#2243,#2244);
#2243 = CARTESIAN_POINT('',(-7.853981633974,0.));
#2244 = VECTOR('',#2245,1.);
#2245 = DIRECTION('',(-0.,-1.));
#2246 = ( GEOMETRIC_REPRESENTATION_CONTEXT(2) 
PARAMETRIC_REPRESENTATION_CONTEXT() REPRESENTATION_CONTEXT('2D SPACE',''
  ) );
#2247 = ORIENTED_EDGE('',*,*,#2248,.T.);
#2248 = EDGE_CURVE('',#2226,#2122,#2249,.T.);
#2249 = SURFACE_CURVE('',#2250,(#2254,#2261),.PCURVE_S1.);
#2250 = LINE('',#2251,#2252);
#2251 = CARTESIAN_POINT('',(-14.75480947161,40.556079660839,
    -5.329070518201E-15));
#2252 = VECTOR('',#2253,1.);
#2253 = DIRECTION('',(0.566184793706,-0.824278338534,1.009449828892E-16)
  );
#2254 = PCURVE('',#506,#2255);
#2255 = DEFINITIONAL_REPRESENTATION('',(#2256),#2260);
#2256 = LINE('',#2257,#2258);
#2257 = CARTESIAN_POINT('',(-8.075598631137E-16,-8.));
#2258 = VECTOR('',#2259,1.);
#2259 = DIRECTION('',(1.,0.));
#2260 = ( GEOMETRIC_REPRESENTATION_CONTEXT(2) 
PARAMETRIC_REPRESENTATION_CONTEXT() REPRESENTATION_CONTEXT('2D SPACE',''
  ) );
#2261 = PCURVE('',#1187,#2262);
#2262 = DEFINITIONAL_REPRESENTATION('',(#2263),#2267);
#2263 = LINE('',#2264,#2265);
#2264 = CARTESIAN_POINT('',(-31.75480947161,-40.55607966083));
#2265 = VECTOR('',#2266,1.);
#2266 = DIRECTION('',(0.566184793706,0.824278338534));
#2267 = ( GEOMETRIC_REPRESENTATION_CONTEXT(2) 
PARAMETRIC_REPRESENTATION_CONTEXT() REPRESENTATION_CONTEXT('2D SPACE',''
  ) );
#2268 = ORIENTED_EDGE('',*,*,#2121,.T.);
#2269 = ADVANCED_FACE('',(#2270),#171,.T.);
#2270 = FACE_BOUND('',#2271,.F.);
#2271 = EDGE_LOOP('',(#2272,#2273,#2301,#2322));
#2272 = ORIENTED_EDGE('',*,*,#2200,.F.);
#2273 = ORIENTED_EDGE('',*,*,#2274,.F.);
#2274 = EDGE_CURVE('',#2275,#2178,#2277,.T.);
#2275 = VERTEX_POINT('',#2276);
#2276 = CARTESIAN_POINT('',(16.463235294118,-9.484823859752,
    8.881784197001E-16));
#2277 = SURFACE_CURVE('',#2278,(#2283,#2290),.PCURVE_S1.);
#2278 = CIRCLE('',#2279,9.5);
#2279 = AXIS2_PLACEMENT_3D('',#2280,#2281,#2282);
#2280 = CARTESIAN_POINT('',(17.,-9.797174393179E-16,0.));
#2281 = DIRECTION('',(8.588005617595E-34,1.224646799147E-16,1.));
#2282 = DIRECTION('',(0.155903706534,0.987772258311,-1.209672134427E-16)
  );
#2283 = PCURVE('',#171,#2284);
#2284 = DEFINITIONAL_REPRESENTATION('',(#2285),#2289);
#2285 = LINE('',#2286,#2287);
#2286 = CARTESIAN_POINT('',(-4.868931261427,-8.));
#2287 = VECTOR('',#2288,1.);
#2288 = DIRECTION('',(1.,-0.));
#2289 = ( GEOMETRIC_REPRESENTATION_CONTEXT(2) 
PARAMETRIC_REPRESENTATION_CONTEXT() REPRESENTATION_CONTEXT('2D SPACE',''
  ) );
#2290 = PCURVE('',#1187,#2291);
#2291 = DEFINITIONAL_REPRESENTATION('',(#2292),#2300);
#2292 = ( BOUNDED_CURVE() B_SPLINE_CURVE(2,(#2293,#2294,#2295,#2296,
#2297,#2298,#2299),.UNSPECIFIED.,.T.,.F.) B_SPLINE_CURVE_WITH_KNOTS((1,2
    ,2,2,2,1),(-2.094395102393,0.,2.094395102393,4.188790204786,
6.28318530718,8.377580409573),.UNSPECIFIED.) CURVE() 
GEOMETRIC_REPRESENTATION_ITEM() RATIONAL_B_SPLINE_CURVE((1.,0.5,1.,0.5,
1.,0.5,1.)) REPRESENTATION_ITEM('') );
#2293 = CARTESIAN_POINT('',(1.481085212075,-9.383836453955));
#2294 = CARTESIAN_POINT('',(-14.77219629609,-11.9491512916));
#2295 = CARTESIAN_POINT('',(-8.867183360121,3.409260808151));
#2296 = CARTESIAN_POINT('',(-2.96217042415,18.76767290791));
#2297 = CARTESIAN_POINT('',(7.386098148046,5.974575645804));
#2298 = CARTESIAN_POINT('',(17.734366720242,-6.818521616302));
#2299 = CARTESIAN_POINT('',(1.481085212075,-9.383836453955));
#2300 = ( GEOMETRIC_REPRESENTATION_CONTEXT(2) 
PARAMETRIC_REPRESENTATION_CONTEXT() REPRESENTATION_CONTEXT('2D SPACE',''
  ) );
#2301 = ORIENTED_EDGE('',*,*,#2302,.T.);
#2302 = EDGE_CURVE('',#2275,#151,#2303,.T.);
#2303 = SURFACE_CURVE('',#2304,(#2308,#2315),.PCURVE_S1.);
#2304 = LINE('',#2305,#2306);
#2305 = CARTESIAN_POINT('',(16.463235294118,-9.484823859752,8.));
#2306 = VECTOR('',#2307,1.);
#2307 = DIRECTION('',(-0.,1.224646799147E-16,1.));
#2308 = PCURVE('',#171,#2309);
#2309 = DEFINITIONAL_REPRESENTATION('',(#2310),#2314);
#2310 = LINE('',#2311,#2312);
#2311 = CARTESIAN_POINT('',(-1.627327980878,0.));
#2312 = VECTOR('',#2313,1.);
#2313 = DIRECTION('',(-0.,1.));
#2314 = ( GEOMETRIC_REPRESENTATION_CONTEXT(2) 
PARAMETRIC_REPRESENTATION_CONTEXT() REPRESENTATION_CONTEXT('2D SPACE',''
  ) );
#2315 = PCURVE('',#200,#2316);
#2316 = DEFINITIONAL_REPRESENTATION('',(#2317),#2321);
#2317 = LINE('',#2318,#2319);
#2318 = CARTESIAN_POINT('',(-0.522676710515,0.));
#2319 = VECTOR('',#2320,1.);
#2320 = DIRECTION('',(-0.,1.));
#2321 = ( GEOMETRIC_REPRESENTATION_CONTEXT(2) 
PARAMETRIC_REPRESENTATION_CONTEXT() REPRESENTATION_CONTEXT('2D SPACE',''
  ) );
#2322 = ORIENTED_EDGE('',*,*,#150,.T.);
#2323 = ADVANCED_FACE('',(#2324,#2373,#2497,#2621,#2745,#2869,#2993),
  #478,.T.);
#2324 = FACE_BOUND('',#2325,.F.);
#2325 = EDGE_LOOP('',(#2326,#2327,#2350,#2372));
#2326 = ORIENTED_EDGE('',*,*,#457,.T.);
#2327 = ORIENTED_EDGE('',*,*,#2328,.T.);
#2328 = EDGE_CURVE('',#430,#2329,#2331,.T.);
#2329 = VERTEX_POINT('',#2330);
#2330 = CARTESIAN_POINT('',(-27.74519052838,33.056079660839,
    -3.552713678801E-15));
#2331 = SURFACE_CURVE('',#2332,(#2336,#2343),.PCURVE_S1.);
#2332 = LINE('',#2333,#2334);
#2333 = CARTESIAN_POINT('',(-27.74519052838,33.056079660839,8.));
#2334 = VECTOR('',#2335,1.);
#2335 = DIRECTION('',(0.,-1.224646799147E-16,-1.));
#2336 = PCURVE('',#478,#2337);
#2337 = DEFINITIONAL_REPRESENTATION('',(#2338),#2342);
#2338 = LINE('',#2339,#2340);
#2339 = CARTESIAN_POINT('',(-4.712388980385,0.));
#2340 = VECTOR('',#2341,1.);
#2341 = DIRECTION('',(-0.,-1.));
#2342 = ( GEOMETRIC_REPRESENTATION_CONTEXT(2) 
PARAMETRIC_REPRESENTATION_CONTEXT() REPRESENTATION_CONTEXT('2D SPACE',''
  ) );
#2343 = PCURVE('',#445,#2344);
#2344 = DEFINITIONAL_REPRESENTATION('',(#2345),#2349);
#2345 = LINE('',#2346,#2347);
#2346 = CARTESIAN_POINT('',(25.578311124857,-7.257821401373E-16));
#2347 = VECTOR('',#2348,1.);
#2348 = DIRECTION('',(0.,-1.));
#2349 = ( GEOMETRIC_REPRESENTATION_CONTEXT(2) 
PARAMETRIC_REPRESENTATION_CONTEXT() REPRESENTATION_CONTEXT('2D SPACE',''
  ) );
#2350 = ORIENTED_EDGE('',*,*,#2351,.T.);
#2351 = EDGE_CURVE('',#2329,#2226,#2352,.T.);
#2352 = SURFACE_CURVE('',#2353,(#2358,#2365),.PCURVE_S1.);
#2353 = CIRCLE('',#2354,7.5);
#2354 = AXIS2_PLACEMENT_3D('',#2355,#2356,#2357);
#2355 = CARTESIAN_POINT('',(-21.25,36.806079660839,-5.329070518201E-15)
  );
#2356 = DIRECTION('',(3.958171220914E-33,-1.224646799147E-16,-1.));
#2357 = DIRECTION('',(-0.866025403784,-0.5,6.123233995737E-17));
#2358 = PCURVE('',#478,#2359);
#2359 = DEFINITIONAL_REPRESENTATION('',(#2360),#2364);
#2360 = LINE('',#2361,#2362);
#2361 = CARTESIAN_POINT('',(-4.712388980385,-8.));
#2362 = VECTOR('',#2363,1.);
#2363 = DIRECTION('',(-1.,0.));
#2364 = ( GEOMETRIC_REPRESENTATION_CONTEXT(2) 
PARAMETRIC_REPRESENTATION_CONTEXT() REPRESENTATION_CONTEXT('2D SPACE',''
  ) );
#2365 = PCURVE('',#1187,#2366);
#2366 = DEFINITIONAL_REPRESENTATION('',(#2367),#2371);
#2367 = CIRCLE('',#2368,7.5);
#2368 = AXIS2_PLACEMENT_2D('',#2369,#2370);
#2369 = CARTESIAN_POINT('',(-38.25,-36.80607966083));
#2370 = DIRECTION('',(-0.866025403784,0.5));
#2371 = ( GEOMETRIC_REPRESENTATION_CONTEXT(2) 
PARAMETRIC_REPRESENTATION_CONTEXT() REPRESENTATION_CONTEXT('2D SPACE',''
  ) );
#2372 = ORIENTED_EDGE('',*,*,#2225,.F.);
#2373 = FACE_BOUND('',#2374,.F.);
#2374 = EDGE_LOOP('',(#2375,#2410,#2438,#2471));
#2375 = ORIENTED_EDGE('',*,*,#2376,.T.);
#2376 = EDGE_CURVE('',#2377,#2379,#2381,.T.);
#2377 = VERTEX_POINT('',#2378);
#2378 = CARTESIAN_POINT('',(-24.42297360905,43.60183116279,1.835));
#2379 = VERTEX_POINT('',#2380);
#2380 = CARTESIAN_POINT('',(-25.54880663397,42.95183116279,1.835));
#2381 = SURFACE_CURVE('',#2382,(#2387,#2394),.PCURVE_S1.);
#2382 = CIRCLE('',#2383,7.5);
#2383 = AXIS2_PLACEMENT_3D('',#2384,#2385,#2386);
#2384 = CARTESIAN_POINT('',(-21.25,36.806079660839,1.835));
#2385 = DIRECTION('',(-5.750875869077E-33,1.224646799147E-16,1.));
#2386 = DIRECTION('',(-0.5,0.866025403784,-1.060575238725E-16));
#2387 = PCURVE('',#478,#2388);
#2388 = DEFINITIONAL_REPRESENTATION('',(#2389),#2393);
#2389 = LINE('',#2390,#2391);
#2390 = CARTESIAN_POINT('',(-12.56637061435,-6.165));
#2391 = VECTOR('',#2392,1.);
#2392 = DIRECTION('',(1.,-0.));
#2393 = ( GEOMETRIC_REPRESENTATION_CONTEXT(2) 
PARAMETRIC_REPRESENTATION_CONTEXT() REPRESENTATION_CONTEXT('2D SPACE',''
  ) );
#2394 = PCURVE('',#2395,#2400);
#2395 = PLANE('',#2396);
#2396 = AXIS2_PLACEMENT_3D('',#2397,#2398,#2399);
#2397 = CARTESIAN_POINT('',(-24.1,41.74242446241,1.835));
#2398 = DIRECTION('',(0.,-1.224646799147E-16,-1.));
#2399 = DIRECTION('',(-0.5,0.866025403784,-1.060575238725E-16));
#2400 = DEFINITIONAL_REPRESENTATION('',(#2401),#2409);
#2401 = ( BOUNDED_CURVE() B_SPLINE_CURVE(2,(#2402,#2403,#2404,#2405,
#2406,#2407,#2408),.UNSPECIFIED.,.T.,.F.) B_SPLINE_CURVE_WITH_KNOTS((1,2
    ,2,2,2,1),(-2.094395102393,0.,2.094395102393,4.188790204786,
6.28318530718,8.377580409573),.UNSPECIFIED.) CURVE() 
GEOMETRIC_REPRESENTATION_ITEM() RATIONAL_B_SPLINE_CURVE((1.,0.5,1.,0.5,
1.,0.5,1.)) REPRESENTATION_ITEM('') );
#2402 = CARTESIAN_POINT('',(1.8,1.514516305013E-15));
#2403 = CARTESIAN_POINT('',(1.8,-12.99038105676));
#2404 = CARTESIAN_POINT('',(-9.45,-6.495190528383));
#2405 = CARTESIAN_POINT('',(-20.7,-4.121281239052E-16));
#2406 = CARTESIAN_POINT('',(-9.45,6.495190528383));
#2407 = CARTESIAN_POINT('',(1.8,12.990381056767));
#2408 = CARTESIAN_POINT('',(1.8,1.514516305013E-15));
#2409 = ( GEOMETRIC_REPRESENTATION_CONTEXT(2) 
PARAMETRIC_REPRESENTATION_CONTEXT() REPRESENTATION_CONTEXT('2D SPACE',''
  ) );
#2410 = ORIENTED_EDGE('',*,*,#2411,.T.);
#2411 = EDGE_CURVE('',#2379,#2412,#2414,.T.);
#2412 = VERTEX_POINT('',#2413);
#2413 = CARTESIAN_POINT('',(-25.54880663397,42.95183116279,2.615));
#2414 = SURFACE_CURVE('',#2415,(#2419,#2426),.PCURVE_S1.);
#2415 = LINE('',#2416,#2417);
#2416 = CARTESIAN_POINT('',(-25.54880663397,42.95183116279,8.));
#2417 = VECTOR('',#2418,1.);
#2418 = DIRECTION('',(0.,1.224646799147E-16,1.));
#2419 = PCURVE('',#478,#2420);
#2420 = DEFINITIONAL_REPRESENTATION('',(#2421),#2425);
#2421 = LINE('',#2422,#2423);
#2422 = CARTESIAN_POINT('',(-6.196409778329,0.));
#2423 = VECTOR('',#2424,1.);
#2424 = DIRECTION('',(-0.,1.));
#2425 = ( GEOMETRIC_REPRESENTATION_CONTEXT(2) 
PARAMETRIC_REPRESENTATION_CONTEXT() REPRESENTATION_CONTEXT('2D SPACE',''
  ) );
#2426 = PCURVE('',#2427,#2432);
#2427 = PLANE('',#2428);
#2428 = AXIS2_PLACEMENT_3D('',#2429,#2430,#2431);
#2429 = CARTESIAN_POINT('',(-23.56291651246,39.512168574084,2.615));
#2430 = DIRECTION('',(0.866025403784,0.5,-6.123233995737E-17));
#2431 = DIRECTION('',(-0.5,0.866025403784,-1.060575238725E-16));
#2432 = DEFINITIONAL_REPRESENTATION('',(#2433),#2437);
#2433 = LINE('',#2434,#2435);
#2434 = CARTESIAN_POINT('',(3.971780243021,5.385));
#2435 = VECTOR('',#2436,1.);
#2436 = DIRECTION('',(0.,1.));
#2437 = ( GEOMETRIC_REPRESENTATION_CONTEXT(2) 
PARAMETRIC_REPRESENTATION_CONTEXT() REPRESENTATION_CONTEXT('2D SPACE',''
  ) );
#2438 = ORIENTED_EDGE('',*,*,#2439,.F.);
#2439 = EDGE_CURVE('',#2440,#2412,#2442,.T.);
#2440 = VERTEX_POINT('',#2441);
#2441 = CARTESIAN_POINT('',(-24.42297360905,43.60183116279,2.615));
#2442 = SURFACE_CURVE('',#2443,(#2448,#2455),.PCURVE_S1.);
#2443 = CIRCLE('',#2444,7.5);
#2444 = AXIS2_PLACEMENT_3D('',#2445,#2446,#2447);
#2445 = CARTESIAN_POINT('',(-21.25,36.806079660839,2.615));
#2446 = DIRECTION('',(-5.750875869077E-33,1.224646799147E-16,1.));
#2447 = DIRECTION('',(-0.5,0.866025403784,-1.060575238725E-16));
#2448 = PCURVE('',#478,#2449);
#2449 = DEFINITIONAL_REPRESENTATION('',(#2450),#2454);
#2450 = LINE('',#2451,#2452);
#2451 = CARTESIAN_POINT('',(-12.56637061435,-5.385));
#2452 = VECTOR('',#2453,1.);
#2453 = DIRECTION('',(1.,-0.));
#2454 = ( GEOMETRIC_REPRESENTATION_CONTEXT(2) 
PARAMETRIC_REPRESENTATION_CONTEXT() REPRESENTATION_CONTEXT('2D SPACE',''
  ) );
#2455 = PCURVE('',#2456,#2461);
#2456 = PLANE('',#2457);
#2457 = AXIS2_PLACEMENT_3D('',#2458,#2459,#2460);
#2458 = CARTESIAN_POINT('',(-24.1,41.74242446241,2.615));
#2459 = DIRECTION('',(0.,-1.224646799147E-16,-1.));
#2460 = DIRECTION('',(-0.5,0.866025403784,-1.060575238725E-16));
#2461 = DEFINITIONAL_REPRESENTATION('',(#2462),#2470);
#2462 = ( BOUNDED_CURVE() B_SPLINE_CURVE(2,(#2463,#2464,#2465,#2466,
#2467,#2468,#2469),.UNSPECIFIED.,.T.,.F.) B_SPLINE_CURVE_WITH_KNOTS((1,2
    ,2,2,2,1),(-2.094395102393,0.,2.094395102393,4.188790204786,
6.28318530718,8.377580409573),.UNSPECIFIED.) CURVE() 
GEOMETRIC_REPRESENTATION_ITEM() RATIONAL_B_SPLINE_CURVE((1.,0.5,1.,0.5,
1.,0.5,1.)) REPRESENTATION_ITEM('') );
#2463 = CARTESIAN_POINT('',(1.8,1.514516305013E-15));
#2464 = CARTESIAN_POINT('',(1.8,-12.99038105676));
#2465 = CARTESIAN_POINT('',(-9.45,-6.495190528383));
#2466 = CARTESIAN_POINT('',(-20.7,-4.121281239052E-16));
#2467 = CARTESIAN_POINT('',(-9.45,6.495190528383));
#2468 = CARTESIAN_POINT('',(1.8,12.990381056767));
#2469 = CARTESIAN_POINT('',(1.8,1.514516305013E-15));
#2470 = ( GEOMETRIC_REPRESENTATION_CONTEXT(2) 
PARAMETRIC_REPRESENTATION_CONTEXT() REPRESENTATION_CONTEXT('2D SPACE',''
  ) );
#2471 = ORIENTED_EDGE('',*,*,#2472,.F.);
#2472 = EDGE_CURVE('',#2377,#2440,#2473,.T.);
#2473 = SURFACE_CURVE('',#2474,(#2478,#2485),.PCURVE_S1.);
#2474 = LINE('',#2475,#2476);
#2475 = CARTESIAN_POINT('',(-24.42297360905,43.60183116279,8.));
#2476 = VECTOR('',#2477,1.);
#2477 = DIRECTION('',(0.,1.224646799147E-16,1.));
#2478 = PCURVE('',#478,#2479);
#2479 = DEFINITIONAL_REPRESENTATION('',(#2480),#2484);
#2480 = LINE('',#2481,#2482);
#2481 = CARTESIAN_POINT('',(-6.36996083603,0.));
#2482 = VECTOR('',#2483,1.);
#2483 = DIRECTION('',(-0.,1.));
#2484 = ( GEOMETRIC_REPRESENTATION_CONTEXT(2) 
PARAMETRIC_REPRESENTATION_CONTEXT() REPRESENTATION_CONTEXT('2D SPACE',''
  ) );
#2485 = PCURVE('',#2486,#2491);
#2486 = PLANE('',#2487);
#2487 = AXIS2_PLACEMENT_3D('',#2488,#2489,#2490);
#2488 = CARTESIAN_POINT('',(-24.63708348754,43.972680350736,2.615));
#2489 = DIRECTION('',(-0.866025403784,-0.5,6.123233995737E-17));
#2490 = DIRECTION('',(0.5,-0.866025403784,1.060575238725E-16));
#2491 = DEFINITIONAL_REPRESENTATION('',(#2492),#2496);
#2492 = LINE('',#2493,#2494);
#2493 = CARTESIAN_POINT('',(0.428219756979,5.385));
#2494 = VECTOR('',#2495,1.);
#2495 = DIRECTION('',(0.,1.));
#2496 = ( GEOMETRIC_REPRESENTATION_CONTEXT(2) 
PARAMETRIC_REPRESENTATION_CONTEXT() REPRESENTATION_CONTEXT('2D SPACE',''
  ) );
#2497 = FACE_BOUND('',#2498,.F.);
#2498 = EDGE_LOOP('',(#2499,#2534,#2562,#2595));
#2499 = ORIENTED_EDGE('',*,*,#2500,.T.);
#2500 = EDGE_CURVE('',#2501,#2503,#2505,.T.);
#2501 = VERTEX_POINT('',#2502);
#2502 = CARTESIAN_POINT('',(-24.42297360905,43.60183116279,2.885));
#2503 = VERTEX_POINT('',#2504);
#2504 = CARTESIAN_POINT('',(-25.54880663397,42.95183116279,2.885));
#2505 = SURFACE_CURVE('',#2506,(#2511,#2518),.PCURVE_S1.);
#2506 = CIRCLE('',#2507,7.5);
#2507 = AXIS2_PLACEMENT_3D('',#2508,#2509,#2510);
#2508 = CARTESIAN_POINT('',(-21.25,36.806079660839,2.885));
#2509 = DIRECTION('',(-5.750875869077E-33,1.224646799147E-16,1.));
#2510 = DIRECTION('',(-0.5,0.866025403784,-1.060575238725E-16));
#2511 = PCURVE('',#478,#2512);
#2512 = DEFINITIONAL_REPRESENTATION('',(#2513),#2517);
#2513 = LINE('',#2514,#2515);
#2514 = CARTESIAN_POINT('',(-12.56637061435,-5.115));
#2515 = VECTOR('',#2516,1.);
#2516 = DIRECTION('',(1.,-0.));
#2517 = ( GEOMETRIC_REPRESENTATION_CONTEXT(2) 
PARAMETRIC_REPRESENTATION_CONTEXT() REPRESENTATION_CONTEXT('2D SPACE',''
  ) );
#2518 = PCURVE('',#2519,#2524);
#2519 = PLANE('',#2520);
#2520 = AXIS2_PLACEMENT_3D('',#2521,#2522,#2523);
#2521 = CARTESIAN_POINT('',(-24.1,41.74242446241,2.885));
#2522 = DIRECTION('',(0.,-1.224646799147E-16,-1.));
#2523 = DIRECTION('',(-0.5,0.866025403784,-1.060575238725E-16));
#2524 = DEFINITIONAL_REPRESENTATION('',(#2525),#2533);
#2525 = ( BOUNDED_CURVE() B_SPLINE_CURVE(2,(#2526,#2527,#2528,#2529,
#2530,#2531,#2532),.UNSPECIFIED.,.T.,.F.) B_SPLINE_CURVE_WITH_KNOTS((1,2
    ,2,2,2,1),(-2.094395102393,0.,2.094395102393,4.188790204786,
6.28318530718,8.377580409573),.UNSPECIFIED.) CURVE() 
GEOMETRIC_REPRESENTATION_ITEM() RATIONAL_B_SPLINE_CURVE((1.,0.5,1.,0.5,
1.,0.5,1.)) REPRESENTATION_ITEM('') );
#2526 = CARTESIAN_POINT('',(1.8,1.514516305013E-15));
#2527 = CARTESIAN_POINT('',(1.8,-12.99038105676));
#2528 = CARTESIAN_POINT('',(-9.45,-6.495190528383));
#2529 = CARTESIAN_POINT('',(-20.7,-4.121281239052E-16));
#2530 = CARTESIAN_POINT('',(-9.45,6.495190528383));
#2531 = CARTESIAN_POINT('',(1.8,12.990381056767));
#2532 = CARTESIAN_POINT('',(1.8,1.514516305013E-15));
#2533 = ( GEOMETRIC_REPRESENTATION_CONTEXT(2) 
PARAMETRIC_REPRESENTATION_CONTEXT() REPRESENTATION_CONTEXT('2D SPACE',''
  ) );
#2534 = ORIENTED_EDGE('',*,*,#2535,.T.);
#2535 = EDGE_CURVE('',#2503,#2536,#2538,.T.);
#2536 = VERTEX_POINT('',#2537);
#2537 = CARTESIAN_POINT('',(-25.54880663397,42.95183116279,3.665));
#2538 = SURFACE_CURVE('',#2539,(#2543,#2550),.PCURVE_S1.);
#2539 = LINE('',#2540,#2541);
#2540 = CARTESIAN_POINT('',(-25.54880663397,42.95183116279,8.));
#2541 = VECTOR('',#2542,1.);
#2542 = DIRECTION('',(0.,1.224646799147E-16,1.));
#2543 = PCURVE('',#478,#2544);
#2544 = DEFINITIONAL_REPRESENTATION('',(#2545),#2549);
#2545 = LINE('',#2546,#2547);
#2546 = CARTESIAN_POINT('',(-6.196409778329,0.));
#2547 = VECTOR('',#2548,1.);
#2548 = DIRECTION('',(-0.,1.));
#2549 = ( GEOMETRIC_REPRESENTATION_CONTEXT(2) 
PARAMETRIC_REPRESENTATION_CONTEXT() REPRESENTATION_CONTEXT('2D SPACE',''
  ) );
#2550 = PCURVE('',#2551,#2556);
#2551 = PLANE('',#2552);
#2552 = AXIS2_PLACEMENT_3D('',#2553,#2554,#2555);
#2553 = CARTESIAN_POINT('',(-23.56291651246,39.512168574084,3.665));
#2554 = DIRECTION('',(0.866025403784,0.5,-6.123233995737E-17));
#2555 = DIRECTION('',(-0.5,0.866025403784,-1.060575238725E-16));
#2556 = DEFINITIONAL_REPRESENTATION('',(#2557),#2561);
#2557 = LINE('',#2558,#2559);
#2558 = CARTESIAN_POINT('',(3.971780243021,4.335));
#2559 = VECTOR('',#2560,1.);
#2560 = DIRECTION('',(0.,1.));
#2561 = ( GEOMETRIC_REPRESENTATION_CONTEXT(2) 
PARAMETRIC_REPRESENTATION_CONTEXT() REPRESENTATION_CONTEXT('2D SPACE',''
  ) );
#2562 = ORIENTED_EDGE('',*,*,#2563,.F.);
#2563 = EDGE_CURVE('',#2564,#2536,#2566,.T.);
#2564 = VERTEX_POINT('',#2565);
#2565 = CARTESIAN_POINT('',(-24.42297360905,43.60183116279,3.665));
#2566 = SURFACE_CURVE('',#2567,(#2572,#2579),.PCURVE_S1.);
#2567 = CIRCLE('',#2568,7.5);
#2568 = AXIS2_PLACEMENT_3D('',#2569,#2570,#2571);
#2569 = CARTESIAN_POINT('',(-21.25,36.806079660839,3.665));
#2570 = DIRECTION('',(-5.750875869077E-33,1.224646799147E-16,1.));
#2571 = DIRECTION('',(-0.5,0.866025403784,-1.060575238725E-16));
#2572 = PCURVE('',#478,#2573);
#2573 = DEFINITIONAL_REPRESENTATION('',(#2574),#2578);
#2574 = LINE('',#2575,#2576);
#2575 = CARTESIAN_POINT('',(-12.56637061435,-4.335));
#2576 = VECTOR('',#2577,1.);
#2577 = DIRECTION('',(1.,-0.));
#2578 = ( GEOMETRIC_REPRESENTATION_CONTEXT(2) 
PARAMETRIC_REPRESENTATION_CONTEXT() REPRESENTATION_CONTEXT('2D SPACE',''
  ) );
#2579 = PCURVE('',#2580,#2585);
#2580 = PLANE('',#2581);
#2581 = AXIS2_PLACEMENT_3D('',#2582,#2583,#2584);
#2582 = CARTESIAN_POINT('',(-24.1,41.74242446241,3.665));
#2583 = DIRECTION('',(0.,-1.224646799147E-16,-1.));
#2584 = DIRECTION('',(-0.5,0.866025403784,-1.060575238725E-16));
#2585 = DEFINITIONAL_REPRESENTATION('',(#2586),#2594);
#2586 = ( BOUNDED_CURVE() B_SPLINE_CURVE(2,(#2587,#2588,#2589,#2590,
#2591,#2592,#2593),.UNSPECIFIED.,.T.,.F.) B_SPLINE_CURVE_WITH_KNOTS((1,2
    ,2,2,2,1),(-2.094395102393,0.,2.094395102393,4.188790204786,
6.28318530718,8.377580409573),.UNSPECIFIED.) CURVE() 
GEOMETRIC_REPRESENTATION_ITEM() RATIONAL_B_SPLINE_CURVE((1.,0.5,1.,0.5,
1.,0.5,1.)) REPRESENTATION_ITEM('') );
#2587 = CARTESIAN_POINT('',(1.8,1.514516305013E-15));
#2588 = CARTESIAN_POINT('',(1.8,-12.99038105676));
#2589 = CARTESIAN_POINT('',(-9.45,-6.495190528383));
#2590 = CARTESIAN_POINT('',(-20.7,-4.121281239052E-16));
#2591 = CARTESIAN_POINT('',(-9.45,6.495190528383));
#2592 = CARTESIAN_POINT('',(1.8,12.990381056767));
#2593 = CARTESIAN_POINT('',(1.8,1.514516305013E-15));
#2594 = ( GEOMETRIC_REPRESENTATION_CONTEXT(2) 
PARAMETRIC_REPRESENTATION_CONTEXT() REPRESENTATION_CONTEXT('2D SPACE',''
  ) );
#2595 = ORIENTED_EDGE('',*,*,#2596,.F.);
#2596 = EDGE_CURVE('',#2501,#2564,#2597,.T.);
#2597 = SURFACE_CURVE('',#2598,(#2602,#2609),.PCURVE_S1.);
#2598 = LINE('',#2599,#2600);
#2599 = CARTESIAN_POINT('',(-24.42297360905,43.60183116279,8.));
#2600 = VECTOR('',#2601,1.);
#2601 = DIRECTION('',(0.,1.224646799147E-16,1.));
#2602 = PCURVE('',#478,#2603);
#2603 = DEFINITIONAL_REPRESENTATION('',(#2604),#2608);
#2604 = LINE('',#2605,#2606);
#2605 = CARTESIAN_POINT('',(-6.36996083603,0.));
#2606 = VECTOR('',#2607,1.);
#2607 = DIRECTION('',(-0.,1.));
#2608 = ( GEOMETRIC_REPRESENTATION_CONTEXT(2) 
PARAMETRIC_REPRESENTATION_CONTEXT() REPRESENTATION_CONTEXT('2D SPACE',''
  ) );
#2609 = PCURVE('',#2610,#2615);
#2610 = PLANE('',#2611);
#2611 = AXIS2_PLACEMENT_3D('',#2612,#2613,#2614);
#2612 = CARTESIAN_POINT('',(-24.63708348754,43.972680350736,3.665));
#2613 = DIRECTION('',(-0.866025403784,-0.5,6.123233995737E-17));
#2614 = DIRECTION('',(0.5,-0.866025403784,1.060575238725E-16));
#2615 = DEFINITIONAL_REPRESENTATION('',(#2616),#2620);
#2616 = LINE('',#2617,#2618);
#2617 = CARTESIAN_POINT('',(0.428219756979,4.335));
#2618 = VECTOR('',#2619,1.);
#2619 = DIRECTION('',(0.,1.));
#2620 = ( GEOMETRIC_REPRESENTATION_CONTEXT(2) 
PARAMETRIC_REPRESENTATION_CONTEXT() REPRESENTATION_CONTEXT('2D SPACE',''
  ) );
#2621 = FACE_BOUND('',#2622,.F.);
#2622 = EDGE_LOOP('',(#2623,#2658,#2686,#2719));
#2623 = ORIENTED_EDGE('',*,*,#2624,.T.);
#2624 = EDGE_CURVE('',#2625,#2627,#2629,.T.);
#2625 = VERTEX_POINT('',#2626);
#2626 = CARTESIAN_POINT('',(-24.42297360905,43.60183116279,3.935));
#2627 = VERTEX_POINT('',#2628);
#2628 = CARTESIAN_POINT('',(-25.54880663397,42.95183116279,3.935));
#2629 = SURFACE_CURVE('',#2630,(#2635,#2642),.PCURVE_S1.);
#2630 = CIRCLE('',#2631,7.5);
#2631 = AXIS2_PLACEMENT_3D('',#2632,#2633,#2634);
#2632 = CARTESIAN_POINT('',(-21.25,36.806079660839,3.935));
#2633 = DIRECTION('',(-5.750875869077E-33,1.224646799147E-16,1.));
#2634 = DIRECTION('',(-0.5,0.866025403784,-1.060575238725E-16));
#2635 = PCURVE('',#478,#2636);
#2636 = DEFINITIONAL_REPRESENTATION('',(#2637),#2641);
#2637 = LINE('',#2638,#2639);
#2638 = CARTESIAN_POINT('',(-12.56637061435,-4.065));
#2639 = VECTOR('',#2640,1.);
#2640 = DIRECTION('',(1.,-0.));
#2641 = ( GEOMETRIC_REPRESENTATION_CONTEXT(2) 
PARAMETRIC_REPRESENTATION_CONTEXT() REPRESENTATION_CONTEXT('2D SPACE',''
  ) );
#2642 = PCURVE('',#2643,#2648);
#2643 = PLANE('',#2644);
#2644 = AXIS2_PLACEMENT_3D('',#2645,#2646,#2647);
#2645 = CARTESIAN_POINT('',(-24.1,41.74242446241,3.935));
#2646 = DIRECTION('',(0.,-1.224646799147E-16,-1.));
#2647 = DIRECTION('',(-0.5,0.866025403784,-1.060575238725E-16));
#2648 = DEFINITIONAL_REPRESENTATION('',(#2649),#2657);
#2649 = ( BOUNDED_CURVE() B_SPLINE_CURVE(2,(#2650,#2651,#2652,#2653,
#2654,#2655,#2656),.UNSPECIFIED.,.T.,.F.) B_SPLINE_CURVE_WITH_KNOTS((1,2
    ,2,2,2,1),(-2.094395102393,0.,2.094395102393,4.188790204786,
6.28318530718,8.377580409573),.UNSPECIFIED.) CURVE() 
GEOMETRIC_REPRESENTATION_ITEM() RATIONAL_B_SPLINE_CURVE((1.,0.5,1.,0.5,
1.,0.5,1.)) REPRESENTATION_ITEM('') );
#2650 = CARTESIAN_POINT('',(1.8,1.514516305013E-15));
#2651 = CARTESIAN_POINT('',(1.8,-12.99038105676));
#2652 = CARTESIAN_POINT('',(-9.45,-6.495190528383));
#2653 = CARTESIAN_POINT('',(-20.7,-4.121281239052E-16));
#2654 = CARTESIAN_POINT('',(-9.45,6.495190528383));
#2655 = CARTESIAN_POINT('',(1.8,12.990381056767));
#2656 = CARTESIAN_POINT('',(1.8,1.514516305013E-15));
#2657 = ( GEOMETRIC_REPRESENTATION_CONTEXT(2) 
PARAMETRIC_REPRESENTATION_CONTEXT() REPRESENTATION_CONTEXT('2D SPACE',''
  ) );
#2658 = ORIENTED_EDGE('',*,*,#2659,.T.);
#2659 = EDGE_CURVE('',#2627,#2660,#2662,.T.);
#2660 = VERTEX_POINT('',#2661);
#2661 = CARTESIAN_POINT('',(-25.54880663397,42.95183116279,4.715));
#2662 = SURFACE_CURVE('',#2663,(#2667,#2674),.PCURVE_S1.);
#2663 = LINE('',#2664,#2665);
#2664 = CARTESIAN_POINT('',(-25.54880663397,42.95183116279,8.));
#2665 = VECTOR('',#2666,1.);
#2666 = DIRECTION('',(0.,1.224646799147E-16,1.));
#2667 = PCURVE('',#478,#2668);
#2668 = DEFINITIONAL_REPRESENTATION('',(#2669),#2673);
#2669 = LINE('',#2670,#2671);
#2670 = CARTESIAN_POINT('',(-6.196409778329,0.));
#2671 = VECTOR('',#2672,1.);
#2672 = DIRECTION('',(-0.,1.));
#2673 = ( GEOMETRIC_REPRESENTATION_CONTEXT(2) 
PARAMETRIC_REPRESENTATION_CONTEXT() REPRESENTATION_CONTEXT('2D SPACE',''
  ) );
#2674 = PCURVE('',#2675,#2680);
#2675 = PLANE('',#2676);
#2676 = AXIS2_PLACEMENT_3D('',#2677,#2678,#2679);
#2677 = CARTESIAN_POINT('',(-23.56291651246,39.512168574084,4.715));
#2678 = DIRECTION('',(0.866025403784,0.5,-6.123233995737E-17));
#2679 = DIRECTION('',(-0.5,0.866025403784,-1.060575238725E-16));
#2680 = DEFINITIONAL_REPRESENTATION('',(#2681),#2685);
#2681 = LINE('',#2682,#2683);
#2682 = CARTESIAN_POINT('',(3.971780243021,3.285));
#2683 = VECTOR('',#2684,1.);
#2684 = DIRECTION('',(0.,1.));
#2685 = ( GEOMETRIC_REPRESENTATION_CONTEXT(2) 
PARAMETRIC_REPRESENTATION_CONTEXT() REPRESENTATION_CONTEXT('2D SPACE',''
  ) );
#2686 = ORIENTED_EDGE('',*,*,#2687,.F.);
#2687 = EDGE_CURVE('',#2688,#2660,#2690,.T.);
#2688 = VERTEX_POINT('',#2689);
#2689 = CARTESIAN_POINT('',(-24.42297360905,43.60183116279,4.715));
#2690 = SURFACE_CURVE('',#2691,(#2696,#2703),.PCURVE_S1.);
#2691 = CIRCLE('',#2692,7.5);
#2692 = AXIS2_PLACEMENT_3D('',#2693,#2694,#2695);
#2693 = CARTESIAN_POINT('',(-21.25,36.806079660839,4.715));
#2694 = DIRECTION('',(-5.750875869077E-33,1.224646799147E-16,1.));
#2695 = DIRECTION('',(-0.5,0.866025403784,-1.060575238725E-16));
#2696 = PCURVE('',#478,#2697);
#2697 = DEFINITIONAL_REPRESENTATION('',(#2698),#2702);
#2698 = LINE('',#2699,#2700);
#2699 = CARTESIAN_POINT('',(-12.56637061435,-3.285));
#2700 = VECTOR('',#2701,1.);
#2701 = DIRECTION('',(1.,-0.));
#2702 = ( GEOMETRIC_REPRESENTATION_CONTEXT(2) 
PARAMETRIC_REPRESENTATION_CONTEXT() REPRESENTATION_CONTEXT('2D SPACE',''
  ) );
#2703 = PCURVE('',#2704,#2709);
#2704 = PLANE('',#2705);
#2705 = AXIS2_PLACEMENT_3D('',#2706,#2707,#2708);
#2706 = CARTESIAN_POINT('',(-24.1,41.74242446241,4.715));
#2707 = DIRECTION('',(0.,-1.224646799147E-16,-1.));
#2708 = DIRECTION('',(-0.5,0.866025403784,-1.060575238725E-16));
#2709 = DEFINITIONAL_REPRESENTATION('',(#2710),#2718);
#2710 = ( BOUNDED_CURVE() B_SPLINE_CURVE(2,(#2711,#2712,#2713,#2714,
#2715,#2716,#2717),.UNSPECIFIED.,.T.,.F.) B_SPLINE_CURVE_WITH_KNOTS((1,2
    ,2,2,2,1),(-2.094395102393,0.,2.094395102393,4.188790204786,
6.28318530718,8.377580409573),.UNSPECIFIED.) CURVE() 
GEOMETRIC_REPRESENTATION_ITEM() RATIONAL_B_SPLINE_CURVE((1.,0.5,1.,0.5,
1.,0.5,1.)) REPRESENTATION_ITEM('') );
#2711 = CARTESIAN_POINT('',(1.8,1.514516305013E-15));
#2712 = CARTESIAN_POINT('',(1.8,-12.99038105676));
#2713 = CARTESIAN_POINT('',(-9.45,-6.495190528383));
#2714 = CARTESIAN_POINT('',(-20.7,-4.121281239052E-16));
#2715 = CARTESIAN_POINT('',(-9.45,6.495190528383));
#2716 = CARTESIAN_POINT('',(1.8,12.990381056767));
#2717 = CARTESIAN_POINT('',(1.8,1.514516305013E-15));
#2718 = ( GEOMETRIC_REPRESENTATION_CONTEXT(2) 
PARAMETRIC_REPRESENTATION_CONTEXT() REPRESENTATION_CONTEXT('2D SPACE',''
  ) );
#2719 = ORIENTED_EDGE('',*,*,#2720,.F.);
#2720 = EDGE_CURVE('',#2625,#2688,#2721,.T.);
#2721 = SURFACE_CURVE('',#2722,(#2726,#2733),.PCURVE_S1.);
#2722 = LINE('',#2723,#2724);
#2723 = CARTESIAN_POINT('',(-24.42297360905,43.60183116279,8.));
#2724 = VECTOR('',#2725,1.);
#2725 = DIRECTION('',(0.,1.224646799147E-16,1.));
#2726 = PCURVE('',#478,#2727);
#2727 = DEFINITIONAL_REPRESENTATION('',(#2728),#2732);
#2728 = LINE('',#2729,#2730);
#2729 = CARTESIAN_POINT('',(-6.36996083603,0.));
#2730 = VECTOR('',#2731,1.);
#2731 = DIRECTION('',(-0.,1.));
#2732 = ( GEOMETRIC_REPRESENTATION_CONTEXT(2) 
PARAMETRIC_REPRESENTATION_CONTEXT() REPRESENTATION_CONTEXT('2D SPACE',''
  ) );
#2733 = PCURVE('',#2734,#2739);
#2734 = PLANE('',#2735);
#2735 = AXIS2_PLACEMENT_3D('',#2736,#2737,#2738);
#2736 = CARTESIAN_POINT('',(-24.63708348754,43.972680350736,4.715));
#2737 = DIRECTION('',(-0.866025403784,-0.5,6.123233995737E-17));
#2738 = DIRECTION('',(0.5,-0.866025403784,1.060575238725E-16));
#2739 = DEFINITIONAL_REPRESENTATION('',(#2740),#2744);
#2740 = LINE('',#2741,#2742);
#2741 = CARTESIAN_POINT('',(0.428219756979,3.285));
#2742 = VECTOR('',#2743,1.);
#2743 = DIRECTION('',(0.,1.));
#2744 = ( GEOMETRIC_REPRESENTATION_CONTEXT(2) 
PARAMETRIC_REPRESENTATION_CONTEXT() REPRESENTATION_CONTEXT('2D SPACE',''
  ) );
#2745 = FACE_BOUND('',#2746,.F.);
#2746 = EDGE_LOOP('',(#2747,#2782,#2810,#2843));
#2747 = ORIENTED_EDGE('',*,*,#2748,.T.);
#2748 = EDGE_CURVE('',#2749,#2751,#2753,.T.);
#2749 = VERTEX_POINT('',#2750);
#2750 = CARTESIAN_POINT('',(-24.42297360905,43.60183116279,4.985));
#2751 = VERTEX_POINT('',#2752);
#2752 = CARTESIAN_POINT('',(-25.54880663397,42.95183116279,4.985));
#2753 = SURFACE_CURVE('',#2754,(#2759,#2766),.PCURVE_S1.);
#2754 = CIRCLE('',#2755,7.5);
#2755 = AXIS2_PLACEMENT_3D('',#2756,#2757,#2758);
#2756 = CARTESIAN_POINT('',(-21.25,36.806079660839,4.985));
#2757 = DIRECTION('',(-5.750875869077E-33,1.224646799147E-16,1.));
#2758 = DIRECTION('',(-0.5,0.866025403784,-1.060575238725E-16));
#2759 = PCURVE('',#478,#2760);
#2760 = DEFINITIONAL_REPRESENTATION('',(#2761),#2765);
#2761 = LINE('',#2762,#2763);
#2762 = CARTESIAN_POINT('',(-12.56637061435,-3.015));
#2763 = VECTOR('',#2764,1.);
#2764 = DIRECTION('',(1.,-0.));
#2765 = ( GEOMETRIC_REPRESENTATION_CONTEXT(2) 
PARAMETRIC_REPRESENTATION_CONTEXT() REPRESENTATION_CONTEXT('2D SPACE',''
  ) );
#2766 = PCURVE('',#2767,#2772);
#2767 = PLANE('',#2768);
#2768 = AXIS2_PLACEMENT_3D('',#2769,#2770,#2771);
#2769 = CARTESIAN_POINT('',(-24.1,41.74242446241,4.985));
#2770 = DIRECTION('',(0.,-1.224646799147E-16,-1.));
#2771 = DIRECTION('',(-0.5,0.866025403784,-1.060575238725E-16));
#2772 = DEFINITIONAL_REPRESENTATION('',(#2773),#2781);
#2773 = ( BOUNDED_CURVE() B_SPLINE_CURVE(2,(#2774,#2775,#2776,#2777,
#2778,#2779,#2780),.UNSPECIFIED.,.T.,.F.) B_SPLINE_CURVE_WITH_KNOTS((1,2
    ,2,2,2,1),(-2.094395102393,0.,2.094395102393,4.188790204786,
6.28318530718,8.377580409573),.UNSPECIFIED.) CURVE() 
GEOMETRIC_REPRESENTATION_ITEM() RATIONAL_B_SPLINE_CURVE((1.,0.5,1.,0.5,
1.,0.5,1.)) REPRESENTATION_ITEM('') );
#2774 = CARTESIAN_POINT('',(1.8,1.514516305013E-15));
#2775 = CARTESIAN_POINT('',(1.8,-12.99038105676));
#2776 = CARTESIAN_POINT('',(-9.45,-6.495190528383));
#2777 = CARTESIAN_POINT('',(-20.7,-4.121281239052E-16));
#2778 = CARTESIAN_POINT('',(-9.45,6.495190528383));
#2779 = CARTESIAN_POINT('',(1.8,12.990381056767));
#2780 = CARTESIAN_POINT('',(1.8,1.514516305013E-15));
#2781 = ( GEOMETRIC_REPRESENTATION_CONTEXT(2) 
PARAMETRIC_REPRESENTATION_CONTEXT() REPRESENTATION_CONTEXT('2D SPACE',''
  ) );
#2782 = ORIENTED_EDGE('',*,*,#2783,.T.);
#2783 = EDGE_CURVE('',#2751,#2784,#2786,.T.);
#2784 = VERTEX_POINT('',#2785);
#2785 = CARTESIAN_POINT('',(-25.54880663397,42.95183116279,5.765));
#2786 = SURFACE_CURVE('',#2787,(#2791,#2798),.PCURVE_S1.);
#2787 = LINE('',#2788,#2789);
#2788 = CARTESIAN_POINT('',(-25.54880663397,42.95183116279,8.));
#2789 = VECTOR('',#2790,1.);
#2790 = DIRECTION('',(0.,1.224646799147E-16,1.));
#2791 = PCURVE('',#478,#2792);
#2792 = DEFINITIONAL_REPRESENTATION('',(#2793),#2797);
#2793 = LINE('',#2794,#2795);
#2794 = CARTESIAN_POINT('',(-6.196409778329,0.));
#2795 = VECTOR('',#2796,1.);
#2796 = DIRECTION('',(-0.,1.));
#2797 = ( GEOMETRIC_REPRESENTATION_CONTEXT(2) 
PARAMETRIC_REPRESENTATION_CONTEXT() REPRESENTATION_CONTEXT('2D SPACE',''
  ) );
#2798 = PCURVE('',#2799,#2804);
#2799 = PLANE('',#2800);
#2800 = AXIS2_PLACEMENT_3D('',#2801,#2802,#2803);
#2801 = CARTESIAN_POINT('',(-23.56291651246,39.512168574084,5.765));
#2802 = DIRECTION('',(0.866025403784,0.5,-6.123233995737E-17));
#2803 = DIRECTION('',(-0.5,0.866025403784,-1.060575238725E-16));
#2804 = DEFINITIONAL_REPRESENTATION('',(#2805),#2809);
#2805 = LINE('',#2806,#2807);
#2806 = CARTESIAN_POINT('',(3.971780243021,2.235));
#2807 = VECTOR('',#2808,1.);
#2808 = DIRECTION('',(0.,1.));
#2809 = ( GEOMETRIC_REPRESENTATION_CONTEXT(2) 
PARAMETRIC_REPRESENTATION_CONTEXT() REPRESENTATION_CONTEXT('2D SPACE',''
  ) );
#2810 = ORIENTED_EDGE('',*,*,#2811,.F.);
#2811 = EDGE_CURVE('',#2812,#2784,#2814,.T.);
#2812 = VERTEX_POINT('',#2813);
#2813 = CARTESIAN_POINT('',(-24.42297360905,43.60183116279,5.765));
#2814 = SURFACE_CURVE('',#2815,(#2820,#2827),.PCURVE_S1.);
#2815 = CIRCLE('',#2816,7.5);
#2816 = AXIS2_PLACEMENT_3D('',#2817,#2818,#2819);
#2817 = CARTESIAN_POINT('',(-21.25,36.806079660839,5.765));
#2818 = DIRECTION('',(-5.750875869077E-33,1.224646799147E-16,1.));
#2819 = DIRECTION('',(-0.5,0.866025403784,-1.060575238725E-16));
#2820 = PCURVE('',#478,#2821);
#2821 = DEFINITIONAL_REPRESENTATION('',(#2822),#2826);
#2822 = LINE('',#2823,#2824);
#2823 = CARTESIAN_POINT('',(-12.56637061435,-2.235));
#2824 = VECTOR('',#2825,1.);
#2825 = DIRECTION('',(1.,-0.));
#2826 = ( GEOMETRIC_REPRESENTATION_CONTEXT(2) 
PARAMETRIC_REPRESENTATION_CONTEXT() REPRESENTATION_CONTEXT('2D SPACE',''
  ) );
#2827 = PCURVE('',#2828,#2833);
#2828 = PLANE('',#2829);
#2829 = AXIS2_PLACEMENT_3D('',#2830,#2831,#2832);
#2830 = CARTESIAN_POINT('',(-24.1,41.74242446241,5.765));
#2831 = DIRECTION('',(0.,-1.224646799147E-16,-1.));
#2832 = DIRECTION('',(-0.5,0.866025403784,-1.060575238725E-16));
#2833 = DEFINITIONAL_REPRESENTATION('',(#2834),#2842);
#2834 = ( BOUNDED_CURVE() B_SPLINE_CURVE(2,(#2835,#2836,#2837,#2838,
#2839,#2840,#2841),.UNSPECIFIED.,.T.,.F.) B_SPLINE_CURVE_WITH_KNOTS((1,2
    ,2,2,2,1),(-2.094395102393,0.,2.094395102393,4.188790204786,
6.28318530718,8.377580409573),.UNSPECIFIED.) CURVE() 
GEOMETRIC_REPRESENTATION_ITEM() RATIONAL_B_SPLINE_CURVE((1.,0.5,1.,0.5,
1.,0.5,1.)) REPRESENTATION_ITEM('') );
#2835 = CARTESIAN_POINT('',(1.8,1.514516305013E-15));
#2836 = CARTESIAN_POINT('',(1.8,-12.99038105676));
#2837 = CARTESIAN_POINT('',(-9.45,-6.495190528383));
#2838 = CARTESIAN_POINT('',(-20.7,-4.121281239052E-16));
#2839 = CARTESIAN_POINT('',(-9.45,6.495190528383));
#2840 = CARTESIAN_POINT('',(1.8,12.990381056767));
#2841 = CARTESIAN_POINT('',(1.8,1.514516305013E-15));
#2842 = ( GEOMETRIC_REPRESENTATION_CONTEXT(2) 
PARAMETRIC_REPRESENTATION_CONTEXT() REPRESENTATION_CONTEXT('2D SPACE',''
  ) );
#2843 = ORIENTED_EDGE('',*,*,#2844,.F.);
#2844 = EDGE_CURVE('',#2749,#2812,#2845,.T.);
#2845 = SURFACE_CURVE('',#2846,(#2850,#2857),.PCURVE_S1.);
#2846 = LINE('',#2847,#2848);
#2847 = CARTESIAN_POINT('',(-24.42297360905,43.60183116279,8.));
#2848 = VECTOR('',#2849,1.);
#2849 = DIRECTION('',(0.,1.224646799147E-16,1.));
#2850 = PCURVE('',#478,#2851);
#2851 = DEFINITIONAL_REPRESENTATION('',(#2852),#2856);
#2852 = LINE('',#2853,#2854);
#2853 = CARTESIAN_POINT('',(-6.36996083603,0.));
#2854 = VECTOR('',#2855,1.);
#2855 = DIRECTION('',(-0.,1.));
#2856 = ( GEOMETRIC_REPRESENTATION_CONTEXT(2) 
PARAMETRIC_REPRESENTATION_CONTEXT() REPRESENTATION_CONTEXT('2D SPACE',''
  ) );
#2857 = PCURVE('',#2858,#2863);
#2858 = PLANE('',#2859);
#2859 = AXIS2_PLACEMENT_3D('',#2860,#2861,#2862);
#2860 = CARTESIAN_POINT('',(-24.63708348754,43.972680350736,5.765));
#2861 = DIRECTION('',(-0.866025403784,-0.5,6.123233995737E-17));
#2862 = DIRECTION('',(0.5,-0.866025403784,1.060575238725E-16));
#2863 = DEFINITIONAL_REPRESENTATION('',(#2864),#2868);
#2864 = LINE('',#2865,#2866);
#2865 = CARTESIAN_POINT('',(0.428219756979,2.235));
#2866 = VECTOR('',#2867,1.);
#2867 = DIRECTION('',(0.,1.));
#2868 = ( GEOMETRIC_REPRESENTATION_CONTEXT(2) 
PARAMETRIC_REPRESENTATION_CONTEXT() REPRESENTATION_CONTEXT('2D SPACE',''
  ) );
#2869 = FACE_BOUND('',#2870,.F.);
#2870 = EDGE_LOOP('',(#2871,#2906,#2934,#2967));
#2871 = ORIENTED_EDGE('',*,*,#2872,.T.);
#2872 = EDGE_CURVE('',#2873,#2875,#2877,.T.);
#2873 = VERTEX_POINT('',#2874);
#2874 = CARTESIAN_POINT('',(-24.42297360905,43.60183116279,6.035));
#2875 = VERTEX_POINT('',#2876);
#2876 = CARTESIAN_POINT('',(-25.54880663397,42.95183116279,6.035));
#2877 = SURFACE_CURVE('',#2878,(#2883,#2890),.PCURVE_S1.);
#2878 = CIRCLE('',#2879,7.5);
#2879 = AXIS2_PLACEMENT_3D('',#2880,#2881,#2882);
#2880 = CARTESIAN_POINT('',(-21.25,36.806079660839,6.035));
#2881 = DIRECTION('',(-5.750875869077E-33,1.224646799147E-16,1.));
#2882 = DIRECTION('',(-0.5,0.866025403784,-1.060575238725E-16));
#2883 = PCURVE('',#478,#2884);
#2884 = DEFINITIONAL_REPRESENTATION('',(#2885),#2889);
#2885 = LINE('',#2886,#2887);
#2886 = CARTESIAN_POINT('',(-12.56637061435,-1.965));
#2887 = VECTOR('',#2888,1.);
#2888 = DIRECTION('',(1.,-0.));
#2889 = ( GEOMETRIC_REPRESENTATION_CONTEXT(2) 
PARAMETRIC_REPRESENTATION_CONTEXT() REPRESENTATION_CONTEXT('2D SPACE',''
  ) );
#2890 = PCURVE('',#2891,#2896);
#2891 = PLANE('',#2892);
#2892 = AXIS2_PLACEMENT_3D('',#2893,#2894,#2895);
#2893 = CARTESIAN_POINT('',(-24.1,41.74242446241,6.035));
#2894 = DIRECTION('',(0.,-1.224646799147E-16,-1.));
#2895 = DIRECTION('',(-0.5,0.866025403784,-1.060575238725E-16));
#2896 = DEFINITIONAL_REPRESENTATION('',(#2897),#2905);
#2897 = ( BOUNDED_CURVE() B_SPLINE_CURVE(2,(#2898,#2899,#2900,#2901,
#2902,#2903,#2904),.UNSPECIFIED.,.T.,.F.) B_SPLINE_CURVE_WITH_KNOTS((1,2
    ,2,2,2,1),(-2.094395102393,0.,2.094395102393,4.188790204786,
6.28318530718,8.377580409573),.UNSPECIFIED.) CURVE() 
GEOMETRIC_REPRESENTATION_ITEM() RATIONAL_B_SPLINE_CURVE((1.,0.5,1.,0.5,
1.,0.5,1.)) REPRESENTATION_ITEM('') );
#2898 = CARTESIAN_POINT('',(1.8,1.514516305013E-15));
#2899 = CARTESIAN_POINT('',(1.8,-12.99038105676));
#2900 = CARTESIAN_POINT('',(-9.45,-6.495190528383));
#2901 = CARTESIAN_POINT('',(-20.7,-4.121281239052E-16));
#2902 = CARTESIAN_POINT('',(-9.45,6.495190528383));
#2903 = CARTESIAN_POINT('',(1.8,12.990381056767));
#2904 = CARTESIAN_POINT('',(1.8,1.514516305013E-15));
#2905 = ( GEOMETRIC_REPRESENTATION_CONTEXT(2) 
PARAMETRIC_REPRESENTATION_CONTEXT() REPRESENTATION_CONTEXT('2D SPACE',''
  ) );
#2906 = ORIENTED_EDGE('',*,*,#2907,.T.);
#2907 = EDGE_CURVE('',#2875,#2908,#2910,.T.);
#2908 = VERTEX_POINT('',#2909);
#2909 = CARTESIAN_POINT('',(-25.54880663397,42.95183116279,6.815));
#2910 = SURFACE_CURVE('',#2911,(#2915,#2922),.PCURVE_S1.);
#2911 = LINE('',#2912,#2913);
#2912 = CARTESIAN_POINT('',(-25.54880663397,42.95183116279,8.));
#2913 = VECTOR('',#2914,1.);
#2914 = DIRECTION('',(0.,1.224646799147E-16,1.));
#2915 = PCURVE('',#478,#2916);
#2916 = DEFINITIONAL_REPRESENTATION('',(#2917),#2921);
#2917 = LINE('',#2918,#2919);
#2918 = CARTESIAN_POINT('',(-6.196409778329,0.));
#2919 = VECTOR('',#2920,1.);
#2920 = DIRECTION('',(-0.,1.));
#2921 = ( GEOMETRIC_REPRESENTATION_CONTEXT(2) 
PARAMETRIC_REPRESENTATION_CONTEXT() REPRESENTATION_CONTEXT('2D SPACE',''
  ) );
#2922 = PCURVE('',#2923,#2928);
#2923 = PLANE('',#2924);
#2924 = AXIS2_PLACEMENT_3D('',#2925,#2926,#2927);
#2925 = CARTESIAN_POINT('',(-23.56291651246,39.512168574084,6.815));
#2926 = DIRECTION('',(0.866025403784,0.5,-6.123233995737E-17));
#2927 = DIRECTION('',(-0.5,0.866025403784,-1.060575238725E-16));
#2928 = DEFINITIONAL_REPRESENTATION('',(#2929),#2933);
#2929 = LINE('',#2930,#2931);
#2930 = CARTESIAN_POINT('',(3.971780243021,1.185));
#2931 = VECTOR('',#2932,1.);
#2932 = DIRECTION('',(0.,1.));
#2933 = ( GEOMETRIC_REPRESENTATION_CONTEXT(2) 
PARAMETRIC_REPRESENTATION_CONTEXT() REPRESENTATION_CONTEXT('2D SPACE',''
  ) );
#2934 = ORIENTED_EDGE('',*,*,#2935,.F.);
#2935 = EDGE_CURVE('',#2936,#2908,#2938,.T.);
#2936 = VERTEX_POINT('',#2937);
#2937 = CARTESIAN_POINT('',(-24.42297360905,43.60183116279,6.815));
#2938 = SURFACE_CURVE('',#2939,(#2944,#2951),.PCURVE_S1.);
#2939 = CIRCLE('',#2940,7.5);
#2940 = AXIS2_PLACEMENT_3D('',#2941,#2942,#2943);
#2941 = CARTESIAN_POINT('',(-21.25,36.806079660839,6.815));
#2942 = DIRECTION('',(-5.750875869077E-33,1.224646799147E-16,1.));
#2943 = DIRECTION('',(-0.5,0.866025403784,-1.060575238725E-16));
#2944 = PCURVE('',#478,#2945);
#2945 = DEFINITIONAL_REPRESENTATION('',(#2946),#2950);
#2946 = LINE('',#2947,#2948);
#2947 = CARTESIAN_POINT('',(-12.56637061435,-1.185));
#2948 = VECTOR('',#2949,1.);
#2949 = DIRECTION('',(1.,-0.));
#2950 = ( GEOMETRIC_REPRESENTATION_CONTEXT(2) 
PARAMETRIC_REPRESENTATION_CONTEXT() REPRESENTATION_CONTEXT('2D SPACE',''
  ) );
#2951 = PCURVE('',#2952,#2957);
#2952 = PLANE('',#2953);
#2953 = AXIS2_PLACEMENT_3D('',#2954,#2955,#2956);
#2954 = CARTESIAN_POINT('',(-24.1,41.74242446241,6.815));
#2955 = DIRECTION('',(0.,-1.224646799147E-16,-1.));
#2956 = DIRECTION('',(-0.5,0.866025403784,-1.060575238725E-16));
#2957 = DEFINITIONAL_REPRESENTATION('',(#2958),#2966);
#2958 = ( BOUNDED_CURVE() B_SPLINE_CURVE(2,(#2959,#2960,#2961,#2962,
#2963,#2964,#2965),.UNSPECIFIED.,.T.,.F.) B_SPLINE_CURVE_WITH_KNOTS((1,2
    ,2,2,2,1),(-2.094395102393,0.,2.094395102393,4.188790204786,
6.28318530718,8.377580409573),.UNSPECIFIED.) CURVE() 
GEOMETRIC_REPRESENTATION_ITEM() RATIONAL_B_SPLINE_CURVE((1.,0.5,1.,0.5,
1.,0.5,1.)) REPRESENTATION_ITEM('') );
#2959 = CARTESIAN_POINT('',(1.8,1.514516305013E-15));
#2960 = CARTESIAN_POINT('',(1.8,-12.99038105676));
#2961 = CARTESIAN_POINT('',(-9.45,-6.495190528383));
#2962 = CARTESIAN_POINT('',(-20.7,-4.121281239052E-16));
#2963 = CARTESIAN_POINT('',(-9.45,6.495190528383));
#2964 = CARTESIAN_POINT('',(1.8,12.990381056767));
#2965 = CARTESIAN_POINT('',(1.8,1.514516305013E-15));
#2966 = ( GEOMETRIC_REPRESENTATION_CONTEXT(2) 
PARAMETRIC_REPRESENTATION_CONTEXT() REPRESENTATION_CONTEXT('2D SPACE',''
  ) );
#2967 = ORIENTED_EDGE('',*,*,#2968,.F.);
#2968 = EDGE_CURVE('',#2873,#2936,#2969,.T.);
#2969 = SURFACE_CURVE('',#2970,(#2974,#2981),.PCURVE_S1.);
#2970 = LINE('',#2971,#2972);
#2971 = CARTESIAN_POINT('',(-24.42297360905,43.60183116279,8.));
#2972 = VECTOR('',#2973,1.);
#2973 = DIRECTION('',(0.,1.224646799147E-16,1.));
#2974 = PCURVE('',#478,#2975);
#2975 = DEFINITIONAL_REPRESENTATION('',(#2976),#2980);
#2976 = LINE('',#2977,#2978);
#2977 = CARTESIAN_POINT('',(-6.36996083603,0.));
#2978 = VECTOR('',#2979,1.);
#2979 = DIRECTION('',(-0.,1.));
#2980 = ( GEOMETRIC_REPRESENTATION_CONTEXT(2) 
PARAMETRIC_REPRESENTATION_CONTEXT() REPRESENTATION_CONTEXT('2D SPACE',''
  ) );
#2981 = PCURVE('',#2982,#2987);
#2982 = PLANE('',#2983);
#2983 = AXIS2_PLACEMENT_3D('',#2984,#2985,#2986);
#2984 = CARTESIAN_POINT('',(-24.63708348754,43.972680350736,6.815));
#2985 = DIRECTION('',(-0.866025403784,-0.5,6.123233995737E-17));
#2986 = DIRECTION('',(0.5,-0.866025403784,1.060575238725E-16));
#2987 = DEFINITIONAL_REPRESENTATION('',(#2988),#2992);
#2988 = LINE('',#2989,#2990);
#2989 = CARTESIAN_POINT('',(0.428219756979,1.185));
#2990 = VECTOR('',#2991,1.);
#2991 = DIRECTION('',(0.,1.));
#2992 = ( GEOMETRIC_REPRESENTATION_CONTEXT(2) 
PARAMETRIC_REPRESENTATION_CONTEXT() REPRESENTATION_CONTEXT('2D SPACE',''
  ) );
#2993 = FACE_BOUND('',#2994,.F.);
#2994 = EDGE_LOOP('',(#2995,#3030,#3058,#3091));
#2995 = ORIENTED_EDGE('',*,*,#2996,.T.);
#2996 = EDGE_CURVE('',#2997,#2999,#3001,.T.);
#2997 = VERTEX_POINT('',#2998);
#2998 = CARTESIAN_POINT('',(-24.42297360905,43.60183116279,7.085));
#2999 = VERTEX_POINT('',#3000);
#3000 = CARTESIAN_POINT('',(-25.54880663397,42.95183116279,7.085));
#3001 = SURFACE_CURVE('',#3002,(#3007,#3014),.PCURVE_S1.);
#3002 = CIRCLE('',#3003,7.5);
#3003 = AXIS2_PLACEMENT_3D('',#3004,#3005,#3006);
#3004 = CARTESIAN_POINT('',(-21.25,36.806079660839,7.085));
#3005 = DIRECTION('',(-5.750875869077E-33,1.224646799147E-16,1.));
#3006 = DIRECTION('',(-0.5,0.866025403784,-1.060575238725E-16));
#3007 = PCURVE('',#478,#3008);
#3008 = DEFINITIONAL_REPRESENTATION('',(#3009),#3013);
#3009 = LINE('',#3010,#3011);
#3010 = CARTESIAN_POINT('',(-12.56637061435,-0.915));
#3011 = VECTOR('',#3012,1.);
#3012 = DIRECTION('',(1.,-0.));
#3013 = ( GEOMETRIC_REPRESENTATION_CONTEXT(2) 
PARAMETRIC_REPRESENTATION_CONTEXT() REPRESENTATION_CONTEXT('2D SPACE',''
  ) );
#3014 = PCURVE('',#3015,#3020);
#3015 = PLANE('',#3016);
#3016 = AXIS2_PLACEMENT_3D('',#3017,#3018,#3019);
#3017 = CARTESIAN_POINT('',(-24.1,41.74242446241,7.085));
#3018 = DIRECTION('',(0.,-1.224646799147E-16,-1.));
#3019 = DIRECTION('',(-0.5,0.866025403784,-1.060575238725E-16));
#3020 = DEFINITIONAL_REPRESENTATION('',(#3021),#3029);
#3021 = ( BOUNDED_CURVE() B_SPLINE_CURVE(2,(#3022,#3023,#3024,#3025,
#3026,#3027,#3028),.UNSPECIFIED.,.T.,.F.) B_SPLINE_CURVE_WITH_KNOTS((1,2
    ,2,2,2,1),(-2.094395102393,0.,2.094395102393,4.188790204786,
6.28318530718,8.377580409573),.UNSPECIFIED.) CURVE() 
GEOMETRIC_REPRESENTATION_ITEM() RATIONAL_B_SPLINE_CURVE((1.,0.5,1.,0.5,
1.,0.5,1.)) REPRESENTATION_ITEM('') );
#3022 = CARTESIAN_POINT('',(1.8,1.514516305013E-15));
#3023 = CARTESIAN_POINT('',(1.8,-12.99038105676));
#3024 = CARTESIAN_POINT('',(-9.45,-6.495190528383));
#3025 = CARTESIAN_POINT('',(-20.7,-4.121281239052E-16));
#3026 = CARTESIAN_POINT('',(-9.45,6.495190528383));
#3027 = CARTESIAN_POINT('',(1.8,12.990381056767));
#3028 = CARTESIAN_POINT('',(1.8,1.514516305013E-15));
#3029 = ( GEOMETRIC_REPRESENTATION_CONTEXT(2) 
PARAMETRIC_REPRESENTATION_CONTEXT() REPRESENTATION_CONTEXT('2D SPACE',''
  ) );
#3030 = ORIENTED_EDGE('',*,*,#3031,.T.);
#3031 = EDGE_CURVE('',#2999,#3032,#3034,.T.);
#3032 = VERTEX_POINT('',#3033);
#3033 = CARTESIAN_POINT('',(-25.54880663397,42.95183116279,7.865));
#3034 = SURFACE_CURVE('',#3035,(#3039,#3046),.PCURVE_S1.);
#3035 = LINE('',#3036,#3037);
#3036 = CARTESIAN_POINT('',(-25.54880663397,42.95183116279,8.));
#3037 = VECTOR('',#3038,1.);
#3038 = DIRECTION('',(0.,1.224646799147E-16,1.));
#3039 = PCURVE('',#478,#3040);
#3040 = DEFINITIONAL_REPRESENTATION('',(#3041),#3045);
#3041 = LINE('',#3042,#3043);
#3042 = CARTESIAN_POINT('',(-6.196409778329,0.));
#3043 = VECTOR('',#3044,1.);
#3044 = DIRECTION('',(-0.,1.));
#3045 = ( GEOMETRIC_REPRESENTATION_CONTEXT(2) 
PARAMETRIC_REPRESENTATION_CONTEXT() REPRESENTATION_CONTEXT('2D SPACE',''
  ) );
#3046 = PCURVE('',#3047,#3052);
#3047 = PLANE('',#3048);
#3048 = AXIS2_PLACEMENT_3D('',#3049,#3050,#3051);
#3049 = CARTESIAN_POINT('',(-23.56291651246,39.512168574084,7.865));
#3050 = DIRECTION('',(0.866025403784,0.5,-6.123233995737E-17));
#3051 = DIRECTION('',(-0.5,0.866025403784,-1.060575238725E-16));
#3052 = DEFINITIONAL_REPRESENTATION('',(#3053),#3057);
#3053 = LINE('',#3054,#3055);
#3054 = CARTESIAN_POINT('',(3.971780243021,0.135));
#3055 = VECTOR('',#3056,1.);
#3056 = DIRECTION('',(0.,1.));
#3057 = ( GEOMETRIC_REPRESENTATION_CONTEXT(2) 
PARAMETRIC_REPRESENTATION_CONTEXT() REPRESENTATION_CONTEXT('2D SPACE',''
  ) );
#3058 = ORIENTED_EDGE('',*,*,#3059,.F.);
#3059 = EDGE_CURVE('',#3060,#3032,#3062,.T.);
#3060 = VERTEX_POINT('',#3061);
#3061 = CARTESIAN_POINT('',(-24.42297360905,43.60183116279,7.865));
#3062 = SURFACE_CURVE('',#3063,(#3068,#3075),.PCURVE_S1.);
#3063 = CIRCLE('',#3064,7.5);
#3064 = AXIS2_PLACEMENT_3D('',#3065,#3066,#3067);
#3065 = CARTESIAN_POINT('',(-21.25,36.806079660839,7.865));
#3066 = DIRECTION('',(-5.750875869077E-33,1.224646799147E-16,1.));
#3067 = DIRECTION('',(-0.5,0.866025403784,-1.060575238725E-16));
#3068 = PCURVE('',#478,#3069);
#3069 = DEFINITIONAL_REPRESENTATION('',(#3070),#3074);
#3070 = LINE('',#3071,#3072);
#3071 = CARTESIAN_POINT('',(-12.56637061435,-0.135));
#3072 = VECTOR('',#3073,1.);
#3073 = DIRECTION('',(1.,-0.));
#3074 = ( GEOMETRIC_REPRESENTATION_CONTEXT(2) 
PARAMETRIC_REPRESENTATION_CONTEXT() REPRESENTATION_CONTEXT('2D SPACE',''
  ) );
#3075 = PCURVE('',#3076,#3081);
#3076 = PLANE('',#3077);
#3077 = AXIS2_PLACEMENT_3D('',#3078,#3079,#3080);
#3078 = CARTESIAN_POINT('',(-24.1,41.74242446241,7.865));
#3079 = DIRECTION('',(0.,-1.224646799147E-16,-1.));
#3080 = DIRECTION('',(-0.5,0.866025403784,-1.060575238725E-16));
#3081 = DEFINITIONAL_REPRESENTATION('',(#3082),#3090);
#3082 = ( BOUNDED_CURVE() B_SPLINE_CURVE(2,(#3083,#3084,#3085,#3086,
#3087,#3088,#3089),.UNSPECIFIED.,.T.,.F.) B_SPLINE_CURVE_WITH_KNOTS((1,2
    ,2,2,2,1),(-2.094395102393,0.,2.094395102393,4.188790204786,
6.28318530718,8.377580409573),.UNSPECIFIED.) CURVE() 
GEOMETRIC_REPRESENTATION_ITEM() RATIONAL_B_SPLINE_CURVE((1.,0.5,1.,0.5,
1.,0.5,1.)) REPRESENTATION_ITEM('') );
#3083 = CARTESIAN_POINT('',(1.8,1.514516305013E-15));
#3084 = CARTESIAN_POINT('',(1.8,-12.99038105676));
#3085 = CARTESIAN_POINT('',(-9.45,-6.495190528383));
#3086 = CARTESIAN_POINT('',(-20.7,-4.121281239052E-16));
#3087 = CARTESIAN_POINT('',(-9.45,6.495190528383));
#3088 = CARTESIAN_POINT('',(1.8,12.990381056767));
#3089 = CARTESIAN_POINT('',(1.8,1.514516305013E-15));
#3090 = ( GEOMETRIC_REPRESENTATION_CONTEXT(2) 
PARAMETRIC_REPRESENTATION_CONTEXT() REPRESENTATION_CONTEXT('2D SPACE',''
  ) );
#3091 = ORIENTED_EDGE('',*,*,#3092,.F.);
#3092 = EDGE_CURVE('',#2997,#3060,#3093,.T.);
#3093 = SURFACE_CURVE('',#3094,(#3098,#3105),.PCURVE_S1.);
#3094 = LINE('',#3095,#3096);
#3095 = CARTESIAN_POINT('',(-24.42297360905,43.60183116279,8.));
#3096 = VECTOR('',#3097,1.);
#3097 = DIRECTION('',(0.,1.224646799147E-16,1.));
#3098 = PCURVE('',#478,#3099);
#3099 = DEFINITIONAL_REPRESENTATION('',(#3100),#3104);
#3100 = LINE('',#3101,#3102);
#3101 = CARTESIAN_POINT('',(-6.36996083603,0.));
#3102 = VECTOR('',#3103,1.);
#3103 = DIRECTION('',(-0.,1.));
#3104 = ( GEOMETRIC_REPRESENTATION_CONTEXT(2) 
PARAMETRIC_REPRESENTATION_CONTEXT() REPRESENTATION_CONTEXT('2D SPACE',''
  ) );
#3105 = PCURVE('',#3106,#3111);
#3106 = PLANE('',#3107);
#3107 = AXIS2_PLACEMENT_3D('',#3108,#3109,#3110);
#3108 = CARTESIAN_POINT('',(-24.63708348754,43.972680350736,7.865));
#3109 = DIRECTION('',(-0.866025403784,-0.5,6.123233995737E-17));
#3110 = DIRECTION('',(0.5,-0.866025403784,1.060575238725E-16));
#3111 = DEFINITIONAL_REPRESENTATION('',(#3112),#3116);
#3112 = LINE('',#3113,#3114);
#3113 = CARTESIAN_POINT('',(0.428219756979,0.135));
#3114 = VECTOR('',#3115,1.);
#3115 = DIRECTION('',(0.,1.));
#3116 = ( GEOMETRIC_REPRESENTATION_CONTEXT(2) 
PARAMETRIC_REPRESENTATION_CONTEXT() REPRESENTATION_CONTEXT('2D SPACE',''
  ) );
#3117 = ADVANCED_FACE('',(#3118),#200,.T.);
#3118 = FACE_BOUND('',#3119,.F.);
#3119 = EDGE_LOOP('',(#3120,#3121,#3122,#3146));
#3120 = ORIENTED_EDGE('',*,*,#183,.F.);
#3121 = ORIENTED_EDGE('',*,*,#2302,.F.);
#3122 = ORIENTED_EDGE('',*,*,#3123,.T.);
#3123 = EDGE_CURVE('',#2275,#3124,#3126,.T.);
#3124 = VERTEX_POINT('',#3125);
#3125 = CARTESIAN_POINT('',(-1.751923409301E-02,-18.99999192306,
    2.6645352591E-15));
#3126 = SURFACE_CURVE('',#3127,(#3132,#3139),.PCURVE_S1.);
#3127 = CIRCLE('',#3128,19.);
#3128 = AXIS2_PLACEMENT_3D('',#3129,#3130,#3131);
#3129 = CARTESIAN_POINT('',(0.,-9.797174393179E-16,0.));
#3130 = DIRECTION('',(0.,-1.224646799147E-16,-1.));
#3131 = DIRECTION('',(1.,0.,0.));
#3132 = PCURVE('',#200,#3133);
#3133 = DEFINITIONAL_REPRESENTATION('',(#3134),#3138);
#3134 = LINE('',#3135,#3136);
#3135 = CARTESIAN_POINT('',(-0.,-8.));
#3136 = VECTOR('',#3137,1.);
#3137 = DIRECTION('',(-1.,0.));
#3138 = ( GEOMETRIC_REPRESENTATION_CONTEXT(2) 
PARAMETRIC_REPRESENTATION_CONTEXT() REPRESENTATION_CONTEXT('2D SPACE',''
  ) );
#3139 = PCURVE('',#1187,#3140);
#3140 = DEFINITIONAL_REPRESENTATION('',(#3141),#3145);
#3141 = CIRCLE('',#3142,19.);
#3142 = AXIS2_PLACEMENT_2D('',#3143,#3144);
#3143 = CARTESIAN_POINT('',(-17.,-1.879594466024E-16));
#3144 = DIRECTION('',(1.,0.));
#3145 = ( GEOMETRIC_REPRESENTATION_CONTEXT(2) 
PARAMETRIC_REPRESENTATION_CONTEXT() REPRESENTATION_CONTEXT('2D SPACE',''
  ) );
#3146 = ORIENTED_EDGE('',*,*,#3147,.T.);
#3147 = EDGE_CURVE('',#3124,#184,#3148,.T.);
#3148 = SURFACE_CURVE('',#3149,(#3153,#3160),.PCURVE_S1.);
#3149 = LINE('',#3150,#3151);
#3150 = CARTESIAN_POINT('',(-1.75192340929E-02,-18.99999192306,8.));
#3151 = VECTOR('',#3152,1.);
#3152 = DIRECTION('',(-0.,1.224646799147E-16,1.));
#3153 = PCURVE('',#200,#3154);
#3154 = DEFINITIONAL_REPRESENTATION('',(#3155),#3159);
#3155 = LINE('',#3156,#3157);
#3156 = CARTESIAN_POINT('',(-1.571718391878,0.));
#3157 = VECTOR('',#3158,1.);
#3158 = DIRECTION('',(-0.,1.));
#3159 = ( GEOMETRIC_REPRESENTATION_CONTEXT(2) 
PARAMETRIC_REPRESENTATION_CONTEXT() REPRESENTATION_CONTEXT('2D SPACE',''
  ) );
#3160 = PCURVE('',#233,#3161);
#3161 = DEFINITIONAL_REPRESENTATION('',(#3162),#3166);
#3162 = LINE('',#3163,#3164);
#3163 = CARTESIAN_POINT('',(-4.655857326302,0.));
#3164 = VECTOR('',#3165,1.);
#3165 = DIRECTION('',(-0.,1.));
#3166 = ( GEOMETRIC_REPRESENTATION_CONTEXT(2) 
PARAMETRIC_REPRESENTATION_CONTEXT() REPRESENTATION_CONTEXT('2D SPACE',''
  ) );
#3167 = ADVANCED_FACE('',(#3168),#445,.F.);
#3168 = FACE_BOUND('',#3169,.F.);
#3169 = EDGE_LOOP('',(#3170,#3171,#3194,#3215));
#3170 = ORIENTED_EDGE('',*,*,#429,.F.);
#3171 = ORIENTED_EDGE('',*,*,#3172,.F.);
#3172 = EDGE_CURVE('',#3173,#397,#3175,.T.);
#3173 = VERTEX_POINT('',#3174);
#3174 = CARTESIAN_POINT('',(-17.36718336012,11.313171056184,
    -1.7763568394E-15));
#3175 = SURFACE_CURVE('',#3176,(#3180,#3187),.PCURVE_S1.);
#3176 = LINE('',#3177,#3178);
#3177 = CARTESIAN_POINT('',(-17.36718336012,11.313171056184,8.));
#3178 = VECTOR('',#3179,1.);
#3179 = DIRECTION('',(0.,1.224646799147E-16,1.));
#3180 = PCURVE('',#445,#3181);
#3181 = DEFINITIONAL_REPRESENTATION('',(#3182),#3186);
#3182 = LINE('',#3183,#3184);
#3183 = CARTESIAN_POINT('',(1.485633661054,-7.239852237212E-16));
#3184 = VECTOR('',#3185,1.);
#3185 = DIRECTION('',(0.,1.));
#3186 = ( GEOMETRIC_REPRESENTATION_CONTEXT(2) 
PARAMETRIC_REPRESENTATION_CONTEXT() REPRESENTATION_CONTEXT('2D SPACE',''
  ) );
#3187 = PCURVE('',#417,#3188);
#3188 = DEFINITIONAL_REPRESENTATION('',(#3189),#3193);
#3189 = LINE('',#3190,#3191);
#3190 = CARTESIAN_POINT('',(-4.868931261427,0.));
#3191 = VECTOR('',#3192,1.);
#3192 = DIRECTION('',(-0.,1.));
#3193 = ( GEOMETRIC_REPRESENTATION_CONTEXT(2) 
PARAMETRIC_REPRESENTATION_CONTEXT() REPRESENTATION_CONTEXT('2D SPACE',''
  ) );
#3194 = ORIENTED_EDGE('',*,*,#3195,.T.);
#3195 = EDGE_CURVE('',#3173,#2329,#3196,.T.);
#3196 = SURFACE_CURVE('',#3197,(#3201,#3208),.PCURVE_S1.);
#3197 = LINE('',#3198,#3199);
#3198 = CARTESIAN_POINT('',(-16.72724133595,9.972431864335,
    -1.7763568394E-15));
#3199 = VECTOR('',#3200,1.);
#3200 = DIRECTION('',(-0.430753584107,0.902469583853,-1.105206487193E-16
    ));
#3201 = PCURVE('',#445,#3202);
#3202 = DEFINITIONAL_REPRESENTATION('',(#3203),#3207);
#3203 = LINE('',#3204,#3205);
#3204 = CARTESIAN_POINT('',(-7.189428278729E-16,-8.));
#3205 = VECTOR('',#3206,1.);
#3206 = DIRECTION('',(1.,0.));
#3207 = ( GEOMETRIC_REPRESENTATION_CONTEXT(2) 
PARAMETRIC_REPRESENTATION_CONTEXT() REPRESENTATION_CONTEXT('2D SPACE',''
  ) );
#3208 = PCURVE('',#1187,#3209);
#3209 = DEFINITIONAL_REPRESENTATION('',(#3210),#3214);
#3210 = LINE('',#3211,#3212);
#3211 = CARTESIAN_POINT('',(-33.72724133595,-9.972431864335));
#3212 = VECTOR('',#3213,1.);
#3213 = DIRECTION('',(-0.430753584107,-0.902469583853));
#3214 = ( GEOMETRIC_REPRESENTATION_CONTEXT(2) 
PARAMETRIC_REPRESENTATION_CONTEXT() REPRESENTATION_CONTEXT('2D SPACE',''
  ) );
#3215 = ORIENTED_EDGE('',*,*,#2328,.F.);
#3216 = ADVANCED_FACE('',(#3217),#233,.T.);
#3217 = FACE_BOUND('',#3218,.F.);
#3218 = EDGE_LOOP('',(#3219,#3220,#3248,#3269));
#3219 = ORIENTED_EDGE('',*,*,#3147,.F.);
#3220 = ORIENTED_EDGE('',*,*,#3221,.F.);
#3221 = EDGE_CURVE('',#3222,#3124,#3224,.T.);
#3222 = VERTEX_POINT('',#3223);
#3223 = CARTESIAN_POINT('',(-1.113901851954,-20.69700751013,
    2.6645352591E-15));
#3224 = SURFACE_CURVE('',#3225,(#3230,#3237),.PCURVE_S1.);
#3225 = CIRCLE('',#3226,9.5);
#3226 = AXIS2_PLACEMENT_3D('',#3227,#3228,#3229);
#3227 = CARTESIAN_POINT('',(-8.5,-14.72243186433,1.7763568394E-15));
#3228 = DIRECTION('',(-5.485370833721E-33,1.224646799147E-16,1.));
#3229 = DIRECTION('',(0.777484015584,-0.628902699558,7.701836779892E-17)
  );
#3230 = PCURVE('',#233,#3231);
#3231 = DEFINITIONAL_REPRESENTATION('',(#3232),#3236);
#3232 = LINE('',#3233,#3234);
#3233 = CARTESIAN_POINT('',(-4.868931261427,-8.));
#3234 = VECTOR('',#3235,1.);
#3235 = DIRECTION('',(1.,-0.));
#3236 = ( GEOMETRIC_REPRESENTATION_CONTEXT(2) 
PARAMETRIC_REPRESENTATION_CONTEXT() REPRESENTATION_CONTEXT('2D SPACE',''
  ) );
#3237 = PCURVE('',#1187,#3238);
#3238 = DEFINITIONAL_REPRESENTATION('',(#3239),#3247);
#3239 = ( BOUNDED_CURVE() B_SPLINE_CURVE(2,(#3240,#3241,#3242,#3243,
#3244,#3245,#3246),.UNSPECIFIED.,.T.,.F.) B_SPLINE_CURVE_WITH_KNOTS((1,2
    ,2,2,2,1),(-2.094395102393,0.,2.094395102393,4.188790204786,
6.28318530718,8.377580409573),.UNSPECIFIED.) CURVE() 
GEOMETRIC_REPRESENTATION_ITEM() RATIONAL_B_SPLINE_CURVE((1.,0.5,1.,0.5,
1.,0.5,1.)) REPRESENTATION_ITEM('') );
#3240 = CARTESIAN_POINT('',(-18.11390185195,20.697007510139));
#3241 = CARTESIAN_POINT('',(-7.765633279758,7.903910248033));
#3242 = CARTESIAN_POINT('',(-24.01891478792,5.338595410381));
#3243 = CARTESIAN_POINT('',(-40.27219629609,2.773280572728));
#3244 = CARTESIAN_POINT('',(-34.36718336012,18.131692672487));
#3245 = CARTESIAN_POINT('',(-28.46217042415,33.490104772245));
#3246 = CARTESIAN_POINT('',(-18.11390185195,20.697007510139));
#3247 = ( GEOMETRIC_REPRESENTATION_CONTEXT(2) 
PARAMETRIC_REPRESENTATION_CONTEXT() REPRESENTATION_CONTEXT('2D SPACE',''
  ) );
#3248 = ORIENTED_EDGE('',*,*,#3249,.T.);
#3249 = EDGE_CURVE('',#3222,#213,#3250,.T.);
#3250 = SURFACE_CURVE('',#3251,(#3255,#3262),.PCURVE_S1.);
#3251 = LINE('',#3252,#3253);
#3252 = CARTESIAN_POINT('',(-1.113901851954,-20.69700751013,8.));
#3253 = VECTOR('',#3254,1.);
#3254 = DIRECTION('',(0.,1.224646799147E-16,1.));
#3255 = PCURVE('',#233,#3256);
#3256 = DEFINITIONAL_REPRESENTATION('',(#3257),#3261);
#3257 = LINE('',#3258,#3259);
#3258 = CARTESIAN_POINT('',(-4.868931261427,0.));
#3259 = VECTOR('',#3260,1.);
#3260 = DIRECTION('',(-0.,1.));
#3261 = ( GEOMETRIC_REPRESENTATION_CONTEXT(2) 
PARAMETRIC_REPRESENTATION_CONTEXT() REPRESENTATION_CONTEXT('2D SPACE',''
  ) );
#3262 = PCURVE('',#261,#3263);
#3263 = DEFINITIONAL_REPRESENTATION('',(#3264),#3268);
#3264 = LINE('',#3265,#3266);
#3265 = CARTESIAN_POINT('',(1.485633661054,-1.499672644947E-16));
#3266 = VECTOR('',#3267,1.);
#3267 = DIRECTION('',(0.,1.));
#3268 = ( GEOMETRIC_REPRESENTATION_CONTEXT(2) 
PARAMETRIC_REPRESENTATION_CONTEXT() REPRESENTATION_CONTEXT('2D SPACE',''
  ) );
#3269 = ORIENTED_EDGE('',*,*,#212,.T.);
#3270 = ADVANCED_FACE('',(#3271),#417,.T.);
#3271 = FACE_BOUND('',#3272,.F.);
#3272 = EDGE_LOOP('',(#3273,#3296,#3322,#3323));
#3273 = ORIENTED_EDGE('',*,*,#3274,.F.);
#3274 = EDGE_CURVE('',#3275,#368,#3277,.T.);
#3275 = VERTEX_POINT('',#3276);
#3276 = CARTESIAN_POINT('',(-16.44571606002,9.515168063311,
    -1.7763568394E-15));
#3277 = SURFACE_CURVE('',#3278,(#3282,#3289),.PCURVE_S1.);
#3278 = LINE('',#3279,#3280);
#3279 = CARTESIAN_POINT('',(-16.44571606002,9.51516806331,8.));
#3280 = VECTOR('',#3281,1.);
#3281 = DIRECTION('',(-0.,1.224646799147E-16,1.));
#3282 = PCURVE('',#417,#3283);
#3283 = DEFINITIONAL_REPRESENTATION('',(#3284),#3288);
#3284 = LINE('',#3285,#3286);
#3285 = CARTESIAN_POINT('',(-4.655857326302,0.));
#3286 = VECTOR('',#3287,1.);
#3287 = DIRECTION('',(-0.,1.));
#3288 = ( GEOMETRIC_REPRESENTATION_CONTEXT(2) 
PARAMETRIC_REPRESENTATION_CONTEXT() REPRESENTATION_CONTEXT('2D SPACE',''
  ) );
#3289 = PCURVE('',#384,#3290);
#3290 = DEFINITIONAL_REPRESENTATION('',(#3291),#3295);
#3291 = LINE('',#3292,#3293);
#3292 = CARTESIAN_POINT('',(-3.666113494271,0.));
#3293 = VECTOR('',#3294,1.);
#3294 = DIRECTION('',(-0.,1.));
#3295 = ( GEOMETRIC_REPRESENTATION_CONTEXT(2) 
PARAMETRIC_REPRESENTATION_CONTEXT() REPRESENTATION_CONTEXT('2D SPACE',''
  ) );
#3296 = ORIENTED_EDGE('',*,*,#3297,.F.);
#3297 = EDGE_CURVE('',#3173,#3275,#3298,.T.);
#3298 = SURFACE_CURVE('',#3299,(#3304,#3311),.PCURVE_S1.);
#3299 = CIRCLE('',#3300,9.5);
#3300 = AXIS2_PLACEMENT_3D('',#3301,#3302,#3303);
#3301 = CARTESIAN_POINT('',(-8.5,14.722431864335,-1.7763568394E-15));
#3302 = DIRECTION('',(2.413661756443E-33,1.224646799147E-16,1.));
#3303 = DIRECTION('',(-0.933387722118,-0.358869558753,4.39488456438E-17)
  );
#3304 = PCURVE('',#417,#3305);
#3305 = DEFINITIONAL_REPRESENTATION('',(#3306),#3310);
#3306 = LINE('',#3307,#3308);
#3307 = CARTESIAN_POINT('',(-4.868931261427,-8.));
#3308 = VECTOR('',#3309,1.);
#3309 = DIRECTION('',(1.,-0.));
#3310 = ( GEOMETRIC_REPRESENTATION_CONTEXT(2) 
PARAMETRIC_REPRESENTATION_CONTEXT() REPRESENTATION_CONTEXT('2D SPACE',''
  ) );
#3311 = PCURVE('',#1187,#3312);
#3312 = DEFINITIONAL_REPRESENTATION('',(#3313),#3321);
#3313 = ( BOUNDED_CURVE() B_SPLINE_CURVE(2,(#3314,#3315,#3316,#3317,
#3318,#3319,#3320),.UNSPECIFIED.,.T.,.F.) B_SPLINE_CURVE_WITH_KNOTS((1,2
    ,2,2,2,1),(-2.094395102393,0.,2.094395102393,4.188790204786,
6.28318530718,8.377580409573),.UNSPECIFIED.) CURVE() 
GEOMETRIC_REPRESENTATION_ITEM() RATIONAL_B_SPLINE_CURVE((1.,0.5,1.,0.5,
1.,0.5,1.)) REPRESENTATION_ITEM('') );
#3314 = CARTESIAN_POINT('',(-34.36718336012,-11.31317105618));
#3315 = CARTESIAN_POINT('',(-28.46217042415,4.045241043574));
#3316 = CARTESIAN_POINT('',(-18.11390185195,-8.747856218532));
#3317 = CARTESIAN_POINT('',(-7.765633279758,-21.54095348063));
#3318 = CARTESIAN_POINT('',(-24.01891478792,-24.10626831829));
#3319 = CARTESIAN_POINT('',(-40.27219629609,-26.67158315594));
#3320 = CARTESIAN_POINT('',(-34.36718336012,-11.31317105618));
#3321 = ( GEOMETRIC_REPRESENTATION_CONTEXT(2) 
PARAMETRIC_REPRESENTATION_CONTEXT() REPRESENTATION_CONTEXT('2D SPACE',''
  ) );
#3322 = ORIENTED_EDGE('',*,*,#3172,.T.);
#3323 = ORIENTED_EDGE('',*,*,#396,.T.);
#3324 = ADVANCED_FACE('',(#3325),#261,.F.);
#3325 = FACE_BOUND('',#3326,.F.);
#3326 = EDGE_LOOP('',(#3327,#3328,#3329,#3352));
#3327 = ORIENTED_EDGE('',*,*,#245,.F.);
#3328 = ORIENTED_EDGE('',*,*,#3249,.F.);
#3329 = ORIENTED_EDGE('',*,*,#3330,.T.);
#3330 = EDGE_CURVE('',#3222,#3331,#3333,.T.);
#3331 = VERTEX_POINT('',#3332);
#3332 = CARTESIAN_POINT('',(-14.75480947161,-40.55607966083,
    5.329070518201E-15));
#3333 = SURFACE_CURVE('',#3334,(#3338,#3345),.PCURVE_S1.);
#3334 = LINE('',#3335,#3336);
#3335 = CARTESIAN_POINT('',(-0.272758664048,-19.47243186433,
    2.6645352591E-15));
#3336 = VECTOR('',#3337,1.);
#3337 = DIRECTION('',(-0.566184793706,-0.824278338534,1.009449828892E-16
    ));
#3338 = PCURVE('',#261,#3339);
#3339 = DEFINITIONAL_REPRESENTATION('',(#3340),#3344);
#3340 = LINE('',#3341,#3342);
#3341 = CARTESIAN_POINT('',(-1.05899642078E-15,-8.));
#3342 = VECTOR('',#3343,1.);
#3343 = DIRECTION('',(1.,0.));
#3344 = ( GEOMETRIC_REPRESENTATION_CONTEXT(2) 
PARAMETRIC_REPRESENTATION_CONTEXT() REPRESENTATION_CONTEXT('2D SPACE',''
  ) );
#3345 = PCURVE('',#1187,#3346);
#3346 = DEFINITIONAL_REPRESENTATION('',(#3347),#3351);
#3347 = LINE('',#3348,#3349);
#3348 = CARTESIAN_POINT('',(-17.27275866404,19.472431864335));
#3349 = VECTOR('',#3350,1.);
#3350 = DIRECTION('',(-0.566184793706,0.824278338534));
#3351 = ( GEOMETRIC_REPRESENTATION_CONTEXT(2) 
PARAMETRIC_REPRESENTATION_CONTEXT() REPRESENTATION_CONTEXT('2D SPACE',''
  ) );
#3352 = ORIENTED_EDGE('',*,*,#3353,.F.);
#3353 = EDGE_CURVE('',#246,#3331,#3354,.T.);
#3354 = SURFACE_CURVE('',#3355,(#3359,#3366),.PCURVE_S1.);
#3355 = LINE('',#3356,#3357);
#3356 = CARTESIAN_POINT('',(-14.75480947161,-40.55607966083,8.));
#3357 = VECTOR('',#3358,1.);
#3358 = DIRECTION('',(0.,-1.224646799147E-16,-1.));
#3359 = PCURVE('',#261,#3360);
#3360 = DEFINITIONAL_REPRESENTATION('',(#3361),#3365);
#3361 = LINE('',#3362,#3363);
#3362 = CARTESIAN_POINT('',(25.578311124857,9.707114999667E-16));
#3363 = VECTOR('',#3364,1.);
#3364 = DIRECTION('',(0.,-1.));
#3365 = ( GEOMETRIC_REPRESENTATION_CONTEXT(2) 
PARAMETRIC_REPRESENTATION_CONTEXT() REPRESENTATION_CONTEXT('2D SPACE',''
  ) );
#3366 = PCURVE('',#294,#3367);
#3367 = DEFINITIONAL_REPRESENTATION('',(#3368),#3372);
#3368 = LINE('',#3369,#3370);
#3369 = CARTESIAN_POINT('',(-4.712388980385,0.));
#3370 = VECTOR('',#3371,1.);
#3371 = DIRECTION('',(-0.,-1.));
#3372 = ( GEOMETRIC_REPRESENTATION_CONTEXT(2) 
PARAMETRIC_REPRESENTATION_CONTEXT() REPRESENTATION_CONTEXT('2D SPACE',''
  ) );
#3373 = ADVANCED_FACE('',(#3374),#384,.T.);
#3374 = FACE_BOUND('',#3375,.F.);
#3375 = EDGE_LOOP('',(#3376,#3377,#3400,#3422));
#3376 = ORIENTED_EDGE('',*,*,#367,.F.);
#3377 = ORIENTED_EDGE('',*,*,#3378,.F.);
#3378 = EDGE_CURVE('',#3379,#335,#3381,.T.);
#3379 = VERTEX_POINT('',#3380);
#3380 = CARTESIAN_POINT('',(-16.44571606002,-9.51516806331,
    8.881784197001E-16));
#3381 = SURFACE_CURVE('',#3382,(#3386,#3393),.PCURVE_S1.);
#3382 = LINE('',#3383,#3384);
#3383 = CARTESIAN_POINT('',(-16.44571606002,-9.515168063311,8.));
#3384 = VECTOR('',#3385,1.);
#3385 = DIRECTION('',(-0.,1.224646799147E-16,1.));
#3386 = PCURVE('',#384,#3387);
#3387 = DEFINITIONAL_REPRESENTATION('',(#3388),#3392);
#3388 = LINE('',#3389,#3390);
#3389 = CARTESIAN_POINT('',(-2.617071812909,0.));
#3390 = VECTOR('',#3391,1.);
#3391 = DIRECTION('',(-0.,1.));
#3392 = ( GEOMETRIC_REPRESENTATION_CONTEXT(2) 
PARAMETRIC_REPRESENTATION_CONTEXT() REPRESENTATION_CONTEXT('2D SPACE',''
  ) );
#3393 = PCURVE('',#355,#3394);
#3394 = DEFINITIONAL_REPRESENTATION('',(#3395),#3399);
#3395 = LINE('',#3396,#3397);
#3396 = CARTESIAN_POINT('',(-1.627327980878,0.));
#3397 = VECTOR('',#3398,1.);
#3398 = DIRECTION('',(-0.,1.));
#3399 = ( GEOMETRIC_REPRESENTATION_CONTEXT(2) 
PARAMETRIC_REPRESENTATION_CONTEXT() REPRESENTATION_CONTEXT('2D SPACE',''
  ) );
#3400 = ORIENTED_EDGE('',*,*,#3401,.T.);
#3401 = EDGE_CURVE('',#3379,#3275,#3402,.T.);
#3402 = SURFACE_CURVE('',#3403,(#3408,#3415),.PCURVE_S1.);
#3403 = CIRCLE('',#3404,19.);
#3404 = AXIS2_PLACEMENT_3D('',#3405,#3406,#3407);
#3405 = CARTESIAN_POINT('',(0.,-9.797174393179E-16,0.));
#3406 = DIRECTION('',(0.,-1.224646799147E-16,-1.));
#3407 = DIRECTION('',(1.,0.,0.));
#3408 = PCURVE('',#384,#3409);
#3409 = DEFINITIONAL_REPRESENTATION('',(#3410),#3414);
#3410 = LINE('',#3411,#3412);
#3411 = CARTESIAN_POINT('',(-0.,-8.));
#3412 = VECTOR('',#3413,1.);
#3413 = DIRECTION('',(-1.,0.));
#3414 = ( GEOMETRIC_REPRESENTATION_CONTEXT(2) 
PARAMETRIC_REPRESENTATION_CONTEXT() REPRESENTATION_CONTEXT('2D SPACE',''
  ) );
#3415 = PCURVE('',#1187,#3416);
#3416 = DEFINITIONAL_REPRESENTATION('',(#3417),#3421);
#3417 = CIRCLE('',#3418,19.);
#3418 = AXIS2_PLACEMENT_2D('',#3419,#3420);
#3419 = CARTESIAN_POINT('',(-17.,-1.879594466024E-16));
#3420 = DIRECTION('',(1.,0.));
#3421 = ( GEOMETRIC_REPRESENTATION_CONTEXT(2) 
PARAMETRIC_REPRESENTATION_CONTEXT() REPRESENTATION_CONTEXT('2D SPACE',''
  ) );
#3422 = ORIENTED_EDGE('',*,*,#3274,.T.);
#3423 = ADVANCED_FACE('',(#3424,#3473,#3597,#3721,#3845,#3969,#4093),
  #294,.T.);
#3424 = FACE_BOUND('',#3425,.F.);
#3425 = EDGE_LOOP('',(#3426,#3427,#3428,#3452));
#3426 = ORIENTED_EDGE('',*,*,#273,.T.);
#3427 = ORIENTED_EDGE('',*,*,#3353,.T.);
#3428 = ORIENTED_EDGE('',*,*,#3429,.T.);
#3429 = EDGE_CURVE('',#3331,#3430,#3432,.T.);
#3430 = VERTEX_POINT('',#3431);
#3431 = CARTESIAN_POINT('',(-27.74519052838,-33.05607966083,
    4.440892098501E-15));
#3432 = SURFACE_CURVE('',#3433,(#3438,#3445),.PCURVE_S1.);
#3433 = CIRCLE('',#3434,7.5);
#3434 = AXIS2_PLACEMENT_3D('',#3435,#3436,#3437);
#3435 = CARTESIAN_POINT('',(-21.25,-36.80607966083,4.440892098501E-15));
#3436 = DIRECTION('',(-6.989777547461E-33,-1.224646799147E-16,-1.));
#3437 = DIRECTION('',(0.866025403784,-0.5,6.123233995737E-17));
#3438 = PCURVE('',#294,#3439);
#3439 = DEFINITIONAL_REPRESENTATION('',(#3440),#3444);
#3440 = LINE('',#3441,#3442);
#3441 = CARTESIAN_POINT('',(-4.712388980385,-8.));
#3442 = VECTOR('',#3443,1.);
#3443 = DIRECTION('',(-1.,0.));
#3444 = ( GEOMETRIC_REPRESENTATION_CONTEXT(2) 
PARAMETRIC_REPRESENTATION_CONTEXT() REPRESENTATION_CONTEXT('2D SPACE',''
  ) );
#3445 = PCURVE('',#1187,#3446);
#3446 = DEFINITIONAL_REPRESENTATION('',(#3447),#3451);
#3447 = CIRCLE('',#3448,7.5);
#3448 = AXIS2_PLACEMENT_2D('',#3449,#3450);
#3449 = CARTESIAN_POINT('',(-38.25,36.806079660839));
#3450 = DIRECTION('',(0.866025403784,0.5));
#3451 = ( GEOMETRIC_REPRESENTATION_CONTEXT(2) 
PARAMETRIC_REPRESENTATION_CONTEXT() REPRESENTATION_CONTEXT('2D SPACE',''
  ) );
#3452 = ORIENTED_EDGE('',*,*,#3453,.F.);
#3453 = EDGE_CURVE('',#274,#3430,#3454,.T.);
#3454 = SURFACE_CURVE('',#3455,(#3459,#3466),.PCURVE_S1.);
#3455 = LINE('',#3456,#3457);
#3456 = CARTESIAN_POINT('',(-27.74519052838,-33.05607966083,8.));
#3457 = VECTOR('',#3458,1.);
#3458 = DIRECTION('',(0.,-1.224646799147E-16,-1.));
#3459 = PCURVE('',#294,#3460);
#3460 = DEFINITIONAL_REPRESENTATION('',(#3461),#3465);
#3461 = LINE('',#3462,#3463);
#3462 = CARTESIAN_POINT('',(-7.853981633974,0.));
#3463 = VECTOR('',#3464,1.);
#3464 = DIRECTION('',(-0.,-1.));
#3465 = ( GEOMETRIC_REPRESENTATION_CONTEXT(2) 
PARAMETRIC_REPRESENTATION_CONTEXT() REPRESENTATION_CONTEXT('2D SPACE',''
  ) );
#3466 = PCURVE('',#322,#3467);
#3467 = DEFINITIONAL_REPRESENTATION('',(#3468),#3472);
#3468 = LINE('',#3469,#3470);
#3469 = CARTESIAN_POINT('',(0.,0.));
#3470 = VECTOR('',#3471,1.);
#3471 = DIRECTION('',(0.,-1.));
#3472 = ( GEOMETRIC_REPRESENTATION_CONTEXT(2) 
PARAMETRIC_REPRESENTATION_CONTEXT() REPRESENTATION_CONTEXT('2D SPACE',''
  ) );
#3473 = FACE_BOUND('',#3474,.F.);
#3474 = EDGE_LOOP('',(#3475,#3510,#3538,#3571));
#3475 = ORIENTED_EDGE('',*,*,#3476,.T.);
#3476 = EDGE_CURVE('',#3477,#3479,#3481,.T.);
#3477 = VERTEX_POINT('',#3478);
#3478 = CARTESIAN_POINT('',(-25.54880663397,-42.95183116278,1.835));
#3479 = VERTEX_POINT('',#3480);
#3480 = CARTESIAN_POINT('',(-24.42297360905,-43.60183116279,1.835));
#3481 = SURFACE_CURVE('',#3482,(#3487,#3494),.PCURVE_S1.);
#3482 = CIRCLE('',#3483,7.5);
#3483 = AXIS2_PLACEMENT_3D('',#3484,#3485,#3486);
#3484 = CARTESIAN_POINT('',(-21.25,-36.80607966083,1.835));
#3485 = DIRECTION('',(5.627922965446E-33,1.224646799147E-16,1.));
#3486 = DIRECTION('',(-0.5,-0.866025403784,1.060575238725E-16));
#3487 = PCURVE('',#294,#3488);
#3488 = DEFINITIONAL_REPRESENTATION('',(#3489),#3493);
#3489 = LINE('',#3490,#3491);
#3490 = CARTESIAN_POINT('',(-12.56637061435,-6.165));
#3491 = VECTOR('',#3492,1.);
#3492 = DIRECTION('',(1.,-0.));
#3493 = ( GEOMETRIC_REPRESENTATION_CONTEXT(2) 
PARAMETRIC_REPRESENTATION_CONTEXT() REPRESENTATION_CONTEXT('2D SPACE',''
  ) );
#3494 = PCURVE('',#3495,#3500);
#3495 = PLANE('',#3496);
#3496 = AXIS2_PLACEMENT_3D('',#3497,#3498,#3499);
#3497 = CARTESIAN_POINT('',(-24.1,-41.74242446241,1.835));
#3498 = DIRECTION('',(0.,-1.224646799147E-16,-1.));
#3499 = DIRECTION('',(-0.5,-0.866025403784,1.060575238725E-16));
#3500 = DEFINITIONAL_REPRESENTATION('',(#3501),#3509);
#3501 = ( BOUNDED_CURVE() B_SPLINE_CURVE(2,(#3502,#3503,#3504,#3505,
#3506,#3507,#3508),.UNSPECIFIED.,.T.,.F.) B_SPLINE_CURVE_WITH_KNOTS((1,2
    ,2,2,2,1),(-2.094395102393,0.,2.094395102393,4.188790204786,
6.28318530718,8.377580409573),.UNSPECIFIED.) CURVE() 
GEOMETRIC_REPRESENTATION_ITEM() RATIONAL_B_SPLINE_CURVE((1.,0.5,1.,0.5,
1.,0.5,1.)) REPRESENTATION_ITEM('') );
#3502 = CARTESIAN_POINT('',(1.8,-2.614828922144E-15));
#3503 = CARTESIAN_POINT('',(1.8,-12.99038105676));
#3504 = CARTESIAN_POINT('',(-9.45,-6.495190528383));
#3505 = CARTESIAN_POINT('',(-20.7,-4.953802295703E-15));
#3506 = CARTESIAN_POINT('',(-9.45,6.495190528383));
#3507 = CARTESIAN_POINT('',(1.8,12.990381056767));
#3508 = CARTESIAN_POINT('',(1.8,-2.614828922144E-15));
#3509 = ( GEOMETRIC_REPRESENTATION_CONTEXT(2) 
PARAMETRIC_REPRESENTATION_CONTEXT() REPRESENTATION_CONTEXT('2D SPACE',''
  ) );
#3510 = ORIENTED_EDGE('',*,*,#3511,.T.);
#3511 = EDGE_CURVE('',#3479,#3512,#3514,.T.);
#3512 = VERTEX_POINT('',#3513);
#3513 = CARTESIAN_POINT('',(-24.42297360905,-43.60183116279,2.615));
#3514 = SURFACE_CURVE('',#3515,(#3519,#3526),.PCURVE_S1.);
#3515 = LINE('',#3516,#3517);
#3516 = CARTESIAN_POINT('',(-24.42297360905,-43.60183116279,8.));
#3517 = VECTOR('',#3518,1.);
#3518 = DIRECTION('',(0.,1.224646799147E-16,1.));
#3519 = PCURVE('',#294,#3520);
#3520 = DEFINITIONAL_REPRESENTATION('',(#3521),#3525);
#3521 = LINE('',#3522,#3523);
#3522 = CARTESIAN_POINT('',(-6.196409778329,0.));
#3523 = VECTOR('',#3524,1.);
#3524 = DIRECTION('',(-0.,1.));
#3525 = ( GEOMETRIC_REPRESENTATION_CONTEXT(2) 
PARAMETRIC_REPRESENTATION_CONTEXT() REPRESENTATION_CONTEXT('2D SPACE',''
  ) );
#3526 = PCURVE('',#3527,#3532);
#3527 = PLANE('',#3528);
#3528 = AXIS2_PLACEMENT_3D('',#3529,#3530,#3531);
#3529 = CARTESIAN_POINT('',(-22.43708348754,-40.16216857408,2.615));
#3530 = DIRECTION('',(-0.866025403784,0.5,-6.123233995737E-17));
#3531 = DIRECTION('',(-0.5,-0.866025403784,1.060575238725E-16));
#3532 = DEFINITIONAL_REPRESENTATION('',(#3533),#3537);
#3533 = LINE('',#3534,#3535);
#3534 = CARTESIAN_POINT('',(3.971780243021,5.385));
#3535 = VECTOR('',#3536,1.);
#3536 = DIRECTION('',(0.,1.));
#3537 = ( GEOMETRIC_REPRESENTATION_CONTEXT(2) 
PARAMETRIC_REPRESENTATION_CONTEXT() REPRESENTATION_CONTEXT('2D SPACE',''
  ) );
#3538 = ORIENTED_EDGE('',*,*,#3539,.F.);
#3539 = EDGE_CURVE('',#3540,#3512,#3542,.T.);
#3540 = VERTEX_POINT('',#3541);
#3541 = CARTESIAN_POINT('',(-25.54880663397,-42.95183116278,2.615));
#3542 = SURFACE_CURVE('',#3543,(#3548,#3555),.PCURVE_S1.);
#3543 = CIRCLE('',#3544,7.5);
#3544 = AXIS2_PLACEMENT_3D('',#3545,#3546,#3547);
#3545 = CARTESIAN_POINT('',(-21.25,-36.80607966083,2.615));
#3546 = DIRECTION('',(5.627922965446E-33,1.224646799147E-16,1.));
#3547 = DIRECTION('',(-0.5,-0.866025403784,1.060575238725E-16));
#3548 = PCURVE('',#294,#3549);
#3549 = DEFINITIONAL_REPRESENTATION('',(#3550),#3554);
#3550 = LINE('',#3551,#3552);
#3551 = CARTESIAN_POINT('',(-12.56637061435,-5.385));
#3552 = VECTOR('',#3553,1.);
#3553 = DIRECTION('',(1.,-0.));
#3554 = ( GEOMETRIC_REPRESENTATION_CONTEXT(2) 
PARAMETRIC_REPRESENTATION_CONTEXT() REPRESENTATION_CONTEXT('2D SPACE',''
  ) );
#3555 = PCURVE('',#3556,#3561);
#3556 = PLANE('',#3557);
#3557 = AXIS2_PLACEMENT_3D('',#3558,#3559,#3560);
#3558 = CARTESIAN_POINT('',(-24.1,-41.74242446241,2.615));
#3559 = DIRECTION('',(0.,-1.224646799147E-16,-1.));
#3560 = DIRECTION('',(-0.5,-0.866025403784,1.060575238725E-16));
#3561 = DEFINITIONAL_REPRESENTATION('',(#3562),#3570);
#3562 = ( BOUNDED_CURVE() B_SPLINE_CURVE(2,(#3563,#3564,#3565,#3566,
#3567,#3568,#3569),.UNSPECIFIED.,.T.,.F.) B_SPLINE_CURVE_WITH_KNOTS((1,2
    ,2,2,2,1),(-2.094395102393,0.,2.094395102393,4.188790204786,
6.28318530718,8.377580409573),.UNSPECIFIED.) CURVE() 
GEOMETRIC_REPRESENTATION_ITEM() RATIONAL_B_SPLINE_CURVE((1.,0.5,1.,0.5,
1.,0.5,1.)) REPRESENTATION_ITEM('') );
#3563 = CARTESIAN_POINT('',(1.8,-2.614828922144E-15));
#3564 = CARTESIAN_POINT('',(1.8,-12.99038105676));
#3565 = CARTESIAN_POINT('',(-9.45,-6.495190528383));
#3566 = CARTESIAN_POINT('',(-20.7,-4.953802295703E-15));
#3567 = CARTESIAN_POINT('',(-9.45,6.495190528383));
#3568 = CARTESIAN_POINT('',(1.8,12.990381056767));
#3569 = CARTESIAN_POINT('',(1.8,-2.614828922144E-15));
#3570 = ( GEOMETRIC_REPRESENTATION_CONTEXT(2) 
PARAMETRIC_REPRESENTATION_CONTEXT() REPRESENTATION_CONTEXT('2D SPACE',''
  ) );
#3571 = ORIENTED_EDGE('',*,*,#3572,.F.);
#3572 = EDGE_CURVE('',#3477,#3540,#3573,.T.);
#3573 = SURFACE_CURVE('',#3574,(#3578,#3585),.PCURVE_S1.);
#3574 = LINE('',#3575,#3576);
#3575 = CARTESIAN_POINT('',(-25.54880663397,-42.95183116279,8.));
#3576 = VECTOR('',#3577,1.);
#3577 = DIRECTION('',(0.,1.224646799147E-16,1.));
#3578 = PCURVE('',#294,#3579);
#3579 = DEFINITIONAL_REPRESENTATION('',(#3580),#3584);
#3580 = LINE('',#3581,#3582);
#3581 = CARTESIAN_POINT('',(-6.36996083603,0.));
#3582 = VECTOR('',#3583,1.);
#3583 = DIRECTION('',(-0.,1.));
#3584 = ( GEOMETRIC_REPRESENTATION_CONTEXT(2) 
PARAMETRIC_REPRESENTATION_CONTEXT() REPRESENTATION_CONTEXT('2D SPACE',''
  ) );
#3585 = PCURVE('',#3586,#3591);
#3586 = PLANE('',#3587);
#3587 = AXIS2_PLACEMENT_3D('',#3588,#3589,#3590);
#3588 = CARTESIAN_POINT('',(-25.76291651246,-43.32268035073,2.615));
#3589 = DIRECTION('',(0.866025403784,-0.5,6.123233995737E-17));
#3590 = DIRECTION('',(0.5,0.866025403784,-1.060575238725E-16));
#3591 = DEFINITIONAL_REPRESENTATION('',(#3592),#3596);
#3592 = LINE('',#3593,#3594);
#3593 = CARTESIAN_POINT('',(0.428219756979,5.385));
#3594 = VECTOR('',#3595,1.);
#3595 = DIRECTION('',(0.,1.));
#3596 = ( GEOMETRIC_REPRESENTATION_CONTEXT(2) 
PARAMETRIC_REPRESENTATION_CONTEXT() REPRESENTATION_CONTEXT('2D SPACE',''
  ) );
#3597 = FACE_BOUND('',#3598,.F.);
#3598 = EDGE_LOOP('',(#3599,#3634,#3662,#3695));
#3599 = ORIENTED_EDGE('',*,*,#3600,.T.);
#3600 = EDGE_CURVE('',#3601,#3603,#3605,.T.);
#3601 = VERTEX_POINT('',#3602);
#3602 = CARTESIAN_POINT('',(-25.54880663397,-42.95183116278,2.885));
#3603 = VERTEX_POINT('',#3604);
#3604 = CARTESIAN_POINT('',(-24.42297360905,-43.60183116279,2.885));
#3605 = SURFACE_CURVE('',#3606,(#3611,#3618),.PCURVE_S1.);
#3606 = CIRCLE('',#3607,7.5);
#3607 = AXIS2_PLACEMENT_3D('',#3608,#3609,#3610);
#3608 = CARTESIAN_POINT('',(-21.25,-36.80607966083,2.885));
#3609 = DIRECTION('',(5.627922965446E-33,1.224646799147E-16,1.));
#3610 = DIRECTION('',(-0.5,-0.866025403784,1.060575238725E-16));
#3611 = PCURVE('',#294,#3612);
#3612 = DEFINITIONAL_REPRESENTATION('',(#3613),#3617);
#3613 = LINE('',#3614,#3615);
#3614 = CARTESIAN_POINT('',(-12.56637061435,-5.115));
#3615 = VECTOR('',#3616,1.);
#3616 = DIRECTION('',(1.,-0.));
#3617 = ( GEOMETRIC_REPRESENTATION_CONTEXT(2) 
PARAMETRIC_REPRESENTATION_CONTEXT() REPRESENTATION_CONTEXT('2D SPACE',''
  ) );
#3618 = PCURVE('',#3619,#3624);
#3619 = PLANE('',#3620);
#3620 = AXIS2_PLACEMENT_3D('',#3621,#3622,#3623);
#3621 = CARTESIAN_POINT('',(-24.1,-41.74242446241,2.885));
#3622 = DIRECTION('',(0.,-1.224646799147E-16,-1.));
#3623 = DIRECTION('',(-0.5,-0.866025403784,1.060575238725E-16));
#3624 = DEFINITIONAL_REPRESENTATION('',(#3625),#3633);
#3625 = ( BOUNDED_CURVE() B_SPLINE_CURVE(2,(#3626,#3627,#3628,#3629,
#3630,#3631,#3632),.UNSPECIFIED.,.T.,.F.) B_SPLINE_CURVE_WITH_KNOTS((1,2
    ,2,2,2,1),(-2.094395102393,0.,2.094395102393,4.188790204786,
6.28318530718,8.377580409573),.UNSPECIFIED.) CURVE() 
GEOMETRIC_REPRESENTATION_ITEM() RATIONAL_B_SPLINE_CURVE((1.,0.5,1.,0.5,
1.,0.5,1.)) REPRESENTATION_ITEM('') );
#3626 = CARTESIAN_POINT('',(1.8,-2.614828922144E-15));
#3627 = CARTESIAN_POINT('',(1.8,-12.99038105676));
#3628 = CARTESIAN_POINT('',(-9.45,-6.495190528383));
#3629 = CARTESIAN_POINT('',(-20.7,-4.953802295703E-15));
#3630 = CARTESIAN_POINT('',(-9.45,6.495190528383));
#3631 = CARTESIAN_POINT('',(1.8,12.990381056767));
#3632 = CARTESIAN_POINT('',(1.8,-2.614828922144E-15));
#3633 = ( GEOMETRIC_REPRESENTATION_CONTEXT(2) 
PARAMETRIC_REPRESENTATION_CONTEXT() REPRESENTATION_CONTEXT('2D SPACE',''
  ) );
#3634 = ORIENTED_EDGE('',*,*,#3635,.T.);
#3635 = EDGE_CURVE('',#3603,#3636,#3638,.T.);
#3636 = VERTEX_POINT('',#3637);
#3637 = CARTESIAN_POINT('',(-24.42297360905,-43.60183116279,3.665));
#3638 = SURFACE_CURVE('',#3639,(#3643,#3650),.PCURVE_S1.);
#3639 = LINE('',#3640,#3641);
#3640 = CARTESIAN_POINT('',(-24.42297360905,-43.60183116279,8.));
#3641 = VECTOR('',#3642,1.);
#3642 = DIRECTION('',(0.,1.224646799147E-16,1.));
#3643 = PCURVE('',#294,#3644);
#3644 = DEFINITIONAL_REPRESENTATION('',(#3645),#3649);
#3645 = LINE('',#3646,#3647);
#3646 = CARTESIAN_POINT('',(-6.196409778329,0.));
#3647 = VECTOR('',#3648,1.);
#3648 = DIRECTION('',(-0.,1.));
#3649 = ( GEOMETRIC_REPRESENTATION_CONTEXT(2) 
PARAMETRIC_REPRESENTATION_CONTEXT() REPRESENTATION_CONTEXT('2D SPACE',''
  ) );
#3650 = PCURVE('',#3651,#3656);
#3651 = PLANE('',#3652);
#3652 = AXIS2_PLACEMENT_3D('',#3653,#3654,#3655);
#3653 = CARTESIAN_POINT('',(-22.43708348754,-40.16216857408,3.665));
#3654 = DIRECTION('',(-0.866025403784,0.5,-6.123233995737E-17));
#3655 = DIRECTION('',(-0.5,-0.866025403784,1.060575238725E-16));
#3656 = DEFINITIONAL_REPRESENTATION('',(#3657),#3661);
#3657 = LINE('',#3658,#3659);
#3658 = CARTESIAN_POINT('',(3.971780243021,4.335));
#3659 = VECTOR('',#3660,1.);
#3660 = DIRECTION('',(0.,1.));
#3661 = ( GEOMETRIC_REPRESENTATION_CONTEXT(2) 
PARAMETRIC_REPRESENTATION_CONTEXT() REPRESENTATION_CONTEXT('2D SPACE',''
  ) );
#3662 = ORIENTED_EDGE('',*,*,#3663,.F.);
#3663 = EDGE_CURVE('',#3664,#3636,#3666,.T.);
#3664 = VERTEX_POINT('',#3665);
#3665 = CARTESIAN_POINT('',(-25.54880663397,-42.95183116278,3.665));
#3666 = SURFACE_CURVE('',#3667,(#3672,#3679),.PCURVE_S1.);
#3667 = CIRCLE('',#3668,7.5);
#3668 = AXIS2_PLACEMENT_3D('',#3669,#3670,#3671);
#3669 = CARTESIAN_POINT('',(-21.25,-36.80607966083,3.665));
#3670 = DIRECTION('',(5.627922965446E-33,1.224646799147E-16,1.));
#3671 = DIRECTION('',(-0.5,-0.866025403784,1.060575238725E-16));
#3672 = PCURVE('',#294,#3673);
#3673 = DEFINITIONAL_REPRESENTATION('',(#3674),#3678);
#3674 = LINE('',#3675,#3676);
#3675 = CARTESIAN_POINT('',(-12.56637061435,-4.335));
#3676 = VECTOR('',#3677,1.);
#3677 = DIRECTION('',(1.,-0.));
#3678 = ( GEOMETRIC_REPRESENTATION_CONTEXT(2) 
PARAMETRIC_REPRESENTATION_CONTEXT() REPRESENTATION_CONTEXT('2D SPACE',''
  ) );
#3679 = PCURVE('',#3680,#3685);
#3680 = PLANE('',#3681);
#3681 = AXIS2_PLACEMENT_3D('',#3682,#3683,#3684);
#3682 = CARTESIAN_POINT('',(-24.1,-41.74242446241,3.665));
#3683 = DIRECTION('',(0.,-1.224646799147E-16,-1.));
#3684 = DIRECTION('',(-0.5,-0.866025403784,1.060575238725E-16));
#3685 = DEFINITIONAL_REPRESENTATION('',(#3686),#3694);
#3686 = ( BOUNDED_CURVE() B_SPLINE_CURVE(2,(#3687,#3688,#3689,#3690,
#3691,#3692,#3693),.UNSPECIFIED.,.T.,.F.) B_SPLINE_CURVE_WITH_KNOTS((1,2
    ,2,2,2,1),(-2.094395102393,0.,2.094395102393,4.188790204786,
6.28318530718,8.377580409573),.UNSPECIFIED.) CURVE() 
GEOMETRIC_REPRESENTATION_ITEM() RATIONAL_B_SPLINE_CURVE((1.,0.5,1.,0.5,
1.,0.5,1.)) REPRESENTATION_ITEM('') );
#3687 = CARTESIAN_POINT('',(1.8,-2.614828922144E-15));
#3688 = CARTESIAN_POINT('',(1.8,-12.99038105676));
#3689 = CARTESIAN_POINT('',(-9.45,-6.495190528383));
#3690 = CARTESIAN_POINT('',(-20.7,-4.953802295703E-15));
#3691 = CARTESIAN_POINT('',(-9.45,6.495190528383));
#3692 = CARTESIAN_POINT('',(1.8,12.990381056767));
#3693 = CARTESIAN_POINT('',(1.8,-2.614828922144E-15));
#3694 = ( GEOMETRIC_REPRESENTATION_CONTEXT(2) 
PARAMETRIC_REPRESENTATION_CONTEXT() REPRESENTATION_CONTEXT('2D SPACE',''
  ) );
#3695 = ORIENTED_EDGE('',*,*,#3696,.F.);
#3696 = EDGE_CURVE('',#3601,#3664,#3697,.T.);
#3697 = SURFACE_CURVE('',#3698,(#3702,#3709),.PCURVE_S1.);
#3698 = LINE('',#3699,#3700);
#3699 = CARTESIAN_POINT('',(-25.54880663397,-42.95183116279,8.));
#3700 = VECTOR('',#3701,1.);
#3701 = DIRECTION('',(0.,1.224646799147E-16,1.));
#3702 = PCURVE('',#294,#3703);
#3703 = DEFINITIONAL_REPRESENTATION('',(#3704),#3708);
#3704 = LINE('',#3705,#3706);
#3705 = CARTESIAN_POINT('',(-6.36996083603,0.));
#3706 = VECTOR('',#3707,1.);
#3707 = DIRECTION('',(-0.,1.));
#3708 = ( GEOMETRIC_REPRESENTATION_CONTEXT(2) 
PARAMETRIC_REPRESENTATION_CONTEXT() REPRESENTATION_CONTEXT('2D SPACE',''
  ) );
#3709 = PCURVE('',#3710,#3715);
#3710 = PLANE('',#3711);
#3711 = AXIS2_PLACEMENT_3D('',#3712,#3713,#3714);
#3712 = CARTESIAN_POINT('',(-25.76291651246,-43.32268035073,3.665));
#3713 = DIRECTION('',(0.866025403784,-0.5,6.123233995737E-17));
#3714 = DIRECTION('',(0.5,0.866025403784,-1.060575238725E-16));
#3715 = DEFINITIONAL_REPRESENTATION('',(#3716),#3720);
#3716 = LINE('',#3717,#3718);
#3717 = CARTESIAN_POINT('',(0.428219756979,4.335));
#3718 = VECTOR('',#3719,1.);
#3719 = DIRECTION('',(0.,1.));
#3720 = ( GEOMETRIC_REPRESENTATION_CONTEXT(2) 
PARAMETRIC_REPRESENTATION_CONTEXT() REPRESENTATION_CONTEXT('2D SPACE',''
  ) );
#3721 = FACE_BOUND('',#3722,.F.);
#3722 = EDGE_LOOP('',(#3723,#3758,#3786,#3819));
#3723 = ORIENTED_EDGE('',*,*,#3724,.T.);
#3724 = EDGE_CURVE('',#3725,#3727,#3729,.T.);
#3725 = VERTEX_POINT('',#3726);
#3726 = CARTESIAN_POINT('',(-25.54880663397,-42.95183116278,3.935));
#3727 = VERTEX_POINT('',#3728);
#3728 = CARTESIAN_POINT('',(-24.42297360905,-43.60183116279,3.935));
#3729 = SURFACE_CURVE('',#3730,(#3735,#3742),.PCURVE_S1.);
#3730 = CIRCLE('',#3731,7.5);
#3731 = AXIS2_PLACEMENT_3D('',#3732,#3733,#3734);
#3732 = CARTESIAN_POINT('',(-21.25,-36.80607966083,3.935));
#3733 = DIRECTION('',(5.627922965446E-33,1.224646799147E-16,1.));
#3734 = DIRECTION('',(-0.5,-0.866025403784,1.060575238725E-16));
#3735 = PCURVE('',#294,#3736);
#3736 = DEFINITIONAL_REPRESENTATION('',(#3737),#3741);
#3737 = LINE('',#3738,#3739);
#3738 = CARTESIAN_POINT('',(-12.56637061435,-4.065));
#3739 = VECTOR('',#3740,1.);
#3740 = DIRECTION('',(1.,-0.));
#3741 = ( GEOMETRIC_REPRESENTATION_CONTEXT(2) 
PARAMETRIC_REPRESENTATION_CONTEXT() REPRESENTATION_CONTEXT('2D SPACE',''
  ) );
#3742 = PCURVE('',#3743,#3748);
#3743 = PLANE('',#3744);
#3744 = AXIS2_PLACEMENT_3D('',#3745,#3746,#3747);
#3745 = CARTESIAN_POINT('',(-24.1,-41.74242446241,3.935));
#3746 = DIRECTION('',(0.,-1.224646799147E-16,-1.));
#3747 = DIRECTION('',(-0.5,-0.866025403784,1.060575238725E-16));
#3748 = DEFINITIONAL_REPRESENTATION('',(#3749),#3757);
#3749 = ( BOUNDED_CURVE() B_SPLINE_CURVE(2,(#3750,#3751,#3752,#3753,
#3754,#3755,#3756),.UNSPECIFIED.,.T.,.F.) B_SPLINE_CURVE_WITH_KNOTS((1,2
    ,2,2,2,1),(-2.094395102393,0.,2.094395102393,4.188790204786,
6.28318530718,8.377580409573),.UNSPECIFIED.) CURVE() 
GEOMETRIC_REPRESENTATION_ITEM() RATIONAL_B_SPLINE_CURVE((1.,0.5,1.,0.5,
1.,0.5,1.)) REPRESENTATION_ITEM('') );
#3750 = CARTESIAN_POINT('',(1.8,-2.614828922144E-15));
#3751 = CARTESIAN_POINT('',(1.8,-12.99038105676));
#3752 = CARTESIAN_POINT('',(-9.45,-6.495190528383));
#3753 = CARTESIAN_POINT('',(-20.7,-4.953802295703E-15));
#3754 = CARTESIAN_POINT('',(-9.45,6.495190528383));
#3755 = CARTESIAN_POINT('',(1.8,12.990381056767));
#3756 = CARTESIAN_POINT('',(1.8,-2.614828922144E-15));
#3757 = ( GEOMETRIC_REPRESENTATION_CONTEXT(2) 
PARAMETRIC_REPRESENTATION_CONTEXT() REPRESENTATION_CONTEXT('2D SPACE',''
  ) );
#3758 = ORIENTED_EDGE('',*,*,#3759,.T.);
#3759 = EDGE_CURVE('',#3727,#3760,#3762,.T.);
#3760 = VERTEX_POINT('',#3761);
#3761 = CARTESIAN_POINT('',(-24.42297360905,-43.60183116279,4.715));
#3762 = SURFACE_CURVE('',#3763,(#3767,#3774),.PCURVE_S1.);
#3763 = LINE('',#3764,#3765);
#3764 = CARTESIAN_POINT('',(-24.42297360905,-43.60183116279,8.));
#3765 = VECTOR('',#3766,1.);
#3766 = DIRECTION('',(0.,1.224646799147E-16,1.));
#3767 = PCURVE('',#294,#3768);
#3768 = DEFINITIONAL_REPRESENTATION('',(#3769),#3773);
#3769 = LINE('',#3770,#3771);
#3770 = CARTESIAN_POINT('',(-6.196409778329,0.));
#3771 = VECTOR('',#3772,1.);
#3772 = DIRECTION('',(-0.,1.));
#3773 = ( GEOMETRIC_REPRESENTATION_CONTEXT(2) 
PARAMETRIC_REPRESENTATION_CONTEXT() REPRESENTATION_CONTEXT('2D SPACE',''
  ) );
#3774 = PCURVE('',#3775,#3780);
#3775 = PLANE('',#3776);
#3776 = AXIS2_PLACEMENT_3D('',#3777,#3778,#3779);
#3777 = CARTESIAN_POINT('',(-22.43708348754,-40.16216857408,4.715));
#3778 = DIRECTION('',(-0.866025403784,0.5,-6.123233995737E-17));
#3779 = DIRECTION('',(-0.5,-0.866025403784,1.060575238725E-16));
#3780 = DEFINITIONAL_REPRESENTATION('',(#3781),#3785);
#3781 = LINE('',#3782,#3783);
#3782 = CARTESIAN_POINT('',(3.971780243021,3.285));
#3783 = VECTOR('',#3784,1.);
#3784 = DIRECTION('',(0.,1.));
#3785 = ( GEOMETRIC_REPRESENTATION_CONTEXT(2) 
PARAMETRIC_REPRESENTATION_CONTEXT() REPRESENTATION_CONTEXT('2D SPACE',''
  ) );
#3786 = ORIENTED_EDGE('',*,*,#3787,.F.);
#3787 = EDGE_CURVE('',#3788,#3760,#3790,.T.);
#3788 = VERTEX_POINT('',#3789);
#3789 = CARTESIAN_POINT('',(-25.54880663397,-42.95183116278,4.715));
#3790 = SURFACE_CURVE('',#3791,(#3796,#3803),.PCURVE_S1.);
#3791 = CIRCLE('',#3792,7.5);
#3792 = AXIS2_PLACEMENT_3D('',#3793,#3794,#3795);
#3793 = CARTESIAN_POINT('',(-21.25,-36.80607966083,4.715));
#3794 = DIRECTION('',(5.627922965446E-33,1.224646799147E-16,1.));
#3795 = DIRECTION('',(-0.5,-0.866025403784,1.060575238725E-16));
#3796 = PCURVE('',#294,#3797);
#3797 = DEFINITIONAL_REPRESENTATION('',(#3798),#3802);
#3798 = LINE('',#3799,#3800);
#3799 = CARTESIAN_POINT('',(-12.56637061435,-3.285));
#3800 = VECTOR('',#3801,1.);
#3801 = DIRECTION('',(1.,-0.));
#3802 = ( GEOMETRIC_REPRESENTATION_CONTEXT(2) 
PARAMETRIC_REPRESENTATION_CONTEXT() REPRESENTATION_CONTEXT('2D SPACE',''
  ) );
#3803 = PCURVE('',#3804,#3809);
#3804 = PLANE('',#3805);
#3805 = AXIS2_PLACEMENT_3D('',#3806,#3807,#3808);
#3806 = CARTESIAN_POINT('',(-24.1,-41.74242446241,4.715));
#3807 = DIRECTION('',(0.,-1.224646799147E-16,-1.));
#3808 = DIRECTION('',(-0.5,-0.866025403784,1.060575238725E-16));
#3809 = DEFINITIONAL_REPRESENTATION('',(#3810),#3818);
#3810 = ( BOUNDED_CURVE() B_SPLINE_CURVE(2,(#3811,#3812,#3813,#3814,
#3815,#3816,#3817),.UNSPECIFIED.,.T.,.F.) B_SPLINE_CURVE_WITH_KNOTS((1,2
    ,2,2,2,1),(-2.094395102393,0.,2.094395102393,4.188790204786,
6.28318530718,8.377580409573),.UNSPECIFIED.) CURVE() 
GEOMETRIC_REPRESENTATION_ITEM() RATIONAL_B_SPLINE_CURVE((1.,0.5,1.,0.5,
1.,0.5,1.)) REPRESENTATION_ITEM('') );
#3811 = CARTESIAN_POINT('',(1.8,-2.614828922144E-15));
#3812 = CARTESIAN_POINT('',(1.8,-12.99038105676));
#3813 = CARTESIAN_POINT('',(-9.45,-6.495190528383));
#3814 = CARTESIAN_POINT('',(-20.7,-4.953802295703E-15));
#3815 = CARTESIAN_POINT('',(-9.45,6.495190528383));
#3816 = CARTESIAN_POINT('',(1.8,12.990381056767));
#3817 = CARTESIAN_POINT('',(1.8,-2.614828922144E-15));
#3818 = ( GEOMETRIC_REPRESENTATION_CONTEXT(2) 
PARAMETRIC_REPRESENTATION_CONTEXT() REPRESENTATION_CONTEXT('2D SPACE',''
  ) );
#3819 = ORIENTED_EDGE('',*,*,#3820,.F.);
#3820 = EDGE_CURVE('',#3725,#3788,#3821,.T.);
#3821 = SURFACE_CURVE('',#3822,(#3826,#3833),.PCURVE_S1.);
#3822 = LINE('',#3823,#3824);
#3823 = CARTESIAN_POINT('',(-25.54880663397,-42.95183116279,8.));
#3824 = VECTOR('',#3825,1.);
#3825 = DIRECTION('',(0.,1.224646799147E-16,1.));
#3826 = PCURVE('',#294,#3827);
#3827 = DEFINITIONAL_REPRESENTATION('',(#3828),#3832);
#3828 = LINE('',#3829,#3830);
#3829 = CARTESIAN_POINT('',(-6.36996083603,0.));
#3830 = VECTOR('',#3831,1.);
#3831 = DIRECTION('',(-0.,1.));
#3832 = ( GEOMETRIC_REPRESENTATION_CONTEXT(2) 
PARAMETRIC_REPRESENTATION_CONTEXT() REPRESENTATION_CONTEXT('2D SPACE',''
  ) );
#3833 = PCURVE('',#3834,#3839);
#3834 = PLANE('',#3835);
#3835 = AXIS2_PLACEMENT_3D('',#3836,#3837,#3838);
#3836 = CARTESIAN_POINT('',(-25.76291651246,-43.32268035073,4.715));
#3837 = DIRECTION('',(0.866025403784,-0.5,6.123233995737E-17));
#3838 = DIRECTION('',(0.5,0.866025403784,-1.060575238725E-16));
#3839 = DEFINITIONAL_REPRESENTATION('',(#3840),#3844);
#3840 = LINE('',#3841,#3842);
#3841 = CARTESIAN_POINT('',(0.428219756979,3.285));
#3842 = VECTOR('',#3843,1.);
#3843 = DIRECTION('',(0.,1.));
#3844 = ( GEOMETRIC_REPRESENTATION_CONTEXT(2) 
PARAMETRIC_REPRESENTATION_CONTEXT() REPRESENTATION_CONTEXT('2D SPACE',''
  ) );
#3845 = FACE_BOUND('',#3846,.F.);
#3846 = EDGE_LOOP('',(#3847,#3882,#3910,#3943));
#3847 = ORIENTED_EDGE('',*,*,#3848,.T.);
#3848 = EDGE_CURVE('',#3849,#3851,#3853,.T.);
#3849 = VERTEX_POINT('',#3850);
#3850 = CARTESIAN_POINT('',(-25.54880663397,-42.95183116278,4.985));
#3851 = VERTEX_POINT('',#3852);
#3852 = CARTESIAN_POINT('',(-24.42297360905,-43.60183116279,4.985));
#3853 = SURFACE_CURVE('',#3854,(#3859,#3866),.PCURVE_S1.);
#3854 = CIRCLE('',#3855,7.5);
#3855 = AXIS2_PLACEMENT_3D('',#3856,#3857,#3858);
#3856 = CARTESIAN_POINT('',(-21.25,-36.80607966083,4.985));
#3857 = DIRECTION('',(5.627922965446E-33,1.224646799147E-16,1.));
#3858 = DIRECTION('',(-0.5,-0.866025403784,1.060575238725E-16));
#3859 = PCURVE('',#294,#3860);
#3860 = DEFINITIONAL_REPRESENTATION('',(#3861),#3865);
#3861 = LINE('',#3862,#3863);
#3862 = CARTESIAN_POINT('',(-12.56637061435,-3.015));
#3863 = VECTOR('',#3864,1.);
#3864 = DIRECTION('',(1.,-0.));
#3865 = ( GEOMETRIC_REPRESENTATION_CONTEXT(2) 
PARAMETRIC_REPRESENTATION_CONTEXT() REPRESENTATION_CONTEXT('2D SPACE',''
  ) );
#3866 = PCURVE('',#3867,#3872);
#3867 = PLANE('',#3868);
#3868 = AXIS2_PLACEMENT_3D('',#3869,#3870,#3871);
#3869 = CARTESIAN_POINT('',(-24.1,-41.74242446241,4.985));
#3870 = DIRECTION('',(0.,-1.224646799147E-16,-1.));
#3871 = DIRECTION('',(-0.5,-0.866025403784,1.060575238725E-16));
#3872 = DEFINITIONAL_REPRESENTATION('',(#3873),#3881);
#3873 = ( BOUNDED_CURVE() B_SPLINE_CURVE(2,(#3874,#3875,#3876,#3877,
#3878,#3879,#3880),.UNSPECIFIED.,.T.,.F.) B_SPLINE_CURVE_WITH_KNOTS((1,2
    ,2,2,2,1),(-2.094395102393,0.,2.094395102393,4.188790204786,
6.28318530718,8.377580409573),.UNSPECIFIED.) CURVE() 
GEOMETRIC_REPRESENTATION_ITEM() RATIONAL_B_SPLINE_CURVE((1.,0.5,1.,0.5,
1.,0.5,1.)) REPRESENTATION_ITEM('') );
#3874 = CARTESIAN_POINT('',(1.8,-2.614828922144E-15));
#3875 = CARTESIAN_POINT('',(1.8,-12.99038105676));
#3876 = CARTESIAN_POINT('',(-9.45,-6.495190528383));
#3877 = CARTESIAN_POINT('',(-20.7,-4.953802295703E-15));
#3878 = CARTESIAN_POINT('',(-9.45,6.495190528383));
#3879 = CARTESIAN_POINT('',(1.8,12.990381056767));
#3880 = CARTESIAN_POINT('',(1.8,-2.614828922144E-15));
#3881 = ( GEOMETRIC_REPRESENTATION_CONTEXT(2) 
PARAMETRIC_REPRESENTATION_CONTEXT() REPRESENTATION_CONTEXT('2D SPACE',''
  ) );
#3882 = ORIENTED_EDGE('',*,*,#3883,.T.);
#3883 = EDGE_CURVE('',#3851,#3884,#3886,.T.);
#3884 = VERTEX_POINT('',#3885);
#3885 = CARTESIAN_POINT('',(-24.42297360905,-43.60183116279,5.765));
#3886 = SURFACE_CURVE('',#3887,(#3891,#3898),.PCURVE_S1.);
#3887 = LINE('',#3888,#3889);
#3888 = CARTESIAN_POINT('',(-24.42297360905,-43.60183116279,8.));
#3889 = VECTOR('',#3890,1.);
#3890 = DIRECTION('',(0.,1.224646799147E-16,1.));
#3891 = PCURVE('',#294,#3892);
#3892 = DEFINITIONAL_REPRESENTATION('',(#3893),#3897);
#3893 = LINE('',#3894,#3895);
#3894 = CARTESIAN_POINT('',(-6.196409778329,0.));
#3895 = VECTOR('',#3896,1.);
#3896 = DIRECTION('',(-0.,1.));
#3897 = ( GEOMETRIC_REPRESENTATION_CONTEXT(2) 
PARAMETRIC_REPRESENTATION_CONTEXT() REPRESENTATION_CONTEXT('2D SPACE',''
  ) );
#3898 = PCURVE('',#3899,#3904);
#3899 = PLANE('',#3900);
#3900 = AXIS2_PLACEMENT_3D('',#3901,#3902,#3903);
#3901 = CARTESIAN_POINT('',(-22.43708348754,-40.16216857408,5.765));
#3902 = DIRECTION('',(-0.866025403784,0.5,-6.123233995737E-17));
#3903 = DIRECTION('',(-0.5,-0.866025403784,1.060575238725E-16));
#3904 = DEFINITIONAL_REPRESENTATION('',(#3905),#3909);
#3905 = LINE('',#3906,#3907);
#3906 = CARTESIAN_POINT('',(3.971780243021,2.235));
#3907 = VECTOR('',#3908,1.);
#3908 = DIRECTION('',(0.,1.));
#3909 = ( GEOMETRIC_REPRESENTATION_CONTEXT(2) 
PARAMETRIC_REPRESENTATION_CONTEXT() REPRESENTATION_CONTEXT('2D SPACE',''
  ) );
#3910 = ORIENTED_EDGE('',*,*,#3911,.F.);
#3911 = EDGE_CURVE('',#3912,#3884,#3914,.T.);
#3912 = VERTEX_POINT('',#3913);
#3913 = CARTESIAN_POINT('',(-25.54880663397,-42.95183116278,5.765));
#3914 = SURFACE_CURVE('',#3915,(#3920,#3927),.PCURVE_S1.);
#3915 = CIRCLE('',#3916,7.5);
#3916 = AXIS2_PLACEMENT_3D('',#3917,#3918,#3919);
#3917 = CARTESIAN_POINT('',(-21.25,-36.80607966083,5.765));
#3918 = DIRECTION('',(5.627922965446E-33,1.224646799147E-16,1.));
#3919 = DIRECTION('',(-0.5,-0.866025403784,1.060575238725E-16));
#3920 = PCURVE('',#294,#3921);
#3921 = DEFINITIONAL_REPRESENTATION('',(#3922),#3926);
#3922 = LINE('',#3923,#3924);
#3923 = CARTESIAN_POINT('',(-12.56637061435,-2.235));
#3924 = VECTOR('',#3925,1.);
#3925 = DIRECTION('',(1.,-0.));
#3926 = ( GEOMETRIC_REPRESENTATION_CONTEXT(2) 
PARAMETRIC_REPRESENTATION_CONTEXT() REPRESENTATION_CONTEXT('2D SPACE',''
  ) );
#3927 = PCURVE('',#3928,#3933);
#3928 = PLANE('',#3929);
#3929 = AXIS2_PLACEMENT_3D('',#3930,#3931,#3932);
#3930 = CARTESIAN_POINT('',(-24.1,-41.74242446241,5.765));
#3931 = DIRECTION('',(0.,-1.224646799147E-16,-1.));
#3932 = DIRECTION('',(-0.5,-0.866025403784,1.060575238725E-16));
#3933 = DEFINITIONAL_REPRESENTATION('',(#3934),#3942);
#3934 = ( BOUNDED_CURVE() B_SPLINE_CURVE(2,(#3935,#3936,#3937,#3938,
#3939,#3940,#3941),.UNSPECIFIED.,.T.,.F.) B_SPLINE_CURVE_WITH_KNOTS((1,2
    ,2,2,2,1),(-2.094395102393,0.,2.094395102393,4.188790204786,
6.28318530718,8.377580409573),.UNSPECIFIED.) CURVE() 
GEOMETRIC_REPRESENTATION_ITEM() RATIONAL_B_SPLINE_CURVE((1.,0.5,1.,0.5,
1.,0.5,1.)) REPRESENTATION_ITEM('') );
#3935 = CARTESIAN_POINT('',(1.8,-2.614828922144E-15));
#3936 = CARTESIAN_POINT('',(1.8,-12.99038105676));
#3937 = CARTESIAN_POINT('',(-9.45,-6.495190528383));
#3938 = CARTESIAN_POINT('',(-20.7,-4.953802295703E-15));
#3939 = CARTESIAN_POINT('',(-9.45,6.495190528383));
#3940 = CARTESIAN_POINT('',(1.8,12.990381056767));
#3941 = CARTESIAN_POINT('',(1.8,-2.614828922144E-15));
#3942 = ( GEOMETRIC_REPRESENTATION_CONTEXT(2) 
PARAMETRIC_REPRESENTATION_CONTEXT() REPRESENTATION_CONTEXT('2D SPACE',''
  ) );
#3943 = ORIENTED_EDGE('',*,*,#3944,.F.);
#3944 = EDGE_CURVE('',#3849,#3912,#3945,.T.);
#3945 = SURFACE_CURVE('',#3946,(#3950,#3957),.PCURVE_S1.);
#3946 = LINE('',#3947,#3948);
#3947 = CARTESIAN_POINT('',(-25.54880663397,-42.95183116279,8.));
#3948 = VECTOR('',#3949,1.);
#3949 = DIRECTION('',(0.,1.224646799147E-16,1.));
#3950 = PCURVE('',#294,#3951);
#3951 = DEFINITIONAL_REPRESENTATION('',(#3952),#3956);
#3952 = LINE('',#3953,#3954);
#3953 = CARTESIAN_POINT('',(-6.36996083603,0.));
#3954 = VECTOR('',#3955,1.);
#3955 = DIRECTION('',(-0.,1.));
#3956 = ( GEOMETRIC_REPRESENTATION_CONTEXT(2) 
PARAMETRIC_REPRESENTATION_CONTEXT() REPRESENTATION_CONTEXT('2D SPACE',''
  ) );
#3957 = PCURVE('',#3958,#3963);
#3958 = PLANE('',#3959);
#3959 = AXIS2_PLACEMENT_3D('',#3960,#3961,#3962);
#3960 = CARTESIAN_POINT('',(-25.76291651246,-43.32268035073,5.765));
#3961 = DIRECTION('',(0.866025403784,-0.5,6.123233995737E-17));
#3962 = DIRECTION('',(0.5,0.866025403784,-1.060575238725E-16));
#3963 = DEFINITIONAL_REPRESENTATION('',(#3964),#3968);
#3964 = LINE('',#3965,#3966);
#3965 = CARTESIAN_POINT('',(0.428219756979,2.235));
#3966 = VECTOR('',#3967,1.);
#3967 = DIRECTION('',(0.,1.));
#3968 = ( GEOMETRIC_REPRESENTATION_CONTEXT(2) 
PARAMETRIC_REPRESENTATION_CONTEXT() REPRESENTATION_CONTEXT('2D SPACE',''
  ) );
#3969 = FACE_BOUND('',#3970,.F.);
#3970 = EDGE_LOOP('',(#3971,#4006,#4034,#4067));
#3971 = ORIENTED_EDGE('',*,*,#3972,.T.);
#3972 = EDGE_CURVE('',#3973,#3975,#3977,.T.);
#3973 = VERTEX_POINT('',#3974);
#3974 = CARTESIAN_POINT('',(-25.54880663397,-42.95183116278,6.035));
#3975 = VERTEX_POINT('',#3976);
#3976 = CARTESIAN_POINT('',(-24.42297360905,-43.60183116279,6.035));
#3977 = SURFACE_CURVE('',#3978,(#3983,#3990),.PCURVE_S1.);
#3978 = CIRCLE('',#3979,7.5);
#3979 = AXIS2_PLACEMENT_3D('',#3980,#3981,#3982);
#3980 = CARTESIAN_POINT('',(-21.25,-36.80607966083,6.035));
#3981 = DIRECTION('',(5.627922965446E-33,1.224646799147E-16,1.));
#3982 = DIRECTION('',(-0.5,-0.866025403784,1.060575238725E-16));
#3983 = PCURVE('',#294,#3984);
#3984 = DEFINITIONAL_REPRESENTATION('',(#3985),#3989);
#3985 = LINE('',#3986,#3987);
#3986 = CARTESIAN_POINT('',(-12.56637061435,-1.965));
#3987 = VECTOR('',#3988,1.);
#3988 = DIRECTION('',(1.,-0.));
#3989 = ( GEOMETRIC_REPRESENTATION_CONTEXT(2) 
PARAMETRIC_REPRESENTATION_CONTEXT() REPRESENTATION_CONTEXT('2D SPACE',''
  ) );
#3990 = PCURVE('',#3991,#3996);
#3991 = PLANE('',#3992);
#3992 = AXIS2_PLACEMENT_3D('',#3993,#3994,#3995);
#3993 = CARTESIAN_POINT('',(-24.1,-41.74242446241,6.035));
#3994 = DIRECTION('',(0.,-1.224646799147E-16,-1.));
#3995 = DIRECTION('',(-0.5,-0.866025403784,1.060575238725E-16));
#3996 = DEFINITIONAL_REPRESENTATION('',(#3997),#4005);
#3997 = ( BOUNDED_CURVE() B_SPLINE_CURVE(2,(#3998,#3999,#4000,#4001,
#4002,#4003,#4004),.UNSPECIFIED.,.T.,.F.) B_SPLINE_CURVE_WITH_KNOTS((1,2
    ,2,2,2,1),(-2.094395102393,0.,2.094395102393,4.188790204786,
6.28318530718,8.377580409573),.UNSPECIFIED.) CURVE() 
GEOMETRIC_REPRESENTATION_ITEM() RATIONAL_B_SPLINE_CURVE((1.,0.5,1.,0.5,
1.,0.5,1.)) REPRESENTATION_ITEM('') );
#3998 = CARTESIAN_POINT('',(1.8,-2.614828922144E-15));
#3999 = CARTESIAN_POINT('',(1.8,-12.99038105676));
#4000 = CARTESIAN_POINT('',(-9.45,-6.495190528383));
#4001 = CARTESIAN_POINT('',(-20.7,-4.953802295703E-15));
#4002 = CARTESIAN_POINT('',(-9.45,6.495190528383));
#4003 = CARTESIAN_POINT('',(1.8,12.990381056767));
#4004 = CARTESIAN_POINT('',(1.8,-2.614828922144E-15));
#4005 = ( GEOMETRIC_REPRESENTATION_CONTEXT(2) 
PARAMETRIC_REPRESENTATION_CONTEXT() REPRESENTATION_CONTEXT('2D SPACE',''
  ) );
#4006 = ORIENTED_EDGE('',*,*,#4007,.T.);
#4007 = EDGE_CURVE('',#3975,#4008,#4010,.T.);
#4008 = VERTEX_POINT('',#4009);
#4009 = CARTESIAN_POINT('',(-24.42297360905,-43.60183116279,6.815));
#4010 = SURFACE_CURVE('',#4011,(#4015,#4022),.PCURVE_S1.);
#4011 = LINE('',#4012,#4013);
#4012 = CARTESIAN_POINT('',(-24.42297360905,-43.60183116279,8.));
#4013 = VECTOR('',#4014,1.);
#4014 = DIRECTION('',(0.,1.224646799147E-16,1.));
#4015 = PCURVE('',#294,#4016);
#4016 = DEFINITIONAL_REPRESENTATION('',(#4017),#4021);
#4017 = LINE('',#4018,#4019);
#4018 = CARTESIAN_POINT('',(-6.196409778329,0.));
#4019 = VECTOR('',#4020,1.);
#4020 = DIRECTION('',(-0.,1.));
#4021 = ( GEOMETRIC_REPRESENTATION_CONTEXT(2) 
PARAMETRIC_REPRESENTATION_CONTEXT() REPRESENTATION_CONTEXT('2D SPACE',''
  ) );
#4022 = PCURVE('',#4023,#4028);
#4023 = PLANE('',#4024);
#4024 = AXIS2_PLACEMENT_3D('',#4025,#4026,#4027);
#4025 = CARTESIAN_POINT('',(-22.43708348754,-40.16216857408,6.815));
#4026 = DIRECTION('',(-0.866025403784,0.5,-6.123233995737E-17));
#4027 = DIRECTION('',(-0.5,-0.866025403784,1.060575238725E-16));
#4028 = DEFINITIONAL_REPRESENTATION('',(#4029),#4033);
#4029 = LINE('',#4030,#4031);
#4030 = CARTESIAN_POINT('',(3.971780243021,1.185));
#4031 = VECTOR('',#4032,1.);
#4032 = DIRECTION('',(0.,1.));
#4033 = ( GEOMETRIC_REPRESENTATION_CONTEXT(2) 
PARAMETRIC_REPRESENTATION_CONTEXT() REPRESENTATION_CONTEXT('2D SPACE',''
  ) );
#4034 = ORIENTED_EDGE('',*,*,#4035,.F.);
#4035 = EDGE_CURVE('',#4036,#4008,#4038,.T.);
#4036 = VERTEX_POINT('',#4037);
#4037 = CARTESIAN_POINT('',(-25.54880663397,-42.95183116278,6.815));
#4038 = SURFACE_CURVE('',#4039,(#4044,#4051),.PCURVE_S1.);
#4039 = CIRCLE('',#4040,7.5);
#4040 = AXIS2_PLACEMENT_3D('',#4041,#4042,#4043);
#4041 = CARTESIAN_POINT('',(-21.25,-36.80607966083,6.815));
#4042 = DIRECTION('',(5.627922965446E-33,1.224646799147E-16,1.));
#4043 = DIRECTION('',(-0.5,-0.866025403784,1.060575238725E-16));
#4044 = PCURVE('',#294,#4045);
#4045 = DEFINITIONAL_REPRESENTATION('',(#4046),#4050);
#4046 = LINE('',#4047,#4048);
#4047 = CARTESIAN_POINT('',(-12.56637061435,-1.185));
#4048 = VECTOR('',#4049,1.);
#4049 = DIRECTION('',(1.,-0.));
#4050 = ( GEOMETRIC_REPRESENTATION_CONTEXT(2) 
PARAMETRIC_REPRESENTATION_CONTEXT() REPRESENTATION_CONTEXT('2D SPACE',''
  ) );
#4051 = PCURVE('',#4052,#4057);
#4052 = PLANE('',#4053);
#4053 = AXIS2_PLACEMENT_3D('',#4054,#4055,#4056);
#4054 = CARTESIAN_POINT('',(-24.1,-41.74242446241,6.815));
#4055 = DIRECTION('',(0.,-1.224646799147E-16,-1.));
#4056 = DIRECTION('',(-0.5,-0.866025403784,1.060575238725E-16));
#4057 = DEFINITIONAL_REPRESENTATION('',(#4058),#4066);
#4058 = ( BOUNDED_CURVE() B_SPLINE_CURVE(2,(#4059,#4060,#4061,#4062,
#4063,#4064,#4065),.UNSPECIFIED.,.T.,.F.) B_SPLINE_CURVE_WITH_KNOTS((1,2
    ,2,2,2,1),(-2.094395102393,0.,2.094395102393,4.188790204786,
6.28318530718,8.377580409573),.UNSPECIFIED.) CURVE() 
GEOMETRIC_REPRESENTATION_ITEM() RATIONAL_B_SPLINE_CURVE((1.,0.5,1.,0.5,
1.,0.5,1.)) REPRESENTATION_ITEM('') );
#4059 = CARTESIAN_POINT('',(1.8,-2.614828922144E-15));
#4060 = CARTESIAN_POINT('',(1.8,-12.99038105676));
#4061 = CARTESIAN_POINT('',(-9.45,-6.495190528383));
#4062 = CARTESIAN_POINT('',(-20.7,-4.953802295703E-15));
#4063 = CARTESIAN_POINT('',(-9.45,6.495190528383));
#4064 = CARTESIAN_POINT('',(1.8,12.990381056767));
#4065 = CARTESIAN_POINT('',(1.8,-2.614828922144E-15));
#4066 = ( GEOMETRIC_REPRESENTATION_CONTEXT(2) 
PARAMETRIC_REPRESENTATION_CONTEXT() REPRESENTATION_CONTEXT('2D SPACE',''
  ) );
#4067 = ORIENTED_EDGE('',*,*,#4068,.F.);
#4068 = EDGE_CURVE('',#3973,#4036,#4069,.T.);
#4069 = SURFACE_CURVE('',#4070,(#4074,#4081),.PCURVE_S1.);
#4070 = LINE('',#4071,#4072);
#4071 = CARTESIAN_POINT('',(-25.54880663397,-42.95183116279,8.));
#4072 = VECTOR('',#4073,1.);
#4073 = DIRECTION('',(0.,1.224646799147E-16,1.));
#4074 = PCURVE('',#294,#4075);
#4075 = DEFINITIONAL_REPRESENTATION('',(#4076),#4080);
#4076 = LINE('',#4077,#4078);
#4077 = CARTESIAN_POINT('',(-6.36996083603,0.));
#4078 = VECTOR('',#4079,1.);
#4079 = DIRECTION('',(-0.,1.));
#4080 = ( GEOMETRIC_REPRESENTATION_CONTEXT(2) 
PARAMETRIC_REPRESENTATION_CONTEXT() REPRESENTATION_CONTEXT('2D SPACE',''
  ) );
#4081 = PCURVE('',#4082,#4087);
#4082 = PLANE('',#4083);
#4083 = AXIS2_PLACEMENT_3D('',#4084,#4085,#4086);
#4084 = CARTESIAN_POINT('',(-25.76291651246,-43.32268035073,6.815));
#4085 = DIRECTION('',(0.866025403784,-0.5,6.123233995737E-17));
#4086 = DIRECTION('',(0.5,0.866025403784,-1.060575238725E-16));
#4087 = DEFINITIONAL_REPRESENTATION('',(#4088),#4092);
#4088 = LINE('',#4089,#4090);
#4089 = CARTESIAN_POINT('',(0.428219756979,1.185));
#4090 = VECTOR('',#4091,1.);
#4091 = DIRECTION('',(0.,1.));
#4092 = ( GEOMETRIC_REPRESENTATION_CONTEXT(2) 
PARAMETRIC_REPRESENTATION_CONTEXT() REPRESENTATION_CONTEXT('2D SPACE',''
  ) );
#4093 = FACE_BOUND('',#4094,.F.);
#4094 = EDGE_LOOP('',(#4095,#4130,#4158,#4191));
#4095 = ORIENTED_EDGE('',*,*,#4096,.T.);
#4096 = EDGE_CURVE('',#4097,#4099,#4101,.T.);
#4097 = VERTEX_POINT('',#4098);
#4098 = CARTESIAN_POINT('',(-25.54880663397,-42.95183116278,7.085));
#4099 = VERTEX_POINT('',#4100);
#4100 = CARTESIAN_POINT('',(-24.42297360905,-43.60183116279,7.085));
#4101 = SURFACE_CURVE('',#4102,(#4107,#4114),.PCURVE_S1.);
#4102 = CIRCLE('',#4103,7.5);
#4103 = AXIS2_PLACEMENT_3D('',#4104,#4105,#4106);
#4104 = CARTESIAN_POINT('',(-21.25,-36.80607966083,7.085));
#4105 = DIRECTION('',(5.627922965446E-33,1.224646799147E-16,1.));
#4106 = DIRECTION('',(-0.5,-0.866025403784,1.060575238725E-16));
#4107 = PCURVE('',#294,#4108);
#4108 = DEFINITIONAL_REPRESENTATION('',(#4109),#4113);
#4109 = LINE('',#4110,#4111);
#4110 = CARTESIAN_POINT('',(-12.56637061435,-0.915));
#4111 = VECTOR('',#4112,1.);
#4112 = DIRECTION('',(1.,-0.));
#4113 = ( GEOMETRIC_REPRESENTATION_CONTEXT(2) 
PARAMETRIC_REPRESENTATION_CONTEXT() REPRESENTATION_CONTEXT('2D SPACE',''
  ) );
#4114 = PCURVE('',#4115,#4120);
#4115 = PLANE('',#4116);
#4116 = AXIS2_PLACEMENT_3D('',#4117,#4118,#4119);
#4117 = CARTESIAN_POINT('',(-24.1,-41.74242446241,7.085));
#4118 = DIRECTION('',(0.,-1.224646799147E-16,-1.));
#4119 = DIRECTION('',(-0.5,-0.866025403784,1.060575238725E-16));
#4120 = DEFINITIONAL_REPRESENTATION('',(#4121),#4129);
#4121 = ( BOUNDED_CURVE() B_SPLINE_CURVE(2,(#4122,#4123,#4124,#4125,
#4126,#4127,#4128),.UNSPECIFIED.,.T.,.F.) B_SPLINE_CURVE_WITH_KNOTS((1,2
    ,2,2,2,1),(-2.094395102393,0.,2.094395102393,4.188790204786,
6.28318530718,8.377580409573),.UNSPECIFIED.) CURVE() 
GEOMETRIC_REPRESENTATION_ITEM() RATIONAL_B_SPLINE_CURVE((1.,0.5,1.,0.5,
1.,0.5,1.)) REPRESENTATION_ITEM('') );
#4122 = CARTESIAN_POINT('',(1.8,-2.614828922144E-15));
#4123 = CARTESIAN_POINT('',(1.8,-12.99038105676));
#4124 = CARTESIAN_POINT('',(-9.45,-6.495190528383));
#4125 = CARTESIAN_POINT('',(-20.7,-4.953802295703E-15));
#4126 = CARTESIAN_POINT('',(-9.45,6.495190528383));
#4127 = CARTESIAN_POINT('',(1.8,12.990381056767));
#4128 = CARTESIAN_POINT('',(1.8,-2.614828922144E-15));
#4129 = ( GEOMETRIC_REPRESENTATION_CONTEXT(2) 
PARAMETRIC_REPRESENTATION_CONTEXT() REPRESENTATION_CONTEXT('2D SPACE',''
  ) );
#4130 = ORIENTED_EDGE('',*,*,#4131,.T.);
#4131 = EDGE_CURVE('',#4099,#4132,#4134,.T.);
#4132 = VERTEX_POINT('',#4133);
#4133 = CARTESIAN_POINT('',(-24.42297360905,-43.60183116279,7.865));
#4134 = SURFACE_CURVE('',#4135,(#4139,#4146),.PCURVE_S1.);
#4135 = LINE('',#4136,#4137);
#4136 = CARTESIAN_POINT('',(-24.42297360905,-43.60183116279,8.));
#4137 = VECTOR('',#4138,1.);
#4138 = DIRECTION('',(0.,1.224646799147E-16,1.));
#4139 = PCURVE('',#294,#4140);
#4140 = DEFINITIONAL_REPRESENTATION('',(#4141),#4145);
#4141 = LINE('',#4142,#4143);
#4142 = CARTESIAN_POINT('',(-6.196409778329,0.));
#4143 = VECTOR('',#4144,1.);
#4144 = DIRECTION('',(-0.,1.));
#4145 = ( GEOMETRIC_REPRESENTATION_CONTEXT(2) 
PARAMETRIC_REPRESENTATION_CONTEXT() REPRESENTATION_CONTEXT('2D SPACE',''
  ) );
#4146 = PCURVE('',#4147,#4152);
#4147 = PLANE('',#4148);
#4148 = AXIS2_PLACEMENT_3D('',#4149,#4150,#4151);
#4149 = CARTESIAN_POINT('',(-22.43708348754,-40.16216857408,7.865));
#4150 = DIRECTION('',(-0.866025403784,0.5,-6.123233995737E-17));
#4151 = DIRECTION('',(-0.5,-0.866025403784,1.060575238725E-16));
#4152 = DEFINITIONAL_REPRESENTATION('',(#4153),#4157);
#4153 = LINE('',#4154,#4155);
#4154 = CARTESIAN_POINT('',(3.971780243021,0.135));
#4155 = VECTOR('',#4156,1.);
#4156 = DIRECTION('',(0.,1.));
#4157 = ( GEOMETRIC_REPRESENTATION_CONTEXT(2) 
PARAMETRIC_REPRESENTATION_CONTEXT() REPRESENTATION_CONTEXT('2D SPACE',''
  ) );
#4158 = ORIENTED_EDGE('',*,*,#4159,.F.);
#4159 = EDGE_CURVE('',#4160,#4132,#4162,.T.);
#4160 = VERTEX_POINT('',#4161);
#4161 = CARTESIAN_POINT('',(-25.54880663397,-42.95183116278,7.865));
#4162 = SURFACE_CURVE('',#4163,(#4168,#4175),.PCURVE_S1.);
#4163 = CIRCLE('',#4164,7.5);
#4164 = AXIS2_PLACEMENT_3D('',#4165,#4166,#4167);
#4165 = CARTESIAN_POINT('',(-21.25,-36.80607966083,7.865));
#4166 = DIRECTION('',(5.627922965446E-33,1.224646799147E-16,1.));
#4167 = DIRECTION('',(-0.5,-0.866025403784,1.060575238725E-16));
#4168 = PCURVE('',#294,#4169);
#4169 = DEFINITIONAL_REPRESENTATION('',(#4170),#4174);
#4170 = LINE('',#4171,#4172);
#4171 = CARTESIAN_POINT('',(-12.56637061435,-0.135));
#4172 = VECTOR('',#4173,1.);
#4173 = DIRECTION('',(1.,-0.));
#4174 = ( GEOMETRIC_REPRESENTATION_CONTEXT(2) 
PARAMETRIC_REPRESENTATION_CONTEXT() REPRESENTATION_CONTEXT('2D SPACE',''
  ) );
#4175 = PCURVE('',#4176,#4181);
#4176 = PLANE('',#4177);
#4177 = AXIS2_PLACEMENT_3D('',#4178,#4179,#4180);
#4178 = CARTESIAN_POINT('',(-24.1,-41.74242446241,7.865));
#4179 = DIRECTION('',(0.,-1.224646799147E-16,-1.));
#4180 = DIRECTION('',(-0.5,-0.866025403784,1.060575238725E-16));
#4181 = DEFINITIONAL_REPRESENTATION('',(#4182),#4190);
#4182 = ( BOUNDED_CURVE() B_SPLINE_CURVE(2,(#4183,#4184,#4185,#4186,
#4187,#4188,#4189),.UNSPECIFIED.,.T.,.F.) B_SPLINE_CURVE_WITH_KNOTS((1,2
    ,2,2,2,1),(-2.094395102393,0.,2.094395102393,4.188790204786,
6.28318530718,8.377580409573),.UNSPECIFIED.) CURVE() 
GEOMETRIC_REPRESENTATION_ITEM() RATIONAL_B_SPLINE_CURVE((1.,0.5,1.,0.5,
1.,0.5,1.)) REPRESENTATION_ITEM('') );
#4183 = CARTESIAN_POINT('',(1.8,-2.614828922144E-15));
#4184 = CARTESIAN_POINT('',(1.8,-12.99038105676));
#4185 = CARTESIAN_POINT('',(-9.45,-6.495190528383));
#4186 = CARTESIAN_POINT('',(-20.7,-4.953802295703E-15));
#4187 = CARTESIAN_POINT('',(-9.45,6.495190528383));
#4188 = CARTESIAN_POINT('',(1.8,12.990381056767));
#4189 = CARTESIAN_POINT('',(1.8,-2.614828922144E-15));
#4190 = ( GEOMETRIC_REPRESENTATION_CONTEXT(2) 
PARAMETRIC_REPRESENTATION_CONTEXT() REPRESENTATION_CONTEXT('2D SPACE',''
  ) );
#4191 = ORIENTED_EDGE('',*,*,#4192,.F.);
#4192 = EDGE_CURVE('',#4097,#4160,#4193,.T.);
#4193 = SURFACE_CURVE('',#4194,(#4198,#4205),.PCURVE_S1.);
#4194 = LINE('',#4195,#4196);
#4195 = CARTESIAN_POINT('',(-25.54880663397,-42.95183116279,8.));
#4196 = VECTOR('',#4197,1.);
#4197 = DIRECTION('',(0.,1.224646799147E-16,1.));
#4198 = PCURVE('',#294,#4199);
#4199 = DEFINITIONAL_REPRESENTATION('',(#4200),#4204);
#4200 = LINE('',#4201,#4202);
#4201 = CARTESIAN_POINT('',(-6.36996083603,0.));
#4202 = VECTOR('',#4203,1.);
#4203 = DIRECTION('',(-0.,1.));
#4204 = ( GEOMETRIC_REPRESENTATION_CONTEXT(2) 
PARAMETRIC_REPRESENTATION_CONTEXT() REPRESENTATION_CONTEXT('2D SPACE',''
  ) );
#4205 = PCURVE('',#4206,#4211);
#4206 = PLANE('',#4207);
#4207 = AXIS2_PLACEMENT_3D('',#4208,#4209,#4210);
#4208 = CARTESIAN_POINT('',(-25.76291651246,-43.32268035073,7.865));
#4209 = DIRECTION('',(0.866025403784,-0.5,6.123233995737E-17));
#4210 = DIRECTION('',(0.5,0.866025403784,-1.060575238725E-16));
#4211 = DEFINITIONAL_REPRESENTATION('',(#4212),#4216);
#4212 = LINE('',#4213,#4214);
#4213 = CARTESIAN_POINT('',(0.428219756979,0.135));
#4214 = VECTOR('',#4215,1.);
#4215 = DIRECTION('',(0.,1.));
#4216 = ( GEOMETRIC_REPRESENTATION_CONTEXT(2) 
PARAMETRIC_REPRESENTATION_CONTEXT() REPRESENTATION_CONTEXT('2D SPACE',''
  ) );
#4217 = ADVANCED_FACE('',(#4218),#355,.T.);
#4218 = FACE_BOUND('',#4219,.F.);
#4219 = EDGE_LOOP('',(#4220,#4243,#4269,#4270));
#4220 = ORIENTED_EDGE('',*,*,#4221,.F.);
#4221 = EDGE_CURVE('',#4222,#307,#4224,.T.);
#4222 = VERTEX_POINT('',#4223);
#4223 = CARTESIAN_POINT('',(-17.36718336012,-11.31317105618,
    1.7763568394E-15));
#4224 = SURFACE_CURVE('',#4225,(#4229,#4236),.PCURVE_S1.);
#4225 = LINE('',#4226,#4227);
#4226 = CARTESIAN_POINT('',(-17.36718336012,-11.31317105618,8.));
#4227 = VECTOR('',#4228,1.);
#4228 = DIRECTION('',(0.,1.224646799147E-16,1.));
#4229 = PCURVE('',#355,#4230);
#4230 = DEFINITIONAL_REPRESENTATION('',(#4231),#4235);
#4231 = LINE('',#4232,#4233);
#4232 = CARTESIAN_POINT('',(-1.414254045752,0.));
#4233 = VECTOR('',#4234,1.);
#4234 = DIRECTION('',(-0.,1.));
#4235 = ( GEOMETRIC_REPRESENTATION_CONTEXT(2) 
PARAMETRIC_REPRESENTATION_CONTEXT() REPRESENTATION_CONTEXT('2D SPACE',''
  ) );
#4236 = PCURVE('',#322,#4237);
#4237 = DEFINITIONAL_REPRESENTATION('',(#4238),#4242);
#4238 = LINE('',#4239,#4240);
#4239 = CARTESIAN_POINT('',(24.092677463803,8.863815032841E-16));
#4240 = VECTOR('',#4241,1.);
#4241 = DIRECTION('',(0.,1.));
#4242 = ( GEOMETRIC_REPRESENTATION_CONTEXT(2) 
PARAMETRIC_REPRESENTATION_CONTEXT() REPRESENTATION_CONTEXT('2D SPACE',''
  ) );
#4243 = ORIENTED_EDGE('',*,*,#4244,.F.);
#4244 = EDGE_CURVE('',#3379,#4222,#4245,.T.);
#4245 = SURFACE_CURVE('',#4246,(#4251,#4258),.PCURVE_S1.);
#4246 = CIRCLE('',#4247,9.5);
#4247 = AXIS2_PLACEMENT_3D('',#4248,#4249,#4250);
#4248 = CARTESIAN_POINT('',(-8.5,-14.72243186433,1.7763568394E-15));
#4249 = DIRECTION('',(-5.485370833721E-33,1.224646799147E-16,1.));
#4250 = DIRECTION('',(0.777484015584,-0.628902699558,7.701836779892E-17)
  );
#4251 = PCURVE('',#355,#4252);
#4252 = DEFINITIONAL_REPRESENTATION('',(#4253),#4257);
#4253 = LINE('',#4254,#4255);
#4254 = CARTESIAN_POINT('',(-4.868931261427,-8.));
#4255 = VECTOR('',#4256,1.);
#4256 = DIRECTION('',(1.,-0.));
#4257 = ( GEOMETRIC_REPRESENTATION_CONTEXT(2) 
PARAMETRIC_REPRESENTATION_CONTEXT() REPRESENTATION_CONTEXT('2D SPACE',''
  ) );
#4258 = PCURVE('',#1187,#4259);
#4259 = DEFINITIONAL_REPRESENTATION('',(#4260),#4268);
#4260 = ( BOUNDED_CURVE() B_SPLINE_CURVE(2,(#4261,#4262,#4263,#4264,
#4265,#4266,#4267),.UNSPECIFIED.,.T.,.F.) B_SPLINE_CURVE_WITH_KNOTS((1,2
    ,2,2,2,1),(-2.094395102393,0.,2.094395102393,4.188790204786,
6.28318530718,8.377580409573),.UNSPECIFIED.) CURVE() 
GEOMETRIC_REPRESENTATION_ITEM() RATIONAL_B_SPLINE_CURVE((1.,0.5,1.,0.5,
1.,0.5,1.)) REPRESENTATION_ITEM('') );
#4261 = CARTESIAN_POINT('',(-18.11390185195,20.697007510139));
#4262 = CARTESIAN_POINT('',(-7.765633279758,7.903910248033));
#4263 = CARTESIAN_POINT('',(-24.01891478792,5.338595410381));
#4264 = CARTESIAN_POINT('',(-40.27219629609,2.773280572728));
#4265 = CARTESIAN_POINT('',(-34.36718336012,18.131692672487));
#4266 = CARTESIAN_POINT('',(-28.46217042415,33.490104772245));
#4267 = CARTESIAN_POINT('',(-18.11390185195,20.697007510139));
#4268 = ( GEOMETRIC_REPRESENTATION_CONTEXT(2) 
PARAMETRIC_REPRESENTATION_CONTEXT() REPRESENTATION_CONTEXT('2D SPACE',''
  ) );
#4269 = ORIENTED_EDGE('',*,*,#3378,.T.);
#4270 = ORIENTED_EDGE('',*,*,#334,.T.);
#4271 = ADVANCED_FACE('',(#4272),#322,.F.);
#4272 = FACE_BOUND('',#4273,.F.);
#4273 = EDGE_LOOP('',(#4274,#4275,#4276,#4297));
#4274 = ORIENTED_EDGE('',*,*,#306,.F.);
#4275 = ORIENTED_EDGE('',*,*,#3453,.T.);
#4276 = ORIENTED_EDGE('',*,*,#4277,.T.);
#4277 = EDGE_CURVE('',#3430,#4222,#4278,.T.);
#4278 = SURFACE_CURVE('',#4279,(#4283,#4290),.PCURVE_S1.);
#4279 = LINE('',#4280,#4281);
#4280 = CARTESIAN_POINT('',(-27.74519052838,-33.05607966083,
    4.440892098501E-15));
#4281 = VECTOR('',#4282,1.);
#4282 = DIRECTION('',(0.430753584107,0.902469583853,-1.105206487193E-16)
  );
#4283 = PCURVE('',#322,#4284);
#4284 = DEFINITIONAL_REPRESENTATION('',(#4285),#4289);
#4285 = LINE('',#4286,#4287);
#4286 = CARTESIAN_POINT('',(8.841651897544E-16,-8.));
#4287 = VECTOR('',#4288,1.);
#4288 = DIRECTION('',(1.,0.));
#4289 = ( GEOMETRIC_REPRESENTATION_CONTEXT(2) 
PARAMETRIC_REPRESENTATION_CONTEXT() REPRESENTATION_CONTEXT('2D SPACE',''
  ) );
#4290 = PCURVE('',#1187,#4291);
#4291 = DEFINITIONAL_REPRESENTATION('',(#4292),#4296);
#4292 = LINE('',#4293,#4294);
#4293 = CARTESIAN_POINT('',(-44.74519052838,33.056079660839));
#4294 = VECTOR('',#4295,1.);
#4295 = DIRECTION('',(0.430753584107,-0.902469583853));
#4296 = ( GEOMETRIC_REPRESENTATION_CONTEXT(2) 
PARAMETRIC_REPRESENTATION_CONTEXT() REPRESENTATION_CONTEXT('2D SPACE',''
  ) );
#4297 = ORIENTED_EDGE('',*,*,#4221,.T.);
#4298 = ADVANCED_FACE('',(#4299),#598,.T.);
#4299 = FACE_BOUND('',#4300,.T.);
#4300 = EDGE_LOOP('',(#4301,#4302,#4325,#4353));
#4301 = ORIENTED_EDGE('',*,*,#580,.T.);
#4302 = ORIENTED_EDGE('',*,*,#4303,.F.);
#4303 = EDGE_CURVE('',#4304,#583,#4306,.T.);
#4304 = VERTEX_POINT('',#4305);
#4305 = CARTESIAN_POINT('',(18.239434466947,7.852789453573,1.45));
#4306 = SURFACE_CURVE('',#4307,(#4311,#4318),.PCURVE_S1.);
#4307 = LINE('',#4308,#4309);
#4308 = CARTESIAN_POINT('',(18.239434466947,7.852789453573,8.05));
#4309 = VECTOR('',#4310,1.);
#4310 = DIRECTION('',(-0.,1.224646799147E-16,1.));
#4311 = PCURVE('',#598,#4312);
#4312 = DEFINITIONAL_REPRESENTATION('',(#4313),#4317);
#4313 = LINE('',#4314,#4315);
#4314 = CARTESIAN_POINT('',(1.243240800566,-1.190485845254E-17));
#4315 = VECTOR('',#4316,1.);
#4316 = DIRECTION('',(0.,1.));
#4317 = ( GEOMETRIC_REPRESENTATION_CONTEXT(2) 
PARAMETRIC_REPRESENTATION_CONTEXT() REPRESENTATION_CONTEXT('2D SPACE',''
  ) );
#4318 = PCURVE('',#631,#4319);
#4319 = DEFINITIONAL_REPRESENTATION('',(#4320),#4324);
#4320 = LINE('',#4321,#4322);
#4321 = CARTESIAN_POINT('',(-4.868931261427,0.));
#4322 = VECTOR('',#4323,1.);
#4323 = DIRECTION('',(-0.,1.));
#4324 = ( GEOMETRIC_REPRESENTATION_CONTEXT(2) 
PARAMETRIC_REPRESENTATION_CONTEXT() REPRESENTATION_CONTEXT('2D SPACE',''
  ) );
#4325 = ORIENTED_EDGE('',*,*,#4326,.T.);
#4326 = EDGE_CURVE('',#4304,#4327,#4329,.T.);
#4327 = VERTEX_POINT('',#4328);
#4328 = CARTESIAN_POINT('',(42.5,5.95,1.45));
#4329 = SURFACE_CURVE('',#4330,(#4334,#4341),.PCURVE_S1.);
#4330 = LINE('',#4331,#4332);
#4331 = CARTESIAN_POINT('',(17.,7.95,1.45));
#4332 = VECTOR('',#4333,1.);
#4333 = DIRECTION('',(0.996938377813,-7.819124531863E-02,
    9.575665830081E-18));
#4334 = PCURVE('',#598,#4335);
#4335 = DEFINITIONAL_REPRESENTATION('',(#4336),#4340);
#4336 = LINE('',#4337,#4338);
#4337 = CARTESIAN_POINT('',(6.248382222954E-18,-6.6));
#4338 = VECTOR('',#4339,1.);
#4339 = DIRECTION('',(1.,0.));
#4340 = ( GEOMETRIC_REPRESENTATION_CONTEXT(2) 
PARAMETRIC_REPRESENTATION_CONTEXT() REPRESENTATION_CONTEXT('2D SPACE',''
  ) );
#4341 = PCURVE('',#4342,#4347);
#4342 = PLANE('',#4343);
#4343 = AXIS2_PLACEMENT_3D('',#4344,#4345,#4346);
#4344 = CARTESIAN_POINT('',(17.,-1.509642540376E-15,1.45));
#4345 = DIRECTION('',(0.,-1.224646799147E-16,-1.));
#4346 = DIRECTION('',(1.,0.,0.));
#4347 = DEFINITIONAL_REPRESENTATION('',(#4348),#4352);
#4348 = LINE('',#4349,#4350);
#4349 = CARTESIAN_POINT('',(0.,-7.95));
#4350 = VECTOR('',#4351,1.);
#4351 = DIRECTION('',(0.996938377813,7.819124531863E-02));
#4352 = ( GEOMETRIC_REPRESENTATION_CONTEXT(2) 
PARAMETRIC_REPRESENTATION_CONTEXT() REPRESENTATION_CONTEXT('2D SPACE',''
  ) );
#4353 = ORIENTED_EDGE('',*,*,#4354,.F.);
#4354 = EDGE_CURVE('',#581,#4327,#4355,.T.);
#4355 = SURFACE_CURVE('',#4356,(#4360,#4367),.PCURVE_S1.);
#4356 = LINE('',#4357,#4358);
#4357 = CARTESIAN_POINT('',(42.5,5.95,8.05));
#4358 = VECTOR('',#4359,1.);
#4359 = DIRECTION('',(0.,-1.224646799147E-16,-1.));
#4360 = PCURVE('',#598,#4361);
#4361 = DEFINITIONAL_REPRESENTATION('',(#4362),#4366);
#4362 = LINE('',#4363,#4364);
#4363 = CARTESIAN_POINT('',(25.578311124857,-2.449293598295E-16));
#4364 = VECTOR('',#4365,1.);
#4365 = DIRECTION('',(0.,-1.));
#4366 = ( GEOMETRIC_REPRESENTATION_CONTEXT(2) 
PARAMETRIC_REPRESENTATION_CONTEXT() REPRESENTATION_CONTEXT('2D SPACE',''
  ) );
#4367 = PCURVE('',#1132,#4368);
#4368 = DEFINITIONAL_REPRESENTATION('',(#4369),#4373);
#4369 = LINE('',#4370,#4371);
#4370 = CARTESIAN_POINT('',(-4.712388980385,0.));
#4371 = VECTOR('',#4372,1.);
#4372 = DIRECTION('',(-0.,-1.));
#4373 = ( GEOMETRIC_REPRESENTATION_CONTEXT(2) 
PARAMETRIC_REPRESENTATION_CONTEXT() REPRESENTATION_CONTEXT('2D SPACE',''
  ) );
#4374 = ADVANCED_FACE('',(#4375,#4424,#4528,#4632,#4736,#4840,#4944),
  #1132,.F.);
#4375 = FACE_BOUND('',#4376,.T.);
#4376 = EDGE_LOOP('',(#4377,#4400,#4401,#4402));
#4377 = ORIENTED_EDGE('',*,*,#4378,.F.);
#4378 = EDGE_CURVE('',#1086,#4379,#4381,.T.);
#4379 = VERTEX_POINT('',#4380);
#4380 = CARTESIAN_POINT('',(42.5,-5.95,1.45));
#4381 = SURFACE_CURVE('',#4382,(#4386,#4393),.PCURVE_S1.);
#4382 = LINE('',#4383,#4384);
#4383 = CARTESIAN_POINT('',(42.5,-5.95,8.05));
#4384 = VECTOR('',#4385,1.);
#4385 = DIRECTION('',(0.,-1.224646799147E-16,-1.));
#4386 = PCURVE('',#1132,#4387);
#4387 = DEFINITIONAL_REPRESENTATION('',(#4388),#4392);
#4388 = LINE('',#4389,#4390);
#4389 = CARTESIAN_POINT('',(-7.853981633974,0.));
#4390 = VECTOR('',#4391,1.);
#4391 = DIRECTION('',(-0.,-1.));
#4392 = ( GEOMETRIC_REPRESENTATION_CONTEXT(2) 
PARAMETRIC_REPRESENTATION_CONTEXT() REPRESENTATION_CONTEXT('2D SPACE',''
  ) );
#4393 = PCURVE('',#1101,#4394);
#4394 = DEFINITIONAL_REPRESENTATION('',(#4395),#4399);
#4395 = LINE('',#4396,#4397);
#4396 = CARTESIAN_POINT('',(0.,0.));
#4397 = VECTOR('',#4398,1.);
#4398 = DIRECTION('',(0.,-1.));
#4399 = ( GEOMETRIC_REPRESENTATION_CONTEXT(2) 
PARAMETRIC_REPRESENTATION_CONTEXT() REPRESENTATION_CONTEXT('2D SPACE',''
  ) );
#4400 = ORIENTED_EDGE('',*,*,#1113,.T.);
#4401 = ORIENTED_EDGE('',*,*,#4354,.T.);
#4402 = ORIENTED_EDGE('',*,*,#4403,.T.);
#4403 = EDGE_CURVE('',#4327,#4379,#4404,.T.);
#4404 = SURFACE_CURVE('',#4405,(#4410,#4417),.PCURVE_S1.);
#4405 = CIRCLE('',#4406,5.95);
#4406 = AXIS2_PLACEMENT_3D('',#4407,#4408,#4409);
#4407 = CARTESIAN_POINT('',(42.5,-8.021436534415E-16,1.45));
#4408 = DIRECTION('',(0.,-1.224646799147E-16,-1.));
#4409 = DIRECTION('',(0.,1.,-1.224646799147E-16));
#4410 = PCURVE('',#1132,#4411);
#4411 = DEFINITIONAL_REPRESENTATION('',(#4412),#4416);
#4412 = LINE('',#4413,#4414);
#4413 = CARTESIAN_POINT('',(-4.712388980385,-6.6));
#4414 = VECTOR('',#4415,1.);
#4415 = DIRECTION('',(-1.,0.));
#4416 = ( GEOMETRIC_REPRESENTATION_CONTEXT(2) 
PARAMETRIC_REPRESENTATION_CONTEXT() REPRESENTATION_CONTEXT('2D SPACE',''
  ) );
#4417 = PCURVE('',#4342,#4418);
#4418 = DEFINITIONAL_REPRESENTATION('',(#4419),#4423);
#4419 = CIRCLE('',#4420,5.95);
#4420 = AXIS2_PLACEMENT_2D('',#4421,#4422);
#4421 = CARTESIAN_POINT('',(25.5,-7.074988869349E-16));
#4422 = DIRECTION('',(0.,-1.));
#4423 = ( GEOMETRIC_REPRESENTATION_CONTEXT(2) 
PARAMETRIC_REPRESENTATION_CONTEXT() REPRESENTATION_CONTEXT('2D SPACE',''
  ) );
#4424 = FACE_BOUND('',#4425,.T.);
#4425 = EDGE_LOOP('',(#4426,#4456,#4479,#4507));
#4426 = ORIENTED_EDGE('',*,*,#4427,.T.);
#4427 = EDGE_CURVE('',#4428,#4430,#4432,.T.);
#4428 = VERTEX_POINT('',#4429);
#4429 = CARTESIAN_POINT('',(48.414389233049,-0.65,1.835));
#4430 = VERTEX_POINT('',#4431);
#4431 = CARTESIAN_POINT('',(48.414389233048,0.65,1.835));
#4432 = SURFACE_CURVE('',#4433,(#4438,#4445),.PCURVE_S1.);
#4433 = CIRCLE('',#4434,5.95);
#4434 = AXIS2_PLACEMENT_3D('',#4435,#4436,#4437);
#4435 = CARTESIAN_POINT('',(42.5,-7.549947516743E-16,1.835));
#4436 = DIRECTION('',(-0.,1.224646799147E-16,1.));
#4437 = DIRECTION('',(1.,0.,0.));
#4438 = PCURVE('',#1132,#4439);
#4439 = DEFINITIONAL_REPRESENTATION('',(#4440),#4444);
#4440 = LINE('',#4441,#4442);
#4441 = CARTESIAN_POINT('',(-12.56637061435,-6.215));
#4442 = VECTOR('',#4443,1.);
#4443 = DIRECTION('',(1.,-0.));
#4444 = ( GEOMETRIC_REPRESENTATION_CONTEXT(2) 
PARAMETRIC_REPRESENTATION_CONTEXT() REPRESENTATION_CONTEXT('2D SPACE',''
  ) );
#4445 = PCURVE('',#1395,#4446);
#4446 = DEFINITIONAL_REPRESENTATION('',(#4447),#4455);
#4447 = ( BOUNDED_CURVE() B_SPLINE_CURVE(2,(#4448,#4449,#4450,#4451,
#4452,#4453,#4454),.UNSPECIFIED.,.T.,.F.) B_SPLINE_CURVE_WITH_KNOTS((1,2
    ,2,2,2,1),(-2.094395102393,0.,2.094395102393,4.188790204786,
6.28318530718,8.377580409573),.UNSPECIFIED.) CURVE() 
GEOMETRIC_REPRESENTATION_ITEM() RATIONAL_B_SPLINE_CURVE((1.,0.5,1.,0.5,
1.,0.5,1.)) REPRESENTATION_ITEM('') );
#4448 = CARTESIAN_POINT('',(0.25,0.));
#4449 = CARTESIAN_POINT('',(0.25,-10.30570230503));
#4450 = CARTESIAN_POINT('',(-8.675,-5.152851152517));
#4451 = CARTESIAN_POINT('',(-17.6,-1.457329690985E-15));
#4452 = CARTESIAN_POINT('',(-8.675,5.152851152517));
#4453 = CARTESIAN_POINT('',(0.25,10.305702305035));
#4454 = CARTESIAN_POINT('',(0.25,0.));
#4455 = ( GEOMETRIC_REPRESENTATION_CONTEXT(2) 
PARAMETRIC_REPRESENTATION_CONTEXT() REPRESENTATION_CONTEXT('2D SPACE',''
  ) );
#4456 = ORIENTED_EDGE('',*,*,#4457,.T.);
#4457 = EDGE_CURVE('',#4430,#4458,#4460,.T.);
#4458 = VERTEX_POINT('',#4459);
#4459 = CARTESIAN_POINT('',(48.414389233048,0.65,2.615));
#4460 = SURFACE_CURVE('',#4461,(#4465,#4472),.PCURVE_S1.);
#4461 = LINE('',#4462,#4463);
#4462 = CARTESIAN_POINT('',(48.414389233048,0.65,8.05));
#4463 = VECTOR('',#4464,1.);
#4464 = DIRECTION('',(-0.,1.224646799147E-16,1.));
#4465 = PCURVE('',#1132,#4466);
#4466 = DEFINITIONAL_REPRESENTATION('',(#4467),#4471);
#4467 = LINE('',#4468,#4469);
#4468 = CARTESIAN_POINT('',(-6.173723145327,0.));
#4469 = VECTOR('',#4470,1.);
#4470 = DIRECTION('',(-0.,1.));
#4471 = ( GEOMETRIC_REPRESENTATION_CONTEXT(2) 
PARAMETRIC_REPRESENTATION_CONTEXT() REPRESENTATION_CONTEXT('2D SPACE',''
  ) );
#4472 = PCURVE('',#1427,#4473);
#4473 = DEFINITIONAL_REPRESENTATION('',(#4474),#4478);
#4474 = LINE('',#4475,#4476);
#4475 = CARTESIAN_POINT('',(2.414389233048,5.435));
#4476 = VECTOR('',#4477,1.);
#4477 = DIRECTION('',(0.,1.));
#4478 = ( GEOMETRIC_REPRESENTATION_CONTEXT(2) 
PARAMETRIC_REPRESENTATION_CONTEXT() REPRESENTATION_CONTEXT('2D SPACE',''
  ) );
#4479 = ORIENTED_EDGE('',*,*,#4480,.F.);
#4480 = EDGE_CURVE('',#4481,#4458,#4483,.T.);
#4481 = VERTEX_POINT('',#4482);
#4482 = CARTESIAN_POINT('',(48.414389233049,-0.65,2.615));
#4483 = SURFACE_CURVE('',#4484,(#4489,#4496),.PCURVE_S1.);
#4484 = CIRCLE('',#4485,5.95);
#4485 = AXIS2_PLACEMENT_3D('',#4486,#4487,#4488);
#4486 = CARTESIAN_POINT('',(42.5,-6.594723013408E-16,2.615));
#4487 = DIRECTION('',(-0.,1.224646799147E-16,1.));
#4488 = DIRECTION('',(1.,0.,0.));
#4489 = PCURVE('',#1132,#4490);
#4490 = DEFINITIONAL_REPRESENTATION('',(#4491),#4495);
#4491 = LINE('',#4492,#4493);
#4492 = CARTESIAN_POINT('',(-12.56637061435,-5.435));
#4493 = VECTOR('',#4494,1.);
#4494 = DIRECTION('',(1.,-0.));
#4495 = ( GEOMETRIC_REPRESENTATION_CONTEXT(2) 
PARAMETRIC_REPRESENTATION_CONTEXT() REPRESENTATION_CONTEXT('2D SPACE',''
  ) );
#4496 = PCURVE('',#1456,#4497);
#4497 = DEFINITIONAL_REPRESENTATION('',(#4498),#4506);
#4498 = ( BOUNDED_CURVE() B_SPLINE_CURVE(2,(#4499,#4500,#4501,#4502,
#4503,#4504,#4505),.UNSPECIFIED.,.T.,.F.) B_SPLINE_CURVE_WITH_KNOTS((1,2
    ,2,2,2,1),(-2.094395102393,0.,2.094395102393,4.188790204786,
6.28318530718,8.377580409573),.UNSPECIFIED.) CURVE() 
GEOMETRIC_REPRESENTATION_ITEM() RATIONAL_B_SPLINE_CURVE((1.,0.5,1.,0.5,
1.,0.5,1.)) REPRESENTATION_ITEM('') );
#4499 = CARTESIAN_POINT('',(0.25,0.));
#4500 = CARTESIAN_POINT('',(0.25,-10.30570230503));
#4501 = CARTESIAN_POINT('',(-8.675,-5.152851152517));
#4502 = CARTESIAN_POINT('',(-17.6,-1.457329690985E-15));
#4503 = CARTESIAN_POINT('',(-8.675,5.152851152517));
#4504 = CARTESIAN_POINT('',(0.25,10.305702305035));
#4505 = CARTESIAN_POINT('',(0.25,0.));
#4506 = ( GEOMETRIC_REPRESENTATION_CONTEXT(2) 
PARAMETRIC_REPRESENTATION_CONTEXT() REPRESENTATION_CONTEXT('2D SPACE',''
  ) );
#4507 = ORIENTED_EDGE('',*,*,#4508,.F.);
#4508 = EDGE_CURVE('',#4428,#4481,#4509,.T.);
#4509 = SURFACE_CURVE('',#4510,(#4514,#4521),.PCURVE_S1.);
#4510 = LINE('',#4511,#4512);
#4511 = CARTESIAN_POINT('',(48.414389233048,-0.65,8.05));
#4512 = VECTOR('',#4513,1.);
#4513 = DIRECTION('',(-0.,1.224646799147E-16,1.));
#4514 = PCURVE('',#1132,#4515);
#4515 = DEFINITIONAL_REPRESENTATION('',(#4516),#4520);
#4516 = LINE('',#4517,#4518);
#4517 = CARTESIAN_POINT('',(-6.392647469032,0.));
#4518 = VECTOR('',#4519,1.);
#4519 = DIRECTION('',(-0.,1.));
#4520 = ( GEOMETRIC_REPRESENTATION_CONTEXT(2) 
PARAMETRIC_REPRESENTATION_CONTEXT() REPRESENTATION_CONTEXT('2D SPACE',''
  ) );
#4521 = PCURVE('',#1486,#4522);
#4522 = DEFINITIONAL_REPRESENTATION('',(#4523),#4527);
#4523 = LINE('',#4524,#4525);
#4524 = CARTESIAN_POINT('',(1.985610766952,5.435));
#4525 = VECTOR('',#4526,1.);
#4526 = DIRECTION('',(0.,1.));
#4527 = ( GEOMETRIC_REPRESENTATION_CONTEXT(2) 
PARAMETRIC_REPRESENTATION_CONTEXT() REPRESENTATION_CONTEXT('2D SPACE',''
  ) );
#4528 = FACE_BOUND('',#4529,.T.);
#4529 = EDGE_LOOP('',(#4530,#4560,#4583,#4611));
#4530 = ORIENTED_EDGE('',*,*,#4531,.T.);
#4531 = EDGE_CURVE('',#4532,#4534,#4536,.T.);
#4532 = VERTEX_POINT('',#4533);
#4533 = CARTESIAN_POINT('',(48.414389233049,-0.65,2.885));
#4534 = VERTEX_POINT('',#4535);
#4535 = CARTESIAN_POINT('',(48.414389233048,0.65,2.885));
#4536 = SURFACE_CURVE('',#4537,(#4542,#4549),.PCURVE_S1.);
#4537 = CIRCLE('',#4538,5.95);
#4538 = AXIS2_PLACEMENT_3D('',#4539,#4540,#4541);
#4539 = CARTESIAN_POINT('',(42.5,-6.264068377639E-16,2.885));
#4540 = DIRECTION('',(-0.,1.224646799147E-16,1.));
#4541 = DIRECTION('',(1.,0.,0.));
#4542 = PCURVE('',#1132,#4543);
#4543 = DEFINITIONAL_REPRESENTATION('',(#4544),#4548);
#4544 = LINE('',#4545,#4546);
#4545 = CARTESIAN_POINT('',(-12.56637061435,-5.165));
#4546 = VECTOR('',#4547,1.);
#4547 = DIRECTION('',(1.,-0.));
#4548 = ( GEOMETRIC_REPRESENTATION_CONTEXT(2) 
PARAMETRIC_REPRESENTATION_CONTEXT() REPRESENTATION_CONTEXT('2D SPACE',''
  ) );
#4549 = PCURVE('',#1519,#4550);
#4550 = DEFINITIONAL_REPRESENTATION('',(#4551),#4559);
#4551 = ( BOUNDED_CURVE() B_SPLINE_CURVE(2,(#4552,#4553,#4554,#4555,
#4556,#4557,#4558),.UNSPECIFIED.,.T.,.F.) B_SPLINE_CURVE_WITH_KNOTS((1,2
    ,2,2,2,1),(-2.094395102393,0.,2.094395102393,4.188790204786,
6.28318530718,8.377580409573),.UNSPECIFIED.) CURVE() 
GEOMETRIC_REPRESENTATION_ITEM() RATIONAL_B_SPLINE_CURVE((1.,0.5,1.,0.5,
1.,0.5,1.)) REPRESENTATION_ITEM('') );
#4552 = CARTESIAN_POINT('',(0.25,0.));
#4553 = CARTESIAN_POINT('',(0.25,-10.30570230503));
#4554 = CARTESIAN_POINT('',(-8.675,-5.152851152517));
#4555 = CARTESIAN_POINT('',(-17.6,-1.457329690985E-15));
#4556 = CARTESIAN_POINT('',(-8.675,5.152851152517));
#4557 = CARTESIAN_POINT('',(0.25,10.305702305035));
#4558 = CARTESIAN_POINT('',(0.25,0.));
#4559 = ( GEOMETRIC_REPRESENTATION_CONTEXT(2) 
PARAMETRIC_REPRESENTATION_CONTEXT() REPRESENTATION_CONTEXT('2D SPACE',''
  ) );
#4560 = ORIENTED_EDGE('',*,*,#4561,.T.);
#4561 = EDGE_CURVE('',#4534,#4562,#4564,.T.);
#4562 = VERTEX_POINT('',#4563);
#4563 = CARTESIAN_POINT('',(48.414389233048,0.65,3.665));
#4564 = SURFACE_CURVE('',#4565,(#4569,#4576),.PCURVE_S1.);
#4565 = LINE('',#4566,#4567);
#4566 = CARTESIAN_POINT('',(48.414389233048,0.65,8.05));
#4567 = VECTOR('',#4568,1.);
#4568 = DIRECTION('',(-0.,1.224646799147E-16,1.));
#4569 = PCURVE('',#1132,#4570);
#4570 = DEFINITIONAL_REPRESENTATION('',(#4571),#4575);
#4571 = LINE('',#4572,#4573);
#4572 = CARTESIAN_POINT('',(-6.173723145327,0.));
#4573 = VECTOR('',#4574,1.);
#4574 = DIRECTION('',(-0.,1.));
#4575 = ( GEOMETRIC_REPRESENTATION_CONTEXT(2) 
PARAMETRIC_REPRESENTATION_CONTEXT() REPRESENTATION_CONTEXT('2D SPACE',''
  ) );
#4576 = PCURVE('',#1551,#4577);
#4577 = DEFINITIONAL_REPRESENTATION('',(#4578),#4582);
#4578 = LINE('',#4579,#4580);
#4579 = CARTESIAN_POINT('',(2.414389233048,4.385));
#4580 = VECTOR('',#4581,1.);
#4581 = DIRECTION('',(0.,1.));
#4582 = ( GEOMETRIC_REPRESENTATION_CONTEXT(2) 
PARAMETRIC_REPRESENTATION_CONTEXT() REPRESENTATION_CONTEXT('2D SPACE',''
  ) );
#4583 = ORIENTED_EDGE('',*,*,#4584,.F.);
#4584 = EDGE_CURVE('',#4585,#4562,#4587,.T.);
#4585 = VERTEX_POINT('',#4586);
#4586 = CARTESIAN_POINT('',(48.414389233049,-0.65,3.665));
#4587 = SURFACE_CURVE('',#4588,(#4593,#4600),.PCURVE_S1.);
#4588 = CIRCLE('',#4589,5.95);
#4589 = AXIS2_PLACEMENT_3D('',#4590,#4591,#4592);
#4590 = CARTESIAN_POINT('',(42.5,-5.308843874304E-16,3.665));
#4591 = DIRECTION('',(-0.,1.224646799147E-16,1.));
#4592 = DIRECTION('',(1.,0.,0.));
#4593 = PCURVE('',#1132,#4594);
#4594 = DEFINITIONAL_REPRESENTATION('',(#4595),#4599);
#4595 = LINE('',#4596,#4597);
#4596 = CARTESIAN_POINT('',(-12.56637061435,-4.385));
#4597 = VECTOR('',#4598,1.);
#4598 = DIRECTION('',(1.,-0.));
#4599 = ( GEOMETRIC_REPRESENTATION_CONTEXT(2) 
PARAMETRIC_REPRESENTATION_CONTEXT() REPRESENTATION_CONTEXT('2D SPACE',''
  ) );
#4600 = PCURVE('',#1580,#4601);
#4601 = DEFINITIONAL_REPRESENTATION('',(#4602),#4610);
#4602 = ( BOUNDED_CURVE() B_SPLINE_CURVE(2,(#4603,#4604,#4605,#4606,
#4607,#4608,#4609),.UNSPECIFIED.,.T.,.F.) B_SPLINE_CURVE_WITH_KNOTS((1,2
    ,2,2,2,1),(-2.094395102393,0.,2.094395102393,4.188790204786,
6.28318530718,8.377580409573),.UNSPECIFIED.) CURVE() 
GEOMETRIC_REPRESENTATION_ITEM() RATIONAL_B_SPLINE_CURVE((1.,0.5,1.,0.5,
1.,0.5,1.)) REPRESENTATION_ITEM('') );
#4603 = CARTESIAN_POINT('',(0.25,0.));
#4604 = CARTESIAN_POINT('',(0.25,-10.30570230503));
#4605 = CARTESIAN_POINT('',(-8.675,-5.152851152517));
#4606 = CARTESIAN_POINT('',(-17.6,-1.457329690985E-15));
#4607 = CARTESIAN_POINT('',(-8.675,5.152851152517));
#4608 = CARTESIAN_POINT('',(0.25,10.305702305035));
#4609 = CARTESIAN_POINT('',(0.25,0.));
#4610 = ( GEOMETRIC_REPRESENTATION_CONTEXT(2) 
PARAMETRIC_REPRESENTATION_CONTEXT() REPRESENTATION_CONTEXT('2D SPACE',''
  ) );
#4611 = ORIENTED_EDGE('',*,*,#4612,.F.);
#4612 = EDGE_CURVE('',#4532,#4585,#4613,.T.);
#4613 = SURFACE_CURVE('',#4614,(#4618,#4625),.PCURVE_S1.);
#4614 = LINE('',#4615,#4616);
#4615 = CARTESIAN_POINT('',(48.414389233048,-0.65,8.05));
#4616 = VECTOR('',#4617,1.);
#4617 = DIRECTION('',(-0.,1.224646799147E-16,1.));
#4618 = PCURVE('',#1132,#4619);
#4619 = DEFINITIONAL_REPRESENTATION('',(#4620),#4624);
#4620 = LINE('',#4621,#4622);
#4621 = CARTESIAN_POINT('',(-6.392647469032,0.));
#4622 = VECTOR('',#4623,1.);
#4623 = DIRECTION('',(-0.,1.));
#4624 = ( GEOMETRIC_REPRESENTATION_CONTEXT(2) 
PARAMETRIC_REPRESENTATION_CONTEXT() REPRESENTATION_CONTEXT('2D SPACE',''
  ) );
#4625 = PCURVE('',#1610,#4626);
#4626 = DEFINITIONAL_REPRESENTATION('',(#4627),#4631);
#4627 = LINE('',#4628,#4629);
#4628 = CARTESIAN_POINT('',(1.985610766952,4.385));
#4629 = VECTOR('',#4630,1.);
#4630 = DIRECTION('',(0.,1.));
#4631 = ( GEOMETRIC_REPRESENTATION_CONTEXT(2) 
PARAMETRIC_REPRESENTATION_CONTEXT() REPRESENTATION_CONTEXT('2D SPACE',''
  ) );
#4632 = FACE_BOUND('',#4633,.T.);
#4633 = EDGE_LOOP('',(#4634,#4664,#4687,#4715));
#4634 = ORIENTED_EDGE('',*,*,#4635,.T.);
#4635 = EDGE_CURVE('',#4636,#4638,#4640,.T.);
#4636 = VERTEX_POINT('',#4637);
#4637 = CARTESIAN_POINT('',(48.414389233049,-0.65,3.935));
#4638 = VERTEX_POINT('',#4639);
#4639 = CARTESIAN_POINT('',(48.414389233048,0.65,3.935));
#4640 = SURFACE_CURVE('',#4641,(#4646,#4653),.PCURVE_S1.);
#4641 = CIRCLE('',#4642,5.95);
#4642 = AXIS2_PLACEMENT_3D('',#4643,#4644,#4645);
#4643 = CARTESIAN_POINT('',(42.5,-4.978189238534E-16,3.935));
#4644 = DIRECTION('',(-0.,1.224646799147E-16,1.));
#4645 = DIRECTION('',(1.,0.,0.));
#4646 = PCURVE('',#1132,#4647);
#4647 = DEFINITIONAL_REPRESENTATION('',(#4648),#4652);
#4648 = LINE('',#4649,#4650);
#4649 = CARTESIAN_POINT('',(-12.56637061435,-4.115));
#4650 = VECTOR('',#4651,1.);
#4651 = DIRECTION('',(1.,-0.));
#4652 = ( GEOMETRIC_REPRESENTATION_CONTEXT(2) 
PARAMETRIC_REPRESENTATION_CONTEXT() REPRESENTATION_CONTEXT('2D SPACE',''
  ) );
#4653 = PCURVE('',#1643,#4654);
#4654 = DEFINITIONAL_REPRESENTATION('',(#4655),#4663);
#4655 = ( BOUNDED_CURVE() B_SPLINE_CURVE(2,(#4656,#4657,#4658,#4659,
#4660,#4661,#4662),.UNSPECIFIED.,.T.,.F.) B_SPLINE_CURVE_WITH_KNOTS((1,2
    ,2,2,2,1),(-2.094395102393,0.,2.094395102393,4.188790204786,
6.28318530718,8.377580409573),.UNSPECIFIED.) CURVE() 
GEOMETRIC_REPRESENTATION_ITEM() RATIONAL_B_SPLINE_CURVE((1.,0.5,1.,0.5,
1.,0.5,1.)) REPRESENTATION_ITEM('') );
#4656 = CARTESIAN_POINT('',(0.25,0.));
#4657 = CARTESIAN_POINT('',(0.25,-10.30570230503));
#4658 = CARTESIAN_POINT('',(-8.675,-5.152851152517));
#4659 = CARTESIAN_POINT('',(-17.6,-1.457329690985E-15));
#4660 = CARTESIAN_POINT('',(-8.675,5.152851152517));
#4661 = CARTESIAN_POINT('',(0.25,10.305702305035));
#4662 = CARTESIAN_POINT('',(0.25,0.));
#4663 = ( GEOMETRIC_REPRESENTATION_CONTEXT(2) 
PARAMETRIC_REPRESENTATION_CONTEXT() REPRESENTATION_CONTEXT('2D SPACE',''
  ) );
#4664 = ORIENTED_EDGE('',*,*,#4665,.T.);
#4665 = EDGE_CURVE('',#4638,#4666,#4668,.T.);
#4666 = VERTEX_POINT('',#4667);
#4667 = CARTESIAN_POINT('',(48.414389233048,0.65,4.715));
#4668 = SURFACE_CURVE('',#4669,(#4673,#4680),.PCURVE_S1.);
#4669 = LINE('',#4670,#4671);
#4670 = CARTESIAN_POINT('',(48.414389233048,0.65,8.05));
#4671 = VECTOR('',#4672,1.);
#4672 = DIRECTION('',(-0.,1.224646799147E-16,1.));
#4673 = PCURVE('',#1132,#4674);
#4674 = DEFINITIONAL_REPRESENTATION('',(#4675),#4679);
#4675 = LINE('',#4676,#4677);
#4676 = CARTESIAN_POINT('',(-6.173723145327,0.));
#4677 = VECTOR('',#4678,1.);
#4678 = DIRECTION('',(-0.,1.));
#4679 = ( GEOMETRIC_REPRESENTATION_CONTEXT(2) 
PARAMETRIC_REPRESENTATION_CONTEXT() REPRESENTATION_CONTEXT('2D SPACE',''
  ) );
#4680 = PCURVE('',#1675,#4681);
#4681 = DEFINITIONAL_REPRESENTATION('',(#4682),#4686);
#4682 = LINE('',#4683,#4684);
#4683 = CARTESIAN_POINT('',(2.414389233048,3.335));
#4684 = VECTOR('',#4685,1.);
#4685 = DIRECTION('',(0.,1.));
#4686 = ( GEOMETRIC_REPRESENTATION_CONTEXT(2) 
PARAMETRIC_REPRESENTATION_CONTEXT() REPRESENTATION_CONTEXT('2D SPACE',''
  ) );
#4687 = ORIENTED_EDGE('',*,*,#4688,.F.);
#4688 = EDGE_CURVE('',#4689,#4666,#4691,.T.);
#4689 = VERTEX_POINT('',#4690);
#4690 = CARTESIAN_POINT('',(48.414389233049,-0.65,4.715));
#4691 = SURFACE_CURVE('',#4692,(#4697,#4704),.PCURVE_S1.);
#4692 = CIRCLE('',#4693,5.95);
#4693 = AXIS2_PLACEMENT_3D('',#4694,#4695,#4696);
#4694 = CARTESIAN_POINT('',(42.5,-4.022964735199E-16,4.715));
#4695 = DIRECTION('',(-0.,1.224646799147E-16,1.));
#4696 = DIRECTION('',(1.,0.,0.));
#4697 = PCURVE('',#1132,#4698);
#4698 = DEFINITIONAL_REPRESENTATION('',(#4699),#4703);
#4699 = LINE('',#4700,#4701);
#4700 = CARTESIAN_POINT('',(-12.56637061435,-3.335));
#4701 = VECTOR('',#4702,1.);
#4702 = DIRECTION('',(1.,-0.));
#4703 = ( GEOMETRIC_REPRESENTATION_CONTEXT(2) 
PARAMETRIC_REPRESENTATION_CONTEXT() REPRESENTATION_CONTEXT('2D SPACE',''
  ) );
#4704 = PCURVE('',#1704,#4705);
#4705 = DEFINITIONAL_REPRESENTATION('',(#4706),#4714);
#4706 = ( BOUNDED_CURVE() B_SPLINE_CURVE(2,(#4707,#4708,#4709,#4710,
#4711,#4712,#4713),.UNSPECIFIED.,.T.,.F.) B_SPLINE_CURVE_WITH_KNOTS((1,2
    ,2,2,2,1),(-2.094395102393,0.,2.094395102393,4.188790204786,
6.28318530718,8.377580409573),.UNSPECIFIED.) CURVE() 
GEOMETRIC_REPRESENTATION_ITEM() RATIONAL_B_SPLINE_CURVE((1.,0.5,1.,0.5,
1.,0.5,1.)) REPRESENTATION_ITEM('') );
#4707 = CARTESIAN_POINT('',(0.25,0.));
#4708 = CARTESIAN_POINT('',(0.25,-10.30570230503));
#4709 = CARTESIAN_POINT('',(-8.675,-5.152851152517));
#4710 = CARTESIAN_POINT('',(-17.6,-1.457329690985E-15));
#4711 = CARTESIAN_POINT('',(-8.675,5.152851152517));
#4712 = CARTESIAN_POINT('',(0.25,10.305702305035));
#4713 = CARTESIAN_POINT('',(0.25,0.));
#4714 = ( GEOMETRIC_REPRESENTATION_CONTEXT(2) 
PARAMETRIC_REPRESENTATION_CONTEXT() REPRESENTATION_CONTEXT('2D SPACE',''
  ) );
#4715 = ORIENTED_EDGE('',*,*,#4716,.F.);
#4716 = EDGE_CURVE('',#4636,#4689,#4717,.T.);
#4717 = SURFACE_CURVE('',#4718,(#4722,#4729),.PCURVE_S1.);
#4718 = LINE('',#4719,#4720);
#4719 = CARTESIAN_POINT('',(48.414389233048,-0.65,8.05));
#4720 = VECTOR('',#4721,1.);
#4721 = DIRECTION('',(-0.,1.224646799147E-16,1.));
#4722 = PCURVE('',#1132,#4723);
#4723 = DEFINITIONAL_REPRESENTATION('',(#4724),#4728);
#4724 = LINE('',#4725,#4726);
#4725 = CARTESIAN_POINT('',(-6.392647469032,0.));
#4726 = VECTOR('',#4727,1.);
#4727 = DIRECTION('',(-0.,1.));
#4728 = ( GEOMETRIC_REPRESENTATION_CONTEXT(2) 
PARAMETRIC_REPRESENTATION_CONTEXT() REPRESENTATION_CONTEXT('2D SPACE',''
  ) );
#4729 = PCURVE('',#1734,#4730);
#4730 = DEFINITIONAL_REPRESENTATION('',(#4731),#4735);
#4731 = LINE('',#4732,#4733);
#4732 = CARTESIAN_POINT('',(1.985610766952,3.335));
#4733 = VECTOR('',#4734,1.);
#4734 = DIRECTION('',(0.,1.));
#4735 = ( GEOMETRIC_REPRESENTATION_CONTEXT(2) 
PARAMETRIC_REPRESENTATION_CONTEXT() REPRESENTATION_CONTEXT('2D SPACE',''
  ) );
#4736 = FACE_BOUND('',#4737,.T.);
#4737 = EDGE_LOOP('',(#4738,#4768,#4791,#4819));
#4738 = ORIENTED_EDGE('',*,*,#4739,.T.);
#4739 = EDGE_CURVE('',#4740,#4742,#4744,.T.);
#4740 = VERTEX_POINT('',#4741);
#4741 = CARTESIAN_POINT('',(48.414389233049,-0.65,4.985));
#4742 = VERTEX_POINT('',#4743);
#4743 = CARTESIAN_POINT('',(48.414389233048,0.65,4.985));
#4744 = SURFACE_CURVE('',#4745,(#4750,#4757),.PCURVE_S1.);
#4745 = CIRCLE('',#4746,5.95);
#4746 = AXIS2_PLACEMENT_3D('',#4747,#4748,#4749);
#4747 = CARTESIAN_POINT('',(42.5,-3.692310099429E-16,4.985));
#4748 = DIRECTION('',(-0.,1.224646799147E-16,1.));
#4749 = DIRECTION('',(1.,0.,0.));
#4750 = PCURVE('',#1132,#4751);
#4751 = DEFINITIONAL_REPRESENTATION('',(#4752),#4756);
#4752 = LINE('',#4753,#4754);
#4753 = CARTESIAN_POINT('',(-12.56637061435,-3.065));
#4754 = VECTOR('',#4755,1.);
#4755 = DIRECTION('',(1.,-0.));
#4756 = ( GEOMETRIC_REPRESENTATION_CONTEXT(2) 
PARAMETRIC_REPRESENTATION_CONTEXT() REPRESENTATION_CONTEXT('2D SPACE',''
  ) );
#4757 = PCURVE('',#1767,#4758);
#4758 = DEFINITIONAL_REPRESENTATION('',(#4759),#4767);
#4759 = ( BOUNDED_CURVE() B_SPLINE_CURVE(2,(#4760,#4761,#4762,#4763,
#4764,#4765,#4766),.UNSPECIFIED.,.T.,.F.) B_SPLINE_CURVE_WITH_KNOTS((1,2
    ,2,2,2,1),(-2.094395102393,0.,2.094395102393,4.188790204786,
6.28318530718,8.377580409573),.UNSPECIFIED.) CURVE() 
GEOMETRIC_REPRESENTATION_ITEM() RATIONAL_B_SPLINE_CURVE((1.,0.5,1.,0.5,
1.,0.5,1.)) REPRESENTATION_ITEM('') );
#4760 = CARTESIAN_POINT('',(0.25,0.));
#4761 = CARTESIAN_POINT('',(0.25,-10.30570230503));
#4762 = CARTESIAN_POINT('',(-8.675,-5.152851152517));
#4763 = CARTESIAN_POINT('',(-17.6,-1.457329690985E-15));
#4764 = CARTESIAN_POINT('',(-8.675,5.152851152517));
#4765 = CARTESIAN_POINT('',(0.25,10.305702305035));
#4766 = CARTESIAN_POINT('',(0.25,0.));
#4767 = ( GEOMETRIC_REPRESENTATION_CONTEXT(2) 
PARAMETRIC_REPRESENTATION_CONTEXT() REPRESENTATION_CONTEXT('2D SPACE',''
  ) );
#4768 = ORIENTED_EDGE('',*,*,#4769,.T.);
#4769 = EDGE_CURVE('',#4742,#4770,#4772,.T.);
#4770 = VERTEX_POINT('',#4771);
#4771 = CARTESIAN_POINT('',(48.414389233048,0.65,5.765));
#4772 = SURFACE_CURVE('',#4773,(#4777,#4784),.PCURVE_S1.);
#4773 = LINE('',#4774,#4775);
#4774 = CARTESIAN_POINT('',(48.414389233048,0.65,8.05));
#4775 = VECTOR('',#4776,1.);
#4776 = DIRECTION('',(-0.,1.224646799147E-16,1.));
#4777 = PCURVE('',#1132,#4778);
#4778 = DEFINITIONAL_REPRESENTATION('',(#4779),#4783);
#4779 = LINE('',#4780,#4781);
#4780 = CARTESIAN_POINT('',(-6.173723145327,0.));
#4781 = VECTOR('',#4782,1.);
#4782 = DIRECTION('',(-0.,1.));
#4783 = ( GEOMETRIC_REPRESENTATION_CONTEXT(2) 
PARAMETRIC_REPRESENTATION_CONTEXT() REPRESENTATION_CONTEXT('2D SPACE',''
  ) );
#4784 = PCURVE('',#1799,#4785);
#4785 = DEFINITIONAL_REPRESENTATION('',(#4786),#4790);
#4786 = LINE('',#4787,#4788);
#4787 = CARTESIAN_POINT('',(2.414389233048,2.285));
#4788 = VECTOR('',#4789,1.);
#4789 = DIRECTION('',(0.,1.));
#4790 = ( GEOMETRIC_REPRESENTATION_CONTEXT(2) 
PARAMETRIC_REPRESENTATION_CONTEXT() REPRESENTATION_CONTEXT('2D SPACE',''
  ) );
#4791 = ORIENTED_EDGE('',*,*,#4792,.F.);
#4792 = EDGE_CURVE('',#4793,#4770,#4795,.T.);
#4793 = VERTEX_POINT('',#4794);
#4794 = CARTESIAN_POINT('',(48.414389233049,-0.65,5.765));
#4795 = SURFACE_CURVE('',#4796,(#4801,#4808),.PCURVE_S1.);
#4796 = CIRCLE('',#4797,5.95);
#4797 = AXIS2_PLACEMENT_3D('',#4798,#4799,#4800);
#4798 = CARTESIAN_POINT('',(42.5,-2.737085596094E-16,5.765));
#4799 = DIRECTION('',(-0.,1.224646799147E-16,1.));
#4800 = DIRECTION('',(1.,0.,0.));
#4801 = PCURVE('',#1132,#4802);
#4802 = DEFINITIONAL_REPRESENTATION('',(#4803),#4807);
#4803 = LINE('',#4804,#4805);
#4804 = CARTESIAN_POINT('',(-12.56637061435,-2.285));
#4805 = VECTOR('',#4806,1.);
#4806 = DIRECTION('',(1.,-0.));
#4807 = ( GEOMETRIC_REPRESENTATION_CONTEXT(2) 
PARAMETRIC_REPRESENTATION_CONTEXT() REPRESENTATION_CONTEXT('2D SPACE',''
  ) );
#4808 = PCURVE('',#1828,#4809);
#4809 = DEFINITIONAL_REPRESENTATION('',(#4810),#4818);
#4810 = ( BOUNDED_CURVE() B_SPLINE_CURVE(2,(#4811,#4812,#4813,#4814,
#4815,#4816,#4817),.UNSPECIFIED.,.T.,.F.) B_SPLINE_CURVE_WITH_KNOTS((1,2
    ,2,2,2,1),(-2.094395102393,0.,2.094395102393,4.188790204786,
6.28318530718,8.377580409573),.UNSPECIFIED.) CURVE() 
GEOMETRIC_REPRESENTATION_ITEM() RATIONAL_B_SPLINE_CURVE((1.,0.5,1.,0.5,
1.,0.5,1.)) REPRESENTATION_ITEM('') );
#4811 = CARTESIAN_POINT('',(0.25,0.));
#4812 = CARTESIAN_POINT('',(0.25,-10.30570230503));
#4813 = CARTESIAN_POINT('',(-8.675,-5.152851152517));
#4814 = CARTESIAN_POINT('',(-17.6,-1.457329690985E-15));
#4815 = CARTESIAN_POINT('',(-8.675,5.152851152517));
#4816 = CARTESIAN_POINT('',(0.25,10.305702305035));
#4817 = CARTESIAN_POINT('',(0.25,0.));
#4818 = ( GEOMETRIC_REPRESENTATION_CONTEXT(2) 
PARAMETRIC_REPRESENTATION_CONTEXT() REPRESENTATION_CONTEXT('2D SPACE',''
  ) );
#4819 = ORIENTED_EDGE('',*,*,#4820,.F.);
#4820 = EDGE_CURVE('',#4740,#4793,#4821,.T.);
#4821 = SURFACE_CURVE('',#4822,(#4826,#4833),.PCURVE_S1.);
#4822 = LINE('',#4823,#4824);
#4823 = CARTESIAN_POINT('',(48.414389233048,-0.65,8.05));
#4824 = VECTOR('',#4825,1.);
#4825 = DIRECTION('',(-0.,1.224646799147E-16,1.));
#4826 = PCURVE('',#1132,#4827);
#4827 = DEFINITIONAL_REPRESENTATION('',(#4828),#4832);
#4828 = LINE('',#4829,#4830);
#4829 = CARTESIAN_POINT('',(-6.392647469032,0.));
#4830 = VECTOR('',#4831,1.);
#4831 = DIRECTION('',(-0.,1.));
#4832 = ( GEOMETRIC_REPRESENTATION_CONTEXT(2) 
PARAMETRIC_REPRESENTATION_CONTEXT() REPRESENTATION_CONTEXT('2D SPACE',''
  ) );
#4833 = PCURVE('',#1858,#4834);
#4834 = DEFINITIONAL_REPRESENTATION('',(#4835),#4839);
#4835 = LINE('',#4836,#4837);
#4836 = CARTESIAN_POINT('',(1.985610766952,2.285));
#4837 = VECTOR('',#4838,1.);
#4838 = DIRECTION('',(0.,1.));
#4839 = ( GEOMETRIC_REPRESENTATION_CONTEXT(2) 
PARAMETRIC_REPRESENTATION_CONTEXT() REPRESENTATION_CONTEXT('2D SPACE',''
  ) );
#4840 = FACE_BOUND('',#4841,.T.);
#4841 = EDGE_LOOP('',(#4842,#4872,#4895,#4923));
#4842 = ORIENTED_EDGE('',*,*,#4843,.T.);
#4843 = EDGE_CURVE('',#4844,#4846,#4848,.T.);
#4844 = VERTEX_POINT('',#4845);
#4845 = CARTESIAN_POINT('',(48.414389233049,-0.65,6.035));
#4846 = VERTEX_POINT('',#4847);
#4847 = CARTESIAN_POINT('',(48.414389233048,0.65,6.035));
#4848 = SURFACE_CURVE('',#4849,(#4854,#4861),.PCURVE_S1.);
#4849 = CIRCLE('',#4850,5.95);
#4850 = AXIS2_PLACEMENT_3D('',#4851,#4852,#4853);
#4851 = CARTESIAN_POINT('',(42.5,-2.406430960325E-16,6.035));
#4852 = DIRECTION('',(-0.,1.224646799147E-16,1.));
#4853 = DIRECTION('',(1.,0.,0.));
#4854 = PCURVE('',#1132,#4855);
#4855 = DEFINITIONAL_REPRESENTATION('',(#4856),#4860);
#4856 = LINE('',#4857,#4858);
#4857 = CARTESIAN_POINT('',(-12.56637061435,-2.015));
#4858 = VECTOR('',#4859,1.);
#4859 = DIRECTION('',(1.,-0.));
#4860 = ( GEOMETRIC_REPRESENTATION_CONTEXT(2) 
PARAMETRIC_REPRESENTATION_CONTEXT() REPRESENTATION_CONTEXT('2D SPACE',''
  ) );
#4861 = PCURVE('',#1891,#4862);
#4862 = DEFINITIONAL_REPRESENTATION('',(#4863),#4871);
#4863 = ( BOUNDED_CURVE() B_SPLINE_CURVE(2,(#4864,#4865,#4866,#4867,
#4868,#4869,#4870),.UNSPECIFIED.,.T.,.F.) B_SPLINE_CURVE_WITH_KNOTS((1,2
    ,2,2,2,1),(-2.094395102393,0.,2.094395102393,4.188790204786,
6.28318530718,8.377580409573),.UNSPECIFIED.) CURVE() 
GEOMETRIC_REPRESENTATION_ITEM() RATIONAL_B_SPLINE_CURVE((1.,0.5,1.,0.5,
1.,0.5,1.)) REPRESENTATION_ITEM('') );
#4864 = CARTESIAN_POINT('',(0.25,0.));
#4865 = CARTESIAN_POINT('',(0.25,-10.30570230503));
#4866 = CARTESIAN_POINT('',(-8.675,-5.152851152517));
#4867 = CARTESIAN_POINT('',(-17.6,-1.457329690985E-15));
#4868 = CARTESIAN_POINT('',(-8.675,5.152851152517));
#4869 = CARTESIAN_POINT('',(0.25,10.305702305035));
#4870 = CARTESIAN_POINT('',(0.25,0.));
#4871 = ( GEOMETRIC_REPRESENTATION_CONTEXT(2) 
PARAMETRIC_REPRESENTATION_CONTEXT() REPRESENTATION_CONTEXT('2D SPACE',''
  ) );
#4872 = ORIENTED_EDGE('',*,*,#4873,.T.);
#4873 = EDGE_CURVE('',#4846,#4874,#4876,.T.);
#4874 = VERTEX_POINT('',#4875);
#4875 = CARTESIAN_POINT('',(48.414389233048,0.65,6.815));
#4876 = SURFACE_CURVE('',#4877,(#4881,#4888),.PCURVE_S1.);
#4877 = LINE('',#4878,#4879);
#4878 = CARTESIAN_POINT('',(48.414389233048,0.65,8.05));
#4879 = VECTOR('',#4880,1.);
#4880 = DIRECTION('',(-0.,1.224646799147E-16,1.));
#4881 = PCURVE('',#1132,#4882);
#4882 = DEFINITIONAL_REPRESENTATION('',(#4883),#4887);
#4883 = LINE('',#4884,#4885);
#4884 = CARTESIAN_POINT('',(-6.173723145327,0.));
#4885 = VECTOR('',#4886,1.);
#4886 = DIRECTION('',(-0.,1.));
#4887 = ( GEOMETRIC_REPRESENTATION_CONTEXT(2) 
PARAMETRIC_REPRESENTATION_CONTEXT() REPRESENTATION_CONTEXT('2D SPACE',''
  ) );
#4888 = PCURVE('',#1923,#4889);
#4889 = DEFINITIONAL_REPRESENTATION('',(#4890),#4894);
#4890 = LINE('',#4891,#4892);
#4891 = CARTESIAN_POINT('',(2.414389233048,1.235));
#4892 = VECTOR('',#4893,1.);
#4893 = DIRECTION('',(0.,1.));
#4894 = ( GEOMETRIC_REPRESENTATION_CONTEXT(2) 
PARAMETRIC_REPRESENTATION_CONTEXT() REPRESENTATION_CONTEXT('2D SPACE',''
  ) );
#4895 = ORIENTED_EDGE('',*,*,#4896,.F.);
#4896 = EDGE_CURVE('',#4897,#4874,#4899,.T.);
#4897 = VERTEX_POINT('',#4898);
#4898 = CARTESIAN_POINT('',(48.414389233049,-0.65,6.815));
#4899 = SURFACE_CURVE('',#4900,(#4905,#4912),.PCURVE_S1.);
#4900 = CIRCLE('',#4901,5.95);
#4901 = AXIS2_PLACEMENT_3D('',#4902,#4903,#4904);
#4902 = CARTESIAN_POINT('',(42.5,-1.45120645699E-16,6.815));
#4903 = DIRECTION('',(-0.,1.224646799147E-16,1.));
#4904 = DIRECTION('',(1.,0.,0.));
#4905 = PCURVE('',#1132,#4906);
#4906 = DEFINITIONAL_REPRESENTATION('',(#4907),#4911);
#4907 = LINE('',#4908,#4909);
#4908 = CARTESIAN_POINT('',(-12.56637061435,-1.235));
#4909 = VECTOR('',#4910,1.);
#4910 = DIRECTION('',(1.,-0.));
#4911 = ( GEOMETRIC_REPRESENTATION_CONTEXT(2) 
PARAMETRIC_REPRESENTATION_CONTEXT() REPRESENTATION_CONTEXT('2D SPACE',''
  ) );
#4912 = PCURVE('',#1952,#4913);
#4913 = DEFINITIONAL_REPRESENTATION('',(#4914),#4922);
#4914 = ( BOUNDED_CURVE() B_SPLINE_CURVE(2,(#4915,#4916,#4917,#4918,
#4919,#4920,#4921),.UNSPECIFIED.,.T.,.F.) B_SPLINE_CURVE_WITH_KNOTS((1,2
    ,2,2,2,1),(-2.094395102393,0.,2.094395102393,4.188790204786,
6.28318530718,8.377580409573),.UNSPECIFIED.) CURVE() 
GEOMETRIC_REPRESENTATION_ITEM() RATIONAL_B_SPLINE_CURVE((1.,0.5,1.,0.5,
1.,0.5,1.)) REPRESENTATION_ITEM('') );
#4915 = CARTESIAN_POINT('',(0.25,0.));
#4916 = CARTESIAN_POINT('',(0.25,-10.30570230503));
#4917 = CARTESIAN_POINT('',(-8.675,-5.152851152517));
#4918 = CARTESIAN_POINT('',(-17.6,-1.457329690985E-15));
#4919 = CARTESIAN_POINT('',(-8.675,5.152851152517));
#4920 = CARTESIAN_POINT('',(0.25,10.305702305035));
#4921 = CARTESIAN_POINT('',(0.25,0.));
#4922 = ( GEOMETRIC_REPRESENTATION_CONTEXT(2) 
PARAMETRIC_REPRESENTATION_CONTEXT() REPRESENTATION_CONTEXT('2D SPACE',''
  ) );
#4923 = ORIENTED_EDGE('',*,*,#4924,.F.);
#4924 = EDGE_CURVE('',#4844,#4897,#4925,.T.);
#4925 = SURFACE_CURVE('',#4926,(#4930,#4937),.PCURVE_S1.);
#4926 = LINE('',#4927,#4928);
#4927 = CARTESIAN_POINT('',(48.414389233048,-0.65,8.05));
#4928 = VECTOR('',#4929,1.);
#4929 = DIRECTION('',(-0.,1.224646799147E-16,1.));
#4930 = PCURVE('',#1132,#4931);
#4931 = DEFINITIONAL_REPRESENTATION('',(#4932),#4936);
#4932 = LINE('',#4933,#4934);
#4933 = CARTESIAN_POINT('',(-6.392647469032,0.));
#4934 = VECTOR('',#4935,1.);
#4935 = DIRECTION('',(-0.,1.));
#4936 = ( GEOMETRIC_REPRESENTATION_CONTEXT(2) 
PARAMETRIC_REPRESENTATION_CONTEXT() REPRESENTATION_CONTEXT('2D SPACE',''
  ) );
#4937 = PCURVE('',#1982,#4938);
#4938 = DEFINITIONAL_REPRESENTATION('',(#4939),#4943);
#4939 = LINE('',#4940,#4941);
#4940 = CARTESIAN_POINT('',(1.985610766952,1.235));
#4941 = VECTOR('',#4942,1.);
#4942 = DIRECTION('',(0.,1.));
#4943 = ( GEOMETRIC_REPRESENTATION_CONTEXT(2) 
PARAMETRIC_REPRESENTATION_CONTEXT() REPRESENTATION_CONTEXT('2D SPACE',''
  ) );
#4944 = FACE_BOUND('',#4945,.T.);
#4945 = EDGE_LOOP('',(#4946,#4976,#4999,#5027));
#4946 = ORIENTED_EDGE('',*,*,#4947,.T.);
#4947 = EDGE_CURVE('',#4948,#4950,#4952,.T.);
#4948 = VERTEX_POINT('',#4949);
#4949 = CARTESIAN_POINT('',(48.414389233049,-0.65,7.085));
#4950 = VERTEX_POINT('',#4951);
#4951 = CARTESIAN_POINT('',(48.414389233048,0.65,7.085));
#4952 = SURFACE_CURVE('',#4953,(#4958,#4965),.PCURVE_S1.);
#4953 = CIRCLE('',#4954,5.95);
#4954 = AXIS2_PLACEMENT_3D('',#4955,#4956,#4957);
#4955 = CARTESIAN_POINT('',(42.5,-1.12055182122E-16,7.085));
#4956 = DIRECTION('',(-0.,1.224646799147E-16,1.));
#4957 = DIRECTION('',(1.,0.,0.));
#4958 = PCURVE('',#1132,#4959);
#4959 = DEFINITIONAL_REPRESENTATION('',(#4960),#4964);
#4960 = LINE('',#4961,#4962);
#4961 = CARTESIAN_POINT('',(-12.56637061435,-0.965));
#4962 = VECTOR('',#4963,1.);
#4963 = DIRECTION('',(1.,-0.));
#4964 = ( GEOMETRIC_REPRESENTATION_CONTEXT(2) 
PARAMETRIC_REPRESENTATION_CONTEXT() REPRESENTATION_CONTEXT('2D SPACE',''
  ) );
#4965 = PCURVE('',#2015,#4966);
#4966 = DEFINITIONAL_REPRESENTATION('',(#4967),#4975);
#4967 = ( BOUNDED_CURVE() B_SPLINE_CURVE(2,(#4968,#4969,#4970,#4971,
#4972,#4973,#4974),.UNSPECIFIED.,.T.,.F.) B_SPLINE_CURVE_WITH_KNOTS((1,2
    ,2,2,2,1),(-2.094395102393,0.,2.094395102393,4.188790204786,
6.28318530718,8.377580409573),.UNSPECIFIED.) CURVE() 
GEOMETRIC_REPRESENTATION_ITEM() RATIONAL_B_SPLINE_CURVE((1.,0.5,1.,0.5,
1.,0.5,1.)) REPRESENTATION_ITEM('') );
#4968 = CARTESIAN_POINT('',(0.25,0.));
#4969 = CARTESIAN_POINT('',(0.25,-10.30570230503));
#4970 = CARTESIAN_POINT('',(-8.675,-5.152851152517));
#4971 = CARTESIAN_POINT('',(-17.6,-1.457329690985E-15));
#4972 = CARTESIAN_POINT('',(-8.675,5.152851152517));
#4973 = CARTESIAN_POINT('',(0.25,10.305702305035));
#4974 = CARTESIAN_POINT('',(0.25,0.));
#4975 = ( GEOMETRIC_REPRESENTATION_CONTEXT(2) 
PARAMETRIC_REPRESENTATION_CONTEXT() REPRESENTATION_CONTEXT('2D SPACE',''
  ) );
#4976 = ORIENTED_EDGE('',*,*,#4977,.T.);
#4977 = EDGE_CURVE('',#4950,#4978,#4980,.T.);
#4978 = VERTEX_POINT('',#4979);
#4979 = CARTESIAN_POINT('',(48.414389233048,0.65,7.865));
#4980 = SURFACE_CURVE('',#4981,(#4985,#4992),.PCURVE_S1.);
#4981 = LINE('',#4982,#4983);
#4982 = CARTESIAN_POINT('',(48.414389233048,0.65,8.05));
#4983 = VECTOR('',#4984,1.);
#4984 = DIRECTION('',(-0.,1.224646799147E-16,1.));
#4985 = PCURVE('',#1132,#4986);
#4986 = DEFINITIONAL_REPRESENTATION('',(#4987),#4991);
#4987 = LINE('',#4988,#4989);
#4988 = CARTESIAN_POINT('',(-6.173723145327,0.));
#4989 = VECTOR('',#4990,1.);
#4990 = DIRECTION('',(-0.,1.));
#4991 = ( GEOMETRIC_REPRESENTATION_CONTEXT(2) 
PARAMETRIC_REPRESENTATION_CONTEXT() REPRESENTATION_CONTEXT('2D SPACE',''
  ) );
#4992 = PCURVE('',#2047,#4993);
#4993 = DEFINITIONAL_REPRESENTATION('',(#4994),#4998);
#4994 = LINE('',#4995,#4996);
#4995 = CARTESIAN_POINT('',(2.414389233048,0.185));
#4996 = VECTOR('',#4997,1.);
#4997 = DIRECTION('',(0.,1.));
#4998 = ( GEOMETRIC_REPRESENTATION_CONTEXT(2) 
PARAMETRIC_REPRESENTATION_CONTEXT() REPRESENTATION_CONTEXT('2D SPACE',''
  ) );
#4999 = ORIENTED_EDGE('',*,*,#5000,.F.);
#5000 = EDGE_CURVE('',#5001,#4978,#5003,.T.);
#5001 = VERTEX_POINT('',#5002);
#5002 = CARTESIAN_POINT('',(48.414389233049,-0.65,7.865));
#5003 = SURFACE_CURVE('',#5004,(#5009,#5016),.PCURVE_S1.);
#5004 = CIRCLE('',#5005,5.95);
#5005 = AXIS2_PLACEMENT_3D('',#5006,#5007,#5008);
#5006 = CARTESIAN_POINT('',(42.5,-1.653273178849E-17,7.865));
#5007 = DIRECTION('',(-0.,1.224646799147E-16,1.));
#5008 = DIRECTION('',(1.,0.,0.));
#5009 = PCURVE('',#1132,#5010);
#5010 = DEFINITIONAL_REPRESENTATION('',(#5011),#5015);
#5011 = LINE('',#5012,#5013);
#5012 = CARTESIAN_POINT('',(-12.56637061435,-0.185));
#5013 = VECTOR('',#5014,1.);
#5014 = DIRECTION('',(1.,-0.));
#5015 = ( GEOMETRIC_REPRESENTATION_CONTEXT(2) 
PARAMETRIC_REPRESENTATION_CONTEXT() REPRESENTATION_CONTEXT('2D SPACE',''
  ) );
#5016 = PCURVE('',#2076,#5017);
#5017 = DEFINITIONAL_REPRESENTATION('',(#5018),#5026);
#5018 = ( BOUNDED_CURVE() B_SPLINE_CURVE(2,(#5019,#5020,#5021,#5022,
#5023,#5024,#5025),.UNSPECIFIED.,.T.,.F.) B_SPLINE_CURVE_WITH_KNOTS((1,2
    ,2,2,2,1),(-2.094395102393,0.,2.094395102393,4.188790204786,
6.28318530718,8.377580409573),.UNSPECIFIED.) CURVE() 
GEOMETRIC_REPRESENTATION_ITEM() RATIONAL_B_SPLINE_CURVE((1.,0.5,1.,0.5,
1.,0.5,1.)) REPRESENTATION_ITEM('') );
#5019 = CARTESIAN_POINT('',(0.25,0.));
#5020 = CARTESIAN_POINT('',(0.25,-10.30570230503));
#5021 = CARTESIAN_POINT('',(-8.675,-5.152851152517));
#5022 = CARTESIAN_POINT('',(-17.6,-1.457329690985E-15));
#5023 = CARTESIAN_POINT('',(-8.675,5.152851152517));
#5024 = CARTESIAN_POINT('',(0.25,10.305702305035));
#5025 = CARTESIAN_POINT('',(0.25,0.));
#5026 = ( GEOMETRIC_REPRESENTATION_CONTEXT(2) 
PARAMETRIC_REPRESENTATION_CONTEXT() REPRESENTATION_CONTEXT('2D SPACE',''
  ) );
#5027 = ORIENTED_EDGE('',*,*,#5028,.F.);
#5028 = EDGE_CURVE('',#4948,#5001,#5029,.T.);
#5029 = SURFACE_CURVE('',#5030,(#5034,#5041),.PCURVE_S1.);
#5030 = LINE('',#5031,#5032);
#5031 = CARTESIAN_POINT('',(48.414389233048,-0.65,8.05));
#5032 = VECTOR('',#5033,1.);
#5033 = DIRECTION('',(-0.,1.224646799147E-16,1.));
#5034 = PCURVE('',#1132,#5035);
#5035 = DEFINITIONAL_REPRESENTATION('',(#5036),#5040);
#5036 = LINE('',#5037,#5038);
#5037 = CARTESIAN_POINT('',(-6.392647469032,0.));
#5038 = VECTOR('',#5039,1.);
#5039 = DIRECTION('',(-0.,1.));
#5040 = ( GEOMETRIC_REPRESENTATION_CONTEXT(2) 
PARAMETRIC_REPRESENTATION_CONTEXT() REPRESENTATION_CONTEXT('2D SPACE',''
  ) );
#5041 = PCURVE('',#2106,#5042);
#5042 = DEFINITIONAL_REPRESENTATION('',(#5043),#5047);
#5043 = LINE('',#5044,#5045);
#5044 = CARTESIAN_POINT('',(1.985610766952,0.185));
#5045 = VECTOR('',#5046,1.);
#5046 = DIRECTION('',(0.,1.));
#5047 = ( GEOMETRIC_REPRESENTATION_CONTEXT(2) 
PARAMETRIC_REPRESENTATION_CONTEXT() REPRESENTATION_CONTEXT('2D SPACE',''
  ) );
#5048 = ADVANCED_FACE('',(#5049),#1101,.T.);
#5049 = FACE_BOUND('',#5050,.T.);
#5050 = EDGE_LOOP('',(#5051,#5052,#5053,#5076));
#5051 = ORIENTED_EDGE('',*,*,#1085,.T.);
#5052 = ORIENTED_EDGE('',*,*,#4378,.T.);
#5053 = ORIENTED_EDGE('',*,*,#5054,.T.);
#5054 = EDGE_CURVE('',#4379,#5055,#5057,.T.);
#5055 = VERTEX_POINT('',#5056);
#5056 = CARTESIAN_POINT('',(18.239434466947,-7.852789453573,1.45));
#5057 = SURFACE_CURVE('',#5058,(#5062,#5069),.PCURVE_S1.);
#5058 = LINE('',#5059,#5060);
#5059 = CARTESIAN_POINT('',(42.5,-5.95,1.45));
#5060 = VECTOR('',#5061,1.);
#5061 = DIRECTION('',(-0.996938377813,-7.819124531863E-02,
    9.575665830081E-18));
#5062 = PCURVE('',#1101,#5063);
#5063 = DEFINITIONAL_REPRESENTATION('',(#5064),#5068);
#5064 = LINE('',#5065,#5066);
#5065 = CARTESIAN_POINT('',(6.248382222954E-18,-6.6));
#5066 = VECTOR('',#5067,1.);
#5067 = DIRECTION('',(1.,0.));
#5068 = ( GEOMETRIC_REPRESENTATION_CONTEXT(2) 
PARAMETRIC_REPRESENTATION_CONTEXT() REPRESENTATION_CONTEXT('2D SPACE',''
  ) );
#5069 = PCURVE('',#4342,#5070);
#5070 = DEFINITIONAL_REPRESENTATION('',(#5071),#5075);
#5071 = LINE('',#5072,#5073);
#5072 = CARTESIAN_POINT('',(25.5,5.95));
#5073 = VECTOR('',#5074,1.);
#5074 = DIRECTION('',(-0.996938377813,7.819124531863E-02));
#5075 = ( GEOMETRIC_REPRESENTATION_CONTEXT(2) 
PARAMETRIC_REPRESENTATION_CONTEXT() REPRESENTATION_CONTEXT('2D SPACE',''
  ) );
#5076 = ORIENTED_EDGE('',*,*,#5077,.T.);
#5077 = EDGE_CURVE('',#5055,#1053,#5078,.T.);
#5078 = SURFACE_CURVE('',#5079,(#5083,#5090),.PCURVE_S1.);
#5079 = LINE('',#5080,#5081);
#5080 = CARTESIAN_POINT('',(18.239434466947,-7.852789453573,8.05));
#5081 = VECTOR('',#5082,1.);
#5082 = DIRECTION('',(-0.,1.224646799147E-16,1.));
#5083 = PCURVE('',#1101,#5084);
#5084 = DEFINITIONAL_REPRESENTATION('',(#5085),#5089);
#5085 = LINE('',#5086,#5087);
#5086 = CARTESIAN_POINT('',(24.335070324291,-2.330245013769E-16));
#5087 = VECTOR('',#5088,1.);
#5088 = DIRECTION('',(0.,1.));
#5089 = ( GEOMETRIC_REPRESENTATION_CONTEXT(2) 
PARAMETRIC_REPRESENTATION_CONTEXT() REPRESENTATION_CONTEXT('2D SPACE',''
  ) );
#5090 = PCURVE('',#1073,#5091);
#5091 = DEFINITIONAL_REPRESENTATION('',(#5092),#5096);
#5092 = LINE('',#5093,#5094);
#5093 = CARTESIAN_POINT('',(-1.414254045752,0.));
#5094 = VECTOR('',#5095,1.);
#5095 = DIRECTION('',(-0.,1.));
#5096 = ( GEOMETRIC_REPRESENTATION_CONTEXT(2) 
PARAMETRIC_REPRESENTATION_CONTEXT() REPRESENTATION_CONTEXT('2D SPACE',''
  ) );
#5097 = ADVANCED_FACE('',(#5098),#1073,.F.);
#5098 = FACE_BOUND('',#5099,.T.);
#5099 = EDGE_LOOP('',(#5100,#5101,#5129,#5150));
#5100 = ORIENTED_EDGE('',*,*,#5077,.F.);
#5101 = ORIENTED_EDGE('',*,*,#5102,.F.);
#5102 = EDGE_CURVE('',#5103,#5055,#5105,.T.);
#5103 = VERTEX_POINT('',#5104);
#5104 = CARTESIAN_POINT('',(14.55169117647,-7.563615795678,1.45));
#5105 = SURFACE_CURVE('',#5106,(#5111,#5118),.PCURVE_S1.);
#5106 = CIRCLE('',#5107,7.95);
#5107 = AXIS2_PLACEMENT_3D('',#5108,#5109,#5110);
#5108 = CARTESIAN_POINT('',(17.,-8.021436534415E-16,1.45));
#5109 = DIRECTION('',(-2.258237880819E-33,1.224646799147E-16,1.));
#5110 = DIRECTION('',(0.155903706534,0.987772258311,-1.209672134427E-16)
  );
#5111 = PCURVE('',#1073,#5112);
#5112 = DEFINITIONAL_REPRESENTATION('',(#5113),#5117);
#5113 = LINE('',#5114,#5115);
#5114 = CARTESIAN_POINT('',(-4.868931261427,-6.6));
#5115 = VECTOR('',#5116,1.);
#5116 = DIRECTION('',(1.,-0.));
#5117 = ( GEOMETRIC_REPRESENTATION_CONTEXT(2) 
PARAMETRIC_REPRESENTATION_CONTEXT() REPRESENTATION_CONTEXT('2D SPACE',''
  ) );
#5118 = PCURVE('',#4342,#5119);
#5119 = DEFINITIONAL_REPRESENTATION('',(#5120),#5128);
#5120 = ( BOUNDED_CURVE() B_SPLINE_CURVE(2,(#5121,#5122,#5123,#5124,
#5125,#5126,#5127),.UNSPECIFIED.,.T.,.F.) B_SPLINE_CURVE_WITH_KNOTS((1,2
    ,2,2,2,1),(-2.094395102393,0.,2.094395102393,4.188790204786,
6.28318530718,8.377580409573),.UNSPECIFIED.) CURVE() 
GEOMETRIC_REPRESENTATION_ITEM() RATIONAL_B_SPLINE_CURVE((1.,0.5,1.,0.5,
1.,0.5,1.)) REPRESENTATION_ITEM('') );
#5121 = CARTESIAN_POINT('',(1.239434466947,-7.852789453573));
#5122 = CARTESIAN_POINT('',(-12.36199584778,-9.999552922978));
#5123 = CARTESIAN_POINT('',(-7.420432390838,2.853012992084));
#5124 = CARTESIAN_POINT('',(-2.478868933895,15.705578907145));
#5125 = CARTESIAN_POINT('',(6.180997923891,4.999776461489));
#5126 = CARTESIAN_POINT('',(14.840864781676,-5.706025984168));
#5127 = CARTESIAN_POINT('',(1.239434466947,-7.852789453573));
#5128 = ( GEOMETRIC_REPRESENTATION_CONTEXT(2) 
PARAMETRIC_REPRESENTATION_CONTEXT() REPRESENTATION_CONTEXT('2D SPACE',''
  ) );
#5129 = ORIENTED_EDGE('',*,*,#5130,.T.);
#5130 = EDGE_CURVE('',#5103,#1020,#5131,.T.);
#5131 = SURFACE_CURVE('',#5132,(#5136,#5143),.PCURVE_S1.);
#5132 = LINE('',#5133,#5134);
#5133 = CARTESIAN_POINT('',(14.551691176471,-7.563615795678,8.05));
#5134 = VECTOR('',#5135,1.);
#5135 = DIRECTION('',(-0.,1.224646799147E-16,1.));
#5136 = PCURVE('',#1073,#5137);
#5137 = DEFINITIONAL_REPRESENTATION('',(#5138),#5142);
#5138 = LINE('',#5139,#5140);
#5139 = CARTESIAN_POINT('',(-1.883847949252,0.));
#5140 = VECTOR('',#5141,1.);
#5141 = DIRECTION('',(-0.,1.));
#5142 = ( GEOMETRIC_REPRESENTATION_CONTEXT(2) 
PARAMETRIC_REPRESENTATION_CONTEXT() REPRESENTATION_CONTEXT('2D SPACE',''
  ) );
#5143 = PCURVE('',#1040,#5144);
#5144 = DEFINITIONAL_REPRESENTATION('',(#5145),#5149);
#5145 = LINE('',#5146,#5147);
#5146 = CARTESIAN_POINT('',(-0.479342734978,0.));
#5147 = VECTOR('',#5148,1.);
#5148 = DIRECTION('',(-0.,1.));
#5149 = ( GEOMETRIC_REPRESENTATION_CONTEXT(2) 
PARAMETRIC_REPRESENTATION_CONTEXT() REPRESENTATION_CONTEXT('2D SPACE',''
  ) );
#5150 = ORIENTED_EDGE('',*,*,#1052,.T.);
#5151 = ADVANCED_FACE('',(#5152),#1040,.F.);
#5152 = FACE_BOUND('',#5153,.T.);
#5153 = EDGE_LOOP('',(#5154,#5155,#5156,#5180));
#5154 = ORIENTED_EDGE('',*,*,#1019,.T.);
#5155 = ORIENTED_EDGE('',*,*,#5130,.F.);
#5156 = ORIENTED_EDGE('',*,*,#5157,.T.);
#5157 = EDGE_CURVE('',#5103,#5158,#5160,.T.);
#5158 = VERTEX_POINT('',#5159);
#5159 = CARTESIAN_POINT('',(-0.725562164713,-16.38394212468,1.45));
#5160 = SURFACE_CURVE('',#5161,(#5166,#5173),.PCURVE_S1.);
#5161 = CIRCLE('',#5162,16.4);
#5162 = AXIS2_PLACEMENT_3D('',#5163,#5164,#5165);
#5163 = CARTESIAN_POINT('',(0.,-8.021436534415E-16,1.45));
#5164 = DIRECTION('',(0.,-1.224646799147E-16,-1.));
#5165 = DIRECTION('',(1.,0.,0.));
#5166 = PCURVE('',#1040,#5167);
#5167 = DEFINITIONAL_REPRESENTATION('',(#5168),#5172);
#5168 = LINE('',#5169,#5170);
#5169 = CARTESIAN_POINT('',(-0.,-6.6));
#5170 = VECTOR('',#5171,1.);
#5171 = DIRECTION('',(-1.,0.));
#5172 = ( GEOMETRIC_REPRESENTATION_CONTEXT(2) 
PARAMETRIC_REPRESENTATION_CONTEXT() REPRESENTATION_CONTEXT('2D SPACE',''
  ) );
#5173 = PCURVE('',#4342,#5174);
#5174 = DEFINITIONAL_REPRESENTATION('',(#5175),#5179);
#5175 = CIRCLE('',#5176,16.4);
#5176 = AXIS2_PLACEMENT_2D('',#5177,#5178);
#5177 = CARTESIAN_POINT('',(-17.,-7.074988869349E-16));
#5178 = DIRECTION('',(1.,0.));
#5179 = ( GEOMETRIC_REPRESENTATION_CONTEXT(2) 
PARAMETRIC_REPRESENTATION_CONTEXT() REPRESENTATION_CONTEXT('2D SPACE',''
  ) );
#5180 = ORIENTED_EDGE('',*,*,#5181,.T.);
#5181 = EDGE_CURVE('',#5158,#987,#5182,.T.);
#5182 = SURFACE_CURVE('',#5183,(#5187,#5194),.PCURVE_S1.);
#5183 = LINE('',#5184,#5185);
#5184 = CARTESIAN_POINT('',(-0.725562164713,-16.38394212468,8.05));
#5185 = VECTOR('',#5186,1.);
#5186 = DIRECTION('',(-0.,1.224646799147E-16,1.));
#5187 = PCURVE('',#1040,#5188);
#5188 = DEFINITIONAL_REPRESENTATION('',(#5189),#5193);
#5189 = LINE('',#5190,#5191);
#5190 = CARTESIAN_POINT('',(-1.615052367415,0.));
#5191 = VECTOR('',#5192,1.);
#5192 = DIRECTION('',(-0.,1.));
#5193 = ( GEOMETRIC_REPRESENTATION_CONTEXT(2) 
PARAMETRIC_REPRESENTATION_CONTEXT() REPRESENTATION_CONTEXT('2D SPACE',''
  ) );
#5194 = PCURVE('',#1007,#5195);
#5195 = DEFINITIONAL_REPRESENTATION('',(#5196),#5200);
#5196 = LINE('',#5197,#5198);
#5197 = CARTESIAN_POINT('',(-4.399337357927,0.));
#5198 = VECTOR('',#5199,1.);
#5199 = DIRECTION('',(-0.,1.));
#5200 = ( GEOMETRIC_REPRESENTATION_CONTEXT(2) 
PARAMETRIC_REPRESENTATION_CONTEXT() REPRESENTATION_CONTEXT('2D SPACE',''
  ) );
#5201 = ADVANCED_FACE('',(#5202),#1007,.F.);
#5202 = FACE_BOUND('',#5203,.T.);
#5203 = EDGE_LOOP('',(#5204,#5205,#5233,#5254));
#5204 = ORIENTED_EDGE('',*,*,#5181,.F.);
#5205 = ORIENTED_EDGE('',*,*,#5206,.F.);
#5206 = EDGE_CURVE('',#5207,#5158,#5209,.T.);
#5207 = VERTEX_POINT('',#5208);
#5208 = CARTESIAN_POINT('',(-2.319002076109,-19.72220832582,1.45));
#5209 = SURFACE_CURVE('',#5210,(#5215,#5222),.PCURVE_S1.);
#5210 = CIRCLE('',#5211,7.95);
#5211 = AXIS2_PLACEMENT_3D('',#5212,#5213,#5214);
#5212 = CARTESIAN_POINT('',(-8.5,-14.72243186433,1.45));
#5213 = DIRECTION('',(2.157181271753E-34,1.224646799147E-16,1.));
#5214 = DIRECTION('',(0.777484015584,-0.628902699558,7.701836779893E-17)
  );
#5215 = PCURVE('',#1007,#5216);
#5216 = DEFINITIONAL_REPRESENTATION('',(#5217),#5221);
#5217 = LINE('',#5218,#5219);
#5218 = CARTESIAN_POINT('',(-4.868931261427,-6.6));
#5219 = VECTOR('',#5220,1.);
#5220 = DIRECTION('',(1.,-0.));
#5221 = ( GEOMETRIC_REPRESENTATION_CONTEXT(2) 
PARAMETRIC_REPRESENTATION_CONTEXT() REPRESENTATION_CONTEXT('2D SPACE',''
  ) );
#5222 = PCURVE('',#4342,#5223);
#5223 = DEFINITIONAL_REPRESENTATION('',(#5224),#5232);
#5224 = ( BOUNDED_CURVE() B_SPLINE_CURVE(2,(#5225,#5226,#5227,#5228,
#5229,#5230,#5231),.UNSPECIFIED.,.T.,.F.) B_SPLINE_CURVE_WITH_KNOTS((1,2
    ,2,2,2,1),(-2.094395102393,0.,2.094395102393,4.188790204786,
6.28318530718,8.377580409573),.UNSPECIFIED.) CURVE() 
GEOMETRIC_REPRESENTATION_ITEM() RATIONAL_B_SPLINE_CURVE((1.,0.5,1.,0.5,
1.,0.5,1.)) REPRESENTATION_ITEM('') );
#5225 = CARTESIAN_POINT('',(-19.3190020761,19.722208325824));
#5226 = CARTESIAN_POINT('',(-10.65913521832,9.016405880168));
#5227 = CARTESIAN_POINT('',(-24.26056553305,6.869642410763));
#5228 = CARTESIAN_POINT('',(-37.86199584778,4.722878941358));
#5229 = CARTESIAN_POINT('',(-32.92043239083,17.575444856419));
#5230 = CARTESIAN_POINT('',(-27.97886893389,30.428010771481));
#5231 = CARTESIAN_POINT('',(-19.3190020761,19.722208325824));
#5232 = ( GEOMETRIC_REPRESENTATION_CONTEXT(2) 
PARAMETRIC_REPRESENTATION_CONTEXT() REPRESENTATION_CONTEXT('2D SPACE',''
  ) );
#5233 = ORIENTED_EDGE('',*,*,#5234,.T.);
#5234 = EDGE_CURVE('',#5207,#959,#5235,.T.);
#5235 = SURFACE_CURVE('',#5236,(#5240,#5247),.PCURVE_S1.);
#5236 = LINE('',#5237,#5238);
#5237 = CARTESIAN_POINT('',(-2.319002076109,-19.72220832582,8.05));
#5238 = VECTOR('',#5239,1.);
#5239 = DIRECTION('',(0.,1.224646799147E-16,1.));
#5240 = PCURVE('',#1007,#5241);
#5241 = DEFINITIONAL_REPRESENTATION('',(#5242),#5246);
#5242 = LINE('',#5243,#5244);
#5243 = CARTESIAN_POINT('',(-4.868931261427,0.));
#5244 = VECTOR('',#5245,1.);
#5245 = DIRECTION('',(-0.,1.));
#5246 = ( GEOMETRIC_REPRESENTATION_CONTEXT(2) 
PARAMETRIC_REPRESENTATION_CONTEXT() REPRESENTATION_CONTEXT('2D SPACE',''
  ) );
#5247 = PCURVE('',#974,#5248);
#5248 = DEFINITIONAL_REPRESENTATION('',(#5249),#5253);
#5249 = LINE('',#5250,#5251);
#5250 = CARTESIAN_POINT('',(1.243240800566,-1.254989213403E-16));
#5251 = VECTOR('',#5252,1.);
#5252 = DIRECTION('',(0.,1.));
#5253 = ( GEOMETRIC_REPRESENTATION_CONTEXT(2) 
PARAMETRIC_REPRESENTATION_CONTEXT() REPRESENTATION_CONTEXT('2D SPACE',''
  ) );
#5254 = ORIENTED_EDGE('',*,*,#986,.T.);
#5255 = ADVANCED_FACE('',(#5256),#974,.T.);
#5256 = FACE_BOUND('',#5257,.T.);
#5257 = EDGE_LOOP('',(#5258,#5259,#5260,#5283));
#5258 = ORIENTED_EDGE('',*,*,#958,.T.);
#5259 = ORIENTED_EDGE('',*,*,#5234,.F.);
#5260 = ORIENTED_EDGE('',*,*,#5261,.T.);
#5261 = EDGE_CURVE('',#5207,#5262,#5264,.T.);
#5262 = VERTEX_POINT('',#5263);
#5263 = CARTESIAN_POINT('',(-16.09714884748,-39.78107966083,1.45));
#5264 = SURFACE_CURVE('',#5265,(#5269,#5276),.PCURVE_S1.);
#5265 = LINE('',#5266,#5267);
#5266 = CARTESIAN_POINT('',(-1.615098039914,-18.69743186433,1.45));
#5267 = VECTOR('',#5268,1.);
#5268 = DIRECTION('',(-0.566184793706,-0.824278338534,1.009449828892E-16
    ));
#5269 = PCURVE('',#974,#5270);
#5270 = DEFINITIONAL_REPRESENTATION('',(#5271),#5275);
#5271 = LINE('',#5272,#5273);
#5272 = CARTESIAN_POINT('',(-9.176734447347E-16,-6.6));
#5273 = VECTOR('',#5274,1.);
#5274 = DIRECTION('',(1.,0.));
#5275 = ( GEOMETRIC_REPRESENTATION_CONTEXT(2) 
PARAMETRIC_REPRESENTATION_CONTEXT() REPRESENTATION_CONTEXT('2D SPACE',''
  ) );
#5276 = PCURVE('',#4342,#5277);
#5277 = DEFINITIONAL_REPRESENTATION('',(#5278),#5282);
#5278 = LINE('',#5279,#5280);
#5279 = CARTESIAN_POINT('',(-18.61509803991,18.697431864335));
#5280 = VECTOR('',#5281,1.);
#5281 = DIRECTION('',(-0.566184793706,0.824278338534));
#5282 = ( GEOMETRIC_REPRESENTATION_CONTEXT(2) 
PARAMETRIC_REPRESENTATION_CONTEXT() REPRESENTATION_CONTEXT('2D SPACE',''
  ) );
#5283 = ORIENTED_EDGE('',*,*,#5284,.F.);
#5284 = EDGE_CURVE('',#926,#5262,#5285,.T.);
#5285 = SURFACE_CURVE('',#5286,(#5290,#5297),.PCURVE_S1.);
#5286 = LINE('',#5287,#5288);
#5287 = CARTESIAN_POINT('',(-16.09714884748,-39.78107966083,8.05));
#5288 = VECTOR('',#5289,1.);
#5289 = DIRECTION('',(0.,-1.224646799147E-16,-1.));
#5290 = PCURVE('',#974,#5291);
#5291 = DEFINITIONAL_REPRESENTATION('',(#5292),#5296);
#5292 = LINE('',#5293,#5294);
#5293 = CARTESIAN_POINT('',(25.578311124857,-8.056453394335E-16));
#5294 = VECTOR('',#5295,1.);
#5295 = DIRECTION('',(0.,-1.));
#5296 = ( GEOMETRIC_REPRESENTATION_CONTEXT(2) 
PARAMETRIC_REPRESENTATION_CONTEXT() REPRESENTATION_CONTEXT('2D SPACE',''
  ) );
#5297 = PCURVE('',#946,#5298);
#5298 = DEFINITIONAL_REPRESENTATION('',(#5299),#5303);
#5299 = LINE('',#5300,#5301);
#5300 = CARTESIAN_POINT('',(-4.712388980385,0.));
#5301 = VECTOR('',#5302,1.);
#5302 = DIRECTION('',(-0.,-1.));
#5303 = ( GEOMETRIC_REPRESENTATION_CONTEXT(2) 
PARAMETRIC_REPRESENTATION_CONTEXT() REPRESENTATION_CONTEXT('2D SPACE',''
  ) );
#5304 = ADVANCED_FACE('',(#5305,#5354,#5458,#5562,#5666,#5770,#5874),
  #946,.F.);
#5305 = FACE_BOUND('',#5306,.T.);
#5306 = EDGE_LOOP('',(#5307,#5330,#5331,#5332));
#5307 = ORIENTED_EDGE('',*,*,#5308,.F.);
#5308 = EDGE_CURVE('',#898,#5309,#5311,.T.);
#5309 = VERTEX_POINT('',#5310);
#5310 = CARTESIAN_POINT('',(-26.40285115251,-33.83107966083,1.45));
#5311 = SURFACE_CURVE('',#5312,(#5316,#5323),.PCURVE_S1.);
#5312 = LINE('',#5313,#5314);
#5313 = CARTESIAN_POINT('',(-26.40285115251,-33.83107966083,8.05));
#5314 = VECTOR('',#5315,1.);
#5315 = DIRECTION('',(0.,-1.224646799147E-16,-1.));
#5316 = PCURVE('',#946,#5317);
#5317 = DEFINITIONAL_REPRESENTATION('',(#5318),#5322);
#5318 = LINE('',#5319,#5320);
#5319 = CARTESIAN_POINT('',(-7.853981633974,0.));
#5320 = VECTOR('',#5321,1.);
#5321 = DIRECTION('',(-0.,-1.));
#5322 = ( GEOMETRIC_REPRESENTATION_CONTEXT(2) 
PARAMETRIC_REPRESENTATION_CONTEXT() REPRESENTATION_CONTEXT('2D SPACE',''
  ) );
#5323 = PCURVE('',#913,#5324);
#5324 = DEFINITIONAL_REPRESENTATION('',(#5325),#5329);
#5325 = LINE('',#5326,#5327);
#5326 = CARTESIAN_POINT('',(0.,0.));
#5327 = VECTOR('',#5328,1.);
#5328 = DIRECTION('',(0.,-1.));
#5329 = ( GEOMETRIC_REPRESENTATION_CONTEXT(2) 
PARAMETRIC_REPRESENTATION_CONTEXT() REPRESENTATION_CONTEXT('2D SPACE',''
  ) );
#5330 = ORIENTED_EDGE('',*,*,#925,.T.);
#5331 = ORIENTED_EDGE('',*,*,#5284,.T.);
#5332 = ORIENTED_EDGE('',*,*,#5333,.T.);
#5333 = EDGE_CURVE('',#5262,#5309,#5334,.T.);
#5334 = SURFACE_CURVE('',#5335,(#5340,#5347),.PCURVE_S1.);
#5335 = CIRCLE('',#5336,5.95);
#5336 = AXIS2_PLACEMENT_3D('',#5337,#5338,#5339);
#5337 = CARTESIAN_POINT('',(-21.25,-36.80607966083,1.45));
#5338 = DIRECTION('',(-6.989777547461E-33,-1.224646799147E-16,-1.));
#5339 = DIRECTION('',(0.866025403784,-0.5,6.123233995737E-17));
#5340 = PCURVE('',#946,#5341);
#5341 = DEFINITIONAL_REPRESENTATION('',(#5342),#5346);
#5342 = LINE('',#5343,#5344);
#5343 = CARTESIAN_POINT('',(-4.712388980385,-6.6));
#5344 = VECTOR('',#5345,1.);
#5345 = DIRECTION('',(-1.,0.));
#5346 = ( GEOMETRIC_REPRESENTATION_CONTEXT(2) 
PARAMETRIC_REPRESENTATION_CONTEXT() REPRESENTATION_CONTEXT('2D SPACE',''
  ) );
#5347 = PCURVE('',#4342,#5348);
#5348 = DEFINITIONAL_REPRESENTATION('',(#5349),#5353);
#5349 = CIRCLE('',#5350,5.95);
#5350 = AXIS2_PLACEMENT_2D('',#5351,#5352);
#5351 = CARTESIAN_POINT('',(-38.25,36.806079660839));
#5352 = DIRECTION('',(0.866025403784,0.5));
#5353 = ( GEOMETRIC_REPRESENTATION_CONTEXT(2) 
PARAMETRIC_REPRESENTATION_CONTEXT() REPRESENTATION_CONTEXT('2D SPACE',''
  ) );
#5354 = FACE_BOUND('',#5355,.T.);
#5355 = EDGE_LOOP('',(#5356,#5386,#5409,#5437));
#5356 = ORIENTED_EDGE('',*,*,#5357,.T.);
#5357 = EDGE_CURVE('',#5358,#5360,#5362,.T.);
#5358 = VERTEX_POINT('',#5359);
#5359 = CARTESIAN_POINT('',(-24.77011112898,-41.60309098452,1.835));
#5360 = VERTEX_POINT('',#5361);
#5361 = CARTESIAN_POINT('',(-23.64427810406,-42.25309098452,1.835));
#5362 = SURFACE_CURVE('',#5363,(#5368,#5375),.PCURVE_S1.);
#5363 = CIRCLE('',#5364,5.95);
#5364 = AXIS2_PLACEMENT_3D('',#5365,#5366,#5367);
#5365 = CARTESIAN_POINT('',(-21.25,-36.80607966083,1.835));
#5366 = DIRECTION('',(5.627922965446E-33,1.224646799147E-16,1.));
#5367 = DIRECTION('',(-0.5,-0.866025403784,1.060575238725E-16));
#5368 = PCURVE('',#946,#5369);
#5369 = DEFINITIONAL_REPRESENTATION('',(#5370),#5374);
#5370 = LINE('',#5371,#5372);
#5371 = CARTESIAN_POINT('',(-12.56637061435,-6.215));
#5372 = VECTOR('',#5373,1.);
#5373 = DIRECTION('',(1.,-0.));
#5374 = ( GEOMETRIC_REPRESENTATION_CONTEXT(2) 
PARAMETRIC_REPRESENTATION_CONTEXT() REPRESENTATION_CONTEXT('2D SPACE',''
  ) );
#5375 = PCURVE('',#3495,#5376);
#5376 = DEFINITIONAL_REPRESENTATION('',(#5377),#5385);
#5377 = ( BOUNDED_CURVE() B_SPLINE_CURVE(2,(#5378,#5379,#5380,#5381,
#5382,#5383,#5384),.UNSPECIFIED.,.T.,.F.) B_SPLINE_CURVE_WITH_KNOTS((1,2
    ,2,2,2,1),(-2.094395102393,0.,2.094395102393,4.188790204786,
6.28318530718,8.377580409573),.UNSPECIFIED.) CURVE() 
GEOMETRIC_REPRESENTATION_ITEM() RATIONAL_B_SPLINE_CURVE((1.,0.5,1.,0.5,
1.,0.5,1.)) REPRESENTATION_ITEM('') );
#5378 = CARTESIAN_POINT('',(0.25,-2.649411363077E-15));
#5379 = CARTESIAN_POINT('',(0.25,-10.30570230503));
#5380 = CARTESIAN_POINT('',(-8.675,-5.152851152517));
#5381 = CARTESIAN_POINT('',(-17.6,-4.504996906101E-15));
#5382 = CARTESIAN_POINT('',(-8.675,5.152851152517));
#5383 = CARTESIAN_POINT('',(0.25,10.305702305035));
#5384 = CARTESIAN_POINT('',(0.25,-2.649411363077E-15));
#5385 = ( GEOMETRIC_REPRESENTATION_CONTEXT(2) 
PARAMETRIC_REPRESENTATION_CONTEXT() REPRESENTATION_CONTEXT('2D SPACE',''
  ) );
#5386 = ORIENTED_EDGE('',*,*,#5387,.T.);
#5387 = EDGE_CURVE('',#5360,#5388,#5390,.T.);
#5388 = VERTEX_POINT('',#5389);
#5389 = CARTESIAN_POINT('',(-23.64427810406,-42.25309098452,2.615));
#5390 = SURFACE_CURVE('',#5391,(#5395,#5402),.PCURVE_S1.);
#5391 = LINE('',#5392,#5393);
#5392 = CARTESIAN_POINT('',(-23.64427810406,-42.25309098452,8.05));
#5393 = VECTOR('',#5394,1.);
#5394 = DIRECTION('',(0.,1.224646799147E-16,1.));
#5395 = PCURVE('',#946,#5396);
#5396 = DEFINITIONAL_REPRESENTATION('',(#5397),#5401);
#5397 = LINE('',#5398,#5399);
#5398 = CARTESIAN_POINT('',(-6.173723145327,0.));
#5399 = VECTOR('',#5400,1.);
#5400 = DIRECTION('',(-0.,1.));
#5401 = ( GEOMETRIC_REPRESENTATION_CONTEXT(2) 
PARAMETRIC_REPRESENTATION_CONTEXT() REPRESENTATION_CONTEXT('2D SPACE',''
  ) );
#5402 = PCURVE('',#3527,#5403);
#5403 = DEFINITIONAL_REPRESENTATION('',(#5404),#5408);
#5404 = LINE('',#5405,#5406);
#5405 = CARTESIAN_POINT('',(2.414389233049,5.435));
#5406 = VECTOR('',#5407,1.);
#5407 = DIRECTION('',(0.,1.));
#5408 = ( GEOMETRIC_REPRESENTATION_CONTEXT(2) 
PARAMETRIC_REPRESENTATION_CONTEXT() REPRESENTATION_CONTEXT('2D SPACE',''
  ) );
#5409 = ORIENTED_EDGE('',*,*,#5410,.F.);
#5410 = EDGE_CURVE('',#5411,#5388,#5413,.T.);
#5411 = VERTEX_POINT('',#5412);
#5412 = CARTESIAN_POINT('',(-24.77011112898,-41.60309098452,2.615));
#5413 = SURFACE_CURVE('',#5414,(#5419,#5426),.PCURVE_S1.);
#5414 = CIRCLE('',#5415,5.95);
#5415 = AXIS2_PLACEMENT_3D('',#5416,#5417,#5418);
#5416 = CARTESIAN_POINT('',(-21.25,-36.80607966083,2.615));
#5417 = DIRECTION('',(5.627922965446E-33,1.224646799147E-16,1.));
#5418 = DIRECTION('',(-0.5,-0.866025403784,1.060575238725E-16));
#5419 = PCURVE('',#946,#5420);
#5420 = DEFINITIONAL_REPRESENTATION('',(#5421),#5425);
#5421 = LINE('',#5422,#5423);
#5422 = CARTESIAN_POINT('',(-12.56637061435,-5.435));
#5423 = VECTOR('',#5424,1.);
#5424 = DIRECTION('',(1.,-0.));
#5425 = ( GEOMETRIC_REPRESENTATION_CONTEXT(2) 
PARAMETRIC_REPRESENTATION_CONTEXT() REPRESENTATION_CONTEXT('2D SPACE',''
  ) );
#5426 = PCURVE('',#3556,#5427);
#5427 = DEFINITIONAL_REPRESENTATION('',(#5428),#5436);
#5428 = ( BOUNDED_CURVE() B_SPLINE_CURVE(2,(#5429,#5430,#5431,#5432,
#5433,#5434,#5435),.UNSPECIFIED.,.T.,.F.) B_SPLINE_CURVE_WITH_KNOTS((1,2
    ,2,2,2,1),(-2.094395102393,0.,2.094395102393,4.188790204786,
6.28318530718,8.377580409573),.UNSPECIFIED.) CURVE() 
GEOMETRIC_REPRESENTATION_ITEM() RATIONAL_B_SPLINE_CURVE((1.,0.5,1.,0.5,
1.,0.5,1.)) REPRESENTATION_ITEM('') );
#5429 = CARTESIAN_POINT('',(0.25,-2.649411363077E-15));
#5430 = CARTESIAN_POINT('',(0.25,-10.30570230503));
#5431 = CARTESIAN_POINT('',(-8.675,-5.152851152517));
#5432 = CARTESIAN_POINT('',(-17.6,-4.504996906101E-15));
#5433 = CARTESIAN_POINT('',(-8.675,5.152851152517));
#5434 = CARTESIAN_POINT('',(0.25,10.305702305035));
#5435 = CARTESIAN_POINT('',(0.25,-2.649411363077E-15));
#5436 = ( GEOMETRIC_REPRESENTATION_CONTEXT(2) 
PARAMETRIC_REPRESENTATION_CONTEXT() REPRESENTATION_CONTEXT('2D SPACE',''
  ) );
#5437 = ORIENTED_EDGE('',*,*,#5438,.F.);
#5438 = EDGE_CURVE('',#5358,#5411,#5439,.T.);
#5439 = SURFACE_CURVE('',#5440,(#5444,#5451),.PCURVE_S1.);
#5440 = LINE('',#5441,#5442);
#5441 = CARTESIAN_POINT('',(-24.77011112898,-41.60309098452,8.05));
#5442 = VECTOR('',#5443,1.);
#5443 = DIRECTION('',(0.,1.224646799147E-16,1.));
#5444 = PCURVE('',#946,#5445);
#5445 = DEFINITIONAL_REPRESENTATION('',(#5446),#5450);
#5446 = LINE('',#5447,#5448);
#5447 = CARTESIAN_POINT('',(-6.392647469032,0.));
#5448 = VECTOR('',#5449,1.);
#5449 = DIRECTION('',(-0.,1.));
#5450 = ( GEOMETRIC_REPRESENTATION_CONTEXT(2) 
PARAMETRIC_REPRESENTATION_CONTEXT() REPRESENTATION_CONTEXT('2D SPACE',''
  ) );
#5451 = PCURVE('',#3586,#5452);
#5452 = DEFINITIONAL_REPRESENTATION('',(#5453),#5457);
#5453 = LINE('',#5454,#5455);
#5454 = CARTESIAN_POINT('',(1.985610766952,5.435));
#5455 = VECTOR('',#5456,1.);
#5456 = DIRECTION('',(0.,1.));
#5457 = ( GEOMETRIC_REPRESENTATION_CONTEXT(2) 
PARAMETRIC_REPRESENTATION_CONTEXT() REPRESENTATION_CONTEXT('2D SPACE',''
  ) );
#5458 = FACE_BOUND('',#5459,.T.);
#5459 = EDGE_LOOP('',(#5460,#5490,#5513,#5541));
#5460 = ORIENTED_EDGE('',*,*,#5461,.T.);
#5461 = EDGE_CURVE('',#5462,#5464,#5466,.T.);
#5462 = VERTEX_POINT('',#5463);
#5463 = CARTESIAN_POINT('',(-24.77011112898,-41.60309098452,2.885));
#5464 = VERTEX_POINT('',#5465);
#5465 = CARTESIAN_POINT('',(-23.64427810406,-42.25309098452,2.885));
#5466 = SURFACE_CURVE('',#5467,(#5472,#5479),.PCURVE_S1.);
#5467 = CIRCLE('',#5468,5.95);
#5468 = AXIS2_PLACEMENT_3D('',#5469,#5470,#5471);
#5469 = CARTESIAN_POINT('',(-21.25,-36.80607966083,2.885));
#5470 = DIRECTION('',(5.627922965446E-33,1.224646799147E-16,1.));
#5471 = DIRECTION('',(-0.5,-0.866025403784,1.060575238725E-16));
#5472 = PCURVE('',#946,#5473);
#5473 = DEFINITIONAL_REPRESENTATION('',(#5474),#5478);
#5474 = LINE('',#5475,#5476);
#5475 = CARTESIAN_POINT('',(-12.56637061435,-5.165));
#5476 = VECTOR('',#5477,1.);
#5477 = DIRECTION('',(1.,-0.));
#5478 = ( GEOMETRIC_REPRESENTATION_CONTEXT(2) 
PARAMETRIC_REPRESENTATION_CONTEXT() REPRESENTATION_CONTEXT('2D SPACE',''
  ) );
#5479 = PCURVE('',#3619,#5480);
#5480 = DEFINITIONAL_REPRESENTATION('',(#5481),#5489);
#5481 = ( BOUNDED_CURVE() B_SPLINE_CURVE(2,(#5482,#5483,#5484,#5485,
#5486,#5487,#5488),.UNSPECIFIED.,.T.,.F.) B_SPLINE_CURVE_WITH_KNOTS((1,2
    ,2,2,2,1),(-2.094395102393,0.,2.094395102393,4.188790204786,
6.28318530718,8.377580409573),.UNSPECIFIED.) CURVE() 
GEOMETRIC_REPRESENTATION_ITEM() RATIONAL_B_SPLINE_CURVE((1.,0.5,1.,0.5,
1.,0.5,1.)) REPRESENTATION_ITEM('') );
#5482 = CARTESIAN_POINT('',(0.25,-2.649411363077E-15));
#5483 = CARTESIAN_POINT('',(0.25,-10.30570230503));
#5484 = CARTESIAN_POINT('',(-8.675,-5.152851152517));
#5485 = CARTESIAN_POINT('',(-17.6,-4.504996906101E-15));
#5486 = CARTESIAN_POINT('',(-8.675,5.152851152517));
#5487 = CARTESIAN_POINT('',(0.25,10.305702305035));
#5488 = CARTESIAN_POINT('',(0.25,-2.649411363077E-15));
#5489 = ( GEOMETRIC_REPRESENTATION_CONTEXT(2) 
PARAMETRIC_REPRESENTATION_CONTEXT() REPRESENTATION_CONTEXT('2D SPACE',''
  ) );
#5490 = ORIENTED_EDGE('',*,*,#5491,.T.);
#5491 = EDGE_CURVE('',#5464,#5492,#5494,.T.);
#5492 = VERTEX_POINT('',#5493);
#5493 = CARTESIAN_POINT('',(-23.64427810406,-42.25309098452,3.665));
#5494 = SURFACE_CURVE('',#5495,(#5499,#5506),.PCURVE_S1.);
#5495 = LINE('',#5496,#5497);
#5496 = CARTESIAN_POINT('',(-23.64427810406,-42.25309098452,8.05));
#5497 = VECTOR('',#5498,1.);
#5498 = DIRECTION('',(0.,1.224646799147E-16,1.));
#5499 = PCURVE('',#946,#5500);
#5500 = DEFINITIONAL_REPRESENTATION('',(#5501),#5505);
#5501 = LINE('',#5502,#5503);
#5502 = CARTESIAN_POINT('',(-6.173723145327,0.));
#5503 = VECTOR('',#5504,1.);
#5504 = DIRECTION('',(-0.,1.));
#5505 = ( GEOMETRIC_REPRESENTATION_CONTEXT(2) 
PARAMETRIC_REPRESENTATION_CONTEXT() REPRESENTATION_CONTEXT('2D SPACE',''
  ) );
#5506 = PCURVE('',#3651,#5507);
#5507 = DEFINITIONAL_REPRESENTATION('',(#5508),#5512);
#5508 = LINE('',#5509,#5510);
#5509 = CARTESIAN_POINT('',(2.414389233049,4.385));
#5510 = VECTOR('',#5511,1.);
#5511 = DIRECTION('',(0.,1.));
#5512 = ( GEOMETRIC_REPRESENTATION_CONTEXT(2) 
PARAMETRIC_REPRESENTATION_CONTEXT() REPRESENTATION_CONTEXT('2D SPACE',''
  ) );
#5513 = ORIENTED_EDGE('',*,*,#5514,.F.);
#5514 = EDGE_CURVE('',#5515,#5492,#5517,.T.);
#5515 = VERTEX_POINT('',#5516);
#5516 = CARTESIAN_POINT('',(-24.77011112898,-41.60309098452,3.665));
#5517 = SURFACE_CURVE('',#5518,(#5523,#5530),.PCURVE_S1.);
#5518 = CIRCLE('',#5519,5.95);
#5519 = AXIS2_PLACEMENT_3D('',#5520,#5521,#5522);
#5520 = CARTESIAN_POINT('',(-21.25,-36.80607966083,3.665));
#5521 = DIRECTION('',(5.627922965446E-33,1.224646799147E-16,1.));
#5522 = DIRECTION('',(-0.5,-0.866025403784,1.060575238725E-16));
#5523 = PCURVE('',#946,#5524);
#5524 = DEFINITIONAL_REPRESENTATION('',(#5525),#5529);
#5525 = LINE('',#5526,#5527);
#5526 = CARTESIAN_POINT('',(-12.56637061435,-4.385));
#5527 = VECTOR('',#5528,1.);
#5528 = DIRECTION('',(1.,-0.));
#5529 = ( GEOMETRIC_REPRESENTATION_CONTEXT(2) 
PARAMETRIC_REPRESENTATION_CONTEXT() REPRESENTATION_CONTEXT('2D SPACE',''
  ) );
#5530 = PCURVE('',#3680,#5531);
#5531 = DEFINITIONAL_REPRESENTATION('',(#5532),#5540);
#5532 = ( BOUNDED_CURVE() B_SPLINE_CURVE(2,(#5533,#5534,#5535,#5536,
#5537,#5538,#5539),.UNSPECIFIED.,.T.,.F.) B_SPLINE_CURVE_WITH_KNOTS((1,2
    ,2,2,2,1),(-2.094395102393,0.,2.094395102393,4.188790204786,
6.28318530718,8.377580409573),.UNSPECIFIED.) CURVE() 
GEOMETRIC_REPRESENTATION_ITEM() RATIONAL_B_SPLINE_CURVE((1.,0.5,1.,0.5,
1.,0.5,1.)) REPRESENTATION_ITEM('') );
#5533 = CARTESIAN_POINT('',(0.25,-2.649411363077E-15));
#5534 = CARTESIAN_POINT('',(0.25,-10.30570230503));
#5535 = CARTESIAN_POINT('',(-8.675,-5.152851152517));
#5536 = CARTESIAN_POINT('',(-17.6,-4.504996906101E-15));
#5537 = CARTESIAN_POINT('',(-8.675,5.152851152517));
#5538 = CARTESIAN_POINT('',(0.25,10.305702305035));
#5539 = CARTESIAN_POINT('',(0.25,-2.649411363077E-15));
#5540 = ( GEOMETRIC_REPRESENTATION_CONTEXT(2) 
PARAMETRIC_REPRESENTATION_CONTEXT() REPRESENTATION_CONTEXT('2D SPACE',''
  ) );
#5541 = ORIENTED_EDGE('',*,*,#5542,.F.);
#5542 = EDGE_CURVE('',#5462,#5515,#5543,.T.);
#5543 = SURFACE_CURVE('',#5544,(#5548,#5555),.PCURVE_S1.);
#5544 = LINE('',#5545,#5546);
#5545 = CARTESIAN_POINT('',(-24.77011112898,-41.60309098452,8.05));
#5546 = VECTOR('',#5547,1.);
#5547 = DIRECTION('',(0.,1.224646799147E-16,1.));
#5548 = PCURVE('',#946,#5549);
#5549 = DEFINITIONAL_REPRESENTATION('',(#5550),#5554);
#5550 = LINE('',#5551,#5552);
#5551 = CARTESIAN_POINT('',(-6.392647469032,0.));
#5552 = VECTOR('',#5553,1.);
#5553 = DIRECTION('',(-0.,1.));
#5554 = ( GEOMETRIC_REPRESENTATION_CONTEXT(2) 
PARAMETRIC_REPRESENTATION_CONTEXT() REPRESENTATION_CONTEXT('2D SPACE',''
  ) );
#5555 = PCURVE('',#3710,#5556);
#5556 = DEFINITIONAL_REPRESENTATION('',(#5557),#5561);
#5557 = LINE('',#5558,#5559);
#5558 = CARTESIAN_POINT('',(1.985610766952,4.385));
#5559 = VECTOR('',#5560,1.);
#5560 = DIRECTION('',(0.,1.));
#5561 = ( GEOMETRIC_REPRESENTATION_CONTEXT(2) 
PARAMETRIC_REPRESENTATION_CONTEXT() REPRESENTATION_CONTEXT('2D SPACE',''
  ) );
#5562 = FACE_BOUND('',#5563,.T.);
#5563 = EDGE_LOOP('',(#5564,#5594,#5617,#5645));
#5564 = ORIENTED_EDGE('',*,*,#5565,.T.);
#5565 = EDGE_CURVE('',#5566,#5568,#5570,.T.);
#5566 = VERTEX_POINT('',#5567);
#5567 = CARTESIAN_POINT('',(-24.77011112898,-41.60309098452,3.935));
#5568 = VERTEX_POINT('',#5569);
#5569 = CARTESIAN_POINT('',(-23.64427810406,-42.25309098452,3.935));
#5570 = SURFACE_CURVE('',#5571,(#5576,#5583),.PCURVE_S1.);
#5571 = CIRCLE('',#5572,5.95);
#5572 = AXIS2_PLACEMENT_3D('',#5573,#5574,#5575);
#5573 = CARTESIAN_POINT('',(-21.25,-36.80607966083,3.935));
#5574 = DIRECTION('',(5.627922965446E-33,1.224646799147E-16,1.));
#5575 = DIRECTION('',(-0.5,-0.866025403784,1.060575238725E-16));
#5576 = PCURVE('',#946,#5577);
#5577 = DEFINITIONAL_REPRESENTATION('',(#5578),#5582);
#5578 = LINE('',#5579,#5580);
#5579 = CARTESIAN_POINT('',(-12.56637061435,-4.115));
#5580 = VECTOR('',#5581,1.);
#5581 = DIRECTION('',(1.,-0.));
#5582 = ( GEOMETRIC_REPRESENTATION_CONTEXT(2) 
PARAMETRIC_REPRESENTATION_CONTEXT() REPRESENTATION_CONTEXT('2D SPACE',''
  ) );
#5583 = PCURVE('',#3743,#5584);
#5584 = DEFINITIONAL_REPRESENTATION('',(#5585),#5593);
#5585 = ( BOUNDED_CURVE() B_SPLINE_CURVE(2,(#5586,#5587,#5588,#5589,
#5590,#5591,#5592),.UNSPECIFIED.,.T.,.F.) B_SPLINE_CURVE_WITH_KNOTS((1,2
    ,2,2,2,1),(-2.094395102393,0.,2.094395102393,4.188790204786,
6.28318530718,8.377580409573),.UNSPECIFIED.) CURVE() 
GEOMETRIC_REPRESENTATION_ITEM() RATIONAL_B_SPLINE_CURVE((1.,0.5,1.,0.5,
1.,0.5,1.)) REPRESENTATION_ITEM('') );
#5586 = CARTESIAN_POINT('',(0.25,-2.649411363077E-15));
#5587 = CARTESIAN_POINT('',(0.25,-10.30570230503));
#5588 = CARTESIAN_POINT('',(-8.675,-5.152851152517));
#5589 = CARTESIAN_POINT('',(-17.6,-4.504996906101E-15));
#5590 = CARTESIAN_POINT('',(-8.675,5.152851152517));
#5591 = CARTESIAN_POINT('',(0.25,10.305702305035));
#5592 = CARTESIAN_POINT('',(0.25,-2.649411363077E-15));
#5593 = ( GEOMETRIC_REPRESENTATION_CONTEXT(2) 
PARAMETRIC_REPRESENTATION_CONTEXT() REPRESENTATION_CONTEXT('2D SPACE',''
  ) );
#5594 = ORIENTED_EDGE('',*,*,#5595,.T.);
#5595 = EDGE_CURVE('',#5568,#5596,#5598,.T.);
#5596 = VERTEX_POINT('',#5597);
#5597 = CARTESIAN_POINT('',(-23.64427810406,-42.25309098452,4.715));
#5598 = SURFACE_CURVE('',#5599,(#5603,#5610),.PCURVE_S1.);
#5599 = LINE('',#5600,#5601);
#5600 = CARTESIAN_POINT('',(-23.64427810406,-42.25309098452,8.05));
#5601 = VECTOR('',#5602,1.);
#5602 = DIRECTION('',(0.,1.224646799147E-16,1.));
#5603 = PCURVE('',#946,#5604);
#5604 = DEFINITIONAL_REPRESENTATION('',(#5605),#5609);
#5605 = LINE('',#5606,#5607);
#5606 = CARTESIAN_POINT('',(-6.173723145327,0.));
#5607 = VECTOR('',#5608,1.);
#5608 = DIRECTION('',(-0.,1.));
#5609 = ( GEOMETRIC_REPRESENTATION_CONTEXT(2) 
PARAMETRIC_REPRESENTATION_CONTEXT() REPRESENTATION_CONTEXT('2D SPACE',''
  ) );
#5610 = PCURVE('',#3775,#5611);
#5611 = DEFINITIONAL_REPRESENTATION('',(#5612),#5616);
#5612 = LINE('',#5613,#5614);
#5613 = CARTESIAN_POINT('',(2.414389233049,3.335));
#5614 = VECTOR('',#5615,1.);
#5615 = DIRECTION('',(0.,1.));
#5616 = ( GEOMETRIC_REPRESENTATION_CONTEXT(2) 
PARAMETRIC_REPRESENTATION_CONTEXT() REPRESENTATION_CONTEXT('2D SPACE',''
  ) );
#5617 = ORIENTED_EDGE('',*,*,#5618,.F.);
#5618 = EDGE_CURVE('',#5619,#5596,#5621,.T.);
#5619 = VERTEX_POINT('',#5620);
#5620 = CARTESIAN_POINT('',(-24.77011112898,-41.60309098452,4.715));
#5621 = SURFACE_CURVE('',#5622,(#5627,#5634),.PCURVE_S1.);
#5622 = CIRCLE('',#5623,5.95);
#5623 = AXIS2_PLACEMENT_3D('',#5624,#5625,#5626);
#5624 = CARTESIAN_POINT('',(-21.25,-36.80607966083,4.715));
#5625 = DIRECTION('',(5.627922965446E-33,1.224646799147E-16,1.));
#5626 = DIRECTION('',(-0.5,-0.866025403784,1.060575238725E-16));
#5627 = PCURVE('',#946,#5628);
#5628 = DEFINITIONAL_REPRESENTATION('',(#5629),#5633);
#5629 = LINE('',#5630,#5631);
#5630 = CARTESIAN_POINT('',(-12.56637061435,-3.335));
#5631 = VECTOR('',#5632,1.);
#5632 = DIRECTION('',(1.,-0.));
#5633 = ( GEOMETRIC_REPRESENTATION_CONTEXT(2) 
PARAMETRIC_REPRESENTATION_CONTEXT() REPRESENTATION_CONTEXT('2D SPACE',''
  ) );
#5634 = PCURVE('',#3804,#5635);
#5635 = DEFINITIONAL_REPRESENTATION('',(#5636),#5644);
#5636 = ( BOUNDED_CURVE() B_SPLINE_CURVE(2,(#5637,#5638,#5639,#5640,
#5641,#5642,#5643),.UNSPECIFIED.,.T.,.F.) B_SPLINE_CURVE_WITH_KNOTS((1,2
    ,2,2,2,1),(-2.094395102393,0.,2.094395102393,4.188790204786,
6.28318530718,8.377580409573),.UNSPECIFIED.) CURVE() 
GEOMETRIC_REPRESENTATION_ITEM() RATIONAL_B_SPLINE_CURVE((1.,0.5,1.,0.5,
1.,0.5,1.)) REPRESENTATION_ITEM('') );
#5637 = CARTESIAN_POINT('',(0.25,-2.649411363077E-15));
#5638 = CARTESIAN_POINT('',(0.25,-10.30570230503));
#5639 = CARTESIAN_POINT('',(-8.675,-5.152851152517));
#5640 = CARTESIAN_POINT('',(-17.6,-4.504996906101E-15));
#5641 = CARTESIAN_POINT('',(-8.675,5.152851152517));
#5642 = CARTESIAN_POINT('',(0.25,10.305702305035));
#5643 = CARTESIAN_POINT('',(0.25,-2.649411363077E-15));
#5644 = ( GEOMETRIC_REPRESENTATION_CONTEXT(2) 
PARAMETRIC_REPRESENTATION_CONTEXT() REPRESENTATION_CONTEXT('2D SPACE',''
  ) );
#5645 = ORIENTED_EDGE('',*,*,#5646,.F.);
#5646 = EDGE_CURVE('',#5566,#5619,#5647,.T.);
#5647 = SURFACE_CURVE('',#5648,(#5652,#5659),.PCURVE_S1.);
#5648 = LINE('',#5649,#5650);
#5649 = CARTESIAN_POINT('',(-24.77011112898,-41.60309098452,8.05));
#5650 = VECTOR('',#5651,1.);
#5651 = DIRECTION('',(0.,1.224646799147E-16,1.));
#5652 = PCURVE('',#946,#5653);
#5653 = DEFINITIONAL_REPRESENTATION('',(#5654),#5658);
#5654 = LINE('',#5655,#5656);
#5655 = CARTESIAN_POINT('',(-6.392647469032,0.));
#5656 = VECTOR('',#5657,1.);
#5657 = DIRECTION('',(-0.,1.));
#5658 = ( GEOMETRIC_REPRESENTATION_CONTEXT(2) 
PARAMETRIC_REPRESENTATION_CONTEXT() REPRESENTATION_CONTEXT('2D SPACE',''
  ) );
#5659 = PCURVE('',#3834,#5660);
#5660 = DEFINITIONAL_REPRESENTATION('',(#5661),#5665);
#5661 = LINE('',#5662,#5663);
#5662 = CARTESIAN_POINT('',(1.985610766952,3.335));
#5663 = VECTOR('',#5664,1.);
#5664 = DIRECTION('',(0.,1.));
#5665 = ( GEOMETRIC_REPRESENTATION_CONTEXT(2) 
PARAMETRIC_REPRESENTATION_CONTEXT() REPRESENTATION_CONTEXT('2D SPACE',''
  ) );
#5666 = FACE_BOUND('',#5667,.T.);
#5667 = EDGE_LOOP('',(#5668,#5698,#5721,#5749));
#5668 = ORIENTED_EDGE('',*,*,#5669,.T.);
#5669 = EDGE_CURVE('',#5670,#5672,#5674,.T.);
#5670 = VERTEX_POINT('',#5671);
#5671 = CARTESIAN_POINT('',(-24.77011112898,-41.60309098452,4.985));
#5672 = VERTEX_POINT('',#5673);
#5673 = CARTESIAN_POINT('',(-23.64427810406,-42.25309098452,4.985));
#5674 = SURFACE_CURVE('',#5675,(#5680,#5687),.PCURVE_S1.);
#5675 = CIRCLE('',#5676,5.95);
#5676 = AXIS2_PLACEMENT_3D('',#5677,#5678,#5679);
#5677 = CARTESIAN_POINT('',(-21.25,-36.80607966083,4.985));
#5678 = DIRECTION('',(5.627922965446E-33,1.224646799147E-16,1.));
#5679 = DIRECTION('',(-0.5,-0.866025403784,1.060575238725E-16));
#5680 = PCURVE('',#946,#5681);
#5681 = DEFINITIONAL_REPRESENTATION('',(#5682),#5686);
#5682 = LINE('',#5683,#5684);
#5683 = CARTESIAN_POINT('',(-12.56637061435,-3.065));
#5684 = VECTOR('',#5685,1.);
#5685 = DIRECTION('',(1.,-0.));
#5686 = ( GEOMETRIC_REPRESENTATION_CONTEXT(2) 
PARAMETRIC_REPRESENTATION_CONTEXT() REPRESENTATION_CONTEXT('2D SPACE',''
  ) );
#5687 = PCURVE('',#3867,#5688);
#5688 = DEFINITIONAL_REPRESENTATION('',(#5689),#5697);
#5689 = ( BOUNDED_CURVE() B_SPLINE_CURVE(2,(#5690,#5691,#5692,#5693,
#5694,#5695,#5696),.UNSPECIFIED.,.T.,.F.) B_SPLINE_CURVE_WITH_KNOTS((1,2
    ,2,2,2,1),(-2.094395102393,0.,2.094395102393,4.188790204786,
6.28318530718,8.377580409573),.UNSPECIFIED.) CURVE() 
GEOMETRIC_REPRESENTATION_ITEM() RATIONAL_B_SPLINE_CURVE((1.,0.5,1.,0.5,
1.,0.5,1.)) REPRESENTATION_ITEM('') );
#5690 = CARTESIAN_POINT('',(0.25,-2.649411363077E-15));
#5691 = CARTESIAN_POINT('',(0.25,-10.30570230503));
#5692 = CARTESIAN_POINT('',(-8.675,-5.152851152517));
#5693 = CARTESIAN_POINT('',(-17.6,-4.504996906101E-15));
#5694 = CARTESIAN_POINT('',(-8.675,5.152851152517));
#5695 = CARTESIAN_POINT('',(0.25,10.305702305035));
#5696 = CARTESIAN_POINT('',(0.25,-2.649411363077E-15));
#5697 = ( GEOMETRIC_REPRESENTATION_CONTEXT(2) 
PARAMETRIC_REPRESENTATION_CONTEXT() REPRESENTATION_CONTEXT('2D SPACE',''
  ) );
#5698 = ORIENTED_EDGE('',*,*,#5699,.T.);
#5699 = EDGE_CURVE('',#5672,#5700,#5702,.T.);
#5700 = VERTEX_POINT('',#5701);
#5701 = CARTESIAN_POINT('',(-23.64427810406,-42.25309098452,5.765));
#5702 = SURFACE_CURVE('',#5703,(#5707,#5714),.PCURVE_S1.);
#5703 = LINE('',#5704,#5705);
#5704 = CARTESIAN_POINT('',(-23.64427810406,-42.25309098452,8.05));
#5705 = VECTOR('',#5706,1.);
#5706 = DIRECTION('',(0.,1.224646799147E-16,1.));
#5707 = PCURVE('',#946,#5708);
#5708 = DEFINITIONAL_REPRESENTATION('',(#5709),#5713);
#5709 = LINE('',#5710,#5711);
#5710 = CARTESIAN_POINT('',(-6.173723145327,0.));
#5711 = VECTOR('',#5712,1.);
#5712 = DIRECTION('',(-0.,1.));
#5713 = ( GEOMETRIC_REPRESENTATION_CONTEXT(2) 
PARAMETRIC_REPRESENTATION_CONTEXT() REPRESENTATION_CONTEXT('2D SPACE',''
  ) );
#5714 = PCURVE('',#3899,#5715);
#5715 = DEFINITIONAL_REPRESENTATION('',(#5716),#5720);
#5716 = LINE('',#5717,#5718);
#5717 = CARTESIAN_POINT('',(2.414389233049,2.285));
#5718 = VECTOR('',#5719,1.);
#5719 = DIRECTION('',(0.,1.));
#5720 = ( GEOMETRIC_REPRESENTATION_CONTEXT(2) 
PARAMETRIC_REPRESENTATION_CONTEXT() REPRESENTATION_CONTEXT('2D SPACE',''
  ) );
#5721 = ORIENTED_EDGE('',*,*,#5722,.F.);
#5722 = EDGE_CURVE('',#5723,#5700,#5725,.T.);
#5723 = VERTEX_POINT('',#5724);
#5724 = CARTESIAN_POINT('',(-24.77011112898,-41.60309098452,5.765));
#5725 = SURFACE_CURVE('',#5726,(#5731,#5738),.PCURVE_S1.);
#5726 = CIRCLE('',#5727,5.95);
#5727 = AXIS2_PLACEMENT_3D('',#5728,#5729,#5730);
#5728 = CARTESIAN_POINT('',(-21.25,-36.80607966083,5.765));
#5729 = DIRECTION('',(5.627922965446E-33,1.224646799147E-16,1.));
#5730 = DIRECTION('',(-0.5,-0.866025403784,1.060575238725E-16));
#5731 = PCURVE('',#946,#5732);
#5732 = DEFINITIONAL_REPRESENTATION('',(#5733),#5737);
#5733 = LINE('',#5734,#5735);
#5734 = CARTESIAN_POINT('',(-12.56637061435,-2.285));
#5735 = VECTOR('',#5736,1.);
#5736 = DIRECTION('',(1.,-0.));
#5737 = ( GEOMETRIC_REPRESENTATION_CONTEXT(2) 
PARAMETRIC_REPRESENTATION_CONTEXT() REPRESENTATION_CONTEXT('2D SPACE',''
  ) );
#5738 = PCURVE('',#3928,#5739);
#5739 = DEFINITIONAL_REPRESENTATION('',(#5740),#5748);
#5740 = ( BOUNDED_CURVE() B_SPLINE_CURVE(2,(#5741,#5742,#5743,#5744,
#5745,#5746,#5747),.UNSPECIFIED.,.T.,.F.) B_SPLINE_CURVE_WITH_KNOTS((1,2
    ,2,2,2,1),(-2.094395102393,0.,2.094395102393,4.188790204786,
6.28318530718,8.377580409573),.UNSPECIFIED.) CURVE() 
GEOMETRIC_REPRESENTATION_ITEM() RATIONAL_B_SPLINE_CURVE((1.,0.5,1.,0.5,
1.,0.5,1.)) REPRESENTATION_ITEM('') );
#5741 = CARTESIAN_POINT('',(0.25,-2.649411363077E-15));
#5742 = CARTESIAN_POINT('',(0.25,-10.30570230503));
#5743 = CARTESIAN_POINT('',(-8.675,-5.152851152517));
#5744 = CARTESIAN_POINT('',(-17.6,-4.504996906101E-15));
#5745 = CARTESIAN_POINT('',(-8.675,5.152851152517));
#5746 = CARTESIAN_POINT('',(0.25,10.305702305035));
#5747 = CARTESIAN_POINT('',(0.25,-2.649411363077E-15));
#5748 = ( GEOMETRIC_REPRESENTATION_CONTEXT(2) 
PARAMETRIC_REPRESENTATION_CONTEXT() REPRESENTATION_CONTEXT('2D SPACE',''
  ) );
#5749 = ORIENTED_EDGE('',*,*,#5750,.F.);
#5750 = EDGE_CURVE('',#5670,#5723,#5751,.T.);
#5751 = SURFACE_CURVE('',#5752,(#5756,#5763),.PCURVE_S1.);
#5752 = LINE('',#5753,#5754);
#5753 = CARTESIAN_POINT('',(-24.77011112898,-41.60309098452,8.05));
#5754 = VECTOR('',#5755,1.);
#5755 = DIRECTION('',(0.,1.224646799147E-16,1.));
#5756 = PCURVE('',#946,#5757);
#5757 = DEFINITIONAL_REPRESENTATION('',(#5758),#5762);
#5758 = LINE('',#5759,#5760);
#5759 = CARTESIAN_POINT('',(-6.392647469032,0.));
#5760 = VECTOR('',#5761,1.);
#5761 = DIRECTION('',(-0.,1.));
#5762 = ( GEOMETRIC_REPRESENTATION_CONTEXT(2) 
PARAMETRIC_REPRESENTATION_CONTEXT() REPRESENTATION_CONTEXT('2D SPACE',''
  ) );
#5763 = PCURVE('',#3958,#5764);
#5764 = DEFINITIONAL_REPRESENTATION('',(#5765),#5769);
#5765 = LINE('',#5766,#5767);
#5766 = CARTESIAN_POINT('',(1.985610766952,2.285));
#5767 = VECTOR('',#5768,1.);
#5768 = DIRECTION('',(0.,1.));
#5769 = ( GEOMETRIC_REPRESENTATION_CONTEXT(2) 
PARAMETRIC_REPRESENTATION_CONTEXT() REPRESENTATION_CONTEXT('2D SPACE',''
  ) );
#5770 = FACE_BOUND('',#5771,.T.);
#5771 = EDGE_LOOP('',(#5772,#5802,#5825,#5853));
#5772 = ORIENTED_EDGE('',*,*,#5773,.T.);
#5773 = EDGE_CURVE('',#5774,#5776,#5778,.T.);
#5774 = VERTEX_POINT('',#5775);
#5775 = CARTESIAN_POINT('',(-24.77011112898,-41.60309098452,6.035));
#5776 = VERTEX_POINT('',#5777);
#5777 = CARTESIAN_POINT('',(-23.64427810406,-42.25309098452,6.035));
#5778 = SURFACE_CURVE('',#5779,(#5784,#5791),.PCURVE_S1.);
#5779 = CIRCLE('',#5780,5.95);
#5780 = AXIS2_PLACEMENT_3D('',#5781,#5782,#5783);
#5781 = CARTESIAN_POINT('',(-21.25,-36.80607966083,6.035));
#5782 = DIRECTION('',(5.627922965446E-33,1.224646799147E-16,1.));
#5783 = DIRECTION('',(-0.5,-0.866025403784,1.060575238725E-16));
#5784 = PCURVE('',#946,#5785);
#5785 = DEFINITIONAL_REPRESENTATION('',(#5786),#5790);
#5786 = LINE('',#5787,#5788);
#5787 = CARTESIAN_POINT('',(-12.56637061435,-2.015));
#5788 = VECTOR('',#5789,1.);
#5789 = DIRECTION('',(1.,-0.));
#5790 = ( GEOMETRIC_REPRESENTATION_CONTEXT(2) 
PARAMETRIC_REPRESENTATION_CONTEXT() REPRESENTATION_CONTEXT('2D SPACE',''
  ) );
#5791 = PCURVE('',#3991,#5792);
#5792 = DEFINITIONAL_REPRESENTATION('',(#5793),#5801);
#5793 = ( BOUNDED_CURVE() B_SPLINE_CURVE(2,(#5794,#5795,#5796,#5797,
#5798,#5799,#5800),.UNSPECIFIED.,.T.,.F.) B_SPLINE_CURVE_WITH_KNOTS((1,2
    ,2,2,2,1),(-2.094395102393,0.,2.094395102393,4.188790204786,
6.28318530718,8.377580409573),.UNSPECIFIED.) CURVE() 
GEOMETRIC_REPRESENTATION_ITEM() RATIONAL_B_SPLINE_CURVE((1.,0.5,1.,0.5,
1.,0.5,1.)) REPRESENTATION_ITEM('') );
#5794 = CARTESIAN_POINT('',(0.25,-2.649411363077E-15));
#5795 = CARTESIAN_POINT('',(0.25,-10.30570230503));
#5796 = CARTESIAN_POINT('',(-8.675,-5.152851152517));
#5797 = CARTESIAN_POINT('',(-17.6,-4.504996906101E-15));
#5798 = CARTESIAN_POINT('',(-8.675,5.152851152517));
#5799 = CARTESIAN_POINT('',(0.25,10.305702305035));
#5800 = CARTESIAN_POINT('',(0.25,-2.649411363077E-15));
#5801 = ( GEOMETRIC_REPRESENTATION_CONTEXT(2) 
PARAMETRIC_REPRESENTATION_CONTEXT() REPRESENTATION_CONTEXT('2D SPACE',''
  ) );
#5802 = ORIENTED_EDGE('',*,*,#5803,.T.);
#5803 = EDGE_CURVE('',#5776,#5804,#5806,.T.);
#5804 = VERTEX_POINT('',#5805);
#5805 = CARTESIAN_POINT('',(-23.64427810406,-42.25309098452,6.815));
#5806 = SURFACE_CURVE('',#5807,(#5811,#5818),.PCURVE_S1.);
#5807 = LINE('',#5808,#5809);
#5808 = CARTESIAN_POINT('',(-23.64427810406,-42.25309098452,8.05));
#5809 = VECTOR('',#5810,1.);
#5810 = DIRECTION('',(0.,1.224646799147E-16,1.));
#5811 = PCURVE('',#946,#5812);
#5812 = DEFINITIONAL_REPRESENTATION('',(#5813),#5817);
#5813 = LINE('',#5814,#5815);
#5814 = CARTESIAN_POINT('',(-6.173723145327,0.));
#5815 = VECTOR('',#5816,1.);
#5816 = DIRECTION('',(-0.,1.));
#5817 = ( GEOMETRIC_REPRESENTATION_CONTEXT(2) 
PARAMETRIC_REPRESENTATION_CONTEXT() REPRESENTATION_CONTEXT('2D SPACE',''
  ) );
#5818 = PCURVE('',#4023,#5819);
#5819 = DEFINITIONAL_REPRESENTATION('',(#5820),#5824);
#5820 = LINE('',#5821,#5822);
#5821 = CARTESIAN_POINT('',(2.414389233049,1.235));
#5822 = VECTOR('',#5823,1.);
#5823 = DIRECTION('',(0.,1.));
#5824 = ( GEOMETRIC_REPRESENTATION_CONTEXT(2) 
PARAMETRIC_REPRESENTATION_CONTEXT() REPRESENTATION_CONTEXT('2D SPACE',''
  ) );
#5825 = ORIENTED_EDGE('',*,*,#5826,.F.);
#5826 = EDGE_CURVE('',#5827,#5804,#5829,.T.);
#5827 = VERTEX_POINT('',#5828);
#5828 = CARTESIAN_POINT('',(-24.77011112898,-41.60309098452,6.815));
#5829 = SURFACE_CURVE('',#5830,(#5835,#5842),.PCURVE_S1.);
#5830 = CIRCLE('',#5831,5.95);
#5831 = AXIS2_PLACEMENT_3D('',#5832,#5833,#5834);
#5832 = CARTESIAN_POINT('',(-21.25,-36.80607966083,6.815));
#5833 = DIRECTION('',(5.627922965446E-33,1.224646799147E-16,1.));
#5834 = DIRECTION('',(-0.5,-0.866025403784,1.060575238725E-16));
#5835 = PCURVE('',#946,#5836);
#5836 = DEFINITIONAL_REPRESENTATION('',(#5837),#5841);
#5837 = LINE('',#5838,#5839);
#5838 = CARTESIAN_POINT('',(-12.56637061435,-1.235));
#5839 = VECTOR('',#5840,1.);
#5840 = DIRECTION('',(1.,-0.));
#5841 = ( GEOMETRIC_REPRESENTATION_CONTEXT(2) 
PARAMETRIC_REPRESENTATION_CONTEXT() REPRESENTATION_CONTEXT('2D SPACE',''
  ) );
#5842 = PCURVE('',#4052,#5843);
#5843 = DEFINITIONAL_REPRESENTATION('',(#5844),#5852);
#5844 = ( BOUNDED_CURVE() B_SPLINE_CURVE(2,(#5845,#5846,#5847,#5848,
#5849,#5850,#5851),.UNSPECIFIED.,.T.,.F.) B_SPLINE_CURVE_WITH_KNOTS((1,2
    ,2,2,2,1),(-2.094395102393,0.,2.094395102393,4.188790204786,
6.28318530718,8.377580409573),.UNSPECIFIED.) CURVE() 
GEOMETRIC_REPRESENTATION_ITEM() RATIONAL_B_SPLINE_CURVE((1.,0.5,1.,0.5,
1.,0.5,1.)) REPRESENTATION_ITEM('') );
#5845 = CARTESIAN_POINT('',(0.25,-2.649411363077E-15));
#5846 = CARTESIAN_POINT('',(0.25,-10.30570230503));
#5847 = CARTESIAN_POINT('',(-8.675,-5.152851152517));
#5848 = CARTESIAN_POINT('',(-17.6,-4.504996906101E-15));
#5849 = CARTESIAN_POINT('',(-8.675,5.152851152517));
#5850 = CARTESIAN_POINT('',(0.25,10.305702305035));
#5851 = CARTESIAN_POINT('',(0.25,-2.649411363077E-15));
#5852 = ( GEOMETRIC_REPRESENTATION_CONTEXT(2) 
PARAMETRIC_REPRESENTATION_CONTEXT() REPRESENTATION_CONTEXT('2D SPACE',''
  ) );
#5853 = ORIENTED_EDGE('',*,*,#5854,.F.);
#5854 = EDGE_CURVE('',#5774,#5827,#5855,.T.);
#5855 = SURFACE_CURVE('',#5856,(#5860,#5867),.PCURVE_S1.);
#5856 = LINE('',#5857,#5858);
#5857 = CARTESIAN_POINT('',(-24.77011112898,-41.60309098452,8.05));
#5858 = VECTOR('',#5859,1.);
#5859 = DIRECTION('',(0.,1.224646799147E-16,1.));
#5860 = PCURVE('',#946,#5861);
#5861 = DEFINITIONAL_REPRESENTATION('',(#5862),#5866);
#5862 = LINE('',#5863,#5864);
#5863 = CARTESIAN_POINT('',(-6.392647469032,0.));
#5864 = VECTOR('',#5865,1.);
#5865 = DIRECTION('',(-0.,1.));
#5866 = ( GEOMETRIC_REPRESENTATION_CONTEXT(2) 
PARAMETRIC_REPRESENTATION_CONTEXT() REPRESENTATION_CONTEXT('2D SPACE',''
  ) );
#5867 = PCURVE('',#4082,#5868);
#5868 = DEFINITIONAL_REPRESENTATION('',(#5869),#5873);
#5869 = LINE('',#5870,#5871);
#5870 = CARTESIAN_POINT('',(1.985610766952,1.235));
#5871 = VECTOR('',#5872,1.);
#5872 = DIRECTION('',(0.,1.));
#5873 = ( GEOMETRIC_REPRESENTATION_CONTEXT(2) 
PARAMETRIC_REPRESENTATION_CONTEXT() REPRESENTATION_CONTEXT('2D SPACE',''
  ) );
#5874 = FACE_BOUND('',#5875,.T.);
#5875 = EDGE_LOOP('',(#5876,#5906,#5929,#5957));
#5876 = ORIENTED_EDGE('',*,*,#5877,.T.);
#5877 = EDGE_CURVE('',#5878,#5880,#5882,.T.);
#5878 = VERTEX_POINT('',#5879);
#5879 = CARTESIAN_POINT('',(-24.77011112898,-41.60309098452,7.085));
#5880 = VERTEX_POINT('',#5881);
#5881 = CARTESIAN_POINT('',(-23.64427810406,-42.25309098452,7.085));
#5882 = SURFACE_CURVE('',#5883,(#5888,#5895),.PCURVE_S1.);
#5883 = CIRCLE('',#5884,5.95);
#5884 = AXIS2_PLACEMENT_3D('',#5885,#5886,#5887);
#5885 = CARTESIAN_POINT('',(-21.25,-36.80607966083,7.085));
#5886 = DIRECTION('',(5.627922965446E-33,1.224646799147E-16,1.));
#5887 = DIRECTION('',(-0.5,-0.866025403784,1.060575238725E-16));
#5888 = PCURVE('',#946,#5889);
#5889 = DEFINITIONAL_REPRESENTATION('',(#5890),#5894);
#5890 = LINE('',#5891,#5892);
#5891 = CARTESIAN_POINT('',(-12.56637061435,-0.965));
#5892 = VECTOR('',#5893,1.);
#5893 = DIRECTION('',(1.,-0.));
#5894 = ( GEOMETRIC_REPRESENTATION_CONTEXT(2) 
PARAMETRIC_REPRESENTATION_CONTEXT() REPRESENTATION_CONTEXT('2D SPACE',''
  ) );
#5895 = PCURVE('',#4115,#5896);
#5896 = DEFINITIONAL_REPRESENTATION('',(#5897),#5905);
#5897 = ( BOUNDED_CURVE() B_SPLINE_CURVE(2,(#5898,#5899,#5900,#5901,
#5902,#5903,#5904),.UNSPECIFIED.,.T.,.F.) B_SPLINE_CURVE_WITH_KNOTS((1,2
    ,2,2,2,1),(-2.094395102393,0.,2.094395102393,4.188790204786,
6.28318530718,8.377580409573),.UNSPECIFIED.) CURVE() 
GEOMETRIC_REPRESENTATION_ITEM() RATIONAL_B_SPLINE_CURVE((1.,0.5,1.,0.5,
1.,0.5,1.)) REPRESENTATION_ITEM('') );
#5898 = CARTESIAN_POINT('',(0.25,-2.649411363077E-15));
#5899 = CARTESIAN_POINT('',(0.25,-10.30570230503));
#5900 = CARTESIAN_POINT('',(-8.675,-5.152851152517));
#5901 = CARTESIAN_POINT('',(-17.6,-4.504996906101E-15));
#5902 = CARTESIAN_POINT('',(-8.675,5.152851152517));
#5903 = CARTESIAN_POINT('',(0.25,10.305702305035));
#5904 = CARTESIAN_POINT('',(0.25,-2.649411363077E-15));
#5905 = ( GEOMETRIC_REPRESENTATION_CONTEXT(2) 
PARAMETRIC_REPRESENTATION_CONTEXT() REPRESENTATION_CONTEXT('2D SPACE',''
  ) );
#5906 = ORIENTED_EDGE('',*,*,#5907,.T.);
#5907 = EDGE_CURVE('',#5880,#5908,#5910,.T.);
#5908 = VERTEX_POINT('',#5909);
#5909 = CARTESIAN_POINT('',(-23.64427810406,-42.25309098452,7.865));
#5910 = SURFACE_CURVE('',#5911,(#5915,#5922),.PCURVE_S1.);
#5911 = LINE('',#5912,#5913);
#5912 = CARTESIAN_POINT('',(-23.64427810406,-42.25309098452,8.05));
#5913 = VECTOR('',#5914,1.);
#5914 = DIRECTION('',(0.,1.224646799147E-16,1.));
#5915 = PCURVE('',#946,#5916);
#5916 = DEFINITIONAL_REPRESENTATION('',(#5917),#5921);
#5917 = LINE('',#5918,#5919);
#5918 = CARTESIAN_POINT('',(-6.173723145327,0.));
#5919 = VECTOR('',#5920,1.);
#5920 = DIRECTION('',(-0.,1.));
#5921 = ( GEOMETRIC_REPRESENTATION_CONTEXT(2) 
PARAMETRIC_REPRESENTATION_CONTEXT() REPRESENTATION_CONTEXT('2D SPACE',''
  ) );
#5922 = PCURVE('',#4147,#5923);
#5923 = DEFINITIONAL_REPRESENTATION('',(#5924),#5928);
#5924 = LINE('',#5925,#5926);
#5925 = CARTESIAN_POINT('',(2.414389233049,0.185));
#5926 = VECTOR('',#5927,1.);
#5927 = DIRECTION('',(0.,1.));
#5928 = ( GEOMETRIC_REPRESENTATION_CONTEXT(2) 
PARAMETRIC_REPRESENTATION_CONTEXT() REPRESENTATION_CONTEXT('2D SPACE',''
  ) );
#5929 = ORIENTED_EDGE('',*,*,#5930,.F.);
#5930 = EDGE_CURVE('',#5931,#5908,#5933,.T.);
#5931 = VERTEX_POINT('',#5932);
#5932 = CARTESIAN_POINT('',(-24.77011112898,-41.60309098452,7.865));
#5933 = SURFACE_CURVE('',#5934,(#5939,#5946),.PCURVE_S1.);
#5934 = CIRCLE('',#5935,5.95);
#5935 = AXIS2_PLACEMENT_3D('',#5936,#5937,#5938);
#5936 = CARTESIAN_POINT('',(-21.25,-36.80607966083,7.865));
#5937 = DIRECTION('',(5.627922965446E-33,1.224646799147E-16,1.));
#5938 = DIRECTION('',(-0.5,-0.866025403784,1.060575238725E-16));
#5939 = PCURVE('',#946,#5940);
#5940 = DEFINITIONAL_REPRESENTATION('',(#5941),#5945);
#5941 = LINE('',#5942,#5943);
#5942 = CARTESIAN_POINT('',(-12.56637061435,-0.185));
#5943 = VECTOR('',#5944,1.);
#5944 = DIRECTION('',(1.,-0.));
#5945 = ( GEOMETRIC_REPRESENTATION_CONTEXT(2) 
PARAMETRIC_REPRESENTATION_CONTEXT() REPRESENTATION_CONTEXT('2D SPACE',''
  ) );
#5946 = PCURVE('',#4176,#5947);
#5947 = DEFINITIONAL_REPRESENTATION('',(#5948),#5956);
#5948 = ( BOUNDED_CURVE() B_SPLINE_CURVE(2,(#5949,#5950,#5951,#5952,
#5953,#5954,#5955),.UNSPECIFIED.,.T.,.F.) B_SPLINE_CURVE_WITH_KNOTS((1,2
    ,2,2,2,1),(-2.094395102393,0.,2.094395102393,4.188790204786,
6.28318530718,8.377580409573),.UNSPECIFIED.) CURVE() 
GEOMETRIC_REPRESENTATION_ITEM() RATIONAL_B_SPLINE_CURVE((1.,0.5,1.,0.5,
1.,0.5,1.)) REPRESENTATION_ITEM('') );
#5949 = CARTESIAN_POINT('',(0.25,-2.649411363077E-15));
#5950 = CARTESIAN_POINT('',(0.25,-10.30570230503));
#5951 = CARTESIAN_POINT('',(-8.675,-5.152851152517));
#5952 = CARTESIAN_POINT('',(-17.6,-4.504996906101E-15));
#5953 = CARTESIAN_POINT('',(-8.675,5.152851152517));
#5954 = CARTESIAN_POINT('',(0.25,10.305702305035));
#5955 = CARTESIAN_POINT('',(0.25,-2.649411363077E-15));
#5956 = ( GEOMETRIC_REPRESENTATION_CONTEXT(2) 
PARAMETRIC_REPRESENTATION_CONTEXT() REPRESENTATION_CONTEXT('2D SPACE',''
  ) );
#5957 = ORIENTED_EDGE('',*,*,#5958,.F.);
#5958 = EDGE_CURVE('',#5878,#5931,#5959,.T.);
#5959 = SURFACE_CURVE('',#5960,(#5964,#5971),.PCURVE_S1.);
#5960 = LINE('',#5961,#5962);
#5961 = CARTESIAN_POINT('',(-24.77011112898,-41.60309098452,8.05));
#5962 = VECTOR('',#5963,1.);
#5963 = DIRECTION('',(0.,1.224646799147E-16,1.));
#5964 = PCURVE('',#946,#5965);
#5965 = DEFINITIONAL_REPRESENTATION('',(#5966),#5970);
#5966 = LINE('',#5967,#5968);
#5967 = CARTESIAN_POINT('',(-6.392647469032,0.));
#5968 = VECTOR('',#5969,1.);
#5969 = DIRECTION('',(-0.,1.));
#5970 = ( GEOMETRIC_REPRESENTATION_CONTEXT(2) 
PARAMETRIC_REPRESENTATION_CONTEXT() REPRESENTATION_CONTEXT('2D SPACE',''
  ) );
#5971 = PCURVE('',#4206,#5972);
#5972 = DEFINITIONAL_REPRESENTATION('',(#5973),#5977);
#5973 = LINE('',#5974,#5975);
#5974 = CARTESIAN_POINT('',(1.985610766952,0.185));
#5975 = VECTOR('',#5976,1.);
#5976 = DIRECTION('',(0.,1.));
#5977 = ( GEOMETRIC_REPRESENTATION_CONTEXT(2) 
PARAMETRIC_REPRESENTATION_CONTEXT() REPRESENTATION_CONTEXT('2D SPACE',''
  ) );
#5978 = ADVANCED_FACE('',(#5979),#913,.T.);
#5979 = FACE_BOUND('',#5980,.T.);
#5980 = EDGE_LOOP('',(#5981,#5982,#5983,#6006));
#5981 = ORIENTED_EDGE('',*,*,#897,.T.);
#5982 = ORIENTED_EDGE('',*,*,#5308,.T.);
#5983 = ORIENTED_EDGE('',*,*,#5984,.T.);
#5984 = EDGE_CURVE('',#5309,#5985,#5987,.T.);
#5985 = VERTEX_POINT('',#5986);
#5986 = CARTESIAN_POINT('',(-15.92043239083,-11.86941887225,1.45));
#5987 = SURFACE_CURVE('',#5988,(#5992,#5999),.PCURVE_S1.);
#5988 = LINE('',#5989,#5990);
#5989 = CARTESIAN_POINT('',(-26.40285115251,-33.83107966083,1.45));
#5990 = VECTOR('',#5991,1.);
#5991 = DIRECTION('',(0.430753584107,0.902469583853,-1.105206487193E-16)
  );
#5992 = PCURVE('',#913,#5993);
#5993 = DEFINITIONAL_REPRESENTATION('',(#5994),#5998);
#5994 = LINE('',#5995,#5996);
#5995 = CARTESIAN_POINT('',(7.294362815474E-16,-6.6));
#5996 = VECTOR('',#5997,1.);
#5997 = DIRECTION('',(1.,0.));
#5998 = ( GEOMETRIC_REPRESENTATION_CONTEXT(2) 
PARAMETRIC_REPRESENTATION_CONTEXT() REPRESENTATION_CONTEXT('2D SPACE',''
  ) );
#5999 = PCURVE('',#4342,#6000);
#6000 = DEFINITIONAL_REPRESENTATION('',(#6001),#6005);
#6001 = LINE('',#6002,#6003);
#6002 = CARTESIAN_POINT('',(-43.40285115251,33.831079660839));
#6003 = VECTOR('',#6004,1.);
#6004 = DIRECTION('',(0.430753584107,-0.902469583853));
#6005 = ( GEOMETRIC_REPRESENTATION_CONTEXT(2) 
PARAMETRIC_REPRESENTATION_CONTEXT() REPRESENTATION_CONTEXT('2D SPACE',''
  ) );
#6006 = ORIENTED_EDGE('',*,*,#6007,.T.);
#6007 = EDGE_CURVE('',#5985,#865,#6008,.T.);
#6008 = SURFACE_CURVE('',#6009,(#6013,#6020),.PCURVE_S1.);
#6009 = LINE('',#6010,#6011);
#6010 = CARTESIAN_POINT('',(-15.92043239083,-11.86941887225,8.05));
#6011 = VECTOR('',#6012,1.);
#6012 = DIRECTION('',(0.,1.224646799147E-16,1.));
#6013 = PCURVE('',#913,#6014);
#6014 = DEFINITIONAL_REPRESENTATION('',(#6015),#6019);
#6015 = LINE('',#6016,#6017);
#6016 = CARTESIAN_POINT('',(24.335070324291,-8.631859199301E-16));
#6017 = VECTOR('',#6018,1.);
#6018 = DIRECTION('',(0.,1.));
#6019 = ( GEOMETRIC_REPRESENTATION_CONTEXT(2) 
PARAMETRIC_REPRESENTATION_CONTEXT() REPRESENTATION_CONTEXT('2D SPACE',''
  ) );
#6020 = PCURVE('',#885,#6021);
#6021 = DEFINITIONAL_REPRESENTATION('',(#6022),#6026);
#6022 = LINE('',#6023,#6024);
#6023 = CARTESIAN_POINT('',(-1.414254045752,0.));
#6024 = VECTOR('',#6025,1.);
#6025 = DIRECTION('',(-0.,1.));
#6026 = ( GEOMETRIC_REPRESENTATION_CONTEXT(2) 
PARAMETRIC_REPRESENTATION_CONTEXT() REPRESENTATION_CONTEXT('2D SPACE',''
  ) );
#6027 = ADVANCED_FACE('',(#6028),#885,.F.);
#6028 = FACE_BOUND('',#6029,.T.);
#6029 = EDGE_LOOP('',(#6030,#6031,#6059,#6080));
#6030 = ORIENTED_EDGE('',*,*,#6007,.F.);
#6031 = ORIENTED_EDGE('',*,*,#6032,.F.);
#6032 = EDGE_CURVE('',#6033,#5985,#6035,.T.);
#6033 = VERTEX_POINT('',#6034);
#6034 = CARTESIAN_POINT('',(-13.82612901175,-8.82032632901,1.45));
#6035 = SURFACE_CURVE('',#6036,(#6041,#6048),.PCURVE_S1.);
#6036 = CIRCLE('',#6037,7.95);
#6037 = AXIS2_PLACEMENT_3D('',#6038,#6039,#6040);
#6038 = CARTESIAN_POINT('',(-8.5,-14.72243186433,1.45));
#6039 = DIRECTION('',(2.157181271753E-34,1.224646799147E-16,1.));
#6040 = DIRECTION('',(0.777484015584,-0.628902699558,7.701836779893E-17)
  );
#6041 = PCURVE('',#885,#6042);
#6042 = DEFINITIONAL_REPRESENTATION('',(#6043),#6047);
#6043 = LINE('',#6044,#6045);
#6044 = CARTESIAN_POINT('',(-4.868931261427,-6.6));
#6045 = VECTOR('',#6046,1.);
#6046 = DIRECTION('',(1.,-0.));
#6047 = ( GEOMETRIC_REPRESENTATION_CONTEXT(2) 
PARAMETRIC_REPRESENTATION_CONTEXT() REPRESENTATION_CONTEXT('2D SPACE',''
  ) );
#6048 = PCURVE('',#4342,#6049);
#6049 = DEFINITIONAL_REPRESENTATION('',(#6050),#6058);
#6050 = ( BOUNDED_CURVE() B_SPLINE_CURVE(2,(#6051,#6052,#6053,#6054,
#6055,#6056,#6057),.UNSPECIFIED.,.T.,.F.) B_SPLINE_CURVE_WITH_KNOTS((1,2
    ,2,2,2,1),(-2.094395102393,0.,2.094395102393,4.188790204786,
6.28318530718,8.377580409573),.UNSPECIFIED.) CURVE() 
GEOMETRIC_REPRESENTATION_ITEM() RATIONAL_B_SPLINE_CURVE((1.,0.5,1.,0.5,
1.,0.5,1.)) REPRESENTATION_ITEM('') );
#6051 = CARTESIAN_POINT('',(-19.3190020761,19.722208325824));
#6052 = CARTESIAN_POINT('',(-10.65913521832,9.016405880168));
#6053 = CARTESIAN_POINT('',(-24.26056553305,6.869642410763));
#6054 = CARTESIAN_POINT('',(-37.86199584778,4.722878941358));
#6055 = CARTESIAN_POINT('',(-32.92043239083,17.575444856419));
#6056 = CARTESIAN_POINT('',(-27.97886893389,30.428010771481));
#6057 = CARTESIAN_POINT('',(-19.3190020761,19.722208325824));
#6058 = ( GEOMETRIC_REPRESENTATION_CONTEXT(2) 
PARAMETRIC_REPRESENTATION_CONTEXT() REPRESENTATION_CONTEXT('2D SPACE',''
  ) );
#6059 = ORIENTED_EDGE('',*,*,#6060,.T.);
#6060 = EDGE_CURVE('',#6033,#832,#6061,.T.);
#6061 = SURFACE_CURVE('',#6062,(#6066,#6073),.PCURVE_S1.);
#6062 = LINE('',#6063,#6064);
#6063 = CARTESIAN_POINT('',(-13.82612901175,-8.82032632901,8.05));
#6064 = VECTOR('',#6065,1.);
#6065 = DIRECTION('',(-0.,1.224646799147E-16,1.));
#6066 = PCURVE('',#885,#6067);
#6067 = DEFINITIONAL_REPRESENTATION('',(#6068),#6072);
#6068 = LINE('',#6069,#6070);
#6069 = CARTESIAN_POINT('',(-1.883847949252,0.));
#6070 = VECTOR('',#6071,1.);
#6071 = DIRECTION('',(-0.,1.));
#6072 = ( GEOMETRIC_REPRESENTATION_CONTEXT(2) 
PARAMETRIC_REPRESENTATION_CONTEXT() REPRESENTATION_CONTEXT('2D SPACE',''
  ) );
#6073 = PCURVE('',#852,#6074);
#6074 = DEFINITIONAL_REPRESENTATION('',(#6075),#6079);
#6075 = LINE('',#6076,#6077);
#6076 = CARTESIAN_POINT('',(-2.573737837371,0.));
#6077 = VECTOR('',#6078,1.);
#6078 = DIRECTION('',(-0.,1.));
#6079 = ( GEOMETRIC_REPRESENTATION_CONTEXT(2) 
PARAMETRIC_REPRESENTATION_CONTEXT() REPRESENTATION_CONTEXT('2D SPACE',''
  ) );
#6080 = ORIENTED_EDGE('',*,*,#864,.T.);
#6081 = ADVANCED_FACE('',(#6082),#852,.F.);
#6082 = FACE_BOUND('',#6083,.T.);
#6083 = EDGE_LOOP('',(#6084,#6085,#6086,#6110));
#6084 = ORIENTED_EDGE('',*,*,#831,.T.);
#6085 = ORIENTED_EDGE('',*,*,#6060,.F.);
#6086 = ORIENTED_EDGE('',*,*,#6087,.T.);
#6087 = EDGE_CURVE('',#6033,#6088,#6090,.T.);
#6088 = VERTEX_POINT('',#6089);
#6089 = CARTESIAN_POINT('',(-13.82612901175,8.82032632901,1.45));
#6090 = SURFACE_CURVE('',#6091,(#6096,#6103),.PCURVE_S1.);
#6091 = CIRCLE('',#6092,16.4);
#6092 = AXIS2_PLACEMENT_3D('',#6093,#6094,#6095);
#6093 = CARTESIAN_POINT('',(0.,-8.021436534415E-16,1.45));
#6094 = DIRECTION('',(0.,-1.224646799147E-16,-1.));
#6095 = DIRECTION('',(1.,0.,0.));
#6096 = PCURVE('',#852,#6097);
#6097 = DEFINITIONAL_REPRESENTATION('',(#6098),#6102);
#6098 = LINE('',#6099,#6100);
#6099 = CARTESIAN_POINT('',(-0.,-6.6));
#6100 = VECTOR('',#6101,1.);
#6101 = DIRECTION('',(-1.,0.));
#6102 = ( GEOMETRIC_REPRESENTATION_CONTEXT(2) 
PARAMETRIC_REPRESENTATION_CONTEXT() REPRESENTATION_CONTEXT('2D SPACE',''
  ) );
#6103 = PCURVE('',#4342,#6104);
#6104 = DEFINITIONAL_REPRESENTATION('',(#6105),#6109);
#6105 = CIRCLE('',#6106,16.4);
#6106 = AXIS2_PLACEMENT_2D('',#6107,#6108);
#6107 = CARTESIAN_POINT('',(-17.,-7.074988869349E-16));
#6108 = DIRECTION('',(1.,0.));
#6109 = ( GEOMETRIC_REPRESENTATION_CONTEXT(2) 
PARAMETRIC_REPRESENTATION_CONTEXT() REPRESENTATION_CONTEXT('2D SPACE',''
  ) );
#6110 = ORIENTED_EDGE('',*,*,#6111,.T.);
#6111 = EDGE_CURVE('',#6088,#799,#6112,.T.);
#6112 = SURFACE_CURVE('',#6113,(#6117,#6124),.PCURVE_S1.);
#6113 = LINE('',#6114,#6115);
#6114 = CARTESIAN_POINT('',(-13.82612901175,8.82032632901,8.05));
#6115 = VECTOR('',#6116,1.);
#6116 = DIRECTION('',(-0.,1.224646799147E-16,1.));
#6117 = PCURVE('',#852,#6118);
#6118 = DEFINITIONAL_REPRESENTATION('',(#6119),#6123);
#6119 = LINE('',#6120,#6121);
#6120 = CARTESIAN_POINT('',(-3.709447469808,0.));
#6121 = VECTOR('',#6122,1.);
#6122 = DIRECTION('',(-0.,1.));
#6123 = ( GEOMETRIC_REPRESENTATION_CONTEXT(2) 
PARAMETRIC_REPRESENTATION_CONTEXT() REPRESENTATION_CONTEXT('2D SPACE',''
  ) );
#6124 = PCURVE('',#819,#6125);
#6125 = DEFINITIONAL_REPRESENTATION('',(#6126),#6130);
#6126 = LINE('',#6127,#6128);
#6127 = CARTESIAN_POINT('',(-4.399337357927,0.));
#6128 = VECTOR('',#6129,1.);
#6129 = DIRECTION('',(-0.,1.));
#6130 = ( GEOMETRIC_REPRESENTATION_CONTEXT(2) 
PARAMETRIC_REPRESENTATION_CONTEXT() REPRESENTATION_CONTEXT('2D SPACE',''
  ) );
#6131 = ADVANCED_FACE('',(#6132),#819,.F.);
#6132 = FACE_BOUND('',#6133,.T.);
#6133 = EDGE_LOOP('',(#6134,#6135,#6163,#6184));
#6134 = ORIENTED_EDGE('',*,*,#6111,.F.);
#6135 = ORIENTED_EDGE('',*,*,#6136,.F.);
#6136 = EDGE_CURVE('',#6137,#6088,#6139,.T.);
#6137 = VERTEX_POINT('',#6138);
#6138 = CARTESIAN_POINT('',(-15.92043239083,11.869418872252,1.45));
#6139 = SURFACE_CURVE('',#6140,(#6145,#6152),.PCURVE_S1.);
#6140 = CIRCLE('',#6141,7.95);
#6141 = AXIS2_PLACEMENT_3D('',#6142,#6143,#6144);
#6142 = CARTESIAN_POINT('',(-8.5,14.722431864335,1.45));
#6143 = DIRECTION('',(6.535486952341E-33,1.224646799147E-16,1.));
#6144 = DIRECTION('',(-0.933387722118,-0.358869558753,4.394884564379E-17
    ));
#6145 = PCURVE('',#819,#6146);
#6146 = DEFINITIONAL_REPRESENTATION('',(#6147),#6151);
#6147 = LINE('',#6148,#6149);
#6148 = CARTESIAN_POINT('',(-4.868931261427,-6.6));
#6149 = VECTOR('',#6150,1.);
#6150 = DIRECTION('',(1.,-0.));
#6151 = ( GEOMETRIC_REPRESENTATION_CONTEXT(2) 
PARAMETRIC_REPRESENTATION_CONTEXT() REPRESENTATION_CONTEXT('2D SPACE',''
  ) );
#6152 = PCURVE('',#4342,#6153);
#6153 = DEFINITIONAL_REPRESENTATION('',(#6154),#6162);
#6154 = ( BOUNDED_CURVE() B_SPLINE_CURVE(2,(#6155,#6156,#6157,#6158,
#6159,#6160,#6161),.UNSPECIFIED.,.T.,.F.) B_SPLINE_CURVE_WITH_KNOTS((1,2
    ,2,2,2,1),(-2.094395102393,0.,2.094395102393,4.188790204786,
6.28318530718,8.377580409573),.UNSPECIFIED.) CURVE() 
GEOMETRIC_REPRESENTATION_ITEM() RATIONAL_B_SPLINE_CURVE((1.,0.5,1.,0.5,
1.,0.5,1.)) REPRESENTATION_ITEM('') );
#6155 = CARTESIAN_POINT('',(-32.92043239083,-11.86941887225));
#6156 = CARTESIAN_POINT('',(-27.97886893389,0.98314704281));
#6157 = CARTESIAN_POINT('',(-19.3190020761,-9.722655402847));
#6158 = CARTESIAN_POINT('',(-10.65913521832,-20.4284578485));
#6159 = CARTESIAN_POINT('',(-24.26056553305,-22.5752213179));
#6160 = CARTESIAN_POINT('',(-37.86199584778,-24.72198478731));
#6161 = CARTESIAN_POINT('',(-32.92043239083,-11.86941887225));
#6162 = ( GEOMETRIC_REPRESENTATION_CONTEXT(2) 
PARAMETRIC_REPRESENTATION_CONTEXT() REPRESENTATION_CONTEXT('2D SPACE',''
  ) );
#6163 = ORIENTED_EDGE('',*,*,#6164,.T.);
#6164 = EDGE_CURVE('',#6137,#771,#6165,.T.);
#6165 = SURFACE_CURVE('',#6166,(#6170,#6177),.PCURVE_S1.);
#6166 = LINE('',#6167,#6168);
#6167 = CARTESIAN_POINT('',(-15.92043239083,11.869418872251,8.05));
#6168 = VECTOR('',#6169,1.);
#6169 = DIRECTION('',(0.,1.224646799147E-16,1.));
#6170 = PCURVE('',#819,#6171);
#6171 = DEFINITIONAL_REPRESENTATION('',(#6172),#6176);
#6172 = LINE('',#6173,#6174);
#6173 = CARTESIAN_POINT('',(-4.868931261427,0.));
#6174 = VECTOR('',#6175,1.);
#6175 = DIRECTION('',(-0.,1.));
#6176 = ( GEOMETRIC_REPRESENTATION_CONTEXT(2) 
PARAMETRIC_REPRESENTATION_CONTEXT() REPRESENTATION_CONTEXT('2D SPACE',''
  ) );
#6177 = PCURVE('',#786,#6178);
#6178 = DEFINITIONAL_REPRESENTATION('',(#6179),#6183);
#6179 = LINE('',#6180,#6181);
#6180 = CARTESIAN_POINT('',(1.243240800566,1.374037797929E-16));
#6181 = VECTOR('',#6182,1.);
#6182 = DIRECTION('',(0.,1.));
#6183 = ( GEOMETRIC_REPRESENTATION_CONTEXT(2) 
PARAMETRIC_REPRESENTATION_CONTEXT() REPRESENTATION_CONTEXT('2D SPACE',''
  ) );
#6184 = ORIENTED_EDGE('',*,*,#798,.T.);
#6185 = ADVANCED_FACE('',(#6186),#786,.T.);
#6186 = FACE_BOUND('',#6187,.T.);
#6187 = EDGE_LOOP('',(#6188,#6189,#6190,#6213));
#6188 = ORIENTED_EDGE('',*,*,#770,.T.);
#6189 = ORIENTED_EDGE('',*,*,#6164,.F.);
#6190 = ORIENTED_EDGE('',*,*,#6191,.T.);
#6191 = EDGE_CURVE('',#6137,#6192,#6194,.T.);
#6192 = VERTEX_POINT('',#6193);
#6193 = CARTESIAN_POINT('',(-26.40285115251,33.831079660839,1.45));
#6194 = SURFACE_CURVE('',#6195,(#6199,#6206),.PCURVE_S1.);
#6195 = LINE('',#6196,#6197);
#6196 = CARTESIAN_POINT('',(-15.38490196008,10.747431864335,1.45));
#6197 = VECTOR('',#6198,1.);
#6198 = DIRECTION('',(-0.430753584107,0.902469583853,-1.105206487193E-16
    ));
#6199 = PCURVE('',#786,#6200);
#6200 = DEFINITIONAL_REPRESENTATION('',(#6201),#6205);
#6201 = LINE('',#6202,#6203);
#6202 = CARTESIAN_POINT('',(7.294362815474E-16,-6.6));
#6203 = VECTOR('',#6204,1.);
#6204 = DIRECTION('',(1.,0.));
#6205 = ( GEOMETRIC_REPRESENTATION_CONTEXT(2) 
PARAMETRIC_REPRESENTATION_CONTEXT() REPRESENTATION_CONTEXT('2D SPACE',''
  ) );
#6206 = PCURVE('',#4342,#6207);
#6207 = DEFINITIONAL_REPRESENTATION('',(#6208),#6212);
#6208 = LINE('',#6209,#6210);
#6209 = CARTESIAN_POINT('',(-32.38490196008,-10.74743186433));
#6210 = VECTOR('',#6211,1.);
#6211 = DIRECTION('',(-0.430753584107,-0.902469583853));
#6212 = ( GEOMETRIC_REPRESENTATION_CONTEXT(2) 
PARAMETRIC_REPRESENTATION_CONTEXT() REPRESENTATION_CONTEXT('2D SPACE',''
  ) );
#6213 = ORIENTED_EDGE('',*,*,#6214,.F.);
#6214 = EDGE_CURVE('',#738,#6192,#6215,.T.);
#6215 = SURFACE_CURVE('',#6216,(#6220,#6227),.PCURVE_S1.);
#6216 = LINE('',#6217,#6218);
#6217 = CARTESIAN_POINT('',(-26.40285115251,33.831079660839,8.05));
#6218 = VECTOR('',#6219,1.);
#6219 = DIRECTION('',(0.,-1.224646799147E-16,-1.));
#6220 = PCURVE('',#786,#6221);
#6221 = DEFINITIONAL_REPRESENTATION('',(#6222),#6226);
#6222 = LINE('',#6223,#6224);
#6223 = CARTESIAN_POINT('',(25.578311124857,-7.257821401373E-16));
#6224 = VECTOR('',#6225,1.);
#6225 = DIRECTION('',(0.,-1.));
#6226 = ( GEOMETRIC_REPRESENTATION_CONTEXT(2) 
PARAMETRIC_REPRESENTATION_CONTEXT() REPRESENTATION_CONTEXT('2D SPACE',''
  ) );
#6227 = PCURVE('',#758,#6228);
#6228 = DEFINITIONAL_REPRESENTATION('',(#6229),#6233);
#6229 = LINE('',#6230,#6231);
#6230 = CARTESIAN_POINT('',(-4.712388980385,0.));
#6231 = VECTOR('',#6232,1.);
#6232 = DIRECTION('',(-0.,-1.));
#6233 = ( GEOMETRIC_REPRESENTATION_CONTEXT(2) 
PARAMETRIC_REPRESENTATION_CONTEXT() REPRESENTATION_CONTEXT('2D SPACE',''
  ) );
#6234 = ADVANCED_FACE('',(#6235,#6284,#6388,#6492,#6596,#6700,#6804),
  #758,.F.);
#6235 = FACE_BOUND('',#6236,.T.);
#6236 = EDGE_LOOP('',(#6237,#6260,#6261,#6262));
#6237 = ORIENTED_EDGE('',*,*,#6238,.F.);
#6238 = EDGE_CURVE('',#710,#6239,#6241,.T.);
#6239 = VERTEX_POINT('',#6240);
#6240 = CARTESIAN_POINT('',(-16.09714884748,39.781079660839,1.45));
#6241 = SURFACE_CURVE('',#6242,(#6246,#6253),.PCURVE_S1.);
#6242 = LINE('',#6243,#6244);
#6243 = CARTESIAN_POINT('',(-16.09714884748,39.781079660839,8.05));
#6244 = VECTOR('',#6245,1.);
#6245 = DIRECTION('',(0.,-1.224646799147E-16,-1.));
#6246 = PCURVE('',#758,#6247);
#6247 = DEFINITIONAL_REPRESENTATION('',(#6248),#6252);
#6248 = LINE('',#6249,#6250);
#6249 = CARTESIAN_POINT('',(-7.853981633974,0.));
#6250 = VECTOR('',#6251,1.);
#6251 = DIRECTION('',(-0.,-1.));
#6252 = ( GEOMETRIC_REPRESENTATION_CONTEXT(2) 
PARAMETRIC_REPRESENTATION_CONTEXT() REPRESENTATION_CONTEXT('2D SPACE',''
  ) );
#6253 = PCURVE('',#725,#6254);
#6254 = DEFINITIONAL_REPRESENTATION('',(#6255),#6259);
#6255 = LINE('',#6256,#6257);
#6256 = CARTESIAN_POINT('',(0.,0.));
#6257 = VECTOR('',#6258,1.);
#6258 = DIRECTION('',(0.,-1.));
#6259 = ( GEOMETRIC_REPRESENTATION_CONTEXT(2) 
PARAMETRIC_REPRESENTATION_CONTEXT() REPRESENTATION_CONTEXT('2D SPACE',''
  ) );
#6260 = ORIENTED_EDGE('',*,*,#737,.T.);
#6261 = ORIENTED_EDGE('',*,*,#6214,.T.);
#6262 = ORIENTED_EDGE('',*,*,#6263,.T.);
#6263 = EDGE_CURVE('',#6192,#6239,#6264,.T.);
#6264 = SURFACE_CURVE('',#6265,(#6270,#6277),.PCURVE_S1.);
#6265 = CIRCLE('',#6266,5.95);
#6266 = AXIS2_PLACEMENT_3D('',#6267,#6268,#6269);
#6267 = CARTESIAN_POINT('',(-21.25,36.806079660839,1.45));
#6268 = DIRECTION('',(3.958171220914E-33,-1.224646799147E-16,-1.));
#6269 = DIRECTION('',(-0.866025403784,-0.5,6.123233995737E-17));
#6270 = PCURVE('',#758,#6271);
#6271 = DEFINITIONAL_REPRESENTATION('',(#6272),#6276);
#6272 = LINE('',#6273,#6274);
#6273 = CARTESIAN_POINT('',(-4.712388980385,-6.6));
#6274 = VECTOR('',#6275,1.);
#6275 = DIRECTION('',(-1.,0.));
#6276 = ( GEOMETRIC_REPRESENTATION_CONTEXT(2) 
PARAMETRIC_REPRESENTATION_CONTEXT() REPRESENTATION_CONTEXT('2D SPACE',''
  ) );
#6277 = PCURVE('',#4342,#6278);
#6278 = DEFINITIONAL_REPRESENTATION('',(#6279),#6283);
#6279 = CIRCLE('',#6280,5.95);
#6280 = AXIS2_PLACEMENT_2D('',#6281,#6282);
#6281 = CARTESIAN_POINT('',(-38.25,-36.80607966083));
#6282 = DIRECTION('',(-0.866025403784,0.5));
#6283 = ( GEOMETRIC_REPRESENTATION_CONTEXT(2) 
PARAMETRIC_REPRESENTATION_CONTEXT() REPRESENTATION_CONTEXT('2D SPACE',''
  ) );
#6284 = FACE_BOUND('',#6285,.T.);
#6285 = EDGE_LOOP('',(#6286,#6316,#6339,#6367));
#6286 = ORIENTED_EDGE('',*,*,#6287,.T.);
#6287 = EDGE_CURVE('',#6288,#6290,#6292,.T.);
#6288 = VERTEX_POINT('',#6289);
#6289 = CARTESIAN_POINT('',(-23.64427810406,42.253090984528,1.835));
#6290 = VERTEX_POINT('',#6291);
#6291 = CARTESIAN_POINT('',(-24.77011112898,41.603090984528,1.835));
#6292 = SURFACE_CURVE('',#6293,(#6298,#6305),.PCURVE_S1.);
#6293 = CIRCLE('',#6294,5.95);
#6294 = AXIS2_PLACEMENT_3D('',#6295,#6296,#6297);
#6295 = CARTESIAN_POINT('',(-21.25,36.806079660839,1.835));
#6296 = DIRECTION('',(-5.750875869077E-33,1.224646799147E-16,1.));
#6297 = DIRECTION('',(-0.5,0.866025403784,-1.060575238725E-16));
#6298 = PCURVE('',#758,#6299);
#6299 = DEFINITIONAL_REPRESENTATION('',(#6300),#6304);
#6300 = LINE('',#6301,#6302);
#6301 = CARTESIAN_POINT('',(-12.56637061435,-6.215));
#6302 = VECTOR('',#6303,1.);
#6303 = DIRECTION('',(1.,-0.));
#6304 = ( GEOMETRIC_REPRESENTATION_CONTEXT(2) 
PARAMETRIC_REPRESENTATION_CONTEXT() REPRESENTATION_CONTEXT('2D SPACE',''
  ) );
#6305 = PCURVE('',#2395,#6306);
#6306 = DEFINITIONAL_REPRESENTATION('',(#6307),#6315);
#6307 = ( BOUNDED_CURVE() B_SPLINE_CURVE(2,(#6308,#6309,#6310,#6311,
#6312,#6313,#6314),.UNSPECIFIED.,.T.,.F.) B_SPLINE_CURVE_WITH_KNOTS((1,2
    ,2,2,2,1),(-2.094395102393,0.,2.094395102393,4.188790204786,
6.28318530718,8.377580409573),.UNSPECIFIED.) CURVE() 
GEOMETRIC_REPRESENTATION_ITEM() RATIONAL_B_SPLINE_CURVE((1.,0.5,1.,0.5,
1.,0.5,1.)) REPRESENTATION_ITEM('') );
#6308 = CARTESIAN_POINT('',(0.25,1.508338746933E-15));
#6309 = CARTESIAN_POINT('',(0.25,-10.30570230503));
#6310 = CARTESIAN_POINT('',(-8.675,-5.152851152517));
#6311 = CARTESIAN_POINT('',(-17.6,-2.0132500009E-17));
#6312 = CARTESIAN_POINT('',(-8.675,5.152851152517));
#6313 = CARTESIAN_POINT('',(0.25,10.305702305035));
#6314 = CARTESIAN_POINT('',(0.25,1.508338746933E-15));
#6315 = ( GEOMETRIC_REPRESENTATION_CONTEXT(2) 
PARAMETRIC_REPRESENTATION_CONTEXT() REPRESENTATION_CONTEXT('2D SPACE',''
  ) );
#6316 = ORIENTED_EDGE('',*,*,#6317,.T.);
#6317 = EDGE_CURVE('',#6290,#6318,#6320,.T.);
#6318 = VERTEX_POINT('',#6319);
#6319 = CARTESIAN_POINT('',(-24.77011112898,41.603090984528,2.615));
#6320 = SURFACE_CURVE('',#6321,(#6325,#6332),.PCURVE_S1.);
#6321 = LINE('',#6322,#6323);
#6322 = CARTESIAN_POINT('',(-24.77011112898,41.603090984528,8.05));
#6323 = VECTOR('',#6324,1.);
#6324 = DIRECTION('',(0.,1.224646799147E-16,1.));
#6325 = PCURVE('',#758,#6326);
#6326 = DEFINITIONAL_REPRESENTATION('',(#6327),#6331);
#6327 = LINE('',#6328,#6329);
#6328 = CARTESIAN_POINT('',(-6.173723145327,0.));
#6329 = VECTOR('',#6330,1.);
#6330 = DIRECTION('',(-0.,1.));
#6331 = ( GEOMETRIC_REPRESENTATION_CONTEXT(2) 
PARAMETRIC_REPRESENTATION_CONTEXT() REPRESENTATION_CONTEXT('2D SPACE',''
  ) );
#6332 = PCURVE('',#2427,#6333);
#6333 = DEFINITIONAL_REPRESENTATION('',(#6334),#6338);
#6334 = LINE('',#6335,#6336);
#6335 = CARTESIAN_POINT('',(2.414389233048,5.435));
#6336 = VECTOR('',#6337,1.);
#6337 = DIRECTION('',(0.,1.));
#6338 = ( GEOMETRIC_REPRESENTATION_CONTEXT(2) 
PARAMETRIC_REPRESENTATION_CONTEXT() REPRESENTATION_CONTEXT('2D SPACE',''
  ) );
#6339 = ORIENTED_EDGE('',*,*,#6340,.F.);
#6340 = EDGE_CURVE('',#6341,#6318,#6343,.T.);
#6341 = VERTEX_POINT('',#6342);
#6342 = CARTESIAN_POINT('',(-23.64427810406,42.253090984528,2.615));
#6343 = SURFACE_CURVE('',#6344,(#6349,#6356),.PCURVE_S1.);
#6344 = CIRCLE('',#6345,5.95);
#6345 = AXIS2_PLACEMENT_3D('',#6346,#6347,#6348);
#6346 = CARTESIAN_POINT('',(-21.25,36.806079660839,2.615));
#6347 = DIRECTION('',(-5.750875869077E-33,1.224646799147E-16,1.));
#6348 = DIRECTION('',(-0.5,0.866025403784,-1.060575238725E-16));
#6349 = PCURVE('',#758,#6350);
#6350 = DEFINITIONAL_REPRESENTATION('',(#6351),#6355);
#6351 = LINE('',#6352,#6353);
#6352 = CARTESIAN_POINT('',(-12.56637061435,-5.435));
#6353 = VECTOR('',#6354,1.);
#6354 = DIRECTION('',(1.,-0.));
#6355 = ( GEOMETRIC_REPRESENTATION_CONTEXT(2) 
PARAMETRIC_REPRESENTATION_CONTEXT() REPRESENTATION_CONTEXT('2D SPACE',''
  ) );
#6356 = PCURVE('',#2456,#6357);
#6357 = DEFINITIONAL_REPRESENTATION('',(#6358),#6366);
#6358 = ( BOUNDED_CURVE() B_SPLINE_CURVE(2,(#6359,#6360,#6361,#6362,
#6363,#6364,#6365),.UNSPECIFIED.,.T.,.F.) B_SPLINE_CURVE_WITH_KNOTS((1,2
    ,2,2,2,1),(-2.094395102393,0.,2.094395102393,4.188790204786,
6.28318530718,8.377580409573),.UNSPECIFIED.) CURVE() 
GEOMETRIC_REPRESENTATION_ITEM() RATIONAL_B_SPLINE_CURVE((1.,0.5,1.,0.5,
1.,0.5,1.)) REPRESENTATION_ITEM('') );
#6359 = CARTESIAN_POINT('',(0.25,1.508338746933E-15));
#6360 = CARTESIAN_POINT('',(0.25,-10.30570230503));
#6361 = CARTESIAN_POINT('',(-8.675,-5.152851152517));
#6362 = CARTESIAN_POINT('',(-17.6,-2.0132500009E-17));
#6363 = CARTESIAN_POINT('',(-8.675,5.152851152517));
#6364 = CARTESIAN_POINT('',(0.25,10.305702305035));
#6365 = CARTESIAN_POINT('',(0.25,1.508338746933E-15));
#6366 = ( GEOMETRIC_REPRESENTATION_CONTEXT(2) 
PARAMETRIC_REPRESENTATION_CONTEXT() REPRESENTATION_CONTEXT('2D SPACE',''
  ) );
#6367 = ORIENTED_EDGE('',*,*,#6368,.F.);
#6368 = EDGE_CURVE('',#6288,#6341,#6369,.T.);
#6369 = SURFACE_CURVE('',#6370,(#6374,#6381),.PCURVE_S1.);
#6370 = LINE('',#6371,#6372);
#6371 = CARTESIAN_POINT('',(-23.64427810406,42.253090984528,8.05));
#6372 = VECTOR('',#6373,1.);
#6373 = DIRECTION('',(0.,1.224646799147E-16,1.));
#6374 = PCURVE('',#758,#6375);
#6375 = DEFINITIONAL_REPRESENTATION('',(#6376),#6380);
#6376 = LINE('',#6377,#6378);
#6377 = CARTESIAN_POINT('',(-6.392647469032,0.));
#6378 = VECTOR('',#6379,1.);
#6379 = DIRECTION('',(-0.,1.));
#6380 = ( GEOMETRIC_REPRESENTATION_CONTEXT(2) 
PARAMETRIC_REPRESENTATION_CONTEXT() REPRESENTATION_CONTEXT('2D SPACE',''
  ) );
#6381 = PCURVE('',#2486,#6382);
#6382 = DEFINITIONAL_REPRESENTATION('',(#6383),#6387);
#6383 = LINE('',#6384,#6385);
#6384 = CARTESIAN_POINT('',(1.985610766952,5.435));
#6385 = VECTOR('',#6386,1.);
#6386 = DIRECTION('',(0.,1.));
#6387 = ( GEOMETRIC_REPRESENTATION_CONTEXT(2) 
PARAMETRIC_REPRESENTATION_CONTEXT() REPRESENTATION_CONTEXT('2D SPACE',''
  ) );
#6388 = FACE_BOUND('',#6389,.T.);
#6389 = EDGE_LOOP('',(#6390,#6420,#6443,#6471));
#6390 = ORIENTED_EDGE('',*,*,#6391,.T.);
#6391 = EDGE_CURVE('',#6392,#6394,#6396,.T.);
#6392 = VERTEX_POINT('',#6393);
#6393 = CARTESIAN_POINT('',(-23.64427810406,42.253090984528,2.885));
#6394 = VERTEX_POINT('',#6395);
#6395 = CARTESIAN_POINT('',(-24.77011112898,41.603090984528,2.885));
#6396 = SURFACE_CURVE('',#6397,(#6402,#6409),.PCURVE_S1.);
#6397 = CIRCLE('',#6398,5.95);
#6398 = AXIS2_PLACEMENT_3D('',#6399,#6400,#6401);
#6399 = CARTESIAN_POINT('',(-21.25,36.806079660839,2.885));
#6400 = DIRECTION('',(-5.750875869077E-33,1.224646799147E-16,1.));
#6401 = DIRECTION('',(-0.5,0.866025403784,-1.060575238725E-16));
#6402 = PCURVE('',#758,#6403);
#6403 = DEFINITIONAL_REPRESENTATION('',(#6404),#6408);
#6404 = LINE('',#6405,#6406);
#6405 = CARTESIAN_POINT('',(-12.56637061435,-5.165));
#6406 = VECTOR('',#6407,1.);
#6407 = DIRECTION('',(1.,-0.));
#6408 = ( GEOMETRIC_REPRESENTATION_CONTEXT(2) 
PARAMETRIC_REPRESENTATION_CONTEXT() REPRESENTATION_CONTEXT('2D SPACE',''
  ) );
#6409 = PCURVE('',#2519,#6410);
#6410 = DEFINITIONAL_REPRESENTATION('',(#6411),#6419);
#6411 = ( BOUNDED_CURVE() B_SPLINE_CURVE(2,(#6412,#6413,#6414,#6415,
#6416,#6417,#6418),.UNSPECIFIED.,.T.,.F.) B_SPLINE_CURVE_WITH_KNOTS((1,2
    ,2,2,2,1),(-2.094395102393,0.,2.094395102393,4.188790204786,
6.28318530718,8.377580409573),.UNSPECIFIED.) CURVE() 
GEOMETRIC_REPRESENTATION_ITEM() RATIONAL_B_SPLINE_CURVE((1.,0.5,1.,0.5,
1.,0.5,1.)) REPRESENTATION_ITEM('') );
#6412 = CARTESIAN_POINT('',(0.25,1.508338746933E-15));
#6413 = CARTESIAN_POINT('',(0.25,-10.30570230503));
#6414 = CARTESIAN_POINT('',(-8.675,-5.152851152517));
#6415 = CARTESIAN_POINT('',(-17.6,-2.0132500009E-17));
#6416 = CARTESIAN_POINT('',(-8.675,5.152851152517));
#6417 = CARTESIAN_POINT('',(0.25,10.305702305035));
#6418 = CARTESIAN_POINT('',(0.25,1.508338746933E-15));
#6419 = ( GEOMETRIC_REPRESENTATION_CONTEXT(2) 
PARAMETRIC_REPRESENTATION_CONTEXT() REPRESENTATION_CONTEXT('2D SPACE',''
  ) );
#6420 = ORIENTED_EDGE('',*,*,#6421,.T.);
#6421 = EDGE_CURVE('',#6394,#6422,#6424,.T.);
#6422 = VERTEX_POINT('',#6423);
#6423 = CARTESIAN_POINT('',(-24.77011112898,41.603090984528,3.665));
#6424 = SURFACE_CURVE('',#6425,(#6429,#6436),.PCURVE_S1.);
#6425 = LINE('',#6426,#6427);
#6426 = CARTESIAN_POINT('',(-24.77011112898,41.603090984528,8.05));
#6427 = VECTOR('',#6428,1.);
#6428 = DIRECTION('',(0.,1.224646799147E-16,1.));
#6429 = PCURVE('',#758,#6430);
#6430 = DEFINITIONAL_REPRESENTATION('',(#6431),#6435);
#6431 = LINE('',#6432,#6433);
#6432 = CARTESIAN_POINT('',(-6.173723145327,0.));
#6433 = VECTOR('',#6434,1.);
#6434 = DIRECTION('',(-0.,1.));
#6435 = ( GEOMETRIC_REPRESENTATION_CONTEXT(2) 
PARAMETRIC_REPRESENTATION_CONTEXT() REPRESENTATION_CONTEXT('2D SPACE',''
  ) );
#6436 = PCURVE('',#2551,#6437);
#6437 = DEFINITIONAL_REPRESENTATION('',(#6438),#6442);
#6438 = LINE('',#6439,#6440);
#6439 = CARTESIAN_POINT('',(2.414389233048,4.385));
#6440 = VECTOR('',#6441,1.);
#6441 = DIRECTION('',(0.,1.));
#6442 = ( GEOMETRIC_REPRESENTATION_CONTEXT(2) 
PARAMETRIC_REPRESENTATION_CONTEXT() REPRESENTATION_CONTEXT('2D SPACE',''
  ) );
#6443 = ORIENTED_EDGE('',*,*,#6444,.F.);
#6444 = EDGE_CURVE('',#6445,#6422,#6447,.T.);
#6445 = VERTEX_POINT('',#6446);
#6446 = CARTESIAN_POINT('',(-23.64427810406,42.253090984528,3.665));
#6447 = SURFACE_CURVE('',#6448,(#6453,#6460),.PCURVE_S1.);
#6448 = CIRCLE('',#6449,5.95);
#6449 = AXIS2_PLACEMENT_3D('',#6450,#6451,#6452);
#6450 = CARTESIAN_POINT('',(-21.25,36.806079660839,3.665));
#6451 = DIRECTION('',(-5.750875869077E-33,1.224646799147E-16,1.));
#6452 = DIRECTION('',(-0.5,0.866025403784,-1.060575238725E-16));
#6453 = PCURVE('',#758,#6454);
#6454 = DEFINITIONAL_REPRESENTATION('',(#6455),#6459);
#6455 = LINE('',#6456,#6457);
#6456 = CARTESIAN_POINT('',(-12.56637061435,-4.385));
#6457 = VECTOR('',#6458,1.);
#6458 = DIRECTION('',(1.,-0.));
#6459 = ( GEOMETRIC_REPRESENTATION_CONTEXT(2) 
PARAMETRIC_REPRESENTATION_CONTEXT() REPRESENTATION_CONTEXT('2D SPACE',''
  ) );
#6460 = PCURVE('',#2580,#6461);
#6461 = DEFINITIONAL_REPRESENTATION('',(#6462),#6470);
#6462 = ( BOUNDED_CURVE() B_SPLINE_CURVE(2,(#6463,#6464,#6465,#6466,
#6467,#6468,#6469),.UNSPECIFIED.,.T.,.F.) B_SPLINE_CURVE_WITH_KNOTS((1,2
    ,2,2,2,1),(-2.094395102393,0.,2.094395102393,4.188790204786,
6.28318530718,8.377580409573),.UNSPECIFIED.) CURVE() 
GEOMETRIC_REPRESENTATION_ITEM() RATIONAL_B_SPLINE_CURVE((1.,0.5,1.,0.5,
1.,0.5,1.)) REPRESENTATION_ITEM('') );
#6463 = CARTESIAN_POINT('',(0.25,1.508338746933E-15));
#6464 = CARTESIAN_POINT('',(0.25,-10.30570230503));
#6465 = CARTESIAN_POINT('',(-8.675,-5.152851152517));
#6466 = CARTESIAN_POINT('',(-17.6,-2.0132500009E-17));
#6467 = CARTESIAN_POINT('',(-8.675,5.152851152517));
#6468 = CARTESIAN_POINT('',(0.25,10.305702305035));
#6469 = CARTESIAN_POINT('',(0.25,1.508338746933E-15));
#6470 = ( GEOMETRIC_REPRESENTATION_CONTEXT(2) 
PARAMETRIC_REPRESENTATION_CONTEXT() REPRESENTATION_CONTEXT('2D SPACE',''
  ) );
#6471 = ORIENTED_EDGE('',*,*,#6472,.F.);
#6472 = EDGE_CURVE('',#6392,#6445,#6473,.T.);
#6473 = SURFACE_CURVE('',#6474,(#6478,#6485),.PCURVE_S1.);
#6474 = LINE('',#6475,#6476);
#6475 = CARTESIAN_POINT('',(-23.64427810406,42.253090984528,8.05));
#6476 = VECTOR('',#6477,1.);
#6477 = DIRECTION('',(0.,1.224646799147E-16,1.));
#6478 = PCURVE('',#758,#6479);
#6479 = DEFINITIONAL_REPRESENTATION('',(#6480),#6484);
#6480 = LINE('',#6481,#6482);
#6481 = CARTESIAN_POINT('',(-6.392647469032,0.));
#6482 = VECTOR('',#6483,1.);
#6483 = DIRECTION('',(-0.,1.));
#6484 = ( GEOMETRIC_REPRESENTATION_CONTEXT(2) 
PARAMETRIC_REPRESENTATION_CONTEXT() REPRESENTATION_CONTEXT('2D SPACE',''
  ) );
#6485 = PCURVE('',#2610,#6486);
#6486 = DEFINITIONAL_REPRESENTATION('',(#6487),#6491);
#6487 = LINE('',#6488,#6489);
#6488 = CARTESIAN_POINT('',(1.985610766952,4.385));
#6489 = VECTOR('',#6490,1.);
#6490 = DIRECTION('',(0.,1.));
#6491 = ( GEOMETRIC_REPRESENTATION_CONTEXT(2) 
PARAMETRIC_REPRESENTATION_CONTEXT() REPRESENTATION_CONTEXT('2D SPACE',''
  ) );
#6492 = FACE_BOUND('',#6493,.T.);
#6493 = EDGE_LOOP('',(#6494,#6524,#6547,#6575));
#6494 = ORIENTED_EDGE('',*,*,#6495,.T.);
#6495 = EDGE_CURVE('',#6496,#6498,#6500,.T.);
#6496 = VERTEX_POINT('',#6497);
#6497 = CARTESIAN_POINT('',(-23.64427810406,42.253090984528,3.935));
#6498 = VERTEX_POINT('',#6499);
#6499 = CARTESIAN_POINT('',(-24.77011112898,41.603090984528,3.935));
#6500 = SURFACE_CURVE('',#6501,(#6506,#6513),.PCURVE_S1.);
#6501 = CIRCLE('',#6502,5.95);
#6502 = AXIS2_PLACEMENT_3D('',#6503,#6504,#6505);
#6503 = CARTESIAN_POINT('',(-21.25,36.806079660839,3.935));
#6504 = DIRECTION('',(-5.750875869077E-33,1.224646799147E-16,1.));
#6505 = DIRECTION('',(-0.5,0.866025403784,-1.060575238725E-16));
#6506 = PCURVE('',#758,#6507);
#6507 = DEFINITIONAL_REPRESENTATION('',(#6508),#6512);
#6508 = LINE('',#6509,#6510);
#6509 = CARTESIAN_POINT('',(-12.56637061435,-4.115));
#6510 = VECTOR('',#6511,1.);
#6511 = DIRECTION('',(1.,-0.));
#6512 = ( GEOMETRIC_REPRESENTATION_CONTEXT(2) 
PARAMETRIC_REPRESENTATION_CONTEXT() REPRESENTATION_CONTEXT('2D SPACE',''
  ) );
#6513 = PCURVE('',#2643,#6514);
#6514 = DEFINITIONAL_REPRESENTATION('',(#6515),#6523);
#6515 = ( BOUNDED_CURVE() B_SPLINE_CURVE(2,(#6516,#6517,#6518,#6519,
#6520,#6521,#6522),.UNSPECIFIED.,.T.,.F.) B_SPLINE_CURVE_WITH_KNOTS((1,2
    ,2,2,2,1),(-2.094395102393,0.,2.094395102393,4.188790204786,
6.28318530718,8.377580409573),.UNSPECIFIED.) CURVE() 
GEOMETRIC_REPRESENTATION_ITEM() RATIONAL_B_SPLINE_CURVE((1.,0.5,1.,0.5,
1.,0.5,1.)) REPRESENTATION_ITEM('') );
#6516 = CARTESIAN_POINT('',(0.25,1.508338746933E-15));
#6517 = CARTESIAN_POINT('',(0.25,-10.30570230503));
#6518 = CARTESIAN_POINT('',(-8.675,-5.152851152517));
#6519 = CARTESIAN_POINT('',(-17.6,-2.0132500009E-17));
#6520 = CARTESIAN_POINT('',(-8.675,5.152851152517));
#6521 = CARTESIAN_POINT('',(0.25,10.305702305035));
#6522 = CARTESIAN_POINT('',(0.25,1.508338746933E-15));
#6523 = ( GEOMETRIC_REPRESENTATION_CONTEXT(2) 
PARAMETRIC_REPRESENTATION_CONTEXT() REPRESENTATION_CONTEXT('2D SPACE',''
  ) );
#6524 = ORIENTED_EDGE('',*,*,#6525,.T.);
#6525 = EDGE_CURVE('',#6498,#6526,#6528,.T.);
#6526 = VERTEX_POINT('',#6527);
#6527 = CARTESIAN_POINT('',(-24.77011112898,41.603090984528,4.715));
#6528 = SURFACE_CURVE('',#6529,(#6533,#6540),.PCURVE_S1.);
#6529 = LINE('',#6530,#6531);
#6530 = CARTESIAN_POINT('',(-24.77011112898,41.603090984528,8.05));
#6531 = VECTOR('',#6532,1.);
#6532 = DIRECTION('',(0.,1.224646799147E-16,1.));
#6533 = PCURVE('',#758,#6534);
#6534 = DEFINITIONAL_REPRESENTATION('',(#6535),#6539);
#6535 = LINE('',#6536,#6537);
#6536 = CARTESIAN_POINT('',(-6.173723145327,0.));
#6537 = VECTOR('',#6538,1.);
#6538 = DIRECTION('',(-0.,1.));
#6539 = ( GEOMETRIC_REPRESENTATION_CONTEXT(2) 
PARAMETRIC_REPRESENTATION_CONTEXT() REPRESENTATION_CONTEXT('2D SPACE',''
  ) );
#6540 = PCURVE('',#2675,#6541);
#6541 = DEFINITIONAL_REPRESENTATION('',(#6542),#6546);
#6542 = LINE('',#6543,#6544);
#6543 = CARTESIAN_POINT('',(2.414389233048,3.335));
#6544 = VECTOR('',#6545,1.);
#6545 = DIRECTION('',(0.,1.));
#6546 = ( GEOMETRIC_REPRESENTATION_CONTEXT(2) 
PARAMETRIC_REPRESENTATION_CONTEXT() REPRESENTATION_CONTEXT('2D SPACE',''
  ) );
#6547 = ORIENTED_EDGE('',*,*,#6548,.F.);
#6548 = EDGE_CURVE('',#6549,#6526,#6551,.T.);
#6549 = VERTEX_POINT('',#6550);
#6550 = CARTESIAN_POINT('',(-23.64427810406,42.253090984528,4.715));
#6551 = SURFACE_CURVE('',#6552,(#6557,#6564),.PCURVE_S1.);
#6552 = CIRCLE('',#6553,5.95);
#6553 = AXIS2_PLACEMENT_3D('',#6554,#6555,#6556);
#6554 = CARTESIAN_POINT('',(-21.25,36.806079660839,4.715));
#6555 = DIRECTION('',(-5.750875869077E-33,1.224646799147E-16,1.));
#6556 = DIRECTION('',(-0.5,0.866025403784,-1.060575238725E-16));
#6557 = PCURVE('',#758,#6558);
#6558 = DEFINITIONAL_REPRESENTATION('',(#6559),#6563);
#6559 = LINE('',#6560,#6561);
#6560 = CARTESIAN_POINT('',(-12.56637061435,-3.335));
#6561 = VECTOR('',#6562,1.);
#6562 = DIRECTION('',(1.,-0.));
#6563 = ( GEOMETRIC_REPRESENTATION_CONTEXT(2) 
PARAMETRIC_REPRESENTATION_CONTEXT() REPRESENTATION_CONTEXT('2D SPACE',''
  ) );
#6564 = PCURVE('',#2704,#6565);
#6565 = DEFINITIONAL_REPRESENTATION('',(#6566),#6574);
#6566 = ( BOUNDED_CURVE() B_SPLINE_CURVE(2,(#6567,#6568,#6569,#6570,
#6571,#6572,#6573),.UNSPECIFIED.,.T.,.F.) B_SPLINE_CURVE_WITH_KNOTS((1,2
    ,2,2,2,1),(-2.094395102393,0.,2.094395102393,4.188790204786,
6.28318530718,8.377580409573),.UNSPECIFIED.) CURVE() 
GEOMETRIC_REPRESENTATION_ITEM() RATIONAL_B_SPLINE_CURVE((1.,0.5,1.,0.5,
1.,0.5,1.)) REPRESENTATION_ITEM('') );
#6567 = CARTESIAN_POINT('',(0.25,1.508338746933E-15));
#6568 = CARTESIAN_POINT('',(0.25,-10.30570230503));
#6569 = CARTESIAN_POINT('',(-8.675,-5.152851152517));
#6570 = CARTESIAN_POINT('',(-17.6,-2.0132500009E-17));
#6571 = CARTESIAN_POINT('',(-8.675,5.152851152517));
#6572 = CARTESIAN_POINT('',(0.25,10.305702305035));
#6573 = CARTESIAN_POINT('',(0.25,1.508338746933E-15));
#6574 = ( GEOMETRIC_REPRESENTATION_CONTEXT(2) 
PARAMETRIC_REPRESENTATION_CONTEXT() REPRESENTATION_CONTEXT('2D SPACE',''
  ) );
#6575 = ORIENTED_EDGE('',*,*,#6576,.F.);
#6576 = EDGE_CURVE('',#6496,#6549,#6577,.T.);
#6577 = SURFACE_CURVE('',#6578,(#6582,#6589),.PCURVE_S1.);
#6578 = LINE('',#6579,#6580);
#6579 = CARTESIAN_POINT('',(-23.64427810406,42.253090984528,8.05));
#6580 = VECTOR('',#6581,1.);
#6581 = DIRECTION('',(0.,1.224646799147E-16,1.));
#6582 = PCURVE('',#758,#6583);
#6583 = DEFINITIONAL_REPRESENTATION('',(#6584),#6588);
#6584 = LINE('',#6585,#6586);
#6585 = CARTESIAN_POINT('',(-6.392647469032,0.));
#6586 = VECTOR('',#6587,1.);
#6587 = DIRECTION('',(-0.,1.));
#6588 = ( GEOMETRIC_REPRESENTATION_CONTEXT(2) 
PARAMETRIC_REPRESENTATION_CONTEXT() REPRESENTATION_CONTEXT('2D SPACE',''
  ) );
#6589 = PCURVE('',#2734,#6590);
#6590 = DEFINITIONAL_REPRESENTATION('',(#6591),#6595);
#6591 = LINE('',#6592,#6593);
#6592 = CARTESIAN_POINT('',(1.985610766952,3.335));
#6593 = VECTOR('',#6594,1.);
#6594 = DIRECTION('',(0.,1.));
#6595 = ( GEOMETRIC_REPRESENTATION_CONTEXT(2) 
PARAMETRIC_REPRESENTATION_CONTEXT() REPRESENTATION_CONTEXT('2D SPACE',''
  ) );
#6596 = FACE_BOUND('',#6597,.T.);
#6597 = EDGE_LOOP('',(#6598,#6628,#6651,#6679));
#6598 = ORIENTED_EDGE('',*,*,#6599,.T.);
#6599 = EDGE_CURVE('',#6600,#6602,#6604,.T.);
#6600 = VERTEX_POINT('',#6601);
#6601 = CARTESIAN_POINT('',(-23.64427810406,42.253090984528,4.985));
#6602 = VERTEX_POINT('',#6603);
#6603 = CARTESIAN_POINT('',(-24.77011112898,41.603090984528,4.985));
#6604 = SURFACE_CURVE('',#6605,(#6610,#6617),.PCURVE_S1.);
#6605 = CIRCLE('',#6606,5.95);
#6606 = AXIS2_PLACEMENT_3D('',#6607,#6608,#6609);
#6607 = CARTESIAN_POINT('',(-21.25,36.806079660839,4.985));
#6608 = DIRECTION('',(-5.750875869077E-33,1.224646799147E-16,1.));
#6609 = DIRECTION('',(-0.5,0.866025403784,-1.060575238725E-16));
#6610 = PCURVE('',#758,#6611);
#6611 = DEFINITIONAL_REPRESENTATION('',(#6612),#6616);
#6612 = LINE('',#6613,#6614);
#6613 = CARTESIAN_POINT('',(-12.56637061435,-3.065));
#6614 = VECTOR('',#6615,1.);
#6615 = DIRECTION('',(1.,-0.));
#6616 = ( GEOMETRIC_REPRESENTATION_CONTEXT(2) 
PARAMETRIC_REPRESENTATION_CONTEXT() REPRESENTATION_CONTEXT('2D SPACE',''
  ) );
#6617 = PCURVE('',#2767,#6618);
#6618 = DEFINITIONAL_REPRESENTATION('',(#6619),#6627);
#6619 = ( BOUNDED_CURVE() B_SPLINE_CURVE(2,(#6620,#6621,#6622,#6623,
#6624,#6625,#6626),.UNSPECIFIED.,.T.,.F.) B_SPLINE_CURVE_WITH_KNOTS((1,2
    ,2,2,2,1),(-2.094395102393,0.,2.094395102393,4.188790204786,
6.28318530718,8.377580409573),.UNSPECIFIED.) CURVE() 
GEOMETRIC_REPRESENTATION_ITEM() RATIONAL_B_SPLINE_CURVE((1.,0.5,1.,0.5,
1.,0.5,1.)) REPRESENTATION_ITEM('') );
#6620 = CARTESIAN_POINT('',(0.25,1.508338746933E-15));
#6621 = CARTESIAN_POINT('',(0.25,-10.30570230503));
#6622 = CARTESIAN_POINT('',(-8.675,-5.152851152517));
#6623 = CARTESIAN_POINT('',(-17.6,-2.0132500009E-17));
#6624 = CARTESIAN_POINT('',(-8.675,5.152851152517));
#6625 = CARTESIAN_POINT('',(0.25,10.305702305035));
#6626 = CARTESIAN_POINT('',(0.25,1.508338746933E-15));
#6627 = ( GEOMETRIC_REPRESENTATION_CONTEXT(2) 
PARAMETRIC_REPRESENTATION_CONTEXT() REPRESENTATION_CONTEXT('2D SPACE',''
  ) );
#6628 = ORIENTED_EDGE('',*,*,#6629,.T.);
#6629 = EDGE_CURVE('',#6602,#6630,#6632,.T.);
#6630 = VERTEX_POINT('',#6631);
#6631 = CARTESIAN_POINT('',(-24.77011112898,41.603090984528,5.765));
#6632 = SURFACE_CURVE('',#6633,(#6637,#6644),.PCURVE_S1.);
#6633 = LINE('',#6634,#6635);
#6634 = CARTESIAN_POINT('',(-24.77011112898,41.603090984528,8.05));
#6635 = VECTOR('',#6636,1.);
#6636 = DIRECTION('',(0.,1.224646799147E-16,1.));
#6637 = PCURVE('',#758,#6638);
#6638 = DEFINITIONAL_REPRESENTATION('',(#6639),#6643);
#6639 = LINE('',#6640,#6641);
#6640 = CARTESIAN_POINT('',(-6.173723145327,0.));
#6641 = VECTOR('',#6642,1.);
#6642 = DIRECTION('',(-0.,1.));
#6643 = ( GEOMETRIC_REPRESENTATION_CONTEXT(2) 
PARAMETRIC_REPRESENTATION_CONTEXT() REPRESENTATION_CONTEXT('2D SPACE',''
  ) );
#6644 = PCURVE('',#2799,#6645);
#6645 = DEFINITIONAL_REPRESENTATION('',(#6646),#6650);
#6646 = LINE('',#6647,#6648);
#6647 = CARTESIAN_POINT('',(2.414389233048,2.285));
#6648 = VECTOR('',#6649,1.);
#6649 = DIRECTION('',(0.,1.));
#6650 = ( GEOMETRIC_REPRESENTATION_CONTEXT(2) 
PARAMETRIC_REPRESENTATION_CONTEXT() REPRESENTATION_CONTEXT('2D SPACE',''
  ) );
#6651 = ORIENTED_EDGE('',*,*,#6652,.F.);
#6652 = EDGE_CURVE('',#6653,#6630,#6655,.T.);
#6653 = VERTEX_POINT('',#6654);
#6654 = CARTESIAN_POINT('',(-23.64427810406,42.253090984528,5.765));
#6655 = SURFACE_CURVE('',#6656,(#6661,#6668),.PCURVE_S1.);
#6656 = CIRCLE('',#6657,5.95);
#6657 = AXIS2_PLACEMENT_3D('',#6658,#6659,#6660);
#6658 = CARTESIAN_POINT('',(-21.25,36.806079660839,5.765));
#6659 = DIRECTION('',(-5.750875869077E-33,1.224646799147E-16,1.));
#6660 = DIRECTION('',(-0.5,0.866025403784,-1.060575238725E-16));
#6661 = PCURVE('',#758,#6662);
#6662 = DEFINITIONAL_REPRESENTATION('',(#6663),#6667);
#6663 = LINE('',#6664,#6665);
#6664 = CARTESIAN_POINT('',(-12.56637061435,-2.285));
#6665 = VECTOR('',#6666,1.);
#6666 = DIRECTION('',(1.,-0.));
#6667 = ( GEOMETRIC_REPRESENTATION_CONTEXT(2) 
PARAMETRIC_REPRESENTATION_CONTEXT() REPRESENTATION_CONTEXT('2D SPACE',''
  ) );
#6668 = PCURVE('',#2828,#6669);
#6669 = DEFINITIONAL_REPRESENTATION('',(#6670),#6678);
#6670 = ( BOUNDED_CURVE() B_SPLINE_CURVE(2,(#6671,#6672,#6673,#6674,
#6675,#6676,#6677),.UNSPECIFIED.,.T.,.F.) B_SPLINE_CURVE_WITH_KNOTS((1,2
    ,2,2,2,1),(-2.094395102393,0.,2.094395102393,4.188790204786,
6.28318530718,8.377580409573),.UNSPECIFIED.) CURVE() 
GEOMETRIC_REPRESENTATION_ITEM() RATIONAL_B_SPLINE_CURVE((1.,0.5,1.,0.5,
1.,0.5,1.)) REPRESENTATION_ITEM('') );
#6671 = CARTESIAN_POINT('',(0.25,1.508338746933E-15));
#6672 = CARTESIAN_POINT('',(0.25,-10.30570230503));
#6673 = CARTESIAN_POINT('',(-8.675,-5.152851152517));
#6674 = CARTESIAN_POINT('',(-17.6,-2.0132500009E-17));
#6675 = CARTESIAN_POINT('',(-8.675,5.152851152517));
#6676 = CARTESIAN_POINT('',(0.25,10.305702305035));
#6677 = CARTESIAN_POINT('',(0.25,1.508338746933E-15));
#6678 = ( GEOMETRIC_REPRESENTATION_CONTEXT(2) 
PARAMETRIC_REPRESENTATION_CONTEXT() REPRESENTATION_CONTEXT('2D SPACE',''
  ) );
#6679 = ORIENTED_EDGE('',*,*,#6680,.F.);
#6680 = EDGE_CURVE('',#6600,#6653,#6681,.T.);
#6681 = SURFACE_CURVE('',#6682,(#6686,#6693),.PCURVE_S1.);
#6682 = LINE('',#6683,#6684);
#6683 = CARTESIAN_POINT('',(-23.64427810406,42.253090984528,8.05));
#6684 = VECTOR('',#6685,1.);
#6685 = DIRECTION('',(0.,1.224646799147E-16,1.));
#6686 = PCURVE('',#758,#6687);
#6687 = DEFINITIONAL_REPRESENTATION('',(#6688),#6692);
#6688 = LINE('',#6689,#6690);
#6689 = CARTESIAN_POINT('',(-6.392647469032,0.));
#6690 = VECTOR('',#6691,1.);
#6691 = DIRECTION('',(-0.,1.));
#6692 = ( GEOMETRIC_REPRESENTATION_CONTEXT(2) 
PARAMETRIC_REPRESENTATION_CONTEXT() REPRESENTATION_CONTEXT('2D SPACE',''
  ) );
#6693 = PCURVE('',#2858,#6694);
#6694 = DEFINITIONAL_REPRESENTATION('',(#6695),#6699);
#6695 = LINE('',#6696,#6697);
#6696 = CARTESIAN_POINT('',(1.985610766952,2.285));
#6697 = VECTOR('',#6698,1.);
#6698 = DIRECTION('',(0.,1.));
#6699 = ( GEOMETRIC_REPRESENTATION_CONTEXT(2) 
PARAMETRIC_REPRESENTATION_CONTEXT() REPRESENTATION_CONTEXT('2D SPACE',''
  ) );
#6700 = FACE_BOUND('',#6701,.T.);
#6701 = EDGE_LOOP('',(#6702,#6732,#6755,#6783));
#6702 = ORIENTED_EDGE('',*,*,#6703,.T.);
#6703 = EDGE_CURVE('',#6704,#6706,#6708,.T.);
#6704 = VERTEX_POINT('',#6705);
#6705 = CARTESIAN_POINT('',(-23.64427810406,42.253090984528,6.035));
#6706 = VERTEX_POINT('',#6707);
#6707 = CARTESIAN_POINT('',(-24.77011112898,41.603090984528,6.035));
#6708 = SURFACE_CURVE('',#6709,(#6714,#6721),.PCURVE_S1.);
#6709 = CIRCLE('',#6710,5.95);
#6710 = AXIS2_PLACEMENT_3D('',#6711,#6712,#6713);
#6711 = CARTESIAN_POINT('',(-21.25,36.806079660839,6.035));
#6712 = DIRECTION('',(-5.750875869077E-33,1.224646799147E-16,1.));
#6713 = DIRECTION('',(-0.5,0.866025403784,-1.060575238725E-16));
#6714 = PCURVE('',#758,#6715);
#6715 = DEFINITIONAL_REPRESENTATION('',(#6716),#6720);
#6716 = LINE('',#6717,#6718);
#6717 = CARTESIAN_POINT('',(-12.56637061435,-2.015));
#6718 = VECTOR('',#6719,1.);
#6719 = DIRECTION('',(1.,-0.));
#6720 = ( GEOMETRIC_REPRESENTATION_CONTEXT(2) 
PARAMETRIC_REPRESENTATION_CONTEXT() REPRESENTATION_CONTEXT('2D SPACE',''
  ) );
#6721 = PCURVE('',#2891,#6722);
#6722 = DEFINITIONAL_REPRESENTATION('',(#6723),#6731);
#6723 = ( BOUNDED_CURVE() B_SPLINE_CURVE(2,(#6724,#6725,#6726,#6727,
#6728,#6729,#6730),.UNSPECIFIED.,.T.,.F.) B_SPLINE_CURVE_WITH_KNOTS((1,2
    ,2,2,2,1),(-2.094395102393,0.,2.094395102393,4.188790204786,
6.28318530718,8.377580409573),.UNSPECIFIED.) CURVE() 
GEOMETRIC_REPRESENTATION_ITEM() RATIONAL_B_SPLINE_CURVE((1.,0.5,1.,0.5,
1.,0.5,1.)) REPRESENTATION_ITEM('') );
#6724 = CARTESIAN_POINT('',(0.25,1.508338746933E-15));
#6725 = CARTESIAN_POINT('',(0.25,-10.30570230503));
#6726 = CARTESIAN_POINT('',(-8.675,-5.152851152517));
#6727 = CARTESIAN_POINT('',(-17.6,-2.0132500009E-17));
#6728 = CARTESIAN_POINT('',(-8.675,5.152851152517));
#6729 = CARTESIAN_POINT('',(0.25,10.305702305035));
#6730 = CARTESIAN_POINT('',(0.25,1.508338746933E-15));
#6731 = ( GEOMETRIC_REPRESENTATION_CONTEXT(2) 
PARAMETRIC_REPRESENTATION_CONTEXT() REPRESENTATION_CONTEXT('2D SPACE',''
  ) );
#6732 = ORIENTED_EDGE('',*,*,#6733,.T.);
#6733 = EDGE_CURVE('',#6706,#6734,#6736,.T.);
#6734 = VERTEX_POINT('',#6735);
#6735 = CARTESIAN_POINT('',(-24.77011112898,41.603090984528,6.815));
#6736 = SURFACE_CURVE('',#6737,(#6741,#6748),.PCURVE_S1.);
#6737 = LINE('',#6738,#6739);
#6738 = CARTESIAN_POINT('',(-24.77011112898,41.603090984528,8.05));
#6739 = VECTOR('',#6740,1.);
#6740 = DIRECTION('',(0.,1.224646799147E-16,1.));
#6741 = PCURVE('',#758,#6742);
#6742 = DEFINITIONAL_REPRESENTATION('',(#6743),#6747);
#6743 = LINE('',#6744,#6745);
#6744 = CARTESIAN_POINT('',(-6.173723145327,0.));
#6745 = VECTOR('',#6746,1.);
#6746 = DIRECTION('',(-0.,1.));
#6747 = ( GEOMETRIC_REPRESENTATION_CONTEXT(2) 
PARAMETRIC_REPRESENTATION_CONTEXT() REPRESENTATION_CONTEXT('2D SPACE',''
  ) );
#6748 = PCURVE('',#2923,#6749);
#6749 = DEFINITIONAL_REPRESENTATION('',(#6750),#6754);
#6750 = LINE('',#6751,#6752);
#6751 = CARTESIAN_POINT('',(2.414389233048,1.235));
#6752 = VECTOR('',#6753,1.);
#6753 = DIRECTION('',(0.,1.));
#6754 = ( GEOMETRIC_REPRESENTATION_CONTEXT(2) 
PARAMETRIC_REPRESENTATION_CONTEXT() REPRESENTATION_CONTEXT('2D SPACE',''
  ) );
#6755 = ORIENTED_EDGE('',*,*,#6756,.F.);
#6756 = EDGE_CURVE('',#6757,#6734,#6759,.T.);
#6757 = VERTEX_POINT('',#6758);
#6758 = CARTESIAN_POINT('',(-23.64427810406,42.253090984528,6.815));
#6759 = SURFACE_CURVE('',#6760,(#6765,#6772),.PCURVE_S1.);
#6760 = CIRCLE('',#6761,5.95);
#6761 = AXIS2_PLACEMENT_3D('',#6762,#6763,#6764);
#6762 = CARTESIAN_POINT('',(-21.25,36.806079660839,6.815));
#6763 = DIRECTION('',(-5.750875869077E-33,1.224646799147E-16,1.));
#6764 = DIRECTION('',(-0.5,0.866025403784,-1.060575238725E-16));
#6765 = PCURVE('',#758,#6766);
#6766 = DEFINITIONAL_REPRESENTATION('',(#6767),#6771);
#6767 = LINE('',#6768,#6769);
#6768 = CARTESIAN_POINT('',(-12.56637061435,-1.235));
#6769 = VECTOR('',#6770,1.);
#6770 = DIRECTION('',(1.,-0.));
#6771 = ( GEOMETRIC_REPRESENTATION_CONTEXT(2) 
PARAMETRIC_REPRESENTATION_CONTEXT() REPRESENTATION_CONTEXT('2D SPACE',''
  ) );
#6772 = PCURVE('',#2952,#6773);
#6773 = DEFINITIONAL_REPRESENTATION('',(#6774),#6782);
#6774 = ( BOUNDED_CURVE() B_SPLINE_CURVE(2,(#6775,#6776,#6777,#6778,
#6779,#6780,#6781),.UNSPECIFIED.,.T.,.F.) B_SPLINE_CURVE_WITH_KNOTS((1,2
    ,2,2,2,1),(-2.094395102393,0.,2.094395102393,4.188790204786,
6.28318530718,8.377580409573),.UNSPECIFIED.) CURVE() 
GEOMETRIC_REPRESENTATION_ITEM() RATIONAL_B_SPLINE_CURVE((1.,0.5,1.,0.5,
1.,0.5,1.)) REPRESENTATION_ITEM('') );
#6775 = CARTESIAN_POINT('',(0.25,1.508338746933E-15));
#6776 = CARTESIAN_POINT('',(0.25,-10.30570230503));
#6777 = CARTESIAN_POINT('',(-8.675,-5.152851152517));
#6778 = CARTESIAN_POINT('',(-17.6,-2.0132500009E-17));
#6779 = CARTESIAN_POINT('',(-8.675,5.152851152517));
#6780 = CARTESIAN_POINT('',(0.25,10.305702305035));
#6781 = CARTESIAN_POINT('',(0.25,1.508338746933E-15));
#6782 = ( GEOMETRIC_REPRESENTATION_CONTEXT(2) 
PARAMETRIC_REPRESENTATION_CONTEXT() REPRESENTATION_CONTEXT('2D SPACE',''
  ) );
#6783 = ORIENTED_EDGE('',*,*,#6784,.F.);
#6784 = EDGE_CURVE('',#6704,#6757,#6785,.T.);
#6785 = SURFACE_CURVE('',#6786,(#6790,#6797),.PCURVE_S1.);
#6786 = LINE('',#6787,#6788);
#6787 = CARTESIAN_POINT('',(-23.64427810406,42.253090984528,8.05));
#6788 = VECTOR('',#6789,1.);
#6789 = DIRECTION('',(0.,1.224646799147E-16,1.));
#6790 = PCURVE('',#758,#6791);
#6791 = DEFINITIONAL_REPRESENTATION('',(#6792),#6796);
#6792 = LINE('',#6793,#6794);
#6793 = CARTESIAN_POINT('',(-6.392647469032,0.));
#6794 = VECTOR('',#6795,1.);
#6795 = DIRECTION('',(-0.,1.));
#6796 = ( GEOMETRIC_REPRESENTATION_CONTEXT(2) 
PARAMETRIC_REPRESENTATION_CONTEXT() REPRESENTATION_CONTEXT('2D SPACE',''
  ) );
#6797 = PCURVE('',#2982,#6798);
#6798 = DEFINITIONAL_REPRESENTATION('',(#6799),#6803);
#6799 = LINE('',#6800,#6801);
#6800 = CARTESIAN_POINT('',(1.985610766952,1.235));
#6801 = VECTOR('',#6802,1.);
#6802 = DIRECTION('',(0.,1.));
#6803 = ( GEOMETRIC_REPRESENTATION_CONTEXT(2) 
PARAMETRIC_REPRESENTATION_CONTEXT() REPRESENTATION_CONTEXT('2D SPACE',''
  ) );
#6804 = FACE_BOUND('',#6805,.T.);
#6805 = EDGE_LOOP('',(#6806,#6836,#6859,#6887));
#6806 = ORIENTED_EDGE('',*,*,#6807,.T.);
#6807 = EDGE_CURVE('',#6808,#6810,#6812,.T.);
#6808 = VERTEX_POINT('',#6809);
#6809 = CARTESIAN_POINT('',(-23.64427810406,42.253090984528,7.085));
#6810 = VERTEX_POINT('',#6811);
#6811 = CARTESIAN_POINT('',(-24.77011112898,41.603090984528,7.085));
#6812 = SURFACE_CURVE('',#6813,(#6818,#6825),.PCURVE_S1.);
#6813 = CIRCLE('',#6814,5.95);
#6814 = AXIS2_PLACEMENT_3D('',#6815,#6816,#6817);
#6815 = CARTESIAN_POINT('',(-21.25,36.806079660839,7.085));
#6816 = DIRECTION('',(-5.750875869077E-33,1.224646799147E-16,1.));
#6817 = DIRECTION('',(-0.5,0.866025403784,-1.060575238725E-16));
#6818 = PCURVE('',#758,#6819);
#6819 = DEFINITIONAL_REPRESENTATION('',(#6820),#6824);
#6820 = LINE('',#6821,#6822);
#6821 = CARTESIAN_POINT('',(-12.56637061435,-0.965));
#6822 = VECTOR('',#6823,1.);
#6823 = DIRECTION('',(1.,-0.));
#6824 = ( GEOMETRIC_REPRESENTATION_CONTEXT(2) 
PARAMETRIC_REPRESENTATION_CONTEXT() REPRESENTATION_CONTEXT('2D SPACE',''
  ) );
#6825 = PCURVE('',#3015,#6826);
#6826 = DEFINITIONAL_REPRESENTATION('',(#6827),#6835);
#6827 = ( BOUNDED_CURVE() B_SPLINE_CURVE(2,(#6828,#6829,#6830,#6831,
#6832,#6833,#6834),.UNSPECIFIED.,.T.,.F.) B_SPLINE_CURVE_WITH_KNOTS((1,2
    ,2,2,2,1),(-2.094395102393,0.,2.094395102393,4.188790204786,
6.28318530718,8.377580409573),.UNSPECIFIED.) CURVE() 
GEOMETRIC_REPRESENTATION_ITEM() RATIONAL_B_SPLINE_CURVE((1.,0.5,1.,0.5,
1.,0.5,1.)) REPRESENTATION_ITEM('') );
#6828 = CARTESIAN_POINT('',(0.25,1.508338746933E-15));
#6829 = CARTESIAN_POINT('',(0.25,-10.30570230503));
#6830 = CARTESIAN_POINT('',(-8.675,-5.152851152517));
#6831 = CARTESIAN_POINT('',(-17.6,-2.0132500009E-17));
#6832 = CARTESIAN_POINT('',(-8.675,5.152851152517));
#6833 = CARTESIAN_POINT('',(0.25,10.305702305035));
#6834 = CARTESIAN_POINT('',(0.25,1.508338746933E-15));
#6835 = ( GEOMETRIC_REPRESENTATION_CONTEXT(2) 
PARAMETRIC_REPRESENTATION_CONTEXT() REPRESENTATION_CONTEXT('2D SPACE',''
  ) );
#6836 = ORIENTED_EDGE('',*,*,#6837,.T.);
#6837 = EDGE_CURVE('',#6810,#6838,#6840,.T.);
#6838 = VERTEX_POINT('',#6839);
#6839 = CARTESIAN_POINT('',(-24.77011112898,41.603090984528,7.865));
#6840 = SURFACE_CURVE('',#6841,(#6845,#6852),.PCURVE_S1.);
#6841 = LINE('',#6842,#6843);
#6842 = CARTESIAN_POINT('',(-24.77011112898,41.603090984528,8.05));
#6843 = VECTOR('',#6844,1.);
#6844 = DIRECTION('',(0.,1.224646799147E-16,1.));
#6845 = PCURVE('',#758,#6846);
#6846 = DEFINITIONAL_REPRESENTATION('',(#6847),#6851);
#6847 = LINE('',#6848,#6849);
#6848 = CARTESIAN_POINT('',(-6.173723145327,0.));
#6849 = VECTOR('',#6850,1.);
#6850 = DIRECTION('',(-0.,1.));
#6851 = ( GEOMETRIC_REPRESENTATION_CONTEXT(2) 
PARAMETRIC_REPRESENTATION_CONTEXT() REPRESENTATION_CONTEXT('2D SPACE',''
  ) );
#6852 = PCURVE('',#3047,#6853);
#6853 = DEFINITIONAL_REPRESENTATION('',(#6854),#6858);
#6854 = LINE('',#6855,#6856);
#6855 = CARTESIAN_POINT('',(2.414389233048,0.185));
#6856 = VECTOR('',#6857,1.);
#6857 = DIRECTION('',(0.,1.));
#6858 = ( GEOMETRIC_REPRESENTATION_CONTEXT(2) 
PARAMETRIC_REPRESENTATION_CONTEXT() REPRESENTATION_CONTEXT('2D SPACE',''
  ) );
#6859 = ORIENTED_EDGE('',*,*,#6860,.F.);
#6860 = EDGE_CURVE('',#6861,#6838,#6863,.T.);
#6861 = VERTEX_POINT('',#6862);
#6862 = CARTESIAN_POINT('',(-23.64427810406,42.253090984528,7.865));
#6863 = SURFACE_CURVE('',#6864,(#6869,#6876),.PCURVE_S1.);
#6864 = CIRCLE('',#6865,5.95);
#6865 = AXIS2_PLACEMENT_3D('',#6866,#6867,#6868);
#6866 = CARTESIAN_POINT('',(-21.25,36.806079660839,7.865));
#6867 = DIRECTION('',(-5.750875869077E-33,1.224646799147E-16,1.));
#6868 = DIRECTION('',(-0.5,0.866025403784,-1.060575238725E-16));
#6869 = PCURVE('',#758,#6870);
#6870 = DEFINITIONAL_REPRESENTATION('',(#6871),#6875);
#6871 = LINE('',#6872,#6873);
#6872 = CARTESIAN_POINT('',(-12.56637061435,-0.185));
#6873 = VECTOR('',#6874,1.);
#6874 = DIRECTION('',(1.,-0.));
#6875 = ( GEOMETRIC_REPRESENTATION_CONTEXT(2) 
PARAMETRIC_REPRESENTATION_CONTEXT() REPRESENTATION_CONTEXT('2D SPACE',''
  ) );
#6876 = PCURVE('',#3076,#6877);
#6877 = DEFINITIONAL_REPRESENTATION('',(#6878),#6886);
#6878 = ( BOUNDED_CURVE() B_SPLINE_CURVE(2,(#6879,#6880,#6881,#6882,
#6883,#6884,#6885),.UNSPECIFIED.,.T.,.F.) B_SPLINE_CURVE_WITH_KNOTS((1,2
    ,2,2,2,1),(-2.094395102393,0.,2.094395102393,4.188790204786,
6.28318530718,8.377580409573),.UNSPECIFIED.) CURVE() 
GEOMETRIC_REPRESENTATION_ITEM() RATIONAL_B_SPLINE_CURVE((1.,0.5,1.,0.5,
1.,0.5,1.)) REPRESENTATION_ITEM('') );
#6879 = CARTESIAN_POINT('',(0.25,1.508338746933E-15));
#6880 = CARTESIAN_POINT('',(0.25,-10.30570230503));
#6881 = CARTESIAN_POINT('',(-8.675,-5.152851152517));
#6882 = CARTESIAN_POINT('',(-17.6,-2.0132500009E-17));
#6883 = CARTESIAN_POINT('',(-8.675,5.152851152517));
#6884 = CARTESIAN_POINT('',(0.25,10.305702305035));
#6885 = CARTESIAN_POINT('',(0.25,1.508338746933E-15));
#6886 = ( GEOMETRIC_REPRESENTATION_CONTEXT(2) 
PARAMETRIC_REPRESENTATION_CONTEXT() REPRESENTATION_CONTEXT('2D SPACE',''
  ) );
#6887 = ORIENTED_EDGE('',*,*,#6888,.F.);
#6888 = EDGE_CURVE('',#6808,#6861,#6889,.T.);
#6889 = SURFACE_CURVE('',#6890,(#6894,#6901),.PCURVE_S1.);
#6890 = LINE('',#6891,#6892);
#6891 = CARTESIAN_POINT('',(-23.64427810406,42.253090984528,8.05));
#6892 = VECTOR('',#6893,1.);
#6893 = DIRECTION('',(0.,1.224646799147E-16,1.));
#6894 = PCURVE('',#758,#6895);
#6895 = DEFINITIONAL_REPRESENTATION('',(#6896),#6900);
#6896 = LINE('',#6897,#6898);
#6897 = CARTESIAN_POINT('',(-6.392647469032,0.));
#6898 = VECTOR('',#6899,1.);
#6899 = DIRECTION('',(-0.,1.));
#6900 = ( GEOMETRIC_REPRESENTATION_CONTEXT(2) 
PARAMETRIC_REPRESENTATION_CONTEXT() REPRESENTATION_CONTEXT('2D SPACE',''
  ) );
#6901 = PCURVE('',#3106,#6902);
#6902 = DEFINITIONAL_REPRESENTATION('',(#6903),#6907);
#6903 = LINE('',#6904,#6905);
#6904 = CARTESIAN_POINT('',(1.985610766952,0.185));
#6905 = VECTOR('',#6906,1.);
#6906 = DIRECTION('',(0.,1.));
#6907 = ( GEOMETRIC_REPRESENTATION_CONTEXT(2) 
PARAMETRIC_REPRESENTATION_CONTEXT() REPRESENTATION_CONTEXT('2D SPACE',''
  ) );
#6908 = ADVANCED_FACE('',(#6909),#725,.T.);
#6909 = FACE_BOUND('',#6910,.T.);
#6910 = EDGE_LOOP('',(#6911,#6912,#6913,#6936));
#6911 = ORIENTED_EDGE('',*,*,#709,.T.);
#6912 = ORIENTED_EDGE('',*,*,#6238,.T.);
#6913 = ORIENTED_EDGE('',*,*,#6914,.T.);
#6914 = EDGE_CURVE('',#6239,#6915,#6917,.T.);
#6915 = VERTEX_POINT('',#6916);
#6916 = CARTESIAN_POINT('',(-2.319002076109,19.722208325824,1.45));
#6917 = SURFACE_CURVE('',#6918,(#6922,#6929),.PCURVE_S1.);
#6918 = LINE('',#6919,#6920);
#6919 = CARTESIAN_POINT('',(-16.09714884748,39.781079660839,1.45));
#6920 = VECTOR('',#6921,1.);
#6921 = DIRECTION('',(0.566184793706,-0.824278338534,1.009449828892E-16)
  );
#6922 = PCURVE('',#725,#6923);
#6923 = DEFINITIONAL_REPRESENTATION('',(#6924),#6928);
#6924 = LINE('',#6925,#6926);
#6925 = CARTESIAN_POINT('',(-6.662368870688E-16,-6.6));
#6926 = VECTOR('',#6927,1.);
#6927 = DIRECTION('',(1.,0.));
#6928 = ( GEOMETRIC_REPRESENTATION_CONTEXT(2) 
PARAMETRIC_REPRESENTATION_CONTEXT() REPRESENTATION_CONTEXT('2D SPACE',''
  ) );
#6929 = PCURVE('',#4342,#6930);
#6930 = DEFINITIONAL_REPRESENTATION('',(#6931),#6935);
#6931 = LINE('',#6932,#6933);
#6932 = CARTESIAN_POINT('',(-33.09714884748,-39.78107966083));
#6933 = VECTOR('',#6934,1.);
#6934 = DIRECTION('',(0.566184793706,0.824278338534));
#6935 = ( GEOMETRIC_REPRESENTATION_CONTEXT(2) 
PARAMETRIC_REPRESENTATION_CONTEXT() REPRESENTATION_CONTEXT('2D SPACE',''
  ) );
#6936 = ORIENTED_EDGE('',*,*,#6937,.T.);
#6937 = EDGE_CURVE('',#6915,#677,#6938,.T.);
#6938 = SURFACE_CURVE('',#6939,(#6943,#6950),.PCURVE_S1.);
#6939 = LINE('',#6940,#6941);
#6940 = CARTESIAN_POINT('',(-2.319002076109,19.722208325824,8.05));
#6941 = VECTOR('',#6942,1.);
#6942 = DIRECTION('',(0.,1.224646799147E-16,1.));
#6943 = PCURVE('',#725,#6944);
#6944 = DEFINITIONAL_REPRESENTATION('',(#6945),#6949);
#6945 = LINE('',#6946,#6947);
#6946 = CARTESIAN_POINT('',(24.335070324291,-6.801464180932E-16));
#6947 = VECTOR('',#6948,1.);
#6948 = DIRECTION('',(0.,1.));
#6949 = ( GEOMETRIC_REPRESENTATION_CONTEXT(2) 
PARAMETRIC_REPRESENTATION_CONTEXT() REPRESENTATION_CONTEXT('2D SPACE',''
  ) );
#6950 = PCURVE('',#697,#6951);
#6951 = DEFINITIONAL_REPRESENTATION('',(#6952),#6956);
#6952 = LINE('',#6953,#6954);
#6953 = CARTESIAN_POINT('',(-1.414254045752,0.));
#6954 = VECTOR('',#6955,1.);
#6955 = DIRECTION('',(-0.,1.));
#6956 = ( GEOMETRIC_REPRESENTATION_CONTEXT(2) 
PARAMETRIC_REPRESENTATION_CONTEXT() REPRESENTATION_CONTEXT('2D SPACE',''
  ) );
#6957 = ADVANCED_FACE('',(#6958),#697,.F.);
#6958 = FACE_BOUND('',#6959,.T.);
#6959 = EDGE_LOOP('',(#6960,#6961,#6989,#7010));
#6960 = ORIENTED_EDGE('',*,*,#6937,.F.);
#6961 = ORIENTED_EDGE('',*,*,#6962,.F.);
#6962 = EDGE_CURVE('',#6963,#6915,#6965,.T.);
#6963 = VERTEX_POINT('',#6964);
#6964 = CARTESIAN_POINT('',(-0.725562164713,16.383942124688,1.45));
#6965 = SURFACE_CURVE('',#6966,(#6971,#6978),.PCURVE_S1.);
#6966 = CIRCLE('',#6967,7.95);
#6967 = AXIS2_PLACEMENT_3D('',#6968,#6969,#6970);
#6968 = CARTESIAN_POINT('',(-8.5,14.722431864335,1.45));
#6969 = DIRECTION('',(6.535486952341E-33,1.224646799147E-16,1.));
#6970 = DIRECTION('',(-0.933387722118,-0.358869558753,4.394884564379E-17
    ));
#6971 = PCURVE('',#697,#6972);
#6972 = DEFINITIONAL_REPRESENTATION('',(#6973),#6977);
#6973 = LINE('',#6974,#6975);
#6974 = CARTESIAN_POINT('',(-4.868931261427,-6.6));
#6975 = VECTOR('',#6976,1.);
#6976 = DIRECTION('',(1.,-0.));
#6977 = ( GEOMETRIC_REPRESENTATION_CONTEXT(2) 
PARAMETRIC_REPRESENTATION_CONTEXT() REPRESENTATION_CONTEXT('2D SPACE',''
  ) );
#6978 = PCURVE('',#4342,#6979);
#6979 = DEFINITIONAL_REPRESENTATION('',(#6980),#6988);
#6980 = ( BOUNDED_CURVE() B_SPLINE_CURVE(2,(#6981,#6982,#6983,#6984,
#6985,#6986,#6987),.UNSPECIFIED.,.T.,.F.) B_SPLINE_CURVE_WITH_KNOTS((1,2
    ,2,2,2,1),(-2.094395102393,0.,2.094395102393,4.188790204786,
6.28318530718,8.377580409573),.UNSPECIFIED.) CURVE() 
GEOMETRIC_REPRESENTATION_ITEM() RATIONAL_B_SPLINE_CURVE((1.,0.5,1.,0.5,
1.,0.5,1.)) REPRESENTATION_ITEM('') );
#6981 = CARTESIAN_POINT('',(-32.92043239083,-11.86941887225));
#6982 = CARTESIAN_POINT('',(-27.97886893389,0.98314704281));
#6983 = CARTESIAN_POINT('',(-19.3190020761,-9.722655402847));
#6984 = CARTESIAN_POINT('',(-10.65913521832,-20.4284578485));
#6985 = CARTESIAN_POINT('',(-24.26056553305,-22.5752213179));
#6986 = CARTESIAN_POINT('',(-37.86199584778,-24.72198478731));
#6987 = CARTESIAN_POINT('',(-32.92043239083,-11.86941887225));
#6988 = ( GEOMETRIC_REPRESENTATION_CONTEXT(2) 
PARAMETRIC_REPRESENTATION_CONTEXT() REPRESENTATION_CONTEXT('2D SPACE',''
  ) );
#6989 = ORIENTED_EDGE('',*,*,#6990,.T.);
#6990 = EDGE_CURVE('',#6963,#644,#6991,.T.);
#6991 = SURFACE_CURVE('',#6992,(#6996,#7003),.PCURVE_S1.);
#6992 = LINE('',#6993,#6994);
#6993 = CARTESIAN_POINT('',(-0.725562164713,16.383942124688,8.05));
#6994 = VECTOR('',#6995,1.);
#6995 = DIRECTION('',(-0.,1.224646799147E-16,1.));
#6996 = PCURVE('',#697,#6997);
#6997 = DEFINITIONAL_REPRESENTATION('',(#6998),#7002);
#6998 = LINE('',#6999,#7000);
#6999 = CARTESIAN_POINT('',(-1.883847949252,0.));
#7000 = VECTOR('',#7001,1.);
#7001 = DIRECTION('',(-0.,1.));
#7002 = ( GEOMETRIC_REPRESENTATION_CONTEXT(2) 
PARAMETRIC_REPRESENTATION_CONTEXT() REPRESENTATION_CONTEXT('2D SPACE',''
  ) );
#7003 = PCURVE('',#664,#7004);
#7004 = DEFINITIONAL_REPRESENTATION('',(#7005),#7009);
#7005 = LINE('',#7006,#7007);
#7006 = CARTESIAN_POINT('',(-4.668132939764,0.));
#7007 = VECTOR('',#7008,1.);
#7008 = DIRECTION('',(-0.,1.));
#7009 = ( GEOMETRIC_REPRESENTATION_CONTEXT(2) 
PARAMETRIC_REPRESENTATION_CONTEXT() REPRESENTATION_CONTEXT('2D SPACE',''
  ) );
#7010 = ORIENTED_EDGE('',*,*,#676,.T.);
#7011 = ADVANCED_FACE('',(#7012),#664,.F.);
#7012 = FACE_BOUND('',#7013,.T.);
#7013 = EDGE_LOOP('',(#7014,#7015,#7016,#7040));
#7014 = ORIENTED_EDGE('',*,*,#643,.T.);
#7015 = ORIENTED_EDGE('',*,*,#6990,.F.);
#7016 = ORIENTED_EDGE('',*,*,#7017,.T.);
#7017 = EDGE_CURVE('',#6963,#7018,#7020,.T.);
#7018 = VERTEX_POINT('',#7019);
#7019 = CARTESIAN_POINT('',(14.55169117647,7.563615795678,1.45));
#7020 = SURFACE_CURVE('',#7021,(#7026,#7033),.PCURVE_S1.);
#7021 = CIRCLE('',#7022,16.4);
#7022 = AXIS2_PLACEMENT_3D('',#7023,#7024,#7025);
#7023 = CARTESIAN_POINT('',(0.,-8.021436534415E-16,1.45));
#7024 = DIRECTION('',(0.,-1.224646799147E-16,-1.));
#7025 = DIRECTION('',(1.,0.,0.));
#7026 = PCURVE('',#664,#7027);
#7027 = DEFINITIONAL_REPRESENTATION('',(#7028),#7032);
#7028 = LINE('',#7029,#7030);
#7029 = CARTESIAN_POINT('',(-0.,-6.6));
#7030 = VECTOR('',#7031,1.);
#7031 = DIRECTION('',(-1.,0.));
#7032 = ( GEOMETRIC_REPRESENTATION_CONTEXT(2) 
PARAMETRIC_REPRESENTATION_CONTEXT() REPRESENTATION_CONTEXT('2D SPACE',''
  ) );
#7033 = PCURVE('',#4342,#7034);
#7034 = DEFINITIONAL_REPRESENTATION('',(#7035),#7039);
#7035 = CIRCLE('',#7036,16.4);
#7036 = AXIS2_PLACEMENT_2D('',#7037,#7038);
#7037 = CARTESIAN_POINT('',(-17.,-7.074988869349E-16));
#7038 = DIRECTION('',(1.,0.));
#7039 = ( GEOMETRIC_REPRESENTATION_CONTEXT(2) 
PARAMETRIC_REPRESENTATION_CONTEXT() REPRESENTATION_CONTEXT('2D SPACE',''
  ) );
#7040 = ORIENTED_EDGE('',*,*,#7041,.T.);
#7041 = EDGE_CURVE('',#7018,#611,#7042,.T.);
#7042 = SURFACE_CURVE('',#7043,(#7047,#7054),.PCURVE_S1.);
#7043 = LINE('',#7044,#7045);
#7044 = CARTESIAN_POINT('',(14.551691176471,7.563615795678,8.05));
#7045 = VECTOR('',#7046,1.);
#7046 = DIRECTION('',(-0.,1.224646799147E-16,1.));
#7047 = PCURVE('',#664,#7048);
#7048 = DEFINITIONAL_REPRESENTATION('',(#7049),#7053);
#7049 = LINE('',#7050,#7051);
#7050 = CARTESIAN_POINT('',(-5.803842572202,0.));
#7051 = VECTOR('',#7052,1.);
#7052 = DIRECTION('',(-0.,1.));
#7053 = ( GEOMETRIC_REPRESENTATION_CONTEXT(2) 
PARAMETRIC_REPRESENTATION_CONTEXT() REPRESENTATION_CONTEXT('2D SPACE',''
  ) );
#7054 = PCURVE('',#631,#7055);
#7055 = DEFINITIONAL_REPRESENTATION('',(#7056),#7060);
#7056 = LINE('',#7057,#7058);
#7057 = CARTESIAN_POINT('',(-4.399337357927,0.));
#7058 = VECTOR('',#7059,1.);
#7059 = DIRECTION('',(-0.,1.));
#7060 = ( GEOMETRIC_REPRESENTATION_CONTEXT(2) 
PARAMETRIC_REPRESENTATION_CONTEXT() REPRESENTATION_CONTEXT('2D SPACE',''
  ) );
#7061 = ADVANCED_FACE('',(#7062),#631,.F.);
#7062 = FACE_BOUND('',#7063,.T.);
#7063 = EDGE_LOOP('',(#7064,#7065,#7091,#7092));
#7064 = ORIENTED_EDGE('',*,*,#7041,.F.);
#7065 = ORIENTED_EDGE('',*,*,#7066,.F.);
#7066 = EDGE_CURVE('',#4304,#7018,#7067,.T.);
#7067 = SURFACE_CURVE('',#7068,(#7073,#7080),.PCURVE_S1.);
#7068 = CIRCLE('',#7069,7.95);
#7069 = AXIS2_PLACEMENT_3D('',#7070,#7071,#7072);
#7070 = CARTESIAN_POINT('',(17.,-8.021436534415E-16,1.45));
#7071 = DIRECTION('',(-2.258237880819E-33,1.224646799147E-16,1.));
#7072 = DIRECTION('',(0.155903706534,0.987772258311,-1.209672134427E-16)
  );
#7073 = PCURVE('',#631,#7074);
#7074 = DEFINITIONAL_REPRESENTATION('',(#7075),#7079);
#7075 = LINE('',#7076,#7077);
#7076 = CARTESIAN_POINT('',(-4.868931261427,-6.6));
#7077 = VECTOR('',#7078,1.);
#7078 = DIRECTION('',(1.,-0.));
#7079 = ( GEOMETRIC_REPRESENTATION_CONTEXT(2) 
PARAMETRIC_REPRESENTATION_CONTEXT() REPRESENTATION_CONTEXT('2D SPACE',''
  ) );
#7080 = PCURVE('',#4342,#7081);
#7081 = DEFINITIONAL_REPRESENTATION('',(#7082),#7090);
#7082 = ( BOUNDED_CURVE() B_SPLINE_CURVE(2,(#7083,#7084,#7085,#7086,
#7087,#7088,#7089),.UNSPECIFIED.,.T.,.F.) B_SPLINE_CURVE_WITH_KNOTS((1,2
    ,2,2,2,1),(-2.094395102393,0.,2.094395102393,4.188790204786,
6.28318530718,8.377580409573),.UNSPECIFIED.) CURVE() 
GEOMETRIC_REPRESENTATION_ITEM() RATIONAL_B_SPLINE_CURVE((1.,0.5,1.,0.5,
1.,0.5,1.)) REPRESENTATION_ITEM('') );
#7083 = CARTESIAN_POINT('',(1.239434466947,-7.852789453573));
#7084 = CARTESIAN_POINT('',(-12.36199584778,-9.999552922978));
#7085 = CARTESIAN_POINT('',(-7.420432390838,2.853012992084));
#7086 = CARTESIAN_POINT('',(-2.478868933895,15.705578907145));
#7087 = CARTESIAN_POINT('',(6.180997923891,4.999776461489));
#7088 = CARTESIAN_POINT('',(14.840864781676,-5.706025984168));
#7089 = CARTESIAN_POINT('',(1.239434466947,-7.852789453573));
#7090 = ( GEOMETRIC_REPRESENTATION_CONTEXT(2) 
PARAMETRIC_REPRESENTATION_CONTEXT() REPRESENTATION_CONTEXT('2D SPACE',''
  ) );
#7091 = ORIENTED_EDGE('',*,*,#4303,.T.);
#7092 = ORIENTED_EDGE('',*,*,#610,.T.);
#7093 = ADVANCED_FACE('',(#7094,#7114,#7238,#7273,#7308,#7432,#7467,
    #7591),#1187,.T.);
#7094 = FACE_BOUND('',#7095,.T.);
#7095 = EDGE_LOOP('',(#7096,#7097,#7098,#7099,#7100,#7101,#7102,#7103,
    #7104,#7105,#7106,#7107,#7108,#7109,#7110,#7111,#7112,#7113));
#7096 = ORIENTED_EDGE('',*,*,#1170,.F.);
#7097 = ORIENTED_EDGE('',*,*,#1230,.T.);
#7098 = ORIENTED_EDGE('',*,*,#1329,.T.);
#7099 = ORIENTED_EDGE('',*,*,#2177,.T.);
#7100 = ORIENTED_EDGE('',*,*,#2274,.F.);
#7101 = ORIENTED_EDGE('',*,*,#3123,.T.);
#7102 = ORIENTED_EDGE('',*,*,#3221,.F.);
#7103 = ORIENTED_EDGE('',*,*,#3330,.T.);
#7104 = ORIENTED_EDGE('',*,*,#3429,.T.);
#7105 = ORIENTED_EDGE('',*,*,#4277,.T.);
#7106 = ORIENTED_EDGE('',*,*,#4244,.F.);
#7107 = ORIENTED_EDGE('',*,*,#3401,.T.);
#7108 = ORIENTED_EDGE('',*,*,#3297,.F.);
#7109 = ORIENTED_EDGE('',*,*,#3195,.T.);
#7110 = ORIENTED_EDGE('',*,*,#2351,.T.);
#7111 = ORIENTED_EDGE('',*,*,#2248,.T.);
#7112 = ORIENTED_EDGE('',*,*,#2144,.F.);
#7113 = ORIENTED_EDGE('',*,*,#1301,.T.);
#7114 = FACE_BOUND('',#7115,.T.);
#7115 = EDGE_LOOP('',(#7116,#7151,#7179,#7212));
#7116 = ORIENTED_EDGE('',*,*,#7117,.T.);
#7117 = EDGE_CURVE('',#7118,#7120,#7122,.T.);
#7118 = VERTEX_POINT('',#7119);
#7119 = CARTESIAN_POINT('',(-8.749038105677,12.153778516388,
    -1.7763568394E-15));
#7120 = VERTEX_POINT('',#7121);
#7121 = CARTESIAN_POINT('',(-6.150961894323,13.653778516388,
    -1.7763568394E-15));
#7122 = SURFACE_CURVE('',#7123,(#7128,#7139),.PCURVE_S1.);
#7123 = CIRCLE('',#7124,1.5);
#7124 = AXIS2_PLACEMENT_3D('',#7125,#7126,#7127);
#7125 = CARTESIAN_POINT('',(-7.45,12.903778516388,-1.7763568394E-15));
#7126 = DIRECTION('',(-5.750875869077E-33,1.224646799147E-16,1.));
#7127 = DIRECTION('',(-0.5,0.866025403784,-1.060575238725E-16));
#7128 = PCURVE('',#1187,#7129);
#7129 = DEFINITIONAL_REPRESENTATION('',(#7130),#7138);
#7130 = ( BOUNDED_CURVE() B_SPLINE_CURVE(2,(#7131,#7132,#7133,#7134,
#7135,#7136,#7137),.UNSPECIFIED.,.T.,.F.) B_SPLINE_CURVE_WITH_KNOTS((1,2
    ,2,2,2,1),(-2.094395102393,0.,2.094395102393,4.188790204786,
6.28318530718,8.377580409573),.UNSPECIFIED.) CURVE() 
GEOMETRIC_REPRESENTATION_ITEM() RATIONAL_B_SPLINE_CURVE((1.,0.5,1.,0.5,
1.,0.5,1.)) REPRESENTATION_ITEM('') );
#7131 = CARTESIAN_POINT('',(-25.2,-14.20281662206));
#7132 = CARTESIAN_POINT('',(-27.45,-12.90377851638));
#7133 = CARTESIAN_POINT('',(-25.2,-11.60474041071));
#7134 = CARTESIAN_POINT('',(-22.95,-10.30570230503));
#7135 = CARTESIAN_POINT('',(-22.95,-12.90377851638));
#7136 = CARTESIAN_POINT('',(-22.95,-15.50185472774));
#7137 = CARTESIAN_POINT('',(-25.2,-14.20281662206));
#7138 = ( GEOMETRIC_REPRESENTATION_CONTEXT(2) 
PARAMETRIC_REPRESENTATION_CONTEXT() REPRESENTATION_CONTEXT('2D SPACE',''
  ) );
#7139 = PCURVE('',#7140,#7145);
#7140 = CYLINDRICAL_SURFACE('',#7141,1.5);
#7141 = AXIS2_PLACEMENT_3D('',#7142,#7143,#7144);
#7142 = CARTESIAN_POINT('',(-7.45,12.903778516388,1.6));
#7143 = DIRECTION('',(0.,1.224646799147E-16,1.));
#7144 = DIRECTION('',(-0.5,0.866025403784,-1.060575238725E-16));
#7145 = DEFINITIONAL_REPRESENTATION('',(#7146),#7150);
#7146 = LINE('',#7147,#7148);
#7147 = CARTESIAN_POINT('',(-6.28318530718,-1.6));
#7148 = VECTOR('',#7149,1.);
#7149 = DIRECTION('',(1.,-0.));
#7150 = ( GEOMETRIC_REPRESENTATION_CONTEXT(2) 
PARAMETRIC_REPRESENTATION_CONTEXT() REPRESENTATION_CONTEXT('2D SPACE',''
  ) );
#7151 = ORIENTED_EDGE('',*,*,#7152,.T.);
#7152 = EDGE_CURVE('',#7120,#7153,#7155,.T.);
#7153 = VERTEX_POINT('',#7154);
#7154 = CARTESIAN_POINT('',(-21.10096189432,39.547938089543,
    -5.329070518201E-15));
#7155 = SURFACE_CURVE('',#7156,(#7160,#7167),.PCURVE_S1.);
#7156 = LINE('',#7157,#7158);
#7157 = CARTESIAN_POINT('',(-7.775961894323,16.468361078688,
    -1.7763568394E-15));
#7158 = VECTOR('',#7159,1.);
#7159 = DIRECTION('',(-0.5,0.866025403784,-1.060575238725E-16));
#7160 = PCURVE('',#1187,#7161);
#7161 = DEFINITIONAL_REPRESENTATION('',(#7162),#7166);
#7162 = LINE('',#7163,#7164);
#7163 = CARTESIAN_POINT('',(-24.77596189432,-16.46836107868));
#7164 = VECTOR('',#7165,1.);
#7165 = DIRECTION('',(-0.5,-0.866025403784));
#7166 = ( GEOMETRIC_REPRESENTATION_CONTEXT(2) 
PARAMETRIC_REPRESENTATION_CONTEXT() REPRESENTATION_CONTEXT('2D SPACE',''
  ) );
#7167 = PCURVE('',#7168,#7173);
#7168 = PLANE('',#7169);
#7169 = AXIS2_PLACEMENT_3D('',#7170,#7171,#7172);
#7170 = CARTESIAN_POINT('',(-21.10096189432,39.547938089543,1.6));
#7171 = DIRECTION('',(-0.866025403784,-0.5,6.123233995737E-17));
#7172 = DIRECTION('',(0.5,-0.866025403784,1.060575238725E-16));
#7173 = DEFINITIONAL_REPRESENTATION('',(#7174),#7178);
#7174 = LINE('',#7175,#7176);
#7175 = CARTESIAN_POINT('',(26.65,-1.6));
#7176 = VECTOR('',#7177,1.);
#7177 = DIRECTION('',(-1.,0.));
#7178 = ( GEOMETRIC_REPRESENTATION_CONTEXT(2) 
PARAMETRIC_REPRESENTATION_CONTEXT() REPRESENTATION_CONTEXT('2D SPACE',''
  ) );
#7179 = ORIENTED_EDGE('',*,*,#7180,.T.);
#7180 = EDGE_CURVE('',#7153,#7181,#7183,.T.);
#7181 = VERTEX_POINT('',#7182);
#7182 = CARTESIAN_POINT('',(-23.69903810567,38.047938089543,
    -5.329070518201E-15));
#7183 = SURFACE_CURVE('',#7184,(#7189,#7200),.PCURVE_S1.);
#7184 = CIRCLE('',#7185,1.5);
#7185 = AXIS2_PLACEMENT_3D('',#7186,#7187,#7188);
#7186 = CARTESIAN_POINT('',(-22.4,38.797938089543,-5.329070518201E-15));
#7187 = DIRECTION('',(-5.750875869077E-33,1.224646799147E-16,1.));
#7188 = DIRECTION('',(-0.5,0.866025403784,-1.060575238725E-16));
#7189 = PCURVE('',#1187,#7190);
#7190 = DEFINITIONAL_REPRESENTATION('',(#7191),#7199);
#7191 = ( BOUNDED_CURVE() B_SPLINE_CURVE(2,(#7192,#7193,#7194,#7195,
#7196,#7197,#7198),.UNSPECIFIED.,.T.,.F.) B_SPLINE_CURVE_WITH_KNOTS((1,2
    ,2,2,2,1),(-2.094395102393,0.,2.094395102393,4.188790204786,
6.28318530718,8.377580409573),.UNSPECIFIED.) CURVE() 
GEOMETRIC_REPRESENTATION_ITEM() RATIONAL_B_SPLINE_CURVE((1.,0.5,1.,0.5,
1.,0.5,1.)) REPRESENTATION_ITEM('') );
#7192 = CARTESIAN_POINT('',(-40.15,-40.09697619521));
#7193 = CARTESIAN_POINT('',(-42.4,-38.79793808954));
#7194 = CARTESIAN_POINT('',(-40.15,-37.49889998386));
#7195 = CARTESIAN_POINT('',(-37.9,-36.19986187819));
#7196 = CARTESIAN_POINT('',(-37.9,-38.79793808954));
#7197 = CARTESIAN_POINT('',(-37.9,-41.39601430089));
#7198 = CARTESIAN_POINT('',(-40.15,-40.09697619521));
#7199 = ( GEOMETRIC_REPRESENTATION_CONTEXT(2) 
PARAMETRIC_REPRESENTATION_CONTEXT() REPRESENTATION_CONTEXT('2D SPACE',''
  ) );
#7200 = PCURVE('',#7201,#7206);
#7201 = CYLINDRICAL_SURFACE('',#7202,1.5);
#7202 = AXIS2_PLACEMENT_3D('',#7203,#7204,#7205);
#7203 = CARTESIAN_POINT('',(-22.4,38.797938089543,1.6));
#7204 = DIRECTION('',(0.,1.224646799147E-16,1.));
#7205 = DIRECTION('',(-0.5,0.866025403784,-1.060575238725E-16));
#7206 = DEFINITIONAL_REPRESENTATION('',(#7207),#7211);
#7207 = LINE('',#7208,#7209);
#7208 = CARTESIAN_POINT('',(-12.56637061435,-1.6));
#7209 = VECTOR('',#7210,1.);
#7210 = DIRECTION('',(1.,-0.));
#7211 = ( GEOMETRIC_REPRESENTATION_CONTEXT(2) 
PARAMETRIC_REPRESENTATION_CONTEXT() REPRESENTATION_CONTEXT('2D SPACE',''
  ) );
#7212 = ORIENTED_EDGE('',*,*,#7213,.T.);
#7213 = EDGE_CURVE('',#7181,#7118,#7214,.T.);
#7214 = SURFACE_CURVE('',#7215,(#7219,#7226),.PCURVE_S1.);
#7215 = LINE('',#7216,#7217);
#7216 = CARTESIAN_POINT('',(-2.899038105677,2.02128129211,0.));
#7217 = VECTOR('',#7218,1.);
#7218 = DIRECTION('',(0.5,-0.866025403784,1.060575238725E-16));
#7219 = PCURVE('',#1187,#7220);
#7220 = DEFINITIONAL_REPRESENTATION('',(#7221),#7225);
#7221 = LINE('',#7222,#7223);
#7222 = CARTESIAN_POINT('',(-19.89903810567,-2.02128129211));
#7223 = VECTOR('',#7224,1.);
#7224 = DIRECTION('',(0.5,0.866025403784));
#7225 = ( GEOMETRIC_REPRESENTATION_CONTEXT(2) 
PARAMETRIC_REPRESENTATION_CONTEXT() REPRESENTATION_CONTEXT('2D SPACE',''
  ) );
#7226 = PCURVE('',#7227,#7232);
#7227 = PLANE('',#7228);
#7228 = AXIS2_PLACEMENT_3D('',#7229,#7230,#7231);
#7229 = CARTESIAN_POINT('',(-8.749038105677,12.153778516388,1.6));
#7230 = DIRECTION('',(0.866025403784,0.5,-6.123233995737E-17));
#7231 = DIRECTION('',(-0.5,0.866025403784,-1.060575238725E-16));
#7232 = DEFINITIONAL_REPRESENTATION('',(#7233),#7237);
#7233 = LINE('',#7234,#7235);
#7234 = CARTESIAN_POINT('',(-11.7,-1.6));
#7235 = VECTOR('',#7236,1.);
#7236 = DIRECTION('',(-1.,0.));
#7237 = ( GEOMETRIC_REPRESENTATION_CONTEXT(2) 
PARAMETRIC_REPRESENTATION_CONTEXT() REPRESENTATION_CONTEXT('2D SPACE',''
  ) );
#7238 = FACE_BOUND('',#7239,.T.);
#7239 = EDGE_LOOP('',(#7240));
#7240 = ORIENTED_EDGE('',*,*,#7241,.T.);
#7241 = EDGE_CURVE('',#7242,#7242,#7244,.T.);
#7242 = VERTEX_POINT('',#7243);
#7243 = CARTESIAN_POINT('',(-8.260065359942,28.630762113533,
    -3.552713678801E-15));
#7244 = SURFACE_CURVE('',#7245,(#7250,#7261),.PCURVE_S1.);
#7245 = CIRCLE('',#7246,2.15);
#7246 = AXIS2_PLACEMENT_3D('',#7247,#7248,#7249);
#7247 = CARTESIAN_POINT('',(-10.41006535994,28.630762113533,
    -3.552713678801E-15));
#7248 = DIRECTION('',(-0.,1.224646799147E-16,1.));
#7249 = DIRECTION('',(1.,0.,0.));
#7250 = PCURVE('',#1187,#7251);
#7251 = DEFINITIONAL_REPRESENTATION('',(#7252),#7260);
#7252 = ( BOUNDED_CURVE() B_SPLINE_CURVE(2,(#7253,#7254,#7255,#7256,
#7257,#7258,#7259),.UNSPECIFIED.,.T.,.F.) B_SPLINE_CURVE_WITH_KNOTS((1,2
    ,2,2,2,1),(-2.094395102393,0.,2.094395102393,4.188790204786,
6.28318530718,8.377580409573),.UNSPECIFIED.) CURVE() 
GEOMETRIC_REPRESENTATION_ITEM() RATIONAL_B_SPLINE_CURVE((1.,0.5,1.,0.5,
1.,0.5,1.)) REPRESENTATION_ITEM('') );
#7253 = CARTESIAN_POINT('',(-25.26006535994,-28.63076211353));
#7254 = CARTESIAN_POINT('',(-25.26006535994,-32.3546713498));
#7255 = CARTESIAN_POINT('',(-28.48506535994,-30.49271673167));
#7256 = CARTESIAN_POINT('',(-31.71006535994,-28.63076211353));
#7257 = CARTESIAN_POINT('',(-28.48506535994,-26.76880749539));
#7258 = CARTESIAN_POINT('',(-25.26006535994,-24.90685287726));
#7259 = CARTESIAN_POINT('',(-25.26006535994,-28.63076211353));
#7260 = ( GEOMETRIC_REPRESENTATION_CONTEXT(2) 
PARAMETRIC_REPRESENTATION_CONTEXT() REPRESENTATION_CONTEXT('2D SPACE',''
  ) );
#7261 = PCURVE('',#7262,#7267);
#7262 = CYLINDRICAL_SURFACE('',#7263,2.15);
#7263 = AXIS2_PLACEMENT_3D('',#7264,#7265,#7266);
#7264 = CARTESIAN_POINT('',(-10.41006535994,28.630762113533,1.1));
#7265 = DIRECTION('',(-0.,1.224646799147E-16,1.));
#7266 = DIRECTION('',(1.,0.,0.));
#7267 = DEFINITIONAL_REPRESENTATION('',(#7268),#7272);
#7268 = LINE('',#7269,#7270);
#7269 = CARTESIAN_POINT('',(-6.28318530718,-1.1));
#7270 = VECTOR('',#7271,1.);
#7271 = DIRECTION('',(1.,-0.));
#7272 = ( GEOMETRIC_REPRESENTATION_CONTEXT(2) 
PARAMETRIC_REPRESENTATION_CONTEXT() REPRESENTATION_CONTEXT('2D SPACE',''
  ) );
#7273 = FACE_BOUND('',#7274,.T.);
#7274 = EDGE_LOOP('',(#7275));
#7275 = ORIENTED_EDGE('',*,*,#7276,.T.);
#7276 = EDGE_CURVE('',#7277,#7277,#7279,.T.);
#7277 = VERTEX_POINT('',#7278);
#7278 = CARTESIAN_POINT('',(9.75,-9.797174393179E-16,0.));
#7279 = SURFACE_CURVE('',#7280,(#7285,#7296),.PCURVE_S1.);
#7280 = CIRCLE('',#7281,9.75);
#7281 = AXIS2_PLACEMENT_3D('',#7282,#7283,#7284);
#7282 = CARTESIAN_POINT('',(0.,-9.797174393179E-16,0.));
#7283 = DIRECTION('',(-0.,1.224646799147E-16,1.));
#7284 = DIRECTION('',(1.,0.,0.));
#7285 = PCURVE('',#1187,#7286);
#7286 = DEFINITIONAL_REPRESENTATION('',(#7287),#7295);
#7287 = ( BOUNDED_CURVE() B_SPLINE_CURVE(2,(#7288,#7289,#7290,#7291,
#7292,#7293,#7294),.UNSPECIFIED.,.T.,.F.) B_SPLINE_CURVE_WITH_KNOTS((1,2
    ,2,2,2,1),(-2.094395102393,0.,2.094395102393,4.188790204786,
6.28318530718,8.377580409573),.UNSPECIFIED.) CURVE() 
GEOMETRIC_REPRESENTATION_ITEM() RATIONAL_B_SPLINE_CURVE((1.,0.5,1.,0.5,
1.,0.5,1.)) REPRESENTATION_ITEM('') );
#7288 = CARTESIAN_POINT('',(-7.25,-1.879594466024E-16));
#7289 = CARTESIAN_POINT('',(-7.25,-16.88749537379));
#7290 = CARTESIAN_POINT('',(-21.875,-8.443747686898));
#7291 = CARTESIAN_POINT('',(-36.5,-2.57602070494E-15));
#7292 = CARTESIAN_POINT('',(-21.875,8.443747686898));
#7293 = CARTESIAN_POINT('',(-7.25,16.887495373797));
#7294 = CARTESIAN_POINT('',(-7.25,-1.879594466024E-16));
#7295 = ( GEOMETRIC_REPRESENTATION_CONTEXT(2) 
PARAMETRIC_REPRESENTATION_CONTEXT() REPRESENTATION_CONTEXT('2D SPACE',''
  ) );
#7296 = PCURVE('',#7297,#7302);
#7297 = CYLINDRICAL_SURFACE('',#7298,9.75);
#7298 = AXIS2_PLACEMENT_3D('',#7299,#7300,#7301);
#7299 = CARTESIAN_POINT('',(0.,-4.286263797016E-16,4.5));
#7300 = DIRECTION('',(-0.,1.224646799147E-16,1.));
#7301 = DIRECTION('',(1.,0.,0.));
#7302 = DEFINITIONAL_REPRESENTATION('',(#7303),#7307);
#7303 = LINE('',#7304,#7305);
#7304 = CARTESIAN_POINT('',(-6.28318530718,-4.5));
#7305 = VECTOR('',#7306,1.);
#7306 = DIRECTION('',(1.,-0.));
#7307 = ( GEOMETRIC_REPRESENTATION_CONTEXT(2) 
PARAMETRIC_REPRESENTATION_CONTEXT() REPRESENTATION_CONTEXT('2D SPACE',''
  ) );
#7308 = FACE_BOUND('',#7309,.T.);
#7309 = EDGE_LOOP('',(#7310,#7345,#7373,#7406));
#7310 = ORIENTED_EDGE('',*,*,#7311,.T.);
#7311 = EDGE_CURVE('',#7312,#7314,#7316,.T.);
#7312 = VERTEX_POINT('',#7313);
#7313 = CARTESIAN_POINT('',(14.9,1.5,0.));
#7314 = VERTEX_POINT('',#7315);
#7315 = CARTESIAN_POINT('',(14.9,-1.5,0.));
#7316 = SURFACE_CURVE('',#7317,(#7322,#7333),.PCURVE_S1.);
#7317 = CIRCLE('',#7318,1.5);
#7318 = AXIS2_PLACEMENT_3D('',#7319,#7320,#7321);
#7319 = CARTESIAN_POINT('',(14.9,-9.797174393179E-16,0.));
#7320 = DIRECTION('',(-0.,1.224646799147E-16,1.));
#7321 = DIRECTION('',(1.,0.,0.));
#7322 = PCURVE('',#1187,#7323);
#7323 = DEFINITIONAL_REPRESENTATION('',(#7324),#7332);
#7324 = ( BOUNDED_CURVE() B_SPLINE_CURVE(2,(#7325,#7326,#7327,#7328,
#7329,#7330,#7331),.UNSPECIFIED.,.T.,.F.) B_SPLINE_CURVE_WITH_KNOTS((1,2
    ,2,2,2,1),(-2.094395102393,0.,2.094395102393,4.188790204786,
6.28318530718,8.377580409573),.UNSPECIFIED.) CURVE() 
GEOMETRIC_REPRESENTATION_ITEM() RATIONAL_B_SPLINE_CURVE((1.,0.5,1.,0.5,
1.,0.5,1.)) REPRESENTATION_ITEM('') );
#7325 = CARTESIAN_POINT('',(-0.6,-1.879594466024E-16));
#7326 = CARTESIAN_POINT('',(-0.6,-2.598076211353));
#7327 = CARTESIAN_POINT('',(-2.85,-1.299038105677));
#7328 = CARTESIAN_POINT('',(-5.1,-5.553534863466E-16));
#7329 = CARTESIAN_POINT('',(-2.85,1.299038105677));
#7330 = CARTESIAN_POINT('',(-0.6,2.598076211353));
#7331 = CARTESIAN_POINT('',(-0.6,-1.879594466024E-16));
#7332 = ( GEOMETRIC_REPRESENTATION_CONTEXT(2) 
PARAMETRIC_REPRESENTATION_CONTEXT() REPRESENTATION_CONTEXT('2D SPACE',''
  ) );
#7333 = PCURVE('',#7334,#7339);
#7334 = CYLINDRICAL_SURFACE('',#7335,1.5);
#7335 = AXIS2_PLACEMENT_3D('',#7336,#7337,#7338);
#7336 = CARTESIAN_POINT('',(14.9,-7.837739514543E-16,1.6));
#7337 = DIRECTION('',(-0.,1.224646799147E-16,1.));
#7338 = DIRECTION('',(1.,0.,0.));
#7339 = DEFINITIONAL_REPRESENTATION('',(#7340),#7344);
#7340 = LINE('',#7341,#7342);
#7341 = CARTESIAN_POINT('',(-6.28318530718,-1.6));
#7342 = VECTOR('',#7343,1.);
#7343 = DIRECTION('',(1.,-0.));
#7344 = ( GEOMETRIC_REPRESENTATION_CONTEXT(2) 
PARAMETRIC_REPRESENTATION_CONTEXT() REPRESENTATION_CONTEXT('2D SPACE',''
  ) );
#7345 = ORIENTED_EDGE('',*,*,#7346,.T.);
#7346 = EDGE_CURVE('',#7314,#7347,#7349,.T.);
#7347 = VERTEX_POINT('',#7348);
#7348 = CARTESIAN_POINT('',(44.8,-1.5,0.));
#7349 = SURFACE_CURVE('',#7350,(#7354,#7361),.PCURVE_S1.);
#7350 = LINE('',#7351,#7352);
#7351 = CARTESIAN_POINT('',(30.9,-1.5,0.));
#7352 = VECTOR('',#7353,1.);
#7353 = DIRECTION('',(1.,0.,0.));
#7354 = PCURVE('',#1187,#7355);
#7355 = DEFINITIONAL_REPRESENTATION('',(#7356),#7360);
#7356 = LINE('',#7357,#7358);
#7357 = CARTESIAN_POINT('',(13.9,1.5));
#7358 = VECTOR('',#7359,1.);
#7359 = DIRECTION('',(1.,0.));
#7360 = ( GEOMETRIC_REPRESENTATION_CONTEXT(2) 
PARAMETRIC_REPRESENTATION_CONTEXT() REPRESENTATION_CONTEXT('2D SPACE',''
  ) );
#7361 = PCURVE('',#7362,#7367);
#7362 = PLANE('',#7363);
#7363 = AXIS2_PLACEMENT_3D('',#7364,#7365,#7366);
#7364 = CARTESIAN_POINT('',(44.8,-1.5,1.6));
#7365 = DIRECTION('',(0.,1.,-1.224646799147E-16));
#7366 = DIRECTION('',(-1.,-0.,0.));
#7367 = DEFINITIONAL_REPRESENTATION('',(#7368),#7372);
#7368 = LINE('',#7369,#7370);
#7369 = CARTESIAN_POINT('',(13.9,-1.6));
#7370 = VECTOR('',#7371,1.);
#7371 = DIRECTION('',(-1.,0.));
#7372 = ( GEOMETRIC_REPRESENTATION_CONTEXT(2) 
PARAMETRIC_REPRESENTATION_CONTEXT() REPRESENTATION_CONTEXT('2D SPACE',''
  ) );
#7373 = ORIENTED_EDGE('',*,*,#7374,.T.);
#7374 = EDGE_CURVE('',#7347,#7375,#7377,.T.);
#7375 = VERTEX_POINT('',#7376);
#7376 = CARTESIAN_POINT('',(44.8,1.5,0.));
#7377 = SURFACE_CURVE('',#7378,(#7383,#7394),.PCURVE_S1.);
#7378 = CIRCLE('',#7379,1.5);
#7379 = AXIS2_PLACEMENT_3D('',#7380,#7381,#7382);
#7380 = CARTESIAN_POINT('',(44.8,-9.797174393179E-16,0.));
#7381 = DIRECTION('',(-0.,1.224646799147E-16,1.));
#7382 = DIRECTION('',(1.,0.,0.));
#7383 = PCURVE('',#1187,#7384);
#7384 = DEFINITIONAL_REPRESENTATION('',(#7385),#7393);
#7385 = ( BOUNDED_CURVE() B_SPLINE_CURVE(2,(#7386,#7387,#7388,#7389,
#7390,#7391,#7392),.UNSPECIFIED.,.T.,.F.) B_SPLINE_CURVE_WITH_KNOTS((1,2
    ,2,2,2,1),(-2.094395102393,0.,2.094395102393,4.188790204786,
6.28318530718,8.377580409573),.UNSPECIFIED.) CURVE() 
GEOMETRIC_REPRESENTATION_ITEM() RATIONAL_B_SPLINE_CURVE((1.,0.5,1.,0.5,
1.,0.5,1.)) REPRESENTATION_ITEM('') );
#7386 = CARTESIAN_POINT('',(29.3,-1.879594466024E-16));
#7387 = CARTESIAN_POINT('',(29.3,-2.598076211353));
#7388 = CARTESIAN_POINT('',(27.05,-1.299038105677));
#7389 = CARTESIAN_POINT('',(24.8,-5.553534863466E-16));
#7390 = CARTESIAN_POINT('',(27.05,1.299038105677));
#7391 = CARTESIAN_POINT('',(29.3,2.598076211353));
#7392 = CARTESIAN_POINT('',(29.3,-1.879594466024E-16));
#7393 = ( GEOMETRIC_REPRESENTATION_CONTEXT(2) 
PARAMETRIC_REPRESENTATION_CONTEXT() REPRESENTATION_CONTEXT('2D SPACE',''
  ) );
#7394 = PCURVE('',#7395,#7400);
#7395 = CYLINDRICAL_SURFACE('',#7396,1.5);
#7396 = AXIS2_PLACEMENT_3D('',#7397,#7398,#7399);
#7397 = CARTESIAN_POINT('',(44.8,-7.837739514543E-16,1.6));
#7398 = DIRECTION('',(-0.,1.224646799147E-16,1.));
#7399 = DIRECTION('',(1.,0.,0.));
#7400 = DEFINITIONAL_REPRESENTATION('',(#7401),#7405);
#7401 = LINE('',#7402,#7403);
#7402 = CARTESIAN_POINT('',(-12.56637061435,-1.6));
#7403 = VECTOR('',#7404,1.);
#7404 = DIRECTION('',(1.,-0.));
#7405 = ( GEOMETRIC_REPRESENTATION_CONTEXT(2) 
PARAMETRIC_REPRESENTATION_CONTEXT() REPRESENTATION_CONTEXT('2D SPACE',''
  ) );
#7406 = ORIENTED_EDGE('',*,*,#7407,.T.);
#7407 = EDGE_CURVE('',#7375,#7312,#7408,.T.);
#7408 = SURFACE_CURVE('',#7409,(#7413,#7420),.PCURVE_S1.);
#7409 = LINE('',#7410,#7411);
#7410 = CARTESIAN_POINT('',(15.95,1.5,0.));
#7411 = VECTOR('',#7412,1.);
#7412 = DIRECTION('',(-1.,-0.,0.));
#7413 = PCURVE('',#1187,#7414);
#7414 = DEFINITIONAL_REPRESENTATION('',(#7415),#7419);
#7415 = LINE('',#7416,#7417);
#7416 = CARTESIAN_POINT('',(-1.05,-1.5));
#7417 = VECTOR('',#7418,1.);
#7418 = DIRECTION('',(-1.,0.));
#7419 = ( GEOMETRIC_REPRESENTATION_CONTEXT(2) 
PARAMETRIC_REPRESENTATION_CONTEXT() REPRESENTATION_CONTEXT('2D SPACE',''
  ) );
#7420 = PCURVE('',#7421,#7426);
#7421 = PLANE('',#7422);
#7422 = AXIS2_PLACEMENT_3D('',#7423,#7424,#7425);
#7423 = CARTESIAN_POINT('',(14.9,1.5,1.6));
#7424 = DIRECTION('',(0.,-1.,1.224646799147E-16));
#7425 = DIRECTION('',(1.,0.,0.));
#7426 = DEFINITIONAL_REPRESENTATION('',(#7427),#7431);
#7427 = LINE('',#7428,#7429);
#7428 = CARTESIAN_POINT('',(1.05,-1.6));
#7429 = VECTOR('',#7430,1.);
#7430 = DIRECTION('',(-1.,0.));
#7431 = ( GEOMETRIC_REPRESENTATION_CONTEXT(2) 
PARAMETRIC_REPRESENTATION_CONTEXT() REPRESENTATION_CONTEXT('2D SPACE',''
  ) );
#7432 = FACE_BOUND('',#7433,.T.);
#7433 = EDGE_LOOP('',(#7434));
#7434 = ORIENTED_EDGE('',*,*,#7435,.T.);
#7435 = EDGE_CURVE('',#7436,#7436,#7438,.T.);
#7436 = VERTEX_POINT('',#7437);
#7437 = CARTESIAN_POINT('',(-17.43993464005,-23.33076211353,
    2.6645352591E-15));
#7438 = SURFACE_CURVE('',#7439,(#7444,#7455),.PCURVE_S1.);
#7439 = CIRCLE('',#7440,2.15);
#7440 = AXIS2_PLACEMENT_3D('',#7441,#7442,#7443);
#7441 = CARTESIAN_POINT('',(-19.58993464005,-23.33076211353,
    2.6645352591E-15));
#7442 = DIRECTION('',(-0.,1.224646799147E-16,1.));
#7443 = DIRECTION('',(1.,0.,0.));
#7444 = PCURVE('',#1187,#7445);
#7445 = DEFINITIONAL_REPRESENTATION('',(#7446),#7454);
#7446 = ( BOUNDED_CURVE() B_SPLINE_CURVE(2,(#7447,#7448,#7449,#7450,
#7451,#7452,#7453),.UNSPECIFIED.,.T.,.F.) B_SPLINE_CURVE_WITH_KNOTS((1,2
    ,2,2,2,1),(-2.094395102393,0.,2.094395102393,4.188790204786,
6.28318530718,8.377580409573),.UNSPECIFIED.) CURVE() 
GEOMETRIC_REPRESENTATION_ITEM() RATIONAL_B_SPLINE_CURVE((1.,0.5,1.,0.5,
1.,0.5,1.)) REPRESENTATION_ITEM('') );
#7447 = CARTESIAN_POINT('',(-34.43993464005,23.330762113533));
#7448 = CARTESIAN_POINT('',(-34.43993464005,19.60685287726));
#7449 = CARTESIAN_POINT('',(-37.66493464005,21.468807495397));
#7450 = CARTESIAN_POINT('',(-40.88993464005,23.330762113533));
#7451 = CARTESIAN_POINT('',(-37.66493464005,25.19271673167));
#7452 = CARTESIAN_POINT('',(-34.43993464005,27.054671349806));
#7453 = CARTESIAN_POINT('',(-34.43993464005,23.330762113533));
#7454 = ( GEOMETRIC_REPRESENTATION_CONTEXT(2) 
PARAMETRIC_REPRESENTATION_CONTEXT() REPRESENTATION_CONTEXT('2D SPACE',''
  ) );
#7455 = PCURVE('',#7456,#7461);
#7456 = CYLINDRICAL_SURFACE('',#7457,2.15);
#7457 = AXIS2_PLACEMENT_3D('',#7458,#7459,#7460);
#7458 = CARTESIAN_POINT('',(-19.58993464005,-23.33076211353,1.1));
#7459 = DIRECTION('',(-0.,1.224646799147E-16,1.));
#7460 = DIRECTION('',(1.,0.,0.));
#7461 = DEFINITIONAL_REPRESENTATION('',(#7462),#7466);
#7462 = LINE('',#7463,#7464);
#7463 = CARTESIAN_POINT('',(-6.28318530718,-1.1));
#7464 = VECTOR('',#7465,1.);
#7465 = DIRECTION('',(1.,-0.));
#7466 = ( GEOMETRIC_REPRESENTATION_CONTEXT(2) 
PARAMETRIC_REPRESENTATION_CONTEXT() REPRESENTATION_CONTEXT('2D SPACE',''
  ) );
#7467 = FACE_BOUND('',#7468,.T.);
#7468 = EDGE_LOOP('',(#7469,#7504,#7532,#7565));
#7469 = ORIENTED_EDGE('',*,*,#7470,.T.);
#7470 = EDGE_CURVE('',#7471,#7473,#7475,.T.);
#7471 = VERTEX_POINT('',#7472);
#7472 = CARTESIAN_POINT('',(-6.150961894323,-13.65377851638,
    1.7763568394E-15));
#7473 = VERTEX_POINT('',#7474);
#7474 = CARTESIAN_POINT('',(-8.749038105677,-12.15377851638,
    1.7763568394E-15));
#7475 = SURFACE_CURVE('',#7476,(#7481,#7492),.PCURVE_S1.);
#7476 = CIRCLE('',#7477,1.5);
#7477 = AXIS2_PLACEMENT_3D('',#7478,#7479,#7480);
#7478 = CARTESIAN_POINT('',(-7.45,-12.90377851638,1.7763568394E-15));
#7479 = DIRECTION('',(5.627922965446E-33,1.224646799147E-16,1.));
#7480 = DIRECTION('',(-0.5,-0.866025403784,1.060575238725E-16));
#7481 = PCURVE('',#1187,#7482);
#7482 = DEFINITIONAL_REPRESENTATION('',(#7483),#7491);
#7483 = ( BOUNDED_CURVE() B_SPLINE_CURVE(2,(#7484,#7485,#7486,#7487,
#7488,#7489,#7490),.UNSPECIFIED.,.T.,.F.) B_SPLINE_CURVE_WITH_KNOTS((1,2
    ,2,2,2,1),(-2.094395102393,0.,2.094395102393,4.188790204786,
6.28318530718,8.377580409573),.UNSPECIFIED.) CURVE() 
GEOMETRIC_REPRESENTATION_ITEM() RATIONAL_B_SPLINE_CURVE((1.,0.5,1.,0.5,
1.,0.5,1.)) REPRESENTATION_ITEM('') );
#7484 = CARTESIAN_POINT('',(-25.2,14.202816622065));
#7485 = CARTESIAN_POINT('',(-22.95,15.501854727741));
#7486 = CARTESIAN_POINT('',(-22.95,12.903778516388));
#7487 = CARTESIAN_POINT('',(-22.95,10.305702305035));
#7488 = CARTESIAN_POINT('',(-25.2,11.604740410711));
#7489 = CARTESIAN_POINT('',(-27.45,12.903778516388));
#7490 = CARTESIAN_POINT('',(-25.2,14.202816622065));
#7491 = ( GEOMETRIC_REPRESENTATION_CONTEXT(2) 
PARAMETRIC_REPRESENTATION_CONTEXT() REPRESENTATION_CONTEXT('2D SPACE',''
  ) );
#7492 = PCURVE('',#7493,#7498);
#7493 = CYLINDRICAL_SURFACE('',#7494,1.5);
#7494 = AXIS2_PLACEMENT_3D('',#7495,#7496,#7497);
#7495 = CARTESIAN_POINT('',(-7.45,-12.90377851638,1.6));
#7496 = DIRECTION('',(0.,1.224646799147E-16,1.));
#7497 = DIRECTION('',(-0.5,-0.866025403784,1.060575238725E-16));
#7498 = DEFINITIONAL_REPRESENTATION('',(#7499),#7503);
#7499 = LINE('',#7500,#7501);
#7500 = CARTESIAN_POINT('',(-6.28318530718,-1.6));
#7501 = VECTOR('',#7502,1.);
#7502 = DIRECTION('',(1.,-0.));
#7503 = ( GEOMETRIC_REPRESENTATION_CONTEXT(2) 
PARAMETRIC_REPRESENTATION_CONTEXT() REPRESENTATION_CONTEXT('2D SPACE',''
  ) );
#7504 = ORIENTED_EDGE('',*,*,#7505,.T.);
#7505 = EDGE_CURVE('',#7473,#7506,#7508,.T.);
#7506 = VERTEX_POINT('',#7507);
#7507 = CARTESIAN_POINT('',(-23.69903810567,-38.04793808954,
    4.440892098501E-15));
#7508 = SURFACE_CURVE('',#7509,(#7513,#7520),.PCURVE_S1.);
#7509 = LINE('',#7510,#7511);
#7510 = CARTESIAN_POINT('',(-10.37403810567,-14.96836107868,
    1.7763568394E-15));
#7511 = VECTOR('',#7512,1.);
#7512 = DIRECTION('',(-0.5,-0.866025403784,1.060575238725E-16));
#7513 = PCURVE('',#1187,#7514);
#7514 = DEFINITIONAL_REPRESENTATION('',(#7515),#7519);
#7515 = LINE('',#7516,#7517);
#7516 = CARTESIAN_POINT('',(-27.37403810567,14.968361078688));
#7517 = VECTOR('',#7518,1.);
#7518 = DIRECTION('',(-0.5,0.866025403784));
#7519 = ( GEOMETRIC_REPRESENTATION_CONTEXT(2) 
PARAMETRIC_REPRESENTATION_CONTEXT() REPRESENTATION_CONTEXT('2D SPACE',''
  ) );
#7520 = PCURVE('',#7521,#7526);
#7521 = PLANE('',#7522);
#7522 = AXIS2_PLACEMENT_3D('',#7523,#7524,#7525);
#7523 = CARTESIAN_POINT('',(-23.69903810567,-38.04793808954,1.6));
#7524 = DIRECTION('',(0.866025403784,-0.5,6.123233995737E-17));
#7525 = DIRECTION('',(0.5,0.866025403784,-1.060575238725E-16));
#7526 = DEFINITIONAL_REPRESENTATION('',(#7527),#7531);
#7527 = LINE('',#7528,#7529);
#7528 = CARTESIAN_POINT('',(26.65,-1.6));
#7529 = VECTOR('',#7530,1.);
#7530 = DIRECTION('',(-1.,0.));
#7531 = ( GEOMETRIC_REPRESENTATION_CONTEXT(2) 
PARAMETRIC_REPRESENTATION_CONTEXT() REPRESENTATION_CONTEXT('2D SPACE',''
  ) );
#7532 = ORIENTED_EDGE('',*,*,#7533,.T.);
#7533 = EDGE_CURVE('',#7506,#7534,#7536,.T.);
#7534 = VERTEX_POINT('',#7535);
#7535 = CARTESIAN_POINT('',(-21.10096189432,-39.54793808954,
    4.440892098501E-15));
#7536 = SURFACE_CURVE('',#7537,(#7542,#7553),.PCURVE_S1.);
#7537 = CIRCLE('',#7538,1.5);
#7538 = AXIS2_PLACEMENT_3D('',#7539,#7540,#7541);
#7539 = CARTESIAN_POINT('',(-22.4,-38.79793808954,4.440892098501E-15));
#7540 = DIRECTION('',(5.627922965446E-33,1.224646799147E-16,1.));
#7541 = DIRECTION('',(-0.5,-0.866025403784,1.060575238725E-16));
#7542 = PCURVE('',#1187,#7543);
#7543 = DEFINITIONAL_REPRESENTATION('',(#7544),#7552);
#7544 = ( BOUNDED_CURVE() B_SPLINE_CURVE(2,(#7545,#7546,#7547,#7548,
#7549,#7550,#7551),.UNSPECIFIED.,.T.,.F.) B_SPLINE_CURVE_WITH_KNOTS((1,2
    ,2,2,2,1),(-2.094395102393,0.,2.094395102393,4.188790204786,
6.28318530718,8.377580409573),.UNSPECIFIED.) CURVE() 
GEOMETRIC_REPRESENTATION_ITEM() RATIONAL_B_SPLINE_CURVE((1.,0.5,1.,0.5,
1.,0.5,1.)) REPRESENTATION_ITEM('') );
#7545 = CARTESIAN_POINT('',(-40.15,40.09697619522));
#7546 = CARTESIAN_POINT('',(-37.9,41.396014300896));
#7547 = CARTESIAN_POINT('',(-37.9,38.797938089543));
#7548 = CARTESIAN_POINT('',(-37.9,36.19986187819));
#7549 = CARTESIAN_POINT('',(-40.15,37.498899983866));
#7550 = CARTESIAN_POINT('',(-42.4,38.797938089543));
#7551 = CARTESIAN_POINT('',(-40.15,40.09697619522));
#7552 = ( GEOMETRIC_REPRESENTATION_CONTEXT(2) 
PARAMETRIC_REPRESENTATION_CONTEXT() REPRESENTATION_CONTEXT('2D SPACE',''
  ) );
#7553 = PCURVE('',#7554,#7559);
#7554 = CYLINDRICAL_SURFACE('',#7555,1.5);
#7555 = AXIS2_PLACEMENT_3D('',#7556,#7557,#7558);
#7556 = CARTESIAN_POINT('',(-22.4,-38.79793808954,1.6));
#7557 = DIRECTION('',(0.,1.224646799147E-16,1.));
#7558 = DIRECTION('',(-0.5,-0.866025403784,1.060575238725E-16));
#7559 = DEFINITIONAL_REPRESENTATION('',(#7560),#7564);
#7560 = LINE('',#7561,#7562);
#7561 = CARTESIAN_POINT('',(-12.56637061435,-1.6));
#7562 = VECTOR('',#7563,1.);
#7563 = DIRECTION('',(1.,-0.));
#7564 = ( GEOMETRIC_REPRESENTATION_CONTEXT(2) 
PARAMETRIC_REPRESENTATION_CONTEXT() REPRESENTATION_CONTEXT('2D SPACE',''
  ) );
#7565 = ORIENTED_EDGE('',*,*,#7566,.T.);
#7566 = EDGE_CURVE('',#7534,#7471,#7567,.T.);
#7567 = SURFACE_CURVE('',#7568,(#7572,#7579),.PCURVE_S1.);
#7568 = LINE('',#7569,#7570);
#7569 = CARTESIAN_POINT('',(-0.300961894323,-3.52128129211,0.));
#7570 = VECTOR('',#7571,1.);
#7571 = DIRECTION('',(0.5,0.866025403784,-1.060575238725E-16));
#7572 = PCURVE('',#1187,#7573);
#7573 = DEFINITIONAL_REPRESENTATION('',(#7574),#7578);
#7574 = LINE('',#7575,#7576);
#7575 = CARTESIAN_POINT('',(-17.30096189432,3.52128129211));
#7576 = VECTOR('',#7577,1.);
#7577 = DIRECTION('',(0.5,-0.866025403784));
#7578 = ( GEOMETRIC_REPRESENTATION_CONTEXT(2) 
PARAMETRIC_REPRESENTATION_CONTEXT() REPRESENTATION_CONTEXT('2D SPACE',''
  ) );
#7579 = PCURVE('',#7580,#7585);
#7580 = PLANE('',#7581);
#7581 = AXIS2_PLACEMENT_3D('',#7582,#7583,#7584);
#7582 = CARTESIAN_POINT('',(-6.150961894323,-13.65377851638,1.6));
#7583 = DIRECTION('',(-0.866025403784,0.5,-6.123233995737E-17));
#7584 = DIRECTION('',(-0.5,-0.866025403784,1.060575238725E-16));
#7585 = DEFINITIONAL_REPRESENTATION('',(#7586),#7590);
#7586 = LINE('',#7587,#7588);
#7587 = CARTESIAN_POINT('',(-11.7,-1.6));
#7588 = VECTOR('',#7589,1.);
#7589 = DIRECTION('',(-1.,0.));
#7590 = ( GEOMETRIC_REPRESENTATION_CONTEXT(2) 
PARAMETRIC_REPRESENTATION_CONTEXT() REPRESENTATION_CONTEXT('2D SPACE',''
  ) );
#7591 = FACE_BOUND('',#7592,.T.);
#7592 = EDGE_LOOP('',(#7593));
#7593 = ORIENTED_EDGE('',*,*,#7594,.T.);
#7594 = EDGE_CURVE('',#7595,#7595,#7597,.T.);
#7595 = VERTEX_POINT('',#7596);
#7596 = CARTESIAN_POINT('',(32.15,-5.3,8.881784197001E-16));
#7597 = SURFACE_CURVE('',#7598,(#7603,#7614),.PCURVE_S1.);
#7598 = CIRCLE('',#7599,2.15);
#7599 = AXIS2_PLACEMENT_3D('',#7600,#7601,#7602);
#7600 = CARTESIAN_POINT('',(30.,-5.3,8.881784197001E-16));
#7601 = DIRECTION('',(-0.,1.224646799147E-16,1.));
#7602 = DIRECTION('',(1.,0.,0.));
#7603 = PCURVE('',#1187,#7604);
#7604 = DEFINITIONAL_REPRESENTATION('',(#7605),#7613);
#7605 = ( BOUNDED_CURVE() B_SPLINE_CURVE(2,(#7606,#7607,#7608,#7609,
#7610,#7611,#7612),.UNSPECIFIED.,.T.,.F.) B_SPLINE_CURVE_WITH_KNOTS((1,2
    ,2,2,2,1),(-2.094395102393,0.,2.094395102393,4.188790204786,
6.28318530718,8.377580409573),.UNSPECIFIED.) CURVE() 
GEOMETRIC_REPRESENTATION_ITEM() RATIONAL_B_SPLINE_CURVE((1.,0.5,1.,0.5,
1.,0.5,1.)) REPRESENTATION_ITEM('') );
#7606 = CARTESIAN_POINT('',(15.15,5.3));
#7607 = CARTESIAN_POINT('',(15.15,1.576090763727));
#7608 = CARTESIAN_POINT('',(11.925,3.438045381863));
#7609 = CARTESIAN_POINT('',(8.7,5.3));
#7610 = CARTESIAN_POINT('',(11.925,7.161954618137));
#7611 = CARTESIAN_POINT('',(15.15,9.023909236273));
#7612 = CARTESIAN_POINT('',(15.15,5.3));
#7613 = ( GEOMETRIC_REPRESENTATION_CONTEXT(2) 
PARAMETRIC_REPRESENTATION_CONTEXT() REPRESENTATION_CONTEXT('2D SPACE',''
  ) );
#7614 = PCURVE('',#7615,#7620);
#7615 = CYLINDRICAL_SURFACE('',#7616,2.15);
#7616 = AXIS2_PLACEMENT_3D('',#7617,#7618,#7619);
#7617 = CARTESIAN_POINT('',(30.,-5.3,1.1));
#7618 = DIRECTION('',(-0.,1.224646799147E-16,1.));
#7619 = DIRECTION('',(1.,0.,0.));
#7620 = DEFINITIONAL_REPRESENTATION('',(#7621),#7625);
#7621 = LINE('',#7622,#7623);
#7622 = CARTESIAN_POINT('',(-6.28318530718,-1.1));
#7623 = VECTOR('',#7624,1.);
#7624 = DIRECTION('',(1.,-0.));
#7625 = ( GEOMETRIC_REPRESENTATION_CONTEXT(2) 
PARAMETRIC_REPRESENTATION_CONTEXT() REPRESENTATION_CONTEXT('2D SPACE',''
  ) );
#7626 = ADVANCED_FACE('',(#7627),#1395,.F.);
#7627 = FACE_BOUND('',#7628,.F.);
#7628 = EDGE_LOOP('',(#7629,#7630,#7651,#7652));
#7629 = ORIENTED_EDGE('',*,*,#4427,.T.);
#7630 = ORIENTED_EDGE('',*,*,#7631,.T.);
#7631 = EDGE_CURVE('',#4430,#1379,#7632,.T.);
#7632 = SURFACE_CURVE('',#7633,(#7637,#7644),.PCURVE_S1.);
#7633 = LINE('',#7634,#7635);
#7634 = CARTESIAN_POINT('',(46.,0.65,1.835));
#7635 = VECTOR('',#7636,1.);
#7636 = DIRECTION('',(1.,0.,0.));
#7637 = PCURVE('',#1395,#7638);
#7638 = DEFINITIONAL_REPRESENTATION('',(#7639),#7643);
#7639 = LINE('',#7640,#7641);
#7640 = CARTESIAN_POINT('',(-2.2,-0.65));
#7641 = VECTOR('',#7642,1.);
#7642 = DIRECTION('',(1.,0.));
#7643 = ( GEOMETRIC_REPRESENTATION_CONTEXT(2) 
PARAMETRIC_REPRESENTATION_CONTEXT() REPRESENTATION_CONTEXT('2D SPACE',''
  ) );
#7644 = PCURVE('',#1427,#7645);
#7645 = DEFINITIONAL_REPRESENTATION('',(#7646),#7650);
#7646 = LINE('',#7647,#7648);
#7647 = CARTESIAN_POINT('',(0.,-0.78));
#7648 = VECTOR('',#7649,1.);
#7649 = DIRECTION('',(1.,0.));
#7650 = ( GEOMETRIC_REPRESENTATION_CONTEXT(2) 
PARAMETRIC_REPRESENTATION_CONTEXT() REPRESENTATION_CONTEXT('2D SPACE',''
  ) );
#7651 = ORIENTED_EDGE('',*,*,#1376,.F.);
#7652 = ORIENTED_EDGE('',*,*,#7653,.T.);
#7653 = EDGE_CURVE('',#1377,#4428,#7654,.T.);
#7654 = SURFACE_CURVE('',#7655,(#7659,#7666),.PCURVE_S1.);
#7655 = LINE('',#7656,#7657);
#7656 = CARTESIAN_POINT('',(50.4,-0.65,1.835));
#7657 = VECTOR('',#7658,1.);
#7658 = DIRECTION('',(-1.,-0.,0.));
#7659 = PCURVE('',#1395,#7660);
#7660 = DEFINITIONAL_REPRESENTATION('',(#7661),#7665);
#7661 = LINE('',#7662,#7663);
#7662 = CARTESIAN_POINT('',(2.2,0.65));
#7663 = VECTOR('',#7664,1.);
#7664 = DIRECTION('',(-1.,0.));
#7665 = ( GEOMETRIC_REPRESENTATION_CONTEXT(2) 
PARAMETRIC_REPRESENTATION_CONTEXT() REPRESENTATION_CONTEXT('2D SPACE',''
  ) );
#7666 = PCURVE('',#1486,#7667);
#7667 = DEFINITIONAL_REPRESENTATION('',(#7668),#7672);
#7668 = LINE('',#7669,#7670);
#7669 = CARTESIAN_POINT('',(0.,-0.78));
#7670 = VECTOR('',#7671,1.);
#7671 = DIRECTION('',(1.,0.));
#7672 = ( GEOMETRIC_REPRESENTATION_CONTEXT(2) 
PARAMETRIC_REPRESENTATION_CONTEXT() REPRESENTATION_CONTEXT('2D SPACE',''
  ) );
#7673 = ADVANCED_FACE('',(#7674),#1486,.T.);
#7674 = FACE_BOUND('',#7675,.T.);
#7675 = EDGE_LOOP('',(#7676,#7697,#7698,#7699));
#7676 = ORIENTED_EDGE('',*,*,#7677,.F.);
#7677 = EDGE_CURVE('',#1440,#4481,#7678,.T.);
#7678 = SURFACE_CURVE('',#7679,(#7683,#7690),.PCURVE_S1.);
#7679 = LINE('',#7680,#7681);
#7680 = CARTESIAN_POINT('',(50.4,-0.65,2.615));
#7681 = VECTOR('',#7682,1.);
#7682 = DIRECTION('',(-1.,-0.,0.));
#7683 = PCURVE('',#1486,#7684);
#7684 = DEFINITIONAL_REPRESENTATION('',(#7685),#7689);
#7685 = LINE('',#7686,#7687);
#7686 = CARTESIAN_POINT('',(0.,0.));
#7687 = VECTOR('',#7688,1.);
#7688 = DIRECTION('',(1.,0.));
#7689 = ( GEOMETRIC_REPRESENTATION_CONTEXT(2) 
PARAMETRIC_REPRESENTATION_CONTEXT() REPRESENTATION_CONTEXT('2D SPACE',''
  ) );
#7690 = PCURVE('',#1456,#7691);
#7691 = DEFINITIONAL_REPRESENTATION('',(#7692),#7696);
#7692 = LINE('',#7693,#7694);
#7693 = CARTESIAN_POINT('',(2.2,0.65));
#7694 = VECTOR('',#7695,1.);
#7695 = DIRECTION('',(-1.,0.));
#7696 = ( GEOMETRIC_REPRESENTATION_CONTEXT(2) 
PARAMETRIC_REPRESENTATION_CONTEXT() REPRESENTATION_CONTEXT('2D SPACE',''
  ) );
#7697 = ORIENTED_EDGE('',*,*,#1472,.F.);
#7698 = ORIENTED_EDGE('',*,*,#7653,.T.);
#7699 = ORIENTED_EDGE('',*,*,#4508,.T.);
#7700 = ADVANCED_FACE('',(#7701),#1456,.T.);
#7701 = FACE_BOUND('',#7702,.T.);
#7702 = EDGE_LOOP('',(#7703,#7704,#7725,#7726));
#7703 = ORIENTED_EDGE('',*,*,#4480,.T.);
#7704 = ORIENTED_EDGE('',*,*,#7705,.T.);
#7705 = EDGE_CURVE('',#4458,#1412,#7706,.T.);
#7706 = SURFACE_CURVE('',#7707,(#7711,#7718),.PCURVE_S1.);
#7707 = LINE('',#7708,#7709);
#7708 = CARTESIAN_POINT('',(46.,0.65,2.615));
#7709 = VECTOR('',#7710,1.);
#7710 = DIRECTION('',(1.,0.,0.));
#7711 = PCURVE('',#1456,#7712);
#7712 = DEFINITIONAL_REPRESENTATION('',(#7713),#7717);
#7713 = LINE('',#7714,#7715);
#7714 = CARTESIAN_POINT('',(-2.2,-0.65));
#7715 = VECTOR('',#7716,1.);
#7716 = DIRECTION('',(1.,0.));
#7717 = ( GEOMETRIC_REPRESENTATION_CONTEXT(2) 
PARAMETRIC_REPRESENTATION_CONTEXT() REPRESENTATION_CONTEXT('2D SPACE',''
  ) );
#7718 = PCURVE('',#1427,#7719);
#7719 = DEFINITIONAL_REPRESENTATION('',(#7720),#7724);
#7720 = LINE('',#7721,#7722);
#7721 = CARTESIAN_POINT('',(0.,0.));
#7722 = VECTOR('',#7723,1.);
#7723 = DIRECTION('',(1.,0.));
#7724 = ( GEOMETRIC_REPRESENTATION_CONTEXT(2) 
PARAMETRIC_REPRESENTATION_CONTEXT() REPRESENTATION_CONTEXT('2D SPACE',''
  ) );
#7725 = ORIENTED_EDGE('',*,*,#1439,.F.);
#7726 = ORIENTED_EDGE('',*,*,#7677,.T.);
#7727 = ADVANCED_FACE('',(#7728),#1427,.T.);
#7728 = FACE_BOUND('',#7729,.T.);
#7729 = EDGE_LOOP('',(#7730,#7731,#7732,#7733));
#7730 = ORIENTED_EDGE('',*,*,#7705,.F.);
#7731 = ORIENTED_EDGE('',*,*,#4457,.F.);
#7732 = ORIENTED_EDGE('',*,*,#7631,.T.);
#7733 = ORIENTED_EDGE('',*,*,#1411,.T.);
#7734 = ADVANCED_FACE('',(#7735),#1519,.F.);
#7735 = FACE_BOUND('',#7736,.F.);
#7736 = EDGE_LOOP('',(#7737,#7738,#7759,#7760));
#7737 = ORIENTED_EDGE('',*,*,#4531,.T.);
#7738 = ORIENTED_EDGE('',*,*,#7739,.T.);
#7739 = EDGE_CURVE('',#4534,#1503,#7740,.T.);
#7740 = SURFACE_CURVE('',#7741,(#7745,#7752),.PCURVE_S1.);
#7741 = LINE('',#7742,#7743);
#7742 = CARTESIAN_POINT('',(46.,0.65,2.885));
#7743 = VECTOR('',#7744,1.);
#7744 = DIRECTION('',(1.,0.,0.));
#7745 = PCURVE('',#1519,#7746);
#7746 = DEFINITIONAL_REPRESENTATION('',(#7747),#7751);
#7747 = LINE('',#7748,#7749);
#7748 = CARTESIAN_POINT('',(-2.2,-0.65));
#7749 = VECTOR('',#7750,1.);
#7750 = DIRECTION('',(1.,0.));
#7751 = ( GEOMETRIC_REPRESENTATION_CONTEXT(2) 
PARAMETRIC_REPRESENTATION_CONTEXT() REPRESENTATION_CONTEXT('2D SPACE',''
  ) );
#7752 = PCURVE('',#1551,#7753);
#7753 = DEFINITIONAL_REPRESENTATION('',(#7754),#7758);
#7754 = LINE('',#7755,#7756);
#7755 = CARTESIAN_POINT('',(0.,-0.78));
#7756 = VECTOR('',#7757,1.);
#7757 = DIRECTION('',(1.,0.));
#7758 = ( GEOMETRIC_REPRESENTATION_CONTEXT(2) 
PARAMETRIC_REPRESENTATION_CONTEXT() REPRESENTATION_CONTEXT('2D SPACE',''
  ) );
#7759 = ORIENTED_EDGE('',*,*,#1500,.F.);
#7760 = ORIENTED_EDGE('',*,*,#7761,.T.);
#7761 = EDGE_CURVE('',#1501,#4532,#7762,.T.);
#7762 = SURFACE_CURVE('',#7763,(#7767,#7774),.PCURVE_S1.);
#7763 = LINE('',#7764,#7765);
#7764 = CARTESIAN_POINT('',(50.4,-0.65,2.885));
#7765 = VECTOR('',#7766,1.);
#7766 = DIRECTION('',(-1.,-0.,0.));
#7767 = PCURVE('',#1519,#7768);
#7768 = DEFINITIONAL_REPRESENTATION('',(#7769),#7773);
#7769 = LINE('',#7770,#7771);
#7770 = CARTESIAN_POINT('',(2.2,0.65));
#7771 = VECTOR('',#7772,1.);
#7772 = DIRECTION('',(-1.,0.));
#7773 = ( GEOMETRIC_REPRESENTATION_CONTEXT(2) 
PARAMETRIC_REPRESENTATION_CONTEXT() REPRESENTATION_CONTEXT('2D SPACE',''
  ) );
#7774 = PCURVE('',#1610,#7775);
#7775 = DEFINITIONAL_REPRESENTATION('',(#7776),#7780);
#7776 = LINE('',#7777,#7778);
#7777 = CARTESIAN_POINT('',(0.,-0.78));
#7778 = VECTOR('',#7779,1.);
#7779 = DIRECTION('',(1.,0.));
#7780 = ( GEOMETRIC_REPRESENTATION_CONTEXT(2) 
PARAMETRIC_REPRESENTATION_CONTEXT() REPRESENTATION_CONTEXT('2D SPACE',''
  ) );
#7781 = ADVANCED_FACE('',(#7782),#1610,.T.);
#7782 = FACE_BOUND('',#7783,.T.);
#7783 = EDGE_LOOP('',(#7784,#7805,#7806,#7807));
#7784 = ORIENTED_EDGE('',*,*,#7785,.F.);
#7785 = EDGE_CURVE('',#1564,#4585,#7786,.T.);
#7786 = SURFACE_CURVE('',#7787,(#7791,#7798),.PCURVE_S1.);
#7787 = LINE('',#7788,#7789);
#7788 = CARTESIAN_POINT('',(50.4,-0.65,3.665));
#7789 = VECTOR('',#7790,1.);
#7790 = DIRECTION('',(-1.,-0.,0.));
#7791 = PCURVE('',#1610,#7792);
#7792 = DEFINITIONAL_REPRESENTATION('',(#7793),#7797);
#7793 = LINE('',#7794,#7795);
#7794 = CARTESIAN_POINT('',(0.,0.));
#7795 = VECTOR('',#7796,1.);
#7796 = DIRECTION('',(1.,0.));
#7797 = ( GEOMETRIC_REPRESENTATION_CONTEXT(2) 
PARAMETRIC_REPRESENTATION_CONTEXT() REPRESENTATION_CONTEXT('2D SPACE',''
  ) );
#7798 = PCURVE('',#1580,#7799);
#7799 = DEFINITIONAL_REPRESENTATION('',(#7800),#7804);
#7800 = LINE('',#7801,#7802);
#7801 = CARTESIAN_POINT('',(2.2,0.65));
#7802 = VECTOR('',#7803,1.);
#7803 = DIRECTION('',(-1.,0.));
#7804 = ( GEOMETRIC_REPRESENTATION_CONTEXT(2) 
PARAMETRIC_REPRESENTATION_CONTEXT() REPRESENTATION_CONTEXT('2D SPACE',''
  ) );
#7805 = ORIENTED_EDGE('',*,*,#1596,.F.);
#7806 = ORIENTED_EDGE('',*,*,#7761,.T.);
#7807 = ORIENTED_EDGE('',*,*,#4612,.T.);
#7808 = ADVANCED_FACE('',(#7809),#1551,.T.);
#7809 = FACE_BOUND('',#7810,.T.);
#7810 = EDGE_LOOP('',(#7811,#7832,#7833,#7834));
#7811 = ORIENTED_EDGE('',*,*,#7812,.F.);
#7812 = EDGE_CURVE('',#4562,#1536,#7813,.T.);
#7813 = SURFACE_CURVE('',#7814,(#7818,#7825),.PCURVE_S1.);
#7814 = LINE('',#7815,#7816);
#7815 = CARTESIAN_POINT('',(46.,0.65,3.665));
#7816 = VECTOR('',#7817,1.);
#7817 = DIRECTION('',(1.,0.,0.));
#7818 = PCURVE('',#1551,#7819);
#7819 = DEFINITIONAL_REPRESENTATION('',(#7820),#7824);
#7820 = LINE('',#7821,#7822);
#7821 = CARTESIAN_POINT('',(0.,0.));
#7822 = VECTOR('',#7823,1.);
#7823 = DIRECTION('',(1.,0.));
#7824 = ( GEOMETRIC_REPRESENTATION_CONTEXT(2) 
PARAMETRIC_REPRESENTATION_CONTEXT() REPRESENTATION_CONTEXT('2D SPACE',''
  ) );
#7825 = PCURVE('',#1580,#7826);
#7826 = DEFINITIONAL_REPRESENTATION('',(#7827),#7831);
#7827 = LINE('',#7828,#7829);
#7828 = CARTESIAN_POINT('',(-2.2,-0.65));
#7829 = VECTOR('',#7830,1.);
#7830 = DIRECTION('',(1.,0.));
#7831 = ( GEOMETRIC_REPRESENTATION_CONTEXT(2) 
PARAMETRIC_REPRESENTATION_CONTEXT() REPRESENTATION_CONTEXT('2D SPACE',''
  ) );
#7832 = ORIENTED_EDGE('',*,*,#4561,.F.);
#7833 = ORIENTED_EDGE('',*,*,#7739,.T.);
#7834 = ORIENTED_EDGE('',*,*,#1535,.T.);
#7835 = ADVANCED_FACE('',(#7836),#1580,.T.);
#7836 = FACE_BOUND('',#7837,.T.);
#7837 = EDGE_LOOP('',(#7838,#7839,#7840,#7841));
#7838 = ORIENTED_EDGE('',*,*,#4584,.T.);
#7839 = ORIENTED_EDGE('',*,*,#7812,.T.);
#7840 = ORIENTED_EDGE('',*,*,#1563,.F.);
#7841 = ORIENTED_EDGE('',*,*,#7785,.T.);
#7842 = ADVANCED_FACE('',(#7843),#1643,.F.);
#7843 = FACE_BOUND('',#7844,.F.);
#7844 = EDGE_LOOP('',(#7845,#7846,#7867,#7868));
#7845 = ORIENTED_EDGE('',*,*,#4635,.T.);
#7846 = ORIENTED_EDGE('',*,*,#7847,.T.);
#7847 = EDGE_CURVE('',#4638,#1627,#7848,.T.);
#7848 = SURFACE_CURVE('',#7849,(#7853,#7860),.PCURVE_S1.);
#7849 = LINE('',#7850,#7851);
#7850 = CARTESIAN_POINT('',(46.,0.65,3.935));
#7851 = VECTOR('',#7852,1.);
#7852 = DIRECTION('',(1.,0.,0.));
#7853 = PCURVE('',#1643,#7854);
#7854 = DEFINITIONAL_REPRESENTATION('',(#7855),#7859);
#7855 = LINE('',#7856,#7857);
#7856 = CARTESIAN_POINT('',(-2.2,-0.65));
#7857 = VECTOR('',#7858,1.);
#7858 = DIRECTION('',(1.,0.));
#7859 = ( GEOMETRIC_REPRESENTATION_CONTEXT(2) 
PARAMETRIC_REPRESENTATION_CONTEXT() REPRESENTATION_CONTEXT('2D SPACE',''
  ) );
#7860 = PCURVE('',#1675,#7861);
#7861 = DEFINITIONAL_REPRESENTATION('',(#7862),#7866);
#7862 = LINE('',#7863,#7864);
#7863 = CARTESIAN_POINT('',(0.,-0.78));
#7864 = VECTOR('',#7865,1.);
#7865 = DIRECTION('',(1.,0.));
#7866 = ( GEOMETRIC_REPRESENTATION_CONTEXT(2) 
PARAMETRIC_REPRESENTATION_CONTEXT() REPRESENTATION_CONTEXT('2D SPACE',''
  ) );
#7867 = ORIENTED_EDGE('',*,*,#1624,.F.);
#7868 = ORIENTED_EDGE('',*,*,#7869,.T.);
#7869 = EDGE_CURVE('',#1625,#4636,#7870,.T.);
#7870 = SURFACE_CURVE('',#7871,(#7875,#7882),.PCURVE_S1.);
#7871 = LINE('',#7872,#7873);
#7872 = CARTESIAN_POINT('',(50.4,-0.65,3.935));
#7873 = VECTOR('',#7874,1.);
#7874 = DIRECTION('',(-1.,-0.,0.));
#7875 = PCURVE('',#1643,#7876);
#7876 = DEFINITIONAL_REPRESENTATION('',(#7877),#7881);
#7877 = LINE('',#7878,#7879);
#7878 = CARTESIAN_POINT('',(2.2,0.65));
#7879 = VECTOR('',#7880,1.);
#7880 = DIRECTION('',(-1.,0.));
#7881 = ( GEOMETRIC_REPRESENTATION_CONTEXT(2) 
PARAMETRIC_REPRESENTATION_CONTEXT() REPRESENTATION_CONTEXT('2D SPACE',''
  ) );
#7882 = PCURVE('',#1734,#7883);
#7883 = DEFINITIONAL_REPRESENTATION('',(#7884),#7888);
#7884 = LINE('',#7885,#7886);
#7885 = CARTESIAN_POINT('',(0.,-0.78));
#7886 = VECTOR('',#7887,1.);
#7887 = DIRECTION('',(1.,0.));
#7888 = ( GEOMETRIC_REPRESENTATION_CONTEXT(2) 
PARAMETRIC_REPRESENTATION_CONTEXT() REPRESENTATION_CONTEXT('2D SPACE',''
  ) );
#7889 = ADVANCED_FACE('',(#7890),#1734,.T.);
#7890 = FACE_BOUND('',#7891,.T.);
#7891 = EDGE_LOOP('',(#7892,#7913,#7914,#7915));
#7892 = ORIENTED_EDGE('',*,*,#7893,.F.);
#7893 = EDGE_CURVE('',#1688,#4689,#7894,.T.);
#7894 = SURFACE_CURVE('',#7895,(#7899,#7906),.PCURVE_S1.);
#7895 = LINE('',#7896,#7897);
#7896 = CARTESIAN_POINT('',(50.4,-0.65,4.715));
#7897 = VECTOR('',#7898,1.);
#7898 = DIRECTION('',(-1.,-0.,0.));
#7899 = PCURVE('',#1734,#7900);
#7900 = DEFINITIONAL_REPRESENTATION('',(#7901),#7905);
#7901 = LINE('',#7902,#7903);
#7902 = CARTESIAN_POINT('',(0.,0.));
#7903 = VECTOR('',#7904,1.);
#7904 = DIRECTION('',(1.,0.));
#7905 = ( GEOMETRIC_REPRESENTATION_CONTEXT(2) 
PARAMETRIC_REPRESENTATION_CONTEXT() REPRESENTATION_CONTEXT('2D SPACE',''
  ) );
#7906 = PCURVE('',#1704,#7907);
#7907 = DEFINITIONAL_REPRESENTATION('',(#7908),#7912);
#7908 = LINE('',#7909,#7910);
#7909 = CARTESIAN_POINT('',(2.2,0.65));
#7910 = VECTOR('',#7911,1.);
#7911 = DIRECTION('',(-1.,0.));
#7912 = ( GEOMETRIC_REPRESENTATION_CONTEXT(2) 
PARAMETRIC_REPRESENTATION_CONTEXT() REPRESENTATION_CONTEXT('2D SPACE',''
  ) );
#7913 = ORIENTED_EDGE('',*,*,#1720,.F.);
#7914 = ORIENTED_EDGE('',*,*,#7869,.T.);
#7915 = ORIENTED_EDGE('',*,*,#4716,.T.);
#7916 = ADVANCED_FACE('',(#7917),#1675,.T.);
#7917 = FACE_BOUND('',#7918,.T.);
#7918 = EDGE_LOOP('',(#7919,#7940,#7941,#7942));
#7919 = ORIENTED_EDGE('',*,*,#7920,.F.);
#7920 = EDGE_CURVE('',#4666,#1660,#7921,.T.);
#7921 = SURFACE_CURVE('',#7922,(#7926,#7933),.PCURVE_S1.);
#7922 = LINE('',#7923,#7924);
#7923 = CARTESIAN_POINT('',(46.,0.65,4.715));
#7924 = VECTOR('',#7925,1.);
#7925 = DIRECTION('',(1.,0.,0.));
#7926 = PCURVE('',#1675,#7927);
#7927 = DEFINITIONAL_REPRESENTATION('',(#7928),#7932);
#7928 = LINE('',#7929,#7930);
#7929 = CARTESIAN_POINT('',(0.,0.));
#7930 = VECTOR('',#7931,1.);
#7931 = DIRECTION('',(1.,0.));
#7932 = ( GEOMETRIC_REPRESENTATION_CONTEXT(2) 
PARAMETRIC_REPRESENTATION_CONTEXT() REPRESENTATION_CONTEXT('2D SPACE',''
  ) );
#7933 = PCURVE('',#1704,#7934);
#7934 = DEFINITIONAL_REPRESENTATION('',(#7935),#7939);
#7935 = LINE('',#7936,#7937);
#7936 = CARTESIAN_POINT('',(-2.2,-0.65));
#7937 = VECTOR('',#7938,1.);
#7938 = DIRECTION('',(1.,0.));
#7939 = ( GEOMETRIC_REPRESENTATION_CONTEXT(2) 
PARAMETRIC_REPRESENTATION_CONTEXT() REPRESENTATION_CONTEXT('2D SPACE',''
  ) );
#7940 = ORIENTED_EDGE('',*,*,#4665,.F.);
#7941 = ORIENTED_EDGE('',*,*,#7847,.T.);
#7942 = ORIENTED_EDGE('',*,*,#1659,.T.);
#7943 = ADVANCED_FACE('',(#7944),#1704,.T.);
#7944 = FACE_BOUND('',#7945,.T.);
#7945 = EDGE_LOOP('',(#7946,#7947,#7948,#7949));
#7946 = ORIENTED_EDGE('',*,*,#4688,.T.);
#7947 = ORIENTED_EDGE('',*,*,#7920,.T.);
#7948 = ORIENTED_EDGE('',*,*,#1687,.F.);
#7949 = ORIENTED_EDGE('',*,*,#7893,.T.);
#7950 = ADVANCED_FACE('',(#7951),#1767,.F.);
#7951 = FACE_BOUND('',#7952,.F.);
#7952 = EDGE_LOOP('',(#7953,#7954,#7975,#7976));
#7953 = ORIENTED_EDGE('',*,*,#4739,.T.);
#7954 = ORIENTED_EDGE('',*,*,#7955,.T.);
#7955 = EDGE_CURVE('',#4742,#1751,#7956,.T.);
#7956 = SURFACE_CURVE('',#7957,(#7961,#7968),.PCURVE_S1.);
#7957 = LINE('',#7958,#7959);
#7958 = CARTESIAN_POINT('',(46.,0.65,4.985));
#7959 = VECTOR('',#7960,1.);
#7960 = DIRECTION('',(1.,0.,0.));
#7961 = PCURVE('',#1767,#7962);
#7962 = DEFINITIONAL_REPRESENTATION('',(#7963),#7967);
#7963 = LINE('',#7964,#7965);
#7964 = CARTESIAN_POINT('',(-2.2,-0.65));
#7965 = VECTOR('',#7966,1.);
#7966 = DIRECTION('',(1.,0.));
#7967 = ( GEOMETRIC_REPRESENTATION_CONTEXT(2) 
PARAMETRIC_REPRESENTATION_CONTEXT() REPRESENTATION_CONTEXT('2D SPACE',''
  ) );
#7968 = PCURVE('',#1799,#7969);
#7969 = DEFINITIONAL_REPRESENTATION('',(#7970),#7974);
#7970 = LINE('',#7971,#7972);
#7971 = CARTESIAN_POINT('',(0.,-0.78));
#7972 = VECTOR('',#7973,1.);
#7973 = DIRECTION('',(1.,0.));
#7974 = ( GEOMETRIC_REPRESENTATION_CONTEXT(2) 
PARAMETRIC_REPRESENTATION_CONTEXT() REPRESENTATION_CONTEXT('2D SPACE',''
  ) );
#7975 = ORIENTED_EDGE('',*,*,#1748,.F.);
#7976 = ORIENTED_EDGE('',*,*,#7977,.T.);
#7977 = EDGE_CURVE('',#1749,#4740,#7978,.T.);
#7978 = SURFACE_CURVE('',#7979,(#7983,#7990),.PCURVE_S1.);
#7979 = LINE('',#7980,#7981);
#7980 = CARTESIAN_POINT('',(50.4,-0.65,4.985));
#7981 = VECTOR('',#7982,1.);
#7982 = DIRECTION('',(-1.,-0.,0.));
#7983 = PCURVE('',#1767,#7984);
#7984 = DEFINITIONAL_REPRESENTATION('',(#7985),#7989);
#7985 = LINE('',#7986,#7987);
#7986 = CARTESIAN_POINT('',(2.2,0.65));
#7987 = VECTOR('',#7988,1.);
#7988 = DIRECTION('',(-1.,0.));
#7989 = ( GEOMETRIC_REPRESENTATION_CONTEXT(2) 
PARAMETRIC_REPRESENTATION_CONTEXT() REPRESENTATION_CONTEXT('2D SPACE',''
  ) );
#7990 = PCURVE('',#1858,#7991);
#7991 = DEFINITIONAL_REPRESENTATION('',(#7992),#7996);
#7992 = LINE('',#7993,#7994);
#7993 = CARTESIAN_POINT('',(0.,-0.78));
#7994 = VECTOR('',#7995,1.);
#7995 = DIRECTION('',(1.,0.));
#7996 = ( GEOMETRIC_REPRESENTATION_CONTEXT(2) 
PARAMETRIC_REPRESENTATION_CONTEXT() REPRESENTATION_CONTEXT('2D SPACE',''
  ) );
#7997 = ADVANCED_FACE('',(#7998),#1858,.T.);
#7998 = FACE_BOUND('',#7999,.T.);
#7999 = EDGE_LOOP('',(#8000,#8021,#8022,#8023));
#8000 = ORIENTED_EDGE('',*,*,#8001,.F.);
#8001 = EDGE_CURVE('',#1812,#4793,#8002,.T.);
#8002 = SURFACE_CURVE('',#8003,(#8007,#8014),.PCURVE_S1.);
#8003 = LINE('',#8004,#8005);
#8004 = CARTESIAN_POINT('',(50.4,-0.65,5.765));
#8005 = VECTOR('',#8006,1.);
#8006 = DIRECTION('',(-1.,-0.,0.));
#8007 = PCURVE('',#1858,#8008);
#8008 = DEFINITIONAL_REPRESENTATION('',(#8009),#8013);
#8009 = LINE('',#8010,#8011);
#8010 = CARTESIAN_POINT('',(0.,0.));
#8011 = VECTOR('',#8012,1.);
#8012 = DIRECTION('',(1.,0.));
#8013 = ( GEOMETRIC_REPRESENTATION_CONTEXT(2) 
PARAMETRIC_REPRESENTATION_CONTEXT() REPRESENTATION_CONTEXT('2D SPACE',''
  ) );
#8014 = PCURVE('',#1828,#8015);
#8015 = DEFINITIONAL_REPRESENTATION('',(#8016),#8020);
#8016 = LINE('',#8017,#8018);
#8017 = CARTESIAN_POINT('',(2.2,0.65));
#8018 = VECTOR('',#8019,1.);
#8019 = DIRECTION('',(-1.,0.));
#8020 = ( GEOMETRIC_REPRESENTATION_CONTEXT(2) 
PARAMETRIC_REPRESENTATION_CONTEXT() REPRESENTATION_CONTEXT('2D SPACE',''
  ) );
#8021 = ORIENTED_EDGE('',*,*,#1844,.F.);
#8022 = ORIENTED_EDGE('',*,*,#7977,.T.);
#8023 = ORIENTED_EDGE('',*,*,#4820,.T.);
#8024 = ADVANCED_FACE('',(#8025),#1799,.T.);
#8025 = FACE_BOUND('',#8026,.T.);
#8026 = EDGE_LOOP('',(#8027,#8048,#8049,#8050));
#8027 = ORIENTED_EDGE('',*,*,#8028,.F.);
#8028 = EDGE_CURVE('',#4770,#1784,#8029,.T.);
#8029 = SURFACE_CURVE('',#8030,(#8034,#8041),.PCURVE_S1.);
#8030 = LINE('',#8031,#8032);
#8031 = CARTESIAN_POINT('',(46.,0.65,5.765));
#8032 = VECTOR('',#8033,1.);
#8033 = DIRECTION('',(1.,0.,0.));
#8034 = PCURVE('',#1799,#8035);
#8035 = DEFINITIONAL_REPRESENTATION('',(#8036),#8040);
#8036 = LINE('',#8037,#8038);
#8037 = CARTESIAN_POINT('',(0.,0.));
#8038 = VECTOR('',#8039,1.);
#8039 = DIRECTION('',(1.,0.));
#8040 = ( GEOMETRIC_REPRESENTATION_CONTEXT(2) 
PARAMETRIC_REPRESENTATION_CONTEXT() REPRESENTATION_CONTEXT('2D SPACE',''
  ) );
#8041 = PCURVE('',#1828,#8042);
#8042 = DEFINITIONAL_REPRESENTATION('',(#8043),#8047);
#8043 = LINE('',#8044,#8045);
#8044 = CARTESIAN_POINT('',(-2.2,-0.65));
#8045 = VECTOR('',#8046,1.);
#8046 = DIRECTION('',(1.,0.));
#8047 = ( GEOMETRIC_REPRESENTATION_CONTEXT(2) 
PARAMETRIC_REPRESENTATION_CONTEXT() REPRESENTATION_CONTEXT('2D SPACE',''
  ) );
#8048 = ORIENTED_EDGE('',*,*,#4769,.F.);
#8049 = ORIENTED_EDGE('',*,*,#7955,.T.);
#8050 = ORIENTED_EDGE('',*,*,#1783,.T.);
#8051 = ADVANCED_FACE('',(#8052),#1828,.T.);
#8052 = FACE_BOUND('',#8053,.T.);
#8053 = EDGE_LOOP('',(#8054,#8055,#8056,#8057));
#8054 = ORIENTED_EDGE('',*,*,#4792,.T.);
#8055 = ORIENTED_EDGE('',*,*,#8028,.T.);
#8056 = ORIENTED_EDGE('',*,*,#1811,.F.);
#8057 = ORIENTED_EDGE('',*,*,#8001,.T.);
#8058 = ADVANCED_FACE('',(#8059),#1891,.F.);
#8059 = FACE_BOUND('',#8060,.F.);
#8060 = EDGE_LOOP('',(#8061,#8062,#8083,#8084));
#8061 = ORIENTED_EDGE('',*,*,#4843,.T.);
#8062 = ORIENTED_EDGE('',*,*,#8063,.T.);
#8063 = EDGE_CURVE('',#4846,#1875,#8064,.T.);
#8064 = SURFACE_CURVE('',#8065,(#8069,#8076),.PCURVE_S1.);
#8065 = LINE('',#8066,#8067);
#8066 = CARTESIAN_POINT('',(46.,0.65,6.035));
#8067 = VECTOR('',#8068,1.);
#8068 = DIRECTION('',(1.,0.,0.));
#8069 = PCURVE('',#1891,#8070);
#8070 = DEFINITIONAL_REPRESENTATION('',(#8071),#8075);
#8071 = LINE('',#8072,#8073);
#8072 = CARTESIAN_POINT('',(-2.2,-0.65));
#8073 = VECTOR('',#8074,1.);
#8074 = DIRECTION('',(1.,0.));
#8075 = ( GEOMETRIC_REPRESENTATION_CONTEXT(2) 
PARAMETRIC_REPRESENTATION_CONTEXT() REPRESENTATION_CONTEXT('2D SPACE',''
  ) );
#8076 = PCURVE('',#1923,#8077);
#8077 = DEFINITIONAL_REPRESENTATION('',(#8078),#8082);
#8078 = LINE('',#8079,#8080);
#8079 = CARTESIAN_POINT('',(0.,-0.78));
#8080 = VECTOR('',#8081,1.);
#8081 = DIRECTION('',(1.,0.));
#8082 = ( GEOMETRIC_REPRESENTATION_CONTEXT(2) 
PARAMETRIC_REPRESENTATION_CONTEXT() REPRESENTATION_CONTEXT('2D SPACE',''
  ) );
#8083 = ORIENTED_EDGE('',*,*,#1872,.F.);
#8084 = ORIENTED_EDGE('',*,*,#8085,.T.);
#8085 = EDGE_CURVE('',#1873,#4844,#8086,.T.);
#8086 = SURFACE_CURVE('',#8087,(#8091,#8098),.PCURVE_S1.);
#8087 = LINE('',#8088,#8089);
#8088 = CARTESIAN_POINT('',(50.4,-0.65,6.035));
#8089 = VECTOR('',#8090,1.);
#8090 = DIRECTION('',(-1.,-0.,0.));
#8091 = PCURVE('',#1891,#8092);
#8092 = DEFINITIONAL_REPRESENTATION('',(#8093),#8097);
#8093 = LINE('',#8094,#8095);
#8094 = CARTESIAN_POINT('',(2.2,0.65));
#8095 = VECTOR('',#8096,1.);
#8096 = DIRECTION('',(-1.,0.));
#8097 = ( GEOMETRIC_REPRESENTATION_CONTEXT(2) 
PARAMETRIC_REPRESENTATION_CONTEXT() REPRESENTATION_CONTEXT('2D SPACE',''
  ) );
#8098 = PCURVE('',#1982,#8099);
#8099 = DEFINITIONAL_REPRESENTATION('',(#8100),#8104);
#8100 = LINE('',#8101,#8102);
#8101 = CARTESIAN_POINT('',(0.,-0.78));
#8102 = VECTOR('',#8103,1.);
#8103 = DIRECTION('',(1.,0.));
#8104 = ( GEOMETRIC_REPRESENTATION_CONTEXT(2) 
PARAMETRIC_REPRESENTATION_CONTEXT() REPRESENTATION_CONTEXT('2D SPACE',''
  ) );
#8105 = ADVANCED_FACE('',(#8106),#1982,.T.);
#8106 = FACE_BOUND('',#8107,.T.);
#8107 = EDGE_LOOP('',(#8108,#8129,#8130,#8131));
#8108 = ORIENTED_EDGE('',*,*,#8109,.F.);
#8109 = EDGE_CURVE('',#1936,#4897,#8110,.T.);
#8110 = SURFACE_CURVE('',#8111,(#8115,#8122),.PCURVE_S1.);
#8111 = LINE('',#8112,#8113);
#8112 = CARTESIAN_POINT('',(50.4,-0.65,6.815));
#8113 = VECTOR('',#8114,1.);
#8114 = DIRECTION('',(-1.,-0.,0.));
#8115 = PCURVE('',#1982,#8116);
#8116 = DEFINITIONAL_REPRESENTATION('',(#8117),#8121);
#8117 = LINE('',#8118,#8119);
#8118 = CARTESIAN_POINT('',(0.,0.));
#8119 = VECTOR('',#8120,1.);
#8120 = DIRECTION('',(1.,0.));
#8121 = ( GEOMETRIC_REPRESENTATION_CONTEXT(2) 
PARAMETRIC_REPRESENTATION_CONTEXT() REPRESENTATION_CONTEXT('2D SPACE',''
  ) );
#8122 = PCURVE('',#1952,#8123);
#8123 = DEFINITIONAL_REPRESENTATION('',(#8124),#8128);
#8124 = LINE('',#8125,#8126);
#8125 = CARTESIAN_POINT('',(2.2,0.65));
#8126 = VECTOR('',#8127,1.);
#8127 = DIRECTION('',(-1.,0.));
#8128 = ( GEOMETRIC_REPRESENTATION_CONTEXT(2) 
PARAMETRIC_REPRESENTATION_CONTEXT() REPRESENTATION_CONTEXT('2D SPACE',''
  ) );
#8129 = ORIENTED_EDGE('',*,*,#1968,.F.);
#8130 = ORIENTED_EDGE('',*,*,#8085,.T.);
#8131 = ORIENTED_EDGE('',*,*,#4924,.T.);
#8132 = ADVANCED_FACE('',(#8133),#1923,.T.);
#8133 = FACE_BOUND('',#8134,.T.);
#8134 = EDGE_LOOP('',(#8135,#8156,#8157,#8158));
#8135 = ORIENTED_EDGE('',*,*,#8136,.F.);
#8136 = EDGE_CURVE('',#4874,#1908,#8137,.T.);
#8137 = SURFACE_CURVE('',#8138,(#8142,#8149),.PCURVE_S1.);
#8138 = LINE('',#8139,#8140);
#8139 = CARTESIAN_POINT('',(46.,0.65,6.815));
#8140 = VECTOR('',#8141,1.);
#8141 = DIRECTION('',(1.,0.,0.));
#8142 = PCURVE('',#1923,#8143);
#8143 = DEFINITIONAL_REPRESENTATION('',(#8144),#8148);
#8144 = LINE('',#8145,#8146);
#8145 = CARTESIAN_POINT('',(0.,0.));
#8146 = VECTOR('',#8147,1.);
#8147 = DIRECTION('',(1.,0.));
#8148 = ( GEOMETRIC_REPRESENTATION_CONTEXT(2) 
PARAMETRIC_REPRESENTATION_CONTEXT() REPRESENTATION_CONTEXT('2D SPACE',''
  ) );
#8149 = PCURVE('',#1952,#8150);
#8150 = DEFINITIONAL_REPRESENTATION('',(#8151),#8155);
#8151 = LINE('',#8152,#8153);
#8152 = CARTESIAN_POINT('',(-2.2,-0.65));
#8153 = VECTOR('',#8154,1.);
#8154 = DIRECTION('',(1.,0.));
#8155 = ( GEOMETRIC_REPRESENTATION_CONTEXT(2) 
PARAMETRIC_REPRESENTATION_CONTEXT() REPRESENTATION_CONTEXT('2D SPACE',''
  ) );
#8156 = ORIENTED_EDGE('',*,*,#4873,.F.);
#8157 = ORIENTED_EDGE('',*,*,#8063,.T.);
#8158 = ORIENTED_EDGE('',*,*,#1907,.T.);
#8159 = ADVANCED_FACE('',(#8160),#1952,.T.);
#8160 = FACE_BOUND('',#8161,.T.);
#8161 = EDGE_LOOP('',(#8162,#8163,#8164,#8165));
#8162 = ORIENTED_EDGE('',*,*,#4896,.T.);
#8163 = ORIENTED_EDGE('',*,*,#8136,.T.);
#8164 = ORIENTED_EDGE('',*,*,#1935,.F.);
#8165 = ORIENTED_EDGE('',*,*,#8109,.T.);
#8166 = ADVANCED_FACE('',(#8167),#2015,.F.);
#8167 = FACE_BOUND('',#8168,.F.);
#8168 = EDGE_LOOP('',(#8169,#8170,#8191,#8192));
#8169 = ORIENTED_EDGE('',*,*,#4947,.T.);
#8170 = ORIENTED_EDGE('',*,*,#8171,.T.);
#8171 = EDGE_CURVE('',#4950,#1999,#8172,.T.);
#8172 = SURFACE_CURVE('',#8173,(#8177,#8184),.PCURVE_S1.);
#8173 = LINE('',#8174,#8175);
#8174 = CARTESIAN_POINT('',(46.,0.65,7.085));
#8175 = VECTOR('',#8176,1.);
#8176 = DIRECTION('',(1.,0.,0.));
#8177 = PCURVE('',#2015,#8178);
#8178 = DEFINITIONAL_REPRESENTATION('',(#8179),#8183);
#8179 = LINE('',#8180,#8181);
#8180 = CARTESIAN_POINT('',(-2.2,-0.65));
#8181 = VECTOR('',#8182,1.);
#8182 = DIRECTION('',(1.,0.));
#8183 = ( GEOMETRIC_REPRESENTATION_CONTEXT(2) 
PARAMETRIC_REPRESENTATION_CONTEXT() REPRESENTATION_CONTEXT('2D SPACE',''
  ) );
#8184 = PCURVE('',#2047,#8185);
#8185 = DEFINITIONAL_REPRESENTATION('',(#8186),#8190);
#8186 = LINE('',#8187,#8188);
#8187 = CARTESIAN_POINT('',(0.,-0.78));
#8188 = VECTOR('',#8189,1.);
#8189 = DIRECTION('',(1.,0.));
#8190 = ( GEOMETRIC_REPRESENTATION_CONTEXT(2) 
PARAMETRIC_REPRESENTATION_CONTEXT() REPRESENTATION_CONTEXT('2D SPACE',''
  ) );
#8191 = ORIENTED_EDGE('',*,*,#1996,.F.);
#8192 = ORIENTED_EDGE('',*,*,#8193,.T.);
#8193 = EDGE_CURVE('',#1997,#4948,#8194,.T.);
#8194 = SURFACE_CURVE('',#8195,(#8199,#8206),.PCURVE_S1.);
#8195 = LINE('',#8196,#8197);
#8196 = CARTESIAN_POINT('',(50.4,-0.65,7.085));
#8197 = VECTOR('',#8198,1.);
#8198 = DIRECTION('',(-1.,-0.,0.));
#8199 = PCURVE('',#2015,#8200);
#8200 = DEFINITIONAL_REPRESENTATION('',(#8201),#8205);
#8201 = LINE('',#8202,#8203);
#8202 = CARTESIAN_POINT('',(2.2,0.65));
#8203 = VECTOR('',#8204,1.);
#8204 = DIRECTION('',(-1.,0.));
#8205 = ( GEOMETRIC_REPRESENTATION_CONTEXT(2) 
PARAMETRIC_REPRESENTATION_CONTEXT() REPRESENTATION_CONTEXT('2D SPACE',''
  ) );
#8206 = PCURVE('',#2106,#8207);
#8207 = DEFINITIONAL_REPRESENTATION('',(#8208),#8212);
#8208 = LINE('',#8209,#8210);
#8209 = CARTESIAN_POINT('',(0.,-0.78));
#8210 = VECTOR('',#8211,1.);
#8211 = DIRECTION('',(1.,0.));
#8212 = ( GEOMETRIC_REPRESENTATION_CONTEXT(2) 
PARAMETRIC_REPRESENTATION_CONTEXT() REPRESENTATION_CONTEXT('2D SPACE',''
  ) );
#8213 = ADVANCED_FACE('',(#8214),#2106,.T.);
#8214 = FACE_BOUND('',#8215,.T.);
#8215 = EDGE_LOOP('',(#8216,#8237,#8238,#8239));
#8216 = ORIENTED_EDGE('',*,*,#8217,.F.);
#8217 = EDGE_CURVE('',#2060,#5001,#8218,.T.);
#8218 = SURFACE_CURVE('',#8219,(#8223,#8230),.PCURVE_S1.);
#8219 = LINE('',#8220,#8221);
#8220 = CARTESIAN_POINT('',(50.4,-0.65,7.865));
#8221 = VECTOR('',#8222,1.);
#8222 = DIRECTION('',(-1.,-0.,0.));
#8223 = PCURVE('',#2106,#8224);
#8224 = DEFINITIONAL_REPRESENTATION('',(#8225),#8229);
#8225 = LINE('',#8226,#8227);
#8226 = CARTESIAN_POINT('',(0.,0.));
#8227 = VECTOR('',#8228,1.);
#8228 = DIRECTION('',(1.,0.));
#8229 = ( GEOMETRIC_REPRESENTATION_CONTEXT(2) 
PARAMETRIC_REPRESENTATION_CONTEXT() REPRESENTATION_CONTEXT('2D SPACE',''
  ) );
#8230 = PCURVE('',#2076,#8231);
#8231 = DEFINITIONAL_REPRESENTATION('',(#8232),#8236);
#8232 = LINE('',#8233,#8234);
#8233 = CARTESIAN_POINT('',(2.2,0.65));
#8234 = VECTOR('',#8235,1.);
#8235 = DIRECTION('',(-1.,0.));
#8236 = ( GEOMETRIC_REPRESENTATION_CONTEXT(2) 
PARAMETRIC_REPRESENTATION_CONTEXT() REPRESENTATION_CONTEXT('2D SPACE',''
  ) );
#8237 = ORIENTED_EDGE('',*,*,#2092,.F.);
#8238 = ORIENTED_EDGE('',*,*,#8193,.T.);
#8239 = ORIENTED_EDGE('',*,*,#5028,.T.);
#8240 = ADVANCED_FACE('',(#8241),#2047,.T.);
#8241 = FACE_BOUND('',#8242,.T.);
#8242 = EDGE_LOOP('',(#8243,#8264,#8265,#8266));
#8243 = ORIENTED_EDGE('',*,*,#8244,.F.);
#8244 = EDGE_CURVE('',#4978,#2032,#8245,.T.);
#8245 = SURFACE_CURVE('',#8246,(#8250,#8257),.PCURVE_S1.);
#8246 = LINE('',#8247,#8248);
#8247 = CARTESIAN_POINT('',(46.,0.65,7.865));
#8248 = VECTOR('',#8249,1.);
#8249 = DIRECTION('',(1.,0.,0.));
#8250 = PCURVE('',#2047,#8251);
#8251 = DEFINITIONAL_REPRESENTATION('',(#8252),#8256);
#8252 = LINE('',#8253,#8254);
#8253 = CARTESIAN_POINT('',(0.,0.));
#8254 = VECTOR('',#8255,1.);
#8255 = DIRECTION('',(1.,0.));
#8256 = ( GEOMETRIC_REPRESENTATION_CONTEXT(2) 
PARAMETRIC_REPRESENTATION_CONTEXT() REPRESENTATION_CONTEXT('2D SPACE',''
  ) );
#8257 = PCURVE('',#2076,#8258);
#8258 = DEFINITIONAL_REPRESENTATION('',(#8259),#8263);
#8259 = LINE('',#8260,#8261);
#8260 = CARTESIAN_POINT('',(-2.2,-0.65));
#8261 = VECTOR('',#8262,1.);
#8262 = DIRECTION('',(1.,0.));
#8263 = ( GEOMETRIC_REPRESENTATION_CONTEXT(2) 
PARAMETRIC_REPRESENTATION_CONTEXT() REPRESENTATION_CONTEXT('2D SPACE',''
  ) );
#8264 = ORIENTED_EDGE('',*,*,#4977,.F.);
#8265 = ORIENTED_EDGE('',*,*,#8171,.T.);
#8266 = ORIENTED_EDGE('',*,*,#2031,.T.);
#8267 = ADVANCED_FACE('',(#8268),#2076,.T.);
#8268 = FACE_BOUND('',#8269,.T.);
#8269 = EDGE_LOOP('',(#8270,#8271,#8272,#8273));
#8270 = ORIENTED_EDGE('',*,*,#5000,.T.);
#8271 = ORIENTED_EDGE('',*,*,#8244,.T.);
#8272 = ORIENTED_EDGE('',*,*,#2059,.F.);
#8273 = ORIENTED_EDGE('',*,*,#8217,.T.);
#8274 = ADVANCED_FACE('',(#8275),#2395,.F.);
#8275 = FACE_BOUND('',#8276,.F.);
#8276 = EDGE_LOOP('',(#8277,#8278,#8299,#8300));
#8277 = ORIENTED_EDGE('',*,*,#6287,.T.);
#8278 = ORIENTED_EDGE('',*,*,#8279,.T.);
#8279 = EDGE_CURVE('',#6290,#2379,#8280,.T.);
#8280 = SURFACE_CURVE('',#8281,(#8285,#8292),.PCURVE_S1.);
#8281 = LINE('',#8282,#8283);
#8282 = CARTESIAN_POINT('',(-23.56291651246,39.512168574084,1.835));
#8283 = VECTOR('',#8284,1.);
#8284 = DIRECTION('',(-0.5,0.866025403784,-1.060575238725E-16));
#8285 = PCURVE('',#2395,#8286);
#8286 = DEFINITIONAL_REPRESENTATION('',(#8287),#8291);
#8287 = LINE('',#8288,#8289);
#8288 = CARTESIAN_POINT('',(-2.2,-0.65));
#8289 = VECTOR('',#8290,1.);
#8290 = DIRECTION('',(1.,3.985521342092E-18));
#8291 = ( GEOMETRIC_REPRESENTATION_CONTEXT(2) 
PARAMETRIC_REPRESENTATION_CONTEXT() REPRESENTATION_CONTEXT('2D SPACE',''
  ) );
#8292 = PCURVE('',#2427,#8293);
#8293 = DEFINITIONAL_REPRESENTATION('',(#8294),#8298);
#8294 = LINE('',#8295,#8296);
#8295 = CARTESIAN_POINT('',(8.272486862054E-17,-0.78));
#8296 = VECTOR('',#8297,1.);
#8297 = DIRECTION('',(1.,0.));
#8298 = ( GEOMETRIC_REPRESENTATION_CONTEXT(2) 
PARAMETRIC_REPRESENTATION_CONTEXT() REPRESENTATION_CONTEXT('2D SPACE',''
  ) );
#8299 = ORIENTED_EDGE('',*,*,#2376,.F.);
#8300 = ORIENTED_EDGE('',*,*,#8301,.T.);
#8301 = EDGE_CURVE('',#2377,#6288,#8302,.T.);
#8302 = SURFACE_CURVE('',#8303,(#8307,#8314),.PCURVE_S1.);
#8303 = LINE('',#8304,#8305);
#8304 = CARTESIAN_POINT('',(-24.63708348754,43.972680350736,1.835));
#8305 = VECTOR('',#8306,1.);
#8306 = DIRECTION('',(0.5,-0.866025403784,1.060575238725E-16));
#8307 = PCURVE('',#2395,#8308);
#8308 = DEFINITIONAL_REPRESENTATION('',(#8309),#8313);
#8309 = LINE('',#8310,#8311);
#8310 = CARTESIAN_POINT('',(2.2,0.65));
#8311 = VECTOR('',#8312,1.);
#8312 = DIRECTION('',(-1.,-3.985521342092E-18));
#8313 = ( GEOMETRIC_REPRESENTATION_CONTEXT(2) 
PARAMETRIC_REPRESENTATION_CONTEXT() REPRESENTATION_CONTEXT('2D SPACE',''
  ) );
#8314 = PCURVE('',#2486,#8315);
#8315 = DEFINITIONAL_REPRESENTATION('',(#8316),#8320);
#8316 = LINE('',#8317,#8318);
#8317 = CARTESIAN_POINT('',(-8.272486862054E-17,-0.78));
#8318 = VECTOR('',#8319,1.);
#8319 = DIRECTION('',(1.,0.));
#8320 = ( GEOMETRIC_REPRESENTATION_CONTEXT(2) 
PARAMETRIC_REPRESENTATION_CONTEXT() REPRESENTATION_CONTEXT('2D SPACE',''
  ) );
#8321 = ADVANCED_FACE('',(#8322),#2486,.T.);
#8322 = FACE_BOUND('',#8323,.T.);
#8323 = EDGE_LOOP('',(#8324,#8345,#8346,#8347));
#8324 = ORIENTED_EDGE('',*,*,#8325,.F.);
#8325 = EDGE_CURVE('',#2440,#6341,#8326,.T.);
#8326 = SURFACE_CURVE('',#8327,(#8331,#8338),.PCURVE_S1.);
#8327 = LINE('',#8328,#8329);
#8328 = CARTESIAN_POINT('',(-24.63708348754,43.972680350736,2.615));
#8329 = VECTOR('',#8330,1.);
#8330 = DIRECTION('',(0.5,-0.866025403784,1.060575238725E-16));
#8331 = PCURVE('',#2486,#8332);
#8332 = DEFINITIONAL_REPRESENTATION('',(#8333),#8337);
#8333 = LINE('',#8334,#8335);
#8334 = CARTESIAN_POINT('',(0.,0.));
#8335 = VECTOR('',#8336,1.);
#8336 = DIRECTION('',(1.,0.));
#8337 = ( GEOMETRIC_REPRESENTATION_CONTEXT(2) 
PARAMETRIC_REPRESENTATION_CONTEXT() REPRESENTATION_CONTEXT('2D SPACE',''
  ) );
#8338 = PCURVE('',#2456,#8339);
#8339 = DEFINITIONAL_REPRESENTATION('',(#8340),#8344);
#8340 = LINE('',#8341,#8342);
#8341 = CARTESIAN_POINT('',(2.2,0.65));
#8342 = VECTOR('',#8343,1.);
#8343 = DIRECTION('',(-1.,-3.985521342092E-18));
#8344 = ( GEOMETRIC_REPRESENTATION_CONTEXT(2) 
PARAMETRIC_REPRESENTATION_CONTEXT() REPRESENTATION_CONTEXT('2D SPACE',''
  ) );
#8345 = ORIENTED_EDGE('',*,*,#2472,.F.);
#8346 = ORIENTED_EDGE('',*,*,#8301,.T.);
#8347 = ORIENTED_EDGE('',*,*,#6368,.T.);
#8348 = ADVANCED_FACE('',(#8349),#2456,.T.);
#8349 = FACE_BOUND('',#8350,.T.);
#8350 = EDGE_LOOP('',(#8351,#8352,#8373,#8374));
#8351 = ORIENTED_EDGE('',*,*,#6340,.T.);
#8352 = ORIENTED_EDGE('',*,*,#8353,.T.);
#8353 = EDGE_CURVE('',#6318,#2412,#8354,.T.);
#8354 = SURFACE_CURVE('',#8355,(#8359,#8366),.PCURVE_S1.);
#8355 = LINE('',#8356,#8357);
#8356 = CARTESIAN_POINT('',(-23.56291651246,39.512168574084,2.615));
#8357 = VECTOR('',#8358,1.);
#8358 = DIRECTION('',(-0.5,0.866025403784,-1.060575238725E-16));
#8359 = PCURVE('',#2456,#8360);
#8360 = DEFINITIONAL_REPRESENTATION('',(#8361),#8365);
#8361 = LINE('',#8362,#8363);
#8362 = CARTESIAN_POINT('',(-2.2,-0.65));
#8363 = VECTOR('',#8364,1.);
#8364 = DIRECTION('',(1.,3.985521342092E-18));
#8365 = ( GEOMETRIC_REPRESENTATION_CONTEXT(2) 
PARAMETRIC_REPRESENTATION_CONTEXT() REPRESENTATION_CONTEXT('2D SPACE',''
  ) );
#8366 = PCURVE('',#2427,#8367);
#8367 = DEFINITIONAL_REPRESENTATION('',(#8368),#8372);
#8368 = LINE('',#8369,#8370);
#8369 = CARTESIAN_POINT('',(0.,0.));
#8370 = VECTOR('',#8371,1.);
#8371 = DIRECTION('',(1.,0.));
#8372 = ( GEOMETRIC_REPRESENTATION_CONTEXT(2) 
PARAMETRIC_REPRESENTATION_CONTEXT() REPRESENTATION_CONTEXT('2D SPACE',''
  ) );
#8373 = ORIENTED_EDGE('',*,*,#2439,.F.);
#8374 = ORIENTED_EDGE('',*,*,#8325,.T.);
#8375 = ADVANCED_FACE('',(#8376),#2427,.T.);
#8376 = FACE_BOUND('',#8377,.T.);
#8377 = EDGE_LOOP('',(#8378,#8379,#8380,#8381));
#8378 = ORIENTED_EDGE('',*,*,#8353,.F.);
#8379 = ORIENTED_EDGE('',*,*,#6317,.F.);
#8380 = ORIENTED_EDGE('',*,*,#8279,.T.);
#8381 = ORIENTED_EDGE('',*,*,#2411,.T.);
#8382 = ADVANCED_FACE('',(#8383),#2519,.F.);
#8383 = FACE_BOUND('',#8384,.F.);
#8384 = EDGE_LOOP('',(#8385,#8386,#8407,#8408));
#8385 = ORIENTED_EDGE('',*,*,#6391,.T.);
#8386 = ORIENTED_EDGE('',*,*,#8387,.T.);
#8387 = EDGE_CURVE('',#6394,#2503,#8388,.T.);
#8388 = SURFACE_CURVE('',#8389,(#8393,#8400),.PCURVE_S1.);
#8389 = LINE('',#8390,#8391);
#8390 = CARTESIAN_POINT('',(-23.56291651246,39.512168574084,2.885));
#8391 = VECTOR('',#8392,1.);
#8392 = DIRECTION('',(-0.5,0.866025403784,-1.060575238725E-16));
#8393 = PCURVE('',#2519,#8394);
#8394 = DEFINITIONAL_REPRESENTATION('',(#8395),#8399);
#8395 = LINE('',#8396,#8397);
#8396 = CARTESIAN_POINT('',(-2.2,-0.65));
#8397 = VECTOR('',#8398,1.);
#8398 = DIRECTION('',(1.,3.985521342092E-18));
#8399 = ( GEOMETRIC_REPRESENTATION_CONTEXT(2) 
PARAMETRIC_REPRESENTATION_CONTEXT() REPRESENTATION_CONTEXT('2D SPACE',''
  ) );
#8400 = PCURVE('',#2551,#8401);
#8401 = DEFINITIONAL_REPRESENTATION('',(#8402),#8406);
#8402 = LINE('',#8403,#8404);
#8403 = CARTESIAN_POINT('',(8.272486862054E-17,-0.78));
#8404 = VECTOR('',#8405,1.);
#8405 = DIRECTION('',(1.,0.));
#8406 = ( GEOMETRIC_REPRESENTATION_CONTEXT(2) 
PARAMETRIC_REPRESENTATION_CONTEXT() REPRESENTATION_CONTEXT('2D SPACE',''
  ) );
#8407 = ORIENTED_EDGE('',*,*,#2500,.F.);
#8408 = ORIENTED_EDGE('',*,*,#8409,.T.);
#8409 = EDGE_CURVE('',#2501,#6392,#8410,.T.);
#8410 = SURFACE_CURVE('',#8411,(#8415,#8422),.PCURVE_S1.);
#8411 = LINE('',#8412,#8413);
#8412 = CARTESIAN_POINT('',(-24.63708348754,43.972680350736,2.885));
#8413 = VECTOR('',#8414,1.);
#8414 = DIRECTION('',(0.5,-0.866025403784,1.060575238725E-16));
#8415 = PCURVE('',#2519,#8416);
#8416 = DEFINITIONAL_REPRESENTATION('',(#8417),#8421);
#8417 = LINE('',#8418,#8419);
#8418 = CARTESIAN_POINT('',(2.2,0.65));
#8419 = VECTOR('',#8420,1.);
#8420 = DIRECTION('',(-1.,-3.985521342092E-18));
#8421 = ( GEOMETRIC_REPRESENTATION_CONTEXT(2) 
PARAMETRIC_REPRESENTATION_CONTEXT() REPRESENTATION_CONTEXT('2D SPACE',''
  ) );
#8422 = PCURVE('',#2610,#8423);
#8423 = DEFINITIONAL_REPRESENTATION('',(#8424),#8428);
#8424 = LINE('',#8425,#8426);
#8425 = CARTESIAN_POINT('',(-8.272486862054E-17,-0.78));
#8426 = VECTOR('',#8427,1.);
#8427 = DIRECTION('',(1.,0.));
#8428 = ( GEOMETRIC_REPRESENTATION_CONTEXT(2) 
PARAMETRIC_REPRESENTATION_CONTEXT() REPRESENTATION_CONTEXT('2D SPACE',''
  ) );
#8429 = ADVANCED_FACE('',(#8430),#2610,.T.);
#8430 = FACE_BOUND('',#8431,.T.);
#8431 = EDGE_LOOP('',(#8432,#8453,#8454,#8455));
#8432 = ORIENTED_EDGE('',*,*,#8433,.F.);
#8433 = EDGE_CURVE('',#2564,#6445,#8434,.T.);
#8434 = SURFACE_CURVE('',#8435,(#8439,#8446),.PCURVE_S1.);
#8435 = LINE('',#8436,#8437);
#8436 = CARTESIAN_POINT('',(-24.63708348754,43.972680350736,3.665));
#8437 = VECTOR('',#8438,1.);
#8438 = DIRECTION('',(0.5,-0.866025403784,1.060575238725E-16));
#8439 = PCURVE('',#2610,#8440);
#8440 = DEFINITIONAL_REPRESENTATION('',(#8441),#8445);
#8441 = LINE('',#8442,#8443);
#8442 = CARTESIAN_POINT('',(0.,0.));
#8443 = VECTOR('',#8444,1.);
#8444 = DIRECTION('',(1.,0.));
#8445 = ( GEOMETRIC_REPRESENTATION_CONTEXT(2) 
PARAMETRIC_REPRESENTATION_CONTEXT() REPRESENTATION_CONTEXT('2D SPACE',''
  ) );
#8446 = PCURVE('',#2580,#8447);
#8447 = DEFINITIONAL_REPRESENTATION('',(#8448),#8452);
#8448 = LINE('',#8449,#8450);
#8449 = CARTESIAN_POINT('',(2.2,0.65));
#8450 = VECTOR('',#8451,1.);
#8451 = DIRECTION('',(-1.,-3.985521342092E-18));
#8452 = ( GEOMETRIC_REPRESENTATION_CONTEXT(2) 
PARAMETRIC_REPRESENTATION_CONTEXT() REPRESENTATION_CONTEXT('2D SPACE',''
  ) );
#8453 = ORIENTED_EDGE('',*,*,#2596,.F.);
#8454 = ORIENTED_EDGE('',*,*,#8409,.T.);
#8455 = ORIENTED_EDGE('',*,*,#6472,.T.);
#8456 = ADVANCED_FACE('',(#8457),#2551,.T.);
#8457 = FACE_BOUND('',#8458,.T.);
#8458 = EDGE_LOOP('',(#8459,#8480,#8481,#8482));
#8459 = ORIENTED_EDGE('',*,*,#8460,.F.);
#8460 = EDGE_CURVE('',#6422,#2536,#8461,.T.);
#8461 = SURFACE_CURVE('',#8462,(#8466,#8473),.PCURVE_S1.);
#8462 = LINE('',#8463,#8464);
#8463 = CARTESIAN_POINT('',(-23.56291651246,39.512168574084,3.665));
#8464 = VECTOR('',#8465,1.);
#8465 = DIRECTION('',(-0.5,0.866025403784,-1.060575238725E-16));
#8466 = PCURVE('',#2551,#8467);
#8467 = DEFINITIONAL_REPRESENTATION('',(#8468),#8472);
#8468 = LINE('',#8469,#8470);
#8469 = CARTESIAN_POINT('',(0.,0.));
#8470 = VECTOR('',#8471,1.);
#8471 = DIRECTION('',(1.,0.));
#8472 = ( GEOMETRIC_REPRESENTATION_CONTEXT(2) 
PARAMETRIC_REPRESENTATION_CONTEXT() REPRESENTATION_CONTEXT('2D SPACE',''
  ) );
#8473 = PCURVE('',#2580,#8474);
#8474 = DEFINITIONAL_REPRESENTATION('',(#8475),#8479);
#8475 = LINE('',#8476,#8477);
#8476 = CARTESIAN_POINT('',(-2.2,-0.65));
#8477 = VECTOR('',#8478,1.);
#8478 = DIRECTION('',(1.,3.985521342092E-18));
#8479 = ( GEOMETRIC_REPRESENTATION_CONTEXT(2) 
PARAMETRIC_REPRESENTATION_CONTEXT() REPRESENTATION_CONTEXT('2D SPACE',''
  ) );
#8480 = ORIENTED_EDGE('',*,*,#6421,.F.);
#8481 = ORIENTED_EDGE('',*,*,#8387,.T.);
#8482 = ORIENTED_EDGE('',*,*,#2535,.T.);
#8483 = ADVANCED_FACE('',(#8484),#2580,.T.);
#8484 = FACE_BOUND('',#8485,.T.);
#8485 = EDGE_LOOP('',(#8486,#8487,#8488,#8489));
#8486 = ORIENTED_EDGE('',*,*,#6444,.T.);
#8487 = ORIENTED_EDGE('',*,*,#8460,.T.);
#8488 = ORIENTED_EDGE('',*,*,#2563,.F.);
#8489 = ORIENTED_EDGE('',*,*,#8433,.T.);
#8490 = ADVANCED_FACE('',(#8491),#2643,.F.);
#8491 = FACE_BOUND('',#8492,.F.);
#8492 = EDGE_LOOP('',(#8493,#8494,#8515,#8516));
#8493 = ORIENTED_EDGE('',*,*,#6495,.T.);
#8494 = ORIENTED_EDGE('',*,*,#8495,.T.);
#8495 = EDGE_CURVE('',#6498,#2627,#8496,.T.);
#8496 = SURFACE_CURVE('',#8497,(#8501,#8508),.PCURVE_S1.);
#8497 = LINE('',#8498,#8499);
#8498 = CARTESIAN_POINT('',(-23.56291651246,39.512168574084,3.935));
#8499 = VECTOR('',#8500,1.);
#8500 = DIRECTION('',(-0.5,0.866025403784,-1.060575238725E-16));
#8501 = PCURVE('',#2643,#8502);
#8502 = DEFINITIONAL_REPRESENTATION('',(#8503),#8507);
#8503 = LINE('',#8504,#8505);
#8504 = CARTESIAN_POINT('',(-2.2,-0.65));
#8505 = VECTOR('',#8506,1.);
#8506 = DIRECTION('',(1.,3.985521342092E-18));
#8507 = ( GEOMETRIC_REPRESENTATION_CONTEXT(2) 
PARAMETRIC_REPRESENTATION_CONTEXT() REPRESENTATION_CONTEXT('2D SPACE',''
  ) );
#8508 = PCURVE('',#2675,#8509);
#8509 = DEFINITIONAL_REPRESENTATION('',(#8510),#8514);
#8510 = LINE('',#8511,#8512);
#8511 = CARTESIAN_POINT('',(8.272486862054E-17,-0.78));
#8512 = VECTOR('',#8513,1.);
#8513 = DIRECTION('',(1.,0.));
#8514 = ( GEOMETRIC_REPRESENTATION_CONTEXT(2) 
PARAMETRIC_REPRESENTATION_CONTEXT() REPRESENTATION_CONTEXT('2D SPACE',''
  ) );
#8515 = ORIENTED_EDGE('',*,*,#2624,.F.);
#8516 = ORIENTED_EDGE('',*,*,#8517,.T.);
#8517 = EDGE_CURVE('',#2625,#6496,#8518,.T.);
#8518 = SURFACE_CURVE('',#8519,(#8523,#8530),.PCURVE_S1.);
#8519 = LINE('',#8520,#8521);
#8520 = CARTESIAN_POINT('',(-24.63708348754,43.972680350736,3.935));
#8521 = VECTOR('',#8522,1.);
#8522 = DIRECTION('',(0.5,-0.866025403784,1.060575238725E-16));
#8523 = PCURVE('',#2643,#8524);
#8524 = DEFINITIONAL_REPRESENTATION('',(#8525),#8529);
#8525 = LINE('',#8526,#8527);
#8526 = CARTESIAN_POINT('',(2.2,0.65));
#8527 = VECTOR('',#8528,1.);
#8528 = DIRECTION('',(-1.,-3.985521342092E-18));
#8529 = ( GEOMETRIC_REPRESENTATION_CONTEXT(2) 
PARAMETRIC_REPRESENTATION_CONTEXT() REPRESENTATION_CONTEXT('2D SPACE',''
  ) );
#8530 = PCURVE('',#2734,#8531);
#8531 = DEFINITIONAL_REPRESENTATION('',(#8532),#8536);
#8532 = LINE('',#8533,#8534);
#8533 = CARTESIAN_POINT('',(-8.272486862054E-17,-0.78));
#8534 = VECTOR('',#8535,1.);
#8535 = DIRECTION('',(1.,0.));
#8536 = ( GEOMETRIC_REPRESENTATION_CONTEXT(2) 
PARAMETRIC_REPRESENTATION_CONTEXT() REPRESENTATION_CONTEXT('2D SPACE',''
  ) );
#8537 = ADVANCED_FACE('',(#8538),#2734,.T.);
#8538 = FACE_BOUND('',#8539,.T.);
#8539 = EDGE_LOOP('',(#8540,#8561,#8562,#8563));
#8540 = ORIENTED_EDGE('',*,*,#8541,.F.);
#8541 = EDGE_CURVE('',#2688,#6549,#8542,.T.);
#8542 = SURFACE_CURVE('',#8543,(#8547,#8554),.PCURVE_S1.);
#8543 = LINE('',#8544,#8545);
#8544 = CARTESIAN_POINT('',(-24.63708348754,43.972680350736,4.715));
#8545 = VECTOR('',#8546,1.);
#8546 = DIRECTION('',(0.5,-0.866025403784,1.060575238725E-16));
#8547 = PCURVE('',#2734,#8548);
#8548 = DEFINITIONAL_REPRESENTATION('',(#8549),#8553);
#8549 = LINE('',#8550,#8551);
#8550 = CARTESIAN_POINT('',(0.,0.));
#8551 = VECTOR('',#8552,1.);
#8552 = DIRECTION('',(1.,0.));
#8553 = ( GEOMETRIC_REPRESENTATION_CONTEXT(2) 
PARAMETRIC_REPRESENTATION_CONTEXT() REPRESENTATION_CONTEXT('2D SPACE',''
  ) );
#8554 = PCURVE('',#2704,#8555);
#8555 = DEFINITIONAL_REPRESENTATION('',(#8556),#8560);
#8556 = LINE('',#8557,#8558);
#8557 = CARTESIAN_POINT('',(2.2,0.65));
#8558 = VECTOR('',#8559,1.);
#8559 = DIRECTION('',(-1.,-3.985521342092E-18));
#8560 = ( GEOMETRIC_REPRESENTATION_CONTEXT(2) 
PARAMETRIC_REPRESENTATION_CONTEXT() REPRESENTATION_CONTEXT('2D SPACE',''
  ) );
#8561 = ORIENTED_EDGE('',*,*,#2720,.F.);
#8562 = ORIENTED_EDGE('',*,*,#8517,.T.);
#8563 = ORIENTED_EDGE('',*,*,#6576,.T.);
#8564 = ADVANCED_FACE('',(#8565),#2675,.T.);
#8565 = FACE_BOUND('',#8566,.T.);
#8566 = EDGE_LOOP('',(#8567,#8588,#8589,#8590));
#8567 = ORIENTED_EDGE('',*,*,#8568,.F.);
#8568 = EDGE_CURVE('',#6526,#2660,#8569,.T.);
#8569 = SURFACE_CURVE('',#8570,(#8574,#8581),.PCURVE_S1.);
#8570 = LINE('',#8571,#8572);
#8571 = CARTESIAN_POINT('',(-23.56291651246,39.512168574084,4.715));
#8572 = VECTOR('',#8573,1.);
#8573 = DIRECTION('',(-0.5,0.866025403784,-1.060575238725E-16));
#8574 = PCURVE('',#2675,#8575);
#8575 = DEFINITIONAL_REPRESENTATION('',(#8576),#8580);
#8576 = LINE('',#8577,#8578);
#8577 = CARTESIAN_POINT('',(0.,0.));
#8578 = VECTOR('',#8579,1.);
#8579 = DIRECTION('',(1.,0.));
#8580 = ( GEOMETRIC_REPRESENTATION_CONTEXT(2) 
PARAMETRIC_REPRESENTATION_CONTEXT() REPRESENTATION_CONTEXT('2D SPACE',''
  ) );
#8581 = PCURVE('',#2704,#8582);
#8582 = DEFINITIONAL_REPRESENTATION('',(#8583),#8587);
#8583 = LINE('',#8584,#8585);
#8584 = CARTESIAN_POINT('',(-2.2,-0.65));
#8585 = VECTOR('',#8586,1.);
#8586 = DIRECTION('',(1.,3.985521342092E-18));
#8587 = ( GEOMETRIC_REPRESENTATION_CONTEXT(2) 
PARAMETRIC_REPRESENTATION_CONTEXT() REPRESENTATION_CONTEXT('2D SPACE',''
  ) );
#8588 = ORIENTED_EDGE('',*,*,#6525,.F.);
#8589 = ORIENTED_EDGE('',*,*,#8495,.T.);
#8590 = ORIENTED_EDGE('',*,*,#2659,.T.);
#8591 = ADVANCED_FACE('',(#8592),#2704,.T.);
#8592 = FACE_BOUND('',#8593,.T.);
#8593 = EDGE_LOOP('',(#8594,#8595,#8596,#8597));
#8594 = ORIENTED_EDGE('',*,*,#6548,.T.);
#8595 = ORIENTED_EDGE('',*,*,#8568,.T.);
#8596 = ORIENTED_EDGE('',*,*,#2687,.F.);
#8597 = ORIENTED_EDGE('',*,*,#8541,.T.);
#8598 = ADVANCED_FACE('',(#8599),#2767,.F.);
#8599 = FACE_BOUND('',#8600,.F.);
#8600 = EDGE_LOOP('',(#8601,#8602,#8623,#8624));
#8601 = ORIENTED_EDGE('',*,*,#6599,.T.);
#8602 = ORIENTED_EDGE('',*,*,#8603,.T.);
#8603 = EDGE_CURVE('',#6602,#2751,#8604,.T.);
#8604 = SURFACE_CURVE('',#8605,(#8609,#8616),.PCURVE_S1.);
#8605 = LINE('',#8606,#8607);
#8606 = CARTESIAN_POINT('',(-23.56291651246,39.512168574084,4.985));
#8607 = VECTOR('',#8608,1.);
#8608 = DIRECTION('',(-0.5,0.866025403784,-1.060575238725E-16));
#8609 = PCURVE('',#2767,#8610);
#8610 = DEFINITIONAL_REPRESENTATION('',(#8611),#8615);
#8611 = LINE('',#8612,#8613);
#8612 = CARTESIAN_POINT('',(-2.2,-0.65));
#8613 = VECTOR('',#8614,1.);
#8614 = DIRECTION('',(1.,3.985521342092E-18));
#8615 = ( GEOMETRIC_REPRESENTATION_CONTEXT(2) 
PARAMETRIC_REPRESENTATION_CONTEXT() REPRESENTATION_CONTEXT('2D SPACE',''
  ) );
#8616 = PCURVE('',#2799,#8617);
#8617 = DEFINITIONAL_REPRESENTATION('',(#8618),#8622);
#8618 = LINE('',#8619,#8620);
#8619 = CARTESIAN_POINT('',(8.272486862054E-17,-0.78));
#8620 = VECTOR('',#8621,1.);
#8621 = DIRECTION('',(1.,0.));
#8622 = ( GEOMETRIC_REPRESENTATION_CONTEXT(2) 
PARAMETRIC_REPRESENTATION_CONTEXT() REPRESENTATION_CONTEXT('2D SPACE',''
  ) );
#8623 = ORIENTED_EDGE('',*,*,#2748,.F.);
#8624 = ORIENTED_EDGE('',*,*,#8625,.T.);
#8625 = EDGE_CURVE('',#2749,#6600,#8626,.T.);
#8626 = SURFACE_CURVE('',#8627,(#8631,#8638),.PCURVE_S1.);
#8627 = LINE('',#8628,#8629);
#8628 = CARTESIAN_POINT('',(-24.63708348754,43.972680350736,4.985));
#8629 = VECTOR('',#8630,1.);
#8630 = DIRECTION('',(0.5,-0.866025403784,1.060575238725E-16));
#8631 = PCURVE('',#2767,#8632);
#8632 = DEFINITIONAL_REPRESENTATION('',(#8633),#8637);
#8633 = LINE('',#8634,#8635);
#8634 = CARTESIAN_POINT('',(2.2,0.65));
#8635 = VECTOR('',#8636,1.);
#8636 = DIRECTION('',(-1.,-3.985521342092E-18));
#8637 = ( GEOMETRIC_REPRESENTATION_CONTEXT(2) 
PARAMETRIC_REPRESENTATION_CONTEXT() REPRESENTATION_CONTEXT('2D SPACE',''
  ) );
#8638 = PCURVE('',#2858,#8639);
#8639 = DEFINITIONAL_REPRESENTATION('',(#8640),#8644);
#8640 = LINE('',#8641,#8642);
#8641 = CARTESIAN_POINT('',(-8.272486862054E-17,-0.78));
#8642 = VECTOR('',#8643,1.);
#8643 = DIRECTION('',(1.,0.));
#8644 = ( GEOMETRIC_REPRESENTATION_CONTEXT(2) 
PARAMETRIC_REPRESENTATION_CONTEXT() REPRESENTATION_CONTEXT('2D SPACE',''
  ) );
#8645 = ADVANCED_FACE('',(#8646),#2858,.T.);
#8646 = FACE_BOUND('',#8647,.T.);
#8647 = EDGE_LOOP('',(#8648,#8669,#8670,#8671));
#8648 = ORIENTED_EDGE('',*,*,#8649,.F.);
#8649 = EDGE_CURVE('',#2812,#6653,#8650,.T.);
#8650 = SURFACE_CURVE('',#8651,(#8655,#8662),.PCURVE_S1.);
#8651 = LINE('',#8652,#8653);
#8652 = CARTESIAN_POINT('',(-24.63708348754,43.972680350736,5.765));
#8653 = VECTOR('',#8654,1.);
#8654 = DIRECTION('',(0.5,-0.866025403784,1.060575238725E-16));
#8655 = PCURVE('',#2858,#8656);
#8656 = DEFINITIONAL_REPRESENTATION('',(#8657),#8661);
#8657 = LINE('',#8658,#8659);
#8658 = CARTESIAN_POINT('',(0.,0.));
#8659 = VECTOR('',#8660,1.);
#8660 = DIRECTION('',(1.,0.));
#8661 = ( GEOMETRIC_REPRESENTATION_CONTEXT(2) 
PARAMETRIC_REPRESENTATION_CONTEXT() REPRESENTATION_CONTEXT('2D SPACE',''
  ) );
#8662 = PCURVE('',#2828,#8663);
#8663 = DEFINITIONAL_REPRESENTATION('',(#8664),#8668);
#8664 = LINE('',#8665,#8666);
#8665 = CARTESIAN_POINT('',(2.2,0.65));
#8666 = VECTOR('',#8667,1.);
#8667 = DIRECTION('',(-1.,-3.985521342092E-18));
#8668 = ( GEOMETRIC_REPRESENTATION_CONTEXT(2) 
PARAMETRIC_REPRESENTATION_CONTEXT() REPRESENTATION_CONTEXT('2D SPACE',''
  ) );
#8669 = ORIENTED_EDGE('',*,*,#2844,.F.);
#8670 = ORIENTED_EDGE('',*,*,#8625,.T.);
#8671 = ORIENTED_EDGE('',*,*,#6680,.T.);
#8672 = ADVANCED_FACE('',(#8673),#2799,.T.);
#8673 = FACE_BOUND('',#8674,.T.);
#8674 = EDGE_LOOP('',(#8675,#8696,#8697,#8698));
#8675 = ORIENTED_EDGE('',*,*,#8676,.F.);
#8676 = EDGE_CURVE('',#6630,#2784,#8677,.T.);
#8677 = SURFACE_CURVE('',#8678,(#8682,#8689),.PCURVE_S1.);
#8678 = LINE('',#8679,#8680);
#8679 = CARTESIAN_POINT('',(-23.56291651246,39.512168574084,5.765));
#8680 = VECTOR('',#8681,1.);
#8681 = DIRECTION('',(-0.5,0.866025403784,-1.060575238725E-16));
#8682 = PCURVE('',#2799,#8683);
#8683 = DEFINITIONAL_REPRESENTATION('',(#8684),#8688);
#8684 = LINE('',#8685,#8686);
#8685 = CARTESIAN_POINT('',(0.,0.));
#8686 = VECTOR('',#8687,1.);
#8687 = DIRECTION('',(1.,0.));
#8688 = ( GEOMETRIC_REPRESENTATION_CONTEXT(2) 
PARAMETRIC_REPRESENTATION_CONTEXT() REPRESENTATION_CONTEXT('2D SPACE',''
  ) );
#8689 = PCURVE('',#2828,#8690);
#8690 = DEFINITIONAL_REPRESENTATION('',(#8691),#8695);
#8691 = LINE('',#8692,#8693);
#8692 = CARTESIAN_POINT('',(-2.2,-0.65));
#8693 = VECTOR('',#8694,1.);
#8694 = DIRECTION('',(1.,3.985521342092E-18));
#8695 = ( GEOMETRIC_REPRESENTATION_CONTEXT(2) 
PARAMETRIC_REPRESENTATION_CONTEXT() REPRESENTATION_CONTEXT('2D SPACE',''
  ) );
#8696 = ORIENTED_EDGE('',*,*,#6629,.F.);
#8697 = ORIENTED_EDGE('',*,*,#8603,.T.);
#8698 = ORIENTED_EDGE('',*,*,#2783,.T.);
#8699 = ADVANCED_FACE('',(#8700),#2828,.T.);
#8700 = FACE_BOUND('',#8701,.T.);
#8701 = EDGE_LOOP('',(#8702,#8703,#8704,#8705));
#8702 = ORIENTED_EDGE('',*,*,#6652,.T.);
#8703 = ORIENTED_EDGE('',*,*,#8676,.T.);
#8704 = ORIENTED_EDGE('',*,*,#2811,.F.);
#8705 = ORIENTED_EDGE('',*,*,#8649,.T.);
#8706 = ADVANCED_FACE('',(#8707),#2891,.F.);
#8707 = FACE_BOUND('',#8708,.F.);
#8708 = EDGE_LOOP('',(#8709,#8710,#8731,#8732));
#8709 = ORIENTED_EDGE('',*,*,#6703,.T.);
#8710 = ORIENTED_EDGE('',*,*,#8711,.T.);
#8711 = EDGE_CURVE('',#6706,#2875,#8712,.T.);
#8712 = SURFACE_CURVE('',#8713,(#8717,#8724),.PCURVE_S1.);
#8713 = LINE('',#8714,#8715);
#8714 = CARTESIAN_POINT('',(-23.56291651246,39.512168574084,6.035));
#8715 = VECTOR('',#8716,1.);
#8716 = DIRECTION('',(-0.5,0.866025403784,-1.060575238725E-16));
#8717 = PCURVE('',#2891,#8718);
#8718 = DEFINITIONAL_REPRESENTATION('',(#8719),#8723);
#8719 = LINE('',#8720,#8721);
#8720 = CARTESIAN_POINT('',(-2.2,-0.65));
#8721 = VECTOR('',#8722,1.);
#8722 = DIRECTION('',(1.,3.985521342092E-18));
#8723 = ( GEOMETRIC_REPRESENTATION_CONTEXT(2) 
PARAMETRIC_REPRESENTATION_CONTEXT() REPRESENTATION_CONTEXT('2D SPACE',''
  ) );
#8724 = PCURVE('',#2923,#8725);
#8725 = DEFINITIONAL_REPRESENTATION('',(#8726),#8730);
#8726 = LINE('',#8727,#8728);
#8727 = CARTESIAN_POINT('',(8.272486862054E-17,-0.78));
#8728 = VECTOR('',#8729,1.);
#8729 = DIRECTION('',(1.,0.));
#8730 = ( GEOMETRIC_REPRESENTATION_CONTEXT(2) 
PARAMETRIC_REPRESENTATION_CONTEXT() REPRESENTATION_CONTEXT('2D SPACE',''
  ) );
#8731 = ORIENTED_EDGE('',*,*,#2872,.F.);
#8732 = ORIENTED_EDGE('',*,*,#8733,.T.);
#8733 = EDGE_CURVE('',#2873,#6704,#8734,.T.);
#8734 = SURFACE_CURVE('',#8735,(#8739,#8746),.PCURVE_S1.);
#8735 = LINE('',#8736,#8737);
#8736 = CARTESIAN_POINT('',(-24.63708348754,43.972680350736,6.035));
#8737 = VECTOR('',#8738,1.);
#8738 = DIRECTION('',(0.5,-0.866025403784,1.060575238725E-16));
#8739 = PCURVE('',#2891,#8740);
#8740 = DEFINITIONAL_REPRESENTATION('',(#8741),#8745);
#8741 = LINE('',#8742,#8743);
#8742 = CARTESIAN_POINT('',(2.2,0.65));
#8743 = VECTOR('',#8744,1.);
#8744 = DIRECTION('',(-1.,-3.985521342092E-18));
#8745 = ( GEOMETRIC_REPRESENTATION_CONTEXT(2) 
PARAMETRIC_REPRESENTATION_CONTEXT() REPRESENTATION_CONTEXT('2D SPACE',''
  ) );
#8746 = PCURVE('',#2982,#8747);
#8747 = DEFINITIONAL_REPRESENTATION('',(#8748),#8752);
#8748 = LINE('',#8749,#8750);
#8749 = CARTESIAN_POINT('',(-8.272486862054E-17,-0.78));
#8750 = VECTOR('',#8751,1.);
#8751 = DIRECTION('',(1.,0.));
#8752 = ( GEOMETRIC_REPRESENTATION_CONTEXT(2) 
PARAMETRIC_REPRESENTATION_CONTEXT() REPRESENTATION_CONTEXT('2D SPACE',''
  ) );
#8753 = ADVANCED_FACE('',(#8754),#2982,.T.);
#8754 = FACE_BOUND('',#8755,.T.);
#8755 = EDGE_LOOP('',(#8756,#8777,#8778,#8779));
#8756 = ORIENTED_EDGE('',*,*,#8757,.F.);
#8757 = EDGE_CURVE('',#2936,#6757,#8758,.T.);
#8758 = SURFACE_CURVE('',#8759,(#8763,#8770),.PCURVE_S1.);
#8759 = LINE('',#8760,#8761);
#8760 = CARTESIAN_POINT('',(-24.63708348754,43.972680350736,6.815));
#8761 = VECTOR('',#8762,1.);
#8762 = DIRECTION('',(0.5,-0.866025403784,1.060575238725E-16));
#8763 = PCURVE('',#2982,#8764);
#8764 = DEFINITIONAL_REPRESENTATION('',(#8765),#8769);
#8765 = LINE('',#8766,#8767);
#8766 = CARTESIAN_POINT('',(0.,0.));
#8767 = VECTOR('',#8768,1.);
#8768 = DIRECTION('',(1.,0.));
#8769 = ( GEOMETRIC_REPRESENTATION_CONTEXT(2) 
PARAMETRIC_REPRESENTATION_CONTEXT() REPRESENTATION_CONTEXT('2D SPACE',''
  ) );
#8770 = PCURVE('',#2952,#8771);
#8771 = DEFINITIONAL_REPRESENTATION('',(#8772),#8776);
#8772 = LINE('',#8773,#8774);
#8773 = CARTESIAN_POINT('',(2.2,0.65));
#8774 = VECTOR('',#8775,1.);
#8775 = DIRECTION('',(-1.,-3.985521342092E-18));
#8776 = ( GEOMETRIC_REPRESENTATION_CONTEXT(2) 
PARAMETRIC_REPRESENTATION_CONTEXT() REPRESENTATION_CONTEXT('2D SPACE',''
  ) );
#8777 = ORIENTED_EDGE('',*,*,#2968,.F.);
#8778 = ORIENTED_EDGE('',*,*,#8733,.T.);
#8779 = ORIENTED_EDGE('',*,*,#6784,.T.);
#8780 = ADVANCED_FACE('',(#8781),#2923,.T.);
#8781 = FACE_BOUND('',#8782,.T.);
#8782 = EDGE_LOOP('',(#8783,#8804,#8805,#8806));
#8783 = ORIENTED_EDGE('',*,*,#8784,.F.);
#8784 = EDGE_CURVE('',#6734,#2908,#8785,.T.);
#8785 = SURFACE_CURVE('',#8786,(#8790,#8797),.PCURVE_S1.);
#8786 = LINE('',#8787,#8788);
#8787 = CARTESIAN_POINT('',(-23.56291651246,39.512168574084,6.815));
#8788 = VECTOR('',#8789,1.);
#8789 = DIRECTION('',(-0.5,0.866025403784,-1.060575238725E-16));
#8790 = PCURVE('',#2923,#8791);
#8791 = DEFINITIONAL_REPRESENTATION('',(#8792),#8796);
#8792 = LINE('',#8793,#8794);
#8793 = CARTESIAN_POINT('',(0.,0.));
#8794 = VECTOR('',#8795,1.);
#8795 = DIRECTION('',(1.,0.));
#8796 = ( GEOMETRIC_REPRESENTATION_CONTEXT(2) 
PARAMETRIC_REPRESENTATION_CONTEXT() REPRESENTATION_CONTEXT('2D SPACE',''
  ) );
#8797 = PCURVE('',#2952,#8798);
#8798 = DEFINITIONAL_REPRESENTATION('',(#8799),#8803);
#8799 = LINE('',#8800,#8801);
#8800 = CARTESIAN_POINT('',(-2.2,-0.65));
#8801 = VECTOR('',#8802,1.);
#8802 = DIRECTION('',(1.,3.985521342092E-18));
#8803 = ( GEOMETRIC_REPRESENTATION_CONTEXT(2) 
PARAMETRIC_REPRESENTATION_CONTEXT() REPRESENTATION_CONTEXT('2D SPACE',''
  ) );
#8804 = ORIENTED_EDGE('',*,*,#6733,.F.);
#8805 = ORIENTED_EDGE('',*,*,#8711,.T.);
#8806 = ORIENTED_EDGE('',*,*,#2907,.T.);
#8807 = ADVANCED_FACE('',(#8808),#2952,.T.);
#8808 = FACE_BOUND('',#8809,.T.);
#8809 = EDGE_LOOP('',(#8810,#8811,#8812,#8813));
#8810 = ORIENTED_EDGE('',*,*,#6756,.T.);
#8811 = ORIENTED_EDGE('',*,*,#8784,.T.);
#8812 = ORIENTED_EDGE('',*,*,#2935,.F.);
#8813 = ORIENTED_EDGE('',*,*,#8757,.T.);
#8814 = ADVANCED_FACE('',(#8815),#3015,.F.);
#8815 = FACE_BOUND('',#8816,.F.);
#8816 = EDGE_LOOP('',(#8817,#8818,#8839,#8840));
#8817 = ORIENTED_EDGE('',*,*,#6807,.T.);
#8818 = ORIENTED_EDGE('',*,*,#8819,.T.);
#8819 = EDGE_CURVE('',#6810,#2999,#8820,.T.);
#8820 = SURFACE_CURVE('',#8821,(#8825,#8832),.PCURVE_S1.);
#8821 = LINE('',#8822,#8823);
#8822 = CARTESIAN_POINT('',(-23.56291651246,39.512168574084,7.085));
#8823 = VECTOR('',#8824,1.);
#8824 = DIRECTION('',(-0.5,0.866025403784,-1.060575238725E-16));
#8825 = PCURVE('',#3015,#8826);
#8826 = DEFINITIONAL_REPRESENTATION('',(#8827),#8831);
#8827 = LINE('',#8828,#8829);
#8828 = CARTESIAN_POINT('',(-2.2,-0.65));
#8829 = VECTOR('',#8830,1.);
#8830 = DIRECTION('',(1.,3.985521342092E-18));
#8831 = ( GEOMETRIC_REPRESENTATION_CONTEXT(2) 
PARAMETRIC_REPRESENTATION_CONTEXT() REPRESENTATION_CONTEXT('2D SPACE',''
  ) );
#8832 = PCURVE('',#3047,#8833);
#8833 = DEFINITIONAL_REPRESENTATION('',(#8834),#8838);
#8834 = LINE('',#8835,#8836);
#8835 = CARTESIAN_POINT('',(8.272486862054E-17,-0.78));
#8836 = VECTOR('',#8837,1.);
#8837 = DIRECTION('',(1.,0.));
#8838 = ( GEOMETRIC_REPRESENTATION_CONTEXT(2) 
PARAMETRIC_REPRESENTATION_CONTEXT() REPRESENTATION_CONTEXT('2D SPACE',''
  ) );
#8839 = ORIENTED_EDGE('',*,*,#2996,.F.);
#8840 = ORIENTED_EDGE('',*,*,#8841,.T.);
#8841 = EDGE_CURVE('',#2997,#6808,#8842,.T.);
#8842 = SURFACE_CURVE('',#8843,(#8847,#8854),.PCURVE_S1.);
#8843 = LINE('',#8844,#8845);
#8844 = CARTESIAN_POINT('',(-24.63708348754,43.972680350736,7.085));
#8845 = VECTOR('',#8846,1.);
#8846 = DIRECTION('',(0.5,-0.866025403784,1.060575238725E-16));
#8847 = PCURVE('',#3015,#8848);
#8848 = DEFINITIONAL_REPRESENTATION('',(#8849),#8853);
#8849 = LINE('',#8850,#8851);
#8850 = CARTESIAN_POINT('',(2.2,0.65));
#8851 = VECTOR('',#8852,1.);
#8852 = DIRECTION('',(-1.,-3.985521342092E-18));
#8853 = ( GEOMETRIC_REPRESENTATION_CONTEXT(2) 
PARAMETRIC_REPRESENTATION_CONTEXT() REPRESENTATION_CONTEXT('2D SPACE',''
  ) );
#8854 = PCURVE('',#3106,#8855);
#8855 = DEFINITIONAL_REPRESENTATION('',(#8856),#8860);
#8856 = LINE('',#8857,#8858);
#8857 = CARTESIAN_POINT('',(-8.272486862054E-17,-0.78));
#8858 = VECTOR('',#8859,1.);
#8859 = DIRECTION('',(1.,0.));
#8860 = ( GEOMETRIC_REPRESENTATION_CONTEXT(2) 
PARAMETRIC_REPRESENTATION_CONTEXT() REPRESENTATION_CONTEXT('2D SPACE',''
  ) );
#8861 = ADVANCED_FACE('',(#8862),#3106,.T.);
#8862 = FACE_BOUND('',#8863,.T.);
#8863 = EDGE_LOOP('',(#8864,#8885,#8886,#8887));
#8864 = ORIENTED_EDGE('',*,*,#8865,.F.);
#8865 = EDGE_CURVE('',#3060,#6861,#8866,.T.);
#8866 = SURFACE_CURVE('',#8867,(#8871,#8878),.PCURVE_S1.);
#8867 = LINE('',#8868,#8869);
#8868 = CARTESIAN_POINT('',(-24.63708348754,43.972680350736,7.865));
#8869 = VECTOR('',#8870,1.);
#8870 = DIRECTION('',(0.5,-0.866025403784,1.060575238725E-16));
#8871 = PCURVE('',#3106,#8872);
#8872 = DEFINITIONAL_REPRESENTATION('',(#8873),#8877);
#8873 = LINE('',#8874,#8875);
#8874 = CARTESIAN_POINT('',(0.,0.));
#8875 = VECTOR('',#8876,1.);
#8876 = DIRECTION('',(1.,0.));
#8877 = ( GEOMETRIC_REPRESENTATION_CONTEXT(2) 
PARAMETRIC_REPRESENTATION_CONTEXT() REPRESENTATION_CONTEXT('2D SPACE',''
  ) );
#8878 = PCURVE('',#3076,#8879);
#8879 = DEFINITIONAL_REPRESENTATION('',(#8880),#8884);
#8880 = LINE('',#8881,#8882);
#8881 = CARTESIAN_POINT('',(2.2,0.65));
#8882 = VECTOR('',#8883,1.);
#8883 = DIRECTION('',(-1.,-3.985521342092E-18));
#8884 = ( GEOMETRIC_REPRESENTATION_CONTEXT(2) 
PARAMETRIC_REPRESENTATION_CONTEXT() REPRESENTATION_CONTEXT('2D SPACE',''
  ) );
#8885 = ORIENTED_EDGE('',*,*,#3092,.F.);
#8886 = ORIENTED_EDGE('',*,*,#8841,.T.);
#8887 = ORIENTED_EDGE('',*,*,#6888,.T.);
#8888 = ADVANCED_FACE('',(#8889),#3047,.T.);
#8889 = FACE_BOUND('',#8890,.T.);
#8890 = EDGE_LOOP('',(#8891,#8912,#8913,#8914));
#8891 = ORIENTED_EDGE('',*,*,#8892,.F.);
#8892 = EDGE_CURVE('',#6838,#3032,#8893,.T.);
#8893 = SURFACE_CURVE('',#8894,(#8898,#8905),.PCURVE_S1.);
#8894 = LINE('',#8895,#8896);
#8895 = CARTESIAN_POINT('',(-23.56291651246,39.512168574084,7.865));
#8896 = VECTOR('',#8897,1.);
#8897 = DIRECTION('',(-0.5,0.866025403784,-1.060575238725E-16));
#8898 = PCURVE('',#3047,#8899);
#8899 = DEFINITIONAL_REPRESENTATION('',(#8900),#8904);
#8900 = LINE('',#8901,#8902);
#8901 = CARTESIAN_POINT('',(0.,0.));
#8902 = VECTOR('',#8903,1.);
#8903 = DIRECTION('',(1.,0.));
#8904 = ( GEOMETRIC_REPRESENTATION_CONTEXT(2) 
PARAMETRIC_REPRESENTATION_CONTEXT() REPRESENTATION_CONTEXT('2D SPACE',''
  ) );
#8905 = PCURVE('',#3076,#8906);
#8906 = DEFINITIONAL_REPRESENTATION('',(#8907),#8911);
#8907 = LINE('',#8908,#8909);
#8908 = CARTESIAN_POINT('',(-2.2,-0.65));
#8909 = VECTOR('',#8910,1.);
#8910 = DIRECTION('',(1.,3.985521342092E-18));
#8911 = ( GEOMETRIC_REPRESENTATION_CONTEXT(2) 
PARAMETRIC_REPRESENTATION_CONTEXT() REPRESENTATION_CONTEXT('2D SPACE',''
  ) );
#8912 = ORIENTED_EDGE('',*,*,#6837,.F.);
#8913 = ORIENTED_EDGE('',*,*,#8819,.T.);
#8914 = ORIENTED_EDGE('',*,*,#3031,.T.);
#8915 = ADVANCED_FACE('',(#8916),#3076,.T.);
#8916 = FACE_BOUND('',#8917,.T.);
#8917 = EDGE_LOOP('',(#8918,#8919,#8920,#8921));
#8918 = ORIENTED_EDGE('',*,*,#6860,.T.);
#8919 = ORIENTED_EDGE('',*,*,#8892,.T.);
#8920 = ORIENTED_EDGE('',*,*,#3059,.F.);
#8921 = ORIENTED_EDGE('',*,*,#8865,.T.);
#8922 = ADVANCED_FACE('',(#8923),#3495,.F.);
#8923 = FACE_BOUND('',#8924,.F.);
#8924 = EDGE_LOOP('',(#8925,#8926,#8947,#8948));
#8925 = ORIENTED_EDGE('',*,*,#5357,.T.);
#8926 = ORIENTED_EDGE('',*,*,#8927,.T.);
#8927 = EDGE_CURVE('',#5360,#3479,#8928,.T.);
#8928 = SURFACE_CURVE('',#8929,(#8933,#8940),.PCURVE_S1.);
#8929 = LINE('',#8930,#8931);
#8930 = CARTESIAN_POINT('',(-22.43708348754,-40.16216857408,1.835));
#8931 = VECTOR('',#8932,1.);
#8932 = DIRECTION('',(-0.5,-0.866025403784,1.060575238725E-16));
#8933 = PCURVE('',#3495,#8934);
#8934 = DEFINITIONAL_REPRESENTATION('',(#8935),#8939);
#8935 = LINE('',#8936,#8937);
#8936 = CARTESIAN_POINT('',(-2.2,-0.65));
#8937 = VECTOR('',#8938,1.);
#8938 = DIRECTION('',(1.,2.231125221501E-17));
#8939 = ( GEOMETRIC_REPRESENTATION_CONTEXT(2) 
PARAMETRIC_REPRESENTATION_CONTEXT() REPRESENTATION_CONTEXT('2D SPACE',''
  ) );
#8940 = PCURVE('',#3527,#8941);
#8941 = DEFINITIONAL_REPRESENTATION('',(#8942),#8946);
#8942 = LINE('',#8943,#8944);
#8943 = CARTESIAN_POINT('',(-8.272486862054E-17,-0.78));
#8944 = VECTOR('',#8945,1.);
#8945 = DIRECTION('',(1.,0.));
#8946 = ( GEOMETRIC_REPRESENTATION_CONTEXT(2) 
PARAMETRIC_REPRESENTATION_CONTEXT() REPRESENTATION_CONTEXT('2D SPACE',''
  ) );
#8947 = ORIENTED_EDGE('',*,*,#3476,.F.);
#8948 = ORIENTED_EDGE('',*,*,#8949,.T.);
#8949 = EDGE_CURVE('',#3477,#5358,#8950,.T.);
#8950 = SURFACE_CURVE('',#8951,(#8955,#8962),.PCURVE_S1.);
#8951 = LINE('',#8952,#8953);
#8952 = CARTESIAN_POINT('',(-25.76291651246,-43.32268035073,1.835));
#8953 = VECTOR('',#8954,1.);
#8954 = DIRECTION('',(0.5,0.866025403784,-1.060575238725E-16));
#8955 = PCURVE('',#3495,#8956);
#8956 = DEFINITIONAL_REPRESENTATION('',(#8957),#8961);
#8957 = LINE('',#8958,#8959);
#8958 = CARTESIAN_POINT('',(2.2,0.65));
#8959 = VECTOR('',#8960,1.);
#8960 = DIRECTION('',(-1.,-2.231125221501E-17));
#8961 = ( GEOMETRIC_REPRESENTATION_CONTEXT(2) 
PARAMETRIC_REPRESENTATION_CONTEXT() REPRESENTATION_CONTEXT('2D SPACE',''
  ) );
#8962 = PCURVE('',#3586,#8963);
#8963 = DEFINITIONAL_REPRESENTATION('',(#8964),#8968);
#8964 = LINE('',#8965,#8966);
#8965 = CARTESIAN_POINT('',(8.272486862054E-17,-0.78));
#8966 = VECTOR('',#8967,1.);
#8967 = DIRECTION('',(1.,0.));
#8968 = ( GEOMETRIC_REPRESENTATION_CONTEXT(2) 
PARAMETRIC_REPRESENTATION_CONTEXT() REPRESENTATION_CONTEXT('2D SPACE',''
  ) );
#8969 = ADVANCED_FACE('',(#8970),#3586,.T.);
#8970 = FACE_BOUND('',#8971,.T.);
#8971 = EDGE_LOOP('',(#8972,#8993,#8994,#8995));
#8972 = ORIENTED_EDGE('',*,*,#8973,.F.);
#8973 = EDGE_CURVE('',#3540,#5411,#8974,.T.);
#8974 = SURFACE_CURVE('',#8975,(#8979,#8986),.PCURVE_S1.);
#8975 = LINE('',#8976,#8977);
#8976 = CARTESIAN_POINT('',(-25.76291651246,-43.32268035073,2.615));
#8977 = VECTOR('',#8978,1.);
#8978 = DIRECTION('',(0.5,0.866025403784,-1.060575238725E-16));
#8979 = PCURVE('',#3586,#8980);
#8980 = DEFINITIONAL_REPRESENTATION('',(#8981),#8985);
#8981 = LINE('',#8982,#8983);
#8982 = CARTESIAN_POINT('',(0.,0.));
#8983 = VECTOR('',#8984,1.);
#8984 = DIRECTION('',(1.,0.));
#8985 = ( GEOMETRIC_REPRESENTATION_CONTEXT(2) 
PARAMETRIC_REPRESENTATION_CONTEXT() REPRESENTATION_CONTEXT('2D SPACE',''
  ) );
#8986 = PCURVE('',#3556,#8987);
#8987 = DEFINITIONAL_REPRESENTATION('',(#8988),#8992);
#8988 = LINE('',#8989,#8990);
#8989 = CARTESIAN_POINT('',(2.2,0.65));
#8990 = VECTOR('',#8991,1.);
#8991 = DIRECTION('',(-1.,-2.231125221501E-17));
#8992 = ( GEOMETRIC_REPRESENTATION_CONTEXT(2) 
PARAMETRIC_REPRESENTATION_CONTEXT() REPRESENTATION_CONTEXT('2D SPACE',''
  ) );
#8993 = ORIENTED_EDGE('',*,*,#3572,.F.);
#8994 = ORIENTED_EDGE('',*,*,#8949,.T.);
#8995 = ORIENTED_EDGE('',*,*,#5438,.T.);
#8996 = ADVANCED_FACE('',(#8997),#3556,.T.);
#8997 = FACE_BOUND('',#8998,.T.);
#8998 = EDGE_LOOP('',(#8999,#9000,#9021,#9022));
#8999 = ORIENTED_EDGE('',*,*,#5410,.T.);
#9000 = ORIENTED_EDGE('',*,*,#9001,.T.);
#9001 = EDGE_CURVE('',#5388,#3512,#9002,.T.);
#9002 = SURFACE_CURVE('',#9003,(#9007,#9014),.PCURVE_S1.);
#9003 = LINE('',#9004,#9005);
#9004 = CARTESIAN_POINT('',(-22.43708348754,-40.16216857408,2.615));
#9005 = VECTOR('',#9006,1.);
#9006 = DIRECTION('',(-0.5,-0.866025403784,1.060575238725E-16));
#9007 = PCURVE('',#3556,#9008);
#9008 = DEFINITIONAL_REPRESENTATION('',(#9009),#9013);
#9009 = LINE('',#9010,#9011);
#9010 = CARTESIAN_POINT('',(-2.2,-0.65));
#9011 = VECTOR('',#9012,1.);
#9012 = DIRECTION('',(1.,2.231125221501E-17));
#9013 = ( GEOMETRIC_REPRESENTATION_CONTEXT(2) 
PARAMETRIC_REPRESENTATION_CONTEXT() REPRESENTATION_CONTEXT('2D SPACE',''
  ) );
#9014 = PCURVE('',#3527,#9015);
#9015 = DEFINITIONAL_REPRESENTATION('',(#9016),#9020);
#9016 = LINE('',#9017,#9018);
#9017 = CARTESIAN_POINT('',(0.,0.));
#9018 = VECTOR('',#9019,1.);
#9019 = DIRECTION('',(1.,0.));
#9020 = ( GEOMETRIC_REPRESENTATION_CONTEXT(2) 
PARAMETRIC_REPRESENTATION_CONTEXT() REPRESENTATION_CONTEXT('2D SPACE',''
  ) );
#9021 = ORIENTED_EDGE('',*,*,#3539,.F.);
#9022 = ORIENTED_EDGE('',*,*,#8973,.T.);
#9023 = ADVANCED_FACE('',(#9024),#3527,.T.);
#9024 = FACE_BOUND('',#9025,.T.);
#9025 = EDGE_LOOP('',(#9026,#9027,#9028,#9029));
#9026 = ORIENTED_EDGE('',*,*,#9001,.F.);
#9027 = ORIENTED_EDGE('',*,*,#5387,.F.);
#9028 = ORIENTED_EDGE('',*,*,#8927,.T.);
#9029 = ORIENTED_EDGE('',*,*,#3511,.T.);
#9030 = ADVANCED_FACE('',(#9031),#3619,.F.);
#9031 = FACE_BOUND('',#9032,.F.);
#9032 = EDGE_LOOP('',(#9033,#9034,#9055,#9056));
#9033 = ORIENTED_EDGE('',*,*,#5461,.T.);
#9034 = ORIENTED_EDGE('',*,*,#9035,.T.);
#9035 = EDGE_CURVE('',#5464,#3603,#9036,.T.);
#9036 = SURFACE_CURVE('',#9037,(#9041,#9048),.PCURVE_S1.);
#9037 = LINE('',#9038,#9039);
#9038 = CARTESIAN_POINT('',(-22.43708348754,-40.16216857408,2.885));
#9039 = VECTOR('',#9040,1.);
#9040 = DIRECTION('',(-0.5,-0.866025403784,1.060575238725E-16));
#9041 = PCURVE('',#3619,#9042);
#9042 = DEFINITIONAL_REPRESENTATION('',(#9043),#9047);
#9043 = LINE('',#9044,#9045);
#9044 = CARTESIAN_POINT('',(-2.2,-0.65));
#9045 = VECTOR('',#9046,1.);
#9046 = DIRECTION('',(1.,2.231125221501E-17));
#9047 = ( GEOMETRIC_REPRESENTATION_CONTEXT(2) 
PARAMETRIC_REPRESENTATION_CONTEXT() REPRESENTATION_CONTEXT('2D SPACE',''
  ) );
#9048 = PCURVE('',#3651,#9049);
#9049 = DEFINITIONAL_REPRESENTATION('',(#9050),#9054);
#9050 = LINE('',#9051,#9052);
#9051 = CARTESIAN_POINT('',(-8.272486862054E-17,-0.78));
#9052 = VECTOR('',#9053,1.);
#9053 = DIRECTION('',(1.,0.));
#9054 = ( GEOMETRIC_REPRESENTATION_CONTEXT(2) 
PARAMETRIC_REPRESENTATION_CONTEXT() REPRESENTATION_CONTEXT('2D SPACE',''
  ) );
#9055 = ORIENTED_EDGE('',*,*,#3600,.F.);
#9056 = ORIENTED_EDGE('',*,*,#9057,.T.);
#9057 = EDGE_CURVE('',#3601,#5462,#9058,.T.);
#9058 = SURFACE_CURVE('',#9059,(#9063,#9070),.PCURVE_S1.);
#9059 = LINE('',#9060,#9061);
#9060 = CARTESIAN_POINT('',(-25.76291651246,-43.32268035073,2.885));
#9061 = VECTOR('',#9062,1.);
#9062 = DIRECTION('',(0.5,0.866025403784,-1.060575238725E-16));
#9063 = PCURVE('',#3619,#9064);
#9064 = DEFINITIONAL_REPRESENTATION('',(#9065),#9069);
#9065 = LINE('',#9066,#9067);
#9066 = CARTESIAN_POINT('',(2.2,0.65));
#9067 = VECTOR('',#9068,1.);
#9068 = DIRECTION('',(-1.,-2.231125221501E-17));
#9069 = ( GEOMETRIC_REPRESENTATION_CONTEXT(2) 
PARAMETRIC_REPRESENTATION_CONTEXT() REPRESENTATION_CONTEXT('2D SPACE',''
  ) );
#9070 = PCURVE('',#3710,#9071);
#9071 = DEFINITIONAL_REPRESENTATION('',(#9072),#9076);
#9072 = LINE('',#9073,#9074);
#9073 = CARTESIAN_POINT('',(8.272486862054E-17,-0.78));
#9074 = VECTOR('',#9075,1.);
#9075 = DIRECTION('',(1.,0.));
#9076 = ( GEOMETRIC_REPRESENTATION_CONTEXT(2) 
PARAMETRIC_REPRESENTATION_CONTEXT() REPRESENTATION_CONTEXT('2D SPACE',''
  ) );
#9077 = ADVANCED_FACE('',(#9078),#3710,.T.);
#9078 = FACE_BOUND('',#9079,.T.);
#9079 = EDGE_LOOP('',(#9080,#9101,#9102,#9103));
#9080 = ORIENTED_EDGE('',*,*,#9081,.F.);
#9081 = EDGE_CURVE('',#3664,#5515,#9082,.T.);
#9082 = SURFACE_CURVE('',#9083,(#9087,#9094),.PCURVE_S1.);
#9083 = LINE('',#9084,#9085);
#9084 = CARTESIAN_POINT('',(-25.76291651246,-43.32268035073,3.665));
#9085 = VECTOR('',#9086,1.);
#9086 = DIRECTION('',(0.5,0.866025403784,-1.060575238725E-16));
#9087 = PCURVE('',#3710,#9088);
#9088 = DEFINITIONAL_REPRESENTATION('',(#9089),#9093);
#9089 = LINE('',#9090,#9091);
#9090 = CARTESIAN_POINT('',(0.,0.));
#9091 = VECTOR('',#9092,1.);
#9092 = DIRECTION('',(1.,0.));
#9093 = ( GEOMETRIC_REPRESENTATION_CONTEXT(2) 
PARAMETRIC_REPRESENTATION_CONTEXT() REPRESENTATION_CONTEXT('2D SPACE',''
  ) );
#9094 = PCURVE('',#3680,#9095);
#9095 = DEFINITIONAL_REPRESENTATION('',(#9096),#9100);
#9096 = LINE('',#9097,#9098);
#9097 = CARTESIAN_POINT('',(2.2,0.65));
#9098 = VECTOR('',#9099,1.);
#9099 = DIRECTION('',(-1.,-2.231125221501E-17));
#9100 = ( GEOMETRIC_REPRESENTATION_CONTEXT(2) 
PARAMETRIC_REPRESENTATION_CONTEXT() REPRESENTATION_CONTEXT('2D SPACE',''
  ) );
#9101 = ORIENTED_EDGE('',*,*,#3696,.F.);
#9102 = ORIENTED_EDGE('',*,*,#9057,.T.);
#9103 = ORIENTED_EDGE('',*,*,#5542,.T.);
#9104 = ADVANCED_FACE('',(#9105),#3651,.T.);
#9105 = FACE_BOUND('',#9106,.T.);
#9106 = EDGE_LOOP('',(#9107,#9128,#9129,#9130));
#9107 = ORIENTED_EDGE('',*,*,#9108,.F.);
#9108 = EDGE_CURVE('',#5492,#3636,#9109,.T.);
#9109 = SURFACE_CURVE('',#9110,(#9114,#9121),.PCURVE_S1.);
#9110 = LINE('',#9111,#9112);
#9111 = CARTESIAN_POINT('',(-22.43708348754,-40.16216857408,3.665));
#9112 = VECTOR('',#9113,1.);
#9113 = DIRECTION('',(-0.5,-0.866025403784,1.060575238725E-16));
#9114 = PCURVE('',#3651,#9115);
#9115 = DEFINITIONAL_REPRESENTATION('',(#9116),#9120);
#9116 = LINE('',#9117,#9118);
#9117 = CARTESIAN_POINT('',(0.,0.));
#9118 = VECTOR('',#9119,1.);
#9119 = DIRECTION('',(1.,0.));
#9120 = ( GEOMETRIC_REPRESENTATION_CONTEXT(2) 
PARAMETRIC_REPRESENTATION_CONTEXT() REPRESENTATION_CONTEXT('2D SPACE',''
  ) );
#9121 = PCURVE('',#3680,#9122);
#9122 = DEFINITIONAL_REPRESENTATION('',(#9123),#9127);
#9123 = LINE('',#9124,#9125);
#9124 = CARTESIAN_POINT('',(-2.2,-0.65));
#9125 = VECTOR('',#9126,1.);
#9126 = DIRECTION('',(1.,2.231125221501E-17));
#9127 = ( GEOMETRIC_REPRESENTATION_CONTEXT(2) 
PARAMETRIC_REPRESENTATION_CONTEXT() REPRESENTATION_CONTEXT('2D SPACE',''
  ) );
#9128 = ORIENTED_EDGE('',*,*,#5491,.F.);
#9129 = ORIENTED_EDGE('',*,*,#9035,.T.);
#9130 = ORIENTED_EDGE('',*,*,#3635,.T.);
#9131 = ADVANCED_FACE('',(#9132),#3680,.T.);
#9132 = FACE_BOUND('',#9133,.T.);
#9133 = EDGE_LOOP('',(#9134,#9135,#9136,#9137));
#9134 = ORIENTED_EDGE('',*,*,#5514,.T.);
#9135 = ORIENTED_EDGE('',*,*,#9108,.T.);
#9136 = ORIENTED_EDGE('',*,*,#3663,.F.);
#9137 = ORIENTED_EDGE('',*,*,#9081,.T.);
#9138 = ADVANCED_FACE('',(#9139),#3743,.F.);
#9139 = FACE_BOUND('',#9140,.F.);
#9140 = EDGE_LOOP('',(#9141,#9142,#9163,#9164));
#9141 = ORIENTED_EDGE('',*,*,#5565,.T.);
#9142 = ORIENTED_EDGE('',*,*,#9143,.T.);
#9143 = EDGE_CURVE('',#5568,#3727,#9144,.T.);
#9144 = SURFACE_CURVE('',#9145,(#9149,#9156),.PCURVE_S1.);
#9145 = LINE('',#9146,#9147);
#9146 = CARTESIAN_POINT('',(-22.43708348754,-40.16216857408,3.935));
#9147 = VECTOR('',#9148,1.);
#9148 = DIRECTION('',(-0.5,-0.866025403784,1.060575238725E-16));
#9149 = PCURVE('',#3743,#9150);
#9150 = DEFINITIONAL_REPRESENTATION('',(#9151),#9155);
#9151 = LINE('',#9152,#9153);
#9152 = CARTESIAN_POINT('',(-2.2,-0.65));
#9153 = VECTOR('',#9154,1.);
#9154 = DIRECTION('',(1.,2.231125221501E-17));
#9155 = ( GEOMETRIC_REPRESENTATION_CONTEXT(2) 
PARAMETRIC_REPRESENTATION_CONTEXT() REPRESENTATION_CONTEXT('2D SPACE',''
  ) );
#9156 = PCURVE('',#3775,#9157);
#9157 = DEFINITIONAL_REPRESENTATION('',(#9158),#9162);
#9158 = LINE('',#9159,#9160);
#9159 = CARTESIAN_POINT('',(-8.272486862054E-17,-0.78));
#9160 = VECTOR('',#9161,1.);
#9161 = DIRECTION('',(1.,0.));
#9162 = ( GEOMETRIC_REPRESENTATION_CONTEXT(2) 
PARAMETRIC_REPRESENTATION_CONTEXT() REPRESENTATION_CONTEXT('2D SPACE',''
  ) );
#9163 = ORIENTED_EDGE('',*,*,#3724,.F.);
#9164 = ORIENTED_EDGE('',*,*,#9165,.T.);
#9165 = EDGE_CURVE('',#3725,#5566,#9166,.T.);
#9166 = SURFACE_CURVE('',#9167,(#9171,#9178),.PCURVE_S1.);
#9167 = LINE('',#9168,#9169);
#9168 = CARTESIAN_POINT('',(-25.76291651246,-43.32268035073,3.935));
#9169 = VECTOR('',#9170,1.);
#9170 = DIRECTION('',(0.5,0.866025403784,-1.060575238725E-16));
#9171 = PCURVE('',#3743,#9172);
#9172 = DEFINITIONAL_REPRESENTATION('',(#9173),#9177);
#9173 = LINE('',#9174,#9175);
#9174 = CARTESIAN_POINT('',(2.2,0.65));
#9175 = VECTOR('',#9176,1.);
#9176 = DIRECTION('',(-1.,-2.231125221501E-17));
#9177 = ( GEOMETRIC_REPRESENTATION_CONTEXT(2) 
PARAMETRIC_REPRESENTATION_CONTEXT() REPRESENTATION_CONTEXT('2D SPACE',''
  ) );
#9178 = PCURVE('',#3834,#9179);
#9179 = DEFINITIONAL_REPRESENTATION('',(#9180),#9184);
#9180 = LINE('',#9181,#9182);
#9181 = CARTESIAN_POINT('',(8.272486862054E-17,-0.78));
#9182 = VECTOR('',#9183,1.);
#9183 = DIRECTION('',(1.,0.));
#9184 = ( GEOMETRIC_REPRESENTATION_CONTEXT(2) 
PARAMETRIC_REPRESENTATION_CONTEXT() REPRESENTATION_CONTEXT('2D SPACE',''
  ) );
#9185 = ADVANCED_FACE('',(#9186),#3834,.T.);
#9186 = FACE_BOUND('',#9187,.T.);
#9187 = EDGE_LOOP('',(#9188,#9209,#9210,#9211));
#9188 = ORIENTED_EDGE('',*,*,#9189,.F.);
#9189 = EDGE_CURVE('',#3788,#5619,#9190,.T.);
#9190 = SURFACE_CURVE('',#9191,(#9195,#9202),.PCURVE_S1.);
#9191 = LINE('',#9192,#9193);
#9192 = CARTESIAN_POINT('',(-25.76291651246,-43.32268035073,4.715));
#9193 = VECTOR('',#9194,1.);
#9194 = DIRECTION('',(0.5,0.866025403784,-1.060575238725E-16));
#9195 = PCURVE('',#3834,#9196);
#9196 = DEFINITIONAL_REPRESENTATION('',(#9197),#9201);
#9197 = LINE('',#9198,#9199);
#9198 = CARTESIAN_POINT('',(0.,0.));
#9199 = VECTOR('',#9200,1.);
#9200 = DIRECTION('',(1.,0.));
#9201 = ( GEOMETRIC_REPRESENTATION_CONTEXT(2) 
PARAMETRIC_REPRESENTATION_CONTEXT() REPRESENTATION_CONTEXT('2D SPACE',''
  ) );
#9202 = PCURVE('',#3804,#9203);
#9203 = DEFINITIONAL_REPRESENTATION('',(#9204),#9208);
#9204 = LINE('',#9205,#9206);
#9205 = CARTESIAN_POINT('',(2.2,0.65));
#9206 = VECTOR('',#9207,1.);
#9207 = DIRECTION('',(-1.,-2.231125221501E-17));
#9208 = ( GEOMETRIC_REPRESENTATION_CONTEXT(2) 
PARAMETRIC_REPRESENTATION_CONTEXT() REPRESENTATION_CONTEXT('2D SPACE',''
  ) );
#9209 = ORIENTED_EDGE('',*,*,#3820,.F.);
#9210 = ORIENTED_EDGE('',*,*,#9165,.T.);
#9211 = ORIENTED_EDGE('',*,*,#5646,.T.);
#9212 = ADVANCED_FACE('',(#9213),#3775,.T.);
#9213 = FACE_BOUND('',#9214,.T.);
#9214 = EDGE_LOOP('',(#9215,#9236,#9237,#9238));
#9215 = ORIENTED_EDGE('',*,*,#9216,.F.);
#9216 = EDGE_CURVE('',#5596,#3760,#9217,.T.);
#9217 = SURFACE_CURVE('',#9218,(#9222,#9229),.PCURVE_S1.);
#9218 = LINE('',#9219,#9220);
#9219 = CARTESIAN_POINT('',(-22.43708348754,-40.16216857408,4.715));
#9220 = VECTOR('',#9221,1.);
#9221 = DIRECTION('',(-0.5,-0.866025403784,1.060575238725E-16));
#9222 = PCURVE('',#3775,#9223);
#9223 = DEFINITIONAL_REPRESENTATION('',(#9224),#9228);
#9224 = LINE('',#9225,#9226);
#9225 = CARTESIAN_POINT('',(0.,0.));
#9226 = VECTOR('',#9227,1.);
#9227 = DIRECTION('',(1.,0.));
#9228 = ( GEOMETRIC_REPRESENTATION_CONTEXT(2) 
PARAMETRIC_REPRESENTATION_CONTEXT() REPRESENTATION_CONTEXT('2D SPACE',''
  ) );
#9229 = PCURVE('',#3804,#9230);
#9230 = DEFINITIONAL_REPRESENTATION('',(#9231),#9235);
#9231 = LINE('',#9232,#9233);
#9232 = CARTESIAN_POINT('',(-2.2,-0.65));
#9233 = VECTOR('',#9234,1.);
#9234 = DIRECTION('',(1.,2.231125221501E-17));
#9235 = ( GEOMETRIC_REPRESENTATION_CONTEXT(2) 
PARAMETRIC_REPRESENTATION_CONTEXT() REPRESENTATION_CONTEXT('2D SPACE',''
  ) );
#9236 = ORIENTED_EDGE('',*,*,#5595,.F.);
#9237 = ORIENTED_EDGE('',*,*,#9143,.T.);
#9238 = ORIENTED_EDGE('',*,*,#3759,.T.);
#9239 = ADVANCED_FACE('',(#9240),#3804,.T.);
#9240 = FACE_BOUND('',#9241,.T.);
#9241 = EDGE_LOOP('',(#9242,#9243,#9244,#9245));
#9242 = ORIENTED_EDGE('',*,*,#5618,.T.);
#9243 = ORIENTED_EDGE('',*,*,#9216,.T.);
#9244 = ORIENTED_EDGE('',*,*,#3787,.F.);
#9245 = ORIENTED_EDGE('',*,*,#9189,.T.);
#9246 = ADVANCED_FACE('',(#9247),#3867,.F.);
#9247 = FACE_BOUND('',#9248,.F.);
#9248 = EDGE_LOOP('',(#9249,#9250,#9271,#9272));
#9249 = ORIENTED_EDGE('',*,*,#5669,.T.);
#9250 = ORIENTED_EDGE('',*,*,#9251,.T.);
#9251 = EDGE_CURVE('',#5672,#3851,#9252,.T.);
#9252 = SURFACE_CURVE('',#9253,(#9257,#9264),.PCURVE_S1.);
#9253 = LINE('',#9254,#9255);
#9254 = CARTESIAN_POINT('',(-22.43708348754,-40.16216857408,4.985));
#9255 = VECTOR('',#9256,1.);
#9256 = DIRECTION('',(-0.5,-0.866025403784,1.060575238725E-16));
#9257 = PCURVE('',#3867,#9258);
#9258 = DEFINITIONAL_REPRESENTATION('',(#9259),#9263);
#9259 = LINE('',#9260,#9261);
#9260 = CARTESIAN_POINT('',(-2.2,-0.65));
#9261 = VECTOR('',#9262,1.);
#9262 = DIRECTION('',(1.,2.231125221501E-17));
#9263 = ( GEOMETRIC_REPRESENTATION_CONTEXT(2) 
PARAMETRIC_REPRESENTATION_CONTEXT() REPRESENTATION_CONTEXT('2D SPACE',''
  ) );
#9264 = PCURVE('',#3899,#9265);
#9265 = DEFINITIONAL_REPRESENTATION('',(#9266),#9270);
#9266 = LINE('',#9267,#9268);
#9267 = CARTESIAN_POINT('',(-8.272486862054E-17,-0.78));
#9268 = VECTOR('',#9269,1.);
#9269 = DIRECTION('',(1.,0.));
#9270 = ( GEOMETRIC_REPRESENTATION_CONTEXT(2) 
PARAMETRIC_REPRESENTATION_CONTEXT() REPRESENTATION_CONTEXT('2D SPACE',''
  ) );
#9271 = ORIENTED_EDGE('',*,*,#3848,.F.);
#9272 = ORIENTED_EDGE('',*,*,#9273,.T.);
#9273 = EDGE_CURVE('',#3849,#5670,#9274,.T.);
#9274 = SURFACE_CURVE('',#9275,(#9279,#9286),.PCURVE_S1.);
#9275 = LINE('',#9276,#9277);
#9276 = CARTESIAN_POINT('',(-25.76291651246,-43.32268035073,4.985));
#9277 = VECTOR('',#9278,1.);
#9278 = DIRECTION('',(0.5,0.866025403784,-1.060575238725E-16));
#9279 = PCURVE('',#3867,#9280);
#9280 = DEFINITIONAL_REPRESENTATION('',(#9281),#9285);
#9281 = LINE('',#9282,#9283);
#9282 = CARTESIAN_POINT('',(2.2,0.65));
#9283 = VECTOR('',#9284,1.);
#9284 = DIRECTION('',(-1.,-2.231125221501E-17));
#9285 = ( GEOMETRIC_REPRESENTATION_CONTEXT(2) 
PARAMETRIC_REPRESENTATION_CONTEXT() REPRESENTATION_CONTEXT('2D SPACE',''
  ) );
#9286 = PCURVE('',#3958,#9287);
#9287 = DEFINITIONAL_REPRESENTATION('',(#9288),#9292);
#9288 = LINE('',#9289,#9290);
#9289 = CARTESIAN_POINT('',(8.272486862054E-17,-0.78));
#9290 = VECTOR('',#9291,1.);
#9291 = DIRECTION('',(1.,0.));
#9292 = ( GEOMETRIC_REPRESENTATION_CONTEXT(2) 
PARAMETRIC_REPRESENTATION_CONTEXT() REPRESENTATION_CONTEXT('2D SPACE',''
  ) );
#9293 = ADVANCED_FACE('',(#9294),#3958,.T.);
#9294 = FACE_BOUND('',#9295,.T.);
#9295 = EDGE_LOOP('',(#9296,#9317,#9318,#9319));
#9296 = ORIENTED_EDGE('',*,*,#9297,.F.);
#9297 = EDGE_CURVE('',#3912,#5723,#9298,.T.);
#9298 = SURFACE_CURVE('',#9299,(#9303,#9310),.PCURVE_S1.);
#9299 = LINE('',#9300,#9301);
#9300 = CARTESIAN_POINT('',(-25.76291651246,-43.32268035073,5.765));
#9301 = VECTOR('',#9302,1.);
#9302 = DIRECTION('',(0.5,0.866025403784,-1.060575238725E-16));
#9303 = PCURVE('',#3958,#9304);
#9304 = DEFINITIONAL_REPRESENTATION('',(#9305),#9309);
#9305 = LINE('',#9306,#9307);
#9306 = CARTESIAN_POINT('',(0.,0.));
#9307 = VECTOR('',#9308,1.);
#9308 = DIRECTION('',(1.,0.));
#9309 = ( GEOMETRIC_REPRESENTATION_CONTEXT(2) 
PARAMETRIC_REPRESENTATION_CONTEXT() REPRESENTATION_CONTEXT('2D SPACE',''
  ) );
#9310 = PCURVE('',#3928,#9311);
#9311 = DEFINITIONAL_REPRESENTATION('',(#9312),#9316);
#9312 = LINE('',#9313,#9314);
#9313 = CARTESIAN_POINT('',(2.2,0.65));
#9314 = VECTOR('',#9315,1.);
#9315 = DIRECTION('',(-1.,-2.231125221501E-17));
#9316 = ( GEOMETRIC_REPRESENTATION_CONTEXT(2) 
PARAMETRIC_REPRESENTATION_CONTEXT() REPRESENTATION_CONTEXT('2D SPACE',''
  ) );
#9317 = ORIENTED_EDGE('',*,*,#3944,.F.);
#9318 = ORIENTED_EDGE('',*,*,#9273,.T.);
#9319 = ORIENTED_EDGE('',*,*,#5750,.T.);
#9320 = ADVANCED_FACE('',(#9321),#3899,.T.);
#9321 = FACE_BOUND('',#9322,.T.);
#9322 = EDGE_LOOP('',(#9323,#9344,#9345,#9346));
#9323 = ORIENTED_EDGE('',*,*,#9324,.F.);
#9324 = EDGE_CURVE('',#5700,#3884,#9325,.T.);
#9325 = SURFACE_CURVE('',#9326,(#9330,#9337),.PCURVE_S1.);
#9326 = LINE('',#9327,#9328);
#9327 = CARTESIAN_POINT('',(-22.43708348754,-40.16216857408,5.765));
#9328 = VECTOR('',#9329,1.);
#9329 = DIRECTION('',(-0.5,-0.866025403784,1.060575238725E-16));
#9330 = PCURVE('',#3899,#9331);
#9331 = DEFINITIONAL_REPRESENTATION('',(#9332),#9336);
#9332 = LINE('',#9333,#9334);
#9333 = CARTESIAN_POINT('',(0.,0.));
#9334 = VECTOR('',#9335,1.);
#9335 = DIRECTION('',(1.,0.));
#9336 = ( GEOMETRIC_REPRESENTATION_CONTEXT(2) 
PARAMETRIC_REPRESENTATION_CONTEXT() REPRESENTATION_CONTEXT('2D SPACE',''
  ) );
#9337 = PCURVE('',#3928,#9338);
#9338 = DEFINITIONAL_REPRESENTATION('',(#9339),#9343);
#9339 = LINE('',#9340,#9341);
#9340 = CARTESIAN_POINT('',(-2.2,-0.65));
#9341 = VECTOR('',#9342,1.);
#9342 = DIRECTION('',(1.,2.231125221501E-17));
#9343 = ( GEOMETRIC_REPRESENTATION_CONTEXT(2) 
PARAMETRIC_REPRESENTATION_CONTEXT() REPRESENTATION_CONTEXT('2D SPACE',''
  ) );
#9344 = ORIENTED_EDGE('',*,*,#5699,.F.);
#9345 = ORIENTED_EDGE('',*,*,#9251,.T.);
#9346 = ORIENTED_EDGE('',*,*,#3883,.T.);
#9347 = ADVANCED_FACE('',(#9348),#3928,.T.);
#9348 = FACE_BOUND('',#9349,.T.);
#9349 = EDGE_LOOP('',(#9350,#9351,#9352,#9353));
#9350 = ORIENTED_EDGE('',*,*,#5722,.T.);
#9351 = ORIENTED_EDGE('',*,*,#9324,.T.);
#9352 = ORIENTED_EDGE('',*,*,#3911,.F.);
#9353 = ORIENTED_EDGE('',*,*,#9297,.T.);
#9354 = ADVANCED_FACE('',(#9355),#3991,.F.);
#9355 = FACE_BOUND('',#9356,.F.);
#9356 = EDGE_LOOP('',(#9357,#9358,#9379,#9380));
#9357 = ORIENTED_EDGE('',*,*,#5773,.T.);
#9358 = ORIENTED_EDGE('',*,*,#9359,.T.);
#9359 = EDGE_CURVE('',#5776,#3975,#9360,.T.);
#9360 = SURFACE_CURVE('',#9361,(#9365,#9372),.PCURVE_S1.);
#9361 = LINE('',#9362,#9363);
#9362 = CARTESIAN_POINT('',(-22.43708348754,-40.16216857408,6.035));
#9363 = VECTOR('',#9364,1.);
#9364 = DIRECTION('',(-0.5,-0.866025403784,1.060575238725E-16));
#9365 = PCURVE('',#3991,#9366);
#9366 = DEFINITIONAL_REPRESENTATION('',(#9367),#9371);
#9367 = LINE('',#9368,#9369);
#9368 = CARTESIAN_POINT('',(-2.2,-0.65));
#9369 = VECTOR('',#9370,1.);
#9370 = DIRECTION('',(1.,2.231125221501E-17));
#9371 = ( GEOMETRIC_REPRESENTATION_CONTEXT(2) 
PARAMETRIC_REPRESENTATION_CONTEXT() REPRESENTATION_CONTEXT('2D SPACE',''
  ) );
#9372 = PCURVE('',#4023,#9373);
#9373 = DEFINITIONAL_REPRESENTATION('',(#9374),#9378);
#9374 = LINE('',#9375,#9376);
#9375 = CARTESIAN_POINT('',(-8.272486862054E-17,-0.78));
#9376 = VECTOR('',#9377,1.);
#9377 = DIRECTION('',(1.,0.));
#9378 = ( GEOMETRIC_REPRESENTATION_CONTEXT(2) 
PARAMETRIC_REPRESENTATION_CONTEXT() REPRESENTATION_CONTEXT('2D SPACE',''
  ) );
#9379 = ORIENTED_EDGE('',*,*,#3972,.F.);
#9380 = ORIENTED_EDGE('',*,*,#9381,.T.);
#9381 = EDGE_CURVE('',#3973,#5774,#9382,.T.);
#9382 = SURFACE_CURVE('',#9383,(#9387,#9394),.PCURVE_S1.);
#9383 = LINE('',#9384,#9385);
#9384 = CARTESIAN_POINT('',(-25.76291651246,-43.32268035073,6.035));
#9385 = VECTOR('',#9386,1.);
#9386 = DIRECTION('',(0.5,0.866025403784,-1.060575238725E-16));
#9387 = PCURVE('',#3991,#9388);
#9388 = DEFINITIONAL_REPRESENTATION('',(#9389),#9393);
#9389 = LINE('',#9390,#9391);
#9390 = CARTESIAN_POINT('',(2.2,0.65));
#9391 = VECTOR('',#9392,1.);
#9392 = DIRECTION('',(-1.,-2.231125221501E-17));
#9393 = ( GEOMETRIC_REPRESENTATION_CONTEXT(2) 
PARAMETRIC_REPRESENTATION_CONTEXT() REPRESENTATION_CONTEXT('2D SPACE',''
  ) );
#9394 = PCURVE('',#4082,#9395);
#9395 = DEFINITIONAL_REPRESENTATION('',(#9396),#9400);
#9396 = LINE('',#9397,#9398);
#9397 = CARTESIAN_POINT('',(8.272486862054E-17,-0.78));
#9398 = VECTOR('',#9399,1.);
#9399 = DIRECTION('',(1.,0.));
#9400 = ( GEOMETRIC_REPRESENTATION_CONTEXT(2) 
PARAMETRIC_REPRESENTATION_CONTEXT() REPRESENTATION_CONTEXT('2D SPACE',''
  ) );
#9401 = ADVANCED_FACE('',(#9402),#4082,.T.);
#9402 = FACE_BOUND('',#9403,.T.);
#9403 = EDGE_LOOP('',(#9404,#9425,#9426,#9427));
#9404 = ORIENTED_EDGE('',*,*,#9405,.F.);
#9405 = EDGE_CURVE('',#4036,#5827,#9406,.T.);
#9406 = SURFACE_CURVE('',#9407,(#9411,#9418),.PCURVE_S1.);
#9407 = LINE('',#9408,#9409);
#9408 = CARTESIAN_POINT('',(-25.76291651246,-43.32268035073,6.815));
#9409 = VECTOR('',#9410,1.);
#9410 = DIRECTION('',(0.5,0.866025403784,-1.060575238725E-16));
#9411 = PCURVE('',#4082,#9412);
#9412 = DEFINITIONAL_REPRESENTATION('',(#9413),#9417);
#9413 = LINE('',#9414,#9415);
#9414 = CARTESIAN_POINT('',(0.,0.));
#9415 = VECTOR('',#9416,1.);
#9416 = DIRECTION('',(1.,0.));
#9417 = ( GEOMETRIC_REPRESENTATION_CONTEXT(2) 
PARAMETRIC_REPRESENTATION_CONTEXT() REPRESENTATION_CONTEXT('2D SPACE',''
  ) );
#9418 = PCURVE('',#4052,#9419);
#9419 = DEFINITIONAL_REPRESENTATION('',(#9420),#9424);
#9420 = LINE('',#9421,#9422);
#9421 = CARTESIAN_POINT('',(2.2,0.65));
#9422 = VECTOR('',#9423,1.);
#9423 = DIRECTION('',(-1.,-2.231125221501E-17));
#9424 = ( GEOMETRIC_REPRESENTATION_CONTEXT(2) 
PARAMETRIC_REPRESENTATION_CONTEXT() REPRESENTATION_CONTEXT('2D SPACE',''
  ) );
#9425 = ORIENTED_EDGE('',*,*,#4068,.F.);
#9426 = ORIENTED_EDGE('',*,*,#9381,.T.);
#9427 = ORIENTED_EDGE('',*,*,#5854,.T.);
#9428 = ADVANCED_FACE('',(#9429),#4023,.T.);
#9429 = FACE_BOUND('',#9430,.T.);
#9430 = EDGE_LOOP('',(#9431,#9452,#9453,#9454));
#9431 = ORIENTED_EDGE('',*,*,#9432,.F.);
#9432 = EDGE_CURVE('',#5804,#4008,#9433,.T.);
#9433 = SURFACE_CURVE('',#9434,(#9438,#9445),.PCURVE_S1.);
#9434 = LINE('',#9435,#9436);
#9435 = CARTESIAN_POINT('',(-22.43708348754,-40.16216857408,6.815));
#9436 = VECTOR('',#9437,1.);
#9437 = DIRECTION('',(-0.5,-0.866025403784,1.060575238725E-16));
#9438 = PCURVE('',#4023,#9439);
#9439 = DEFINITIONAL_REPRESENTATION('',(#9440),#9444);
#9440 = LINE('',#9441,#9442);
#9441 = CARTESIAN_POINT('',(0.,0.));
#9442 = VECTOR('',#9443,1.);
#9443 = DIRECTION('',(1.,0.));
#9444 = ( GEOMETRIC_REPRESENTATION_CONTEXT(2) 
PARAMETRIC_REPRESENTATION_CONTEXT() REPRESENTATION_CONTEXT('2D SPACE',''
  ) );
#9445 = PCURVE('',#4052,#9446);
#9446 = DEFINITIONAL_REPRESENTATION('',(#9447),#9451);
#9447 = LINE('',#9448,#9449);
#9448 = CARTESIAN_POINT('',(-2.2,-0.65));
#9449 = VECTOR('',#9450,1.);
#9450 = DIRECTION('',(1.,2.231125221501E-17));
#9451 = ( GEOMETRIC_REPRESENTATION_CONTEXT(2) 
PARAMETRIC_REPRESENTATION_CONTEXT() REPRESENTATION_CONTEXT('2D SPACE',''
  ) );
#9452 = ORIENTED_EDGE('',*,*,#5803,.F.);
#9453 = ORIENTED_EDGE('',*,*,#9359,.T.);
#9454 = ORIENTED_EDGE('',*,*,#4007,.T.);
#9455 = ADVANCED_FACE('',(#9456),#4052,.T.);
#9456 = FACE_BOUND('',#9457,.T.);
#9457 = EDGE_LOOP('',(#9458,#9459,#9460,#9461));
#9458 = ORIENTED_EDGE('',*,*,#5826,.T.);
#9459 = ORIENTED_EDGE('',*,*,#9432,.T.);
#9460 = ORIENTED_EDGE('',*,*,#4035,.F.);
#9461 = ORIENTED_EDGE('',*,*,#9405,.T.);
#9462 = ADVANCED_FACE('',(#9463),#4115,.F.);
#9463 = FACE_BOUND('',#9464,.F.);
#9464 = EDGE_LOOP('',(#9465,#9466,#9487,#9488));
#9465 = ORIENTED_EDGE('',*,*,#5877,.T.);
#9466 = ORIENTED_EDGE('',*,*,#9467,.T.);
#9467 = EDGE_CURVE('',#5880,#4099,#9468,.T.);
#9468 = SURFACE_CURVE('',#9469,(#9473,#9480),.PCURVE_S1.);
#9469 = LINE('',#9470,#9471);
#9470 = CARTESIAN_POINT('',(-22.43708348754,-40.16216857408,7.085));
#9471 = VECTOR('',#9472,1.);
#9472 = DIRECTION('',(-0.5,-0.866025403784,1.060575238725E-16));
#9473 = PCURVE('',#4115,#9474);
#9474 = DEFINITIONAL_REPRESENTATION('',(#9475),#9479);
#9475 = LINE('',#9476,#9477);
#9476 = CARTESIAN_POINT('',(-2.2,-0.65));
#9477 = VECTOR('',#9478,1.);
#9478 = DIRECTION('',(1.,2.231125221501E-17));
#9479 = ( GEOMETRIC_REPRESENTATION_CONTEXT(2) 
PARAMETRIC_REPRESENTATION_CONTEXT() REPRESENTATION_CONTEXT('2D SPACE',''
  ) );
#9480 = PCURVE('',#4147,#9481);
#9481 = DEFINITIONAL_REPRESENTATION('',(#9482),#9486);
#9482 = LINE('',#9483,#9484);
#9483 = CARTESIAN_POINT('',(-8.272486862054E-17,-0.78));
#9484 = VECTOR('',#9485,1.);
#9485 = DIRECTION('',(1.,0.));
#9486 = ( GEOMETRIC_REPRESENTATION_CONTEXT(2) 
PARAMETRIC_REPRESENTATION_CONTEXT() REPRESENTATION_CONTEXT('2D SPACE',''
  ) );
#9487 = ORIENTED_EDGE('',*,*,#4096,.F.);
#9488 = ORIENTED_EDGE('',*,*,#9489,.T.);
#9489 = EDGE_CURVE('',#4097,#5878,#9490,.T.);
#9490 = SURFACE_CURVE('',#9491,(#9495,#9502),.PCURVE_S1.);
#9491 = LINE('',#9492,#9493);
#9492 = CARTESIAN_POINT('',(-25.76291651246,-43.32268035073,7.085));
#9493 = VECTOR('',#9494,1.);
#9494 = DIRECTION('',(0.5,0.866025403784,-1.060575238725E-16));
#9495 = PCURVE('',#4115,#9496);
#9496 = DEFINITIONAL_REPRESENTATION('',(#9497),#9501);
#9497 = LINE('',#9498,#9499);
#9498 = CARTESIAN_POINT('',(2.2,0.65));
#9499 = VECTOR('',#9500,1.);
#9500 = DIRECTION('',(-1.,-2.231125221501E-17));
#9501 = ( GEOMETRIC_REPRESENTATION_CONTEXT(2) 
PARAMETRIC_REPRESENTATION_CONTEXT() REPRESENTATION_CONTEXT('2D SPACE',''
  ) );
#9502 = PCURVE('',#4206,#9503);
#9503 = DEFINITIONAL_REPRESENTATION('',(#9504),#9508);
#9504 = LINE('',#9505,#9506);
#9505 = CARTESIAN_POINT('',(8.272486862054E-17,-0.78));
#9506 = VECTOR('',#9507,1.);
#9507 = DIRECTION('',(1.,0.));
#9508 = ( GEOMETRIC_REPRESENTATION_CONTEXT(2) 
PARAMETRIC_REPRESENTATION_CONTEXT() REPRESENTATION_CONTEXT('2D SPACE',''
  ) );
#9509 = ADVANCED_FACE('',(#9510),#4206,.T.);
#9510 = FACE_BOUND('',#9511,.T.);
#9511 = EDGE_LOOP('',(#9512,#9533,#9534,#9535));
#9512 = ORIENTED_EDGE('',*,*,#9513,.F.);
#9513 = EDGE_CURVE('',#4160,#5931,#9514,.T.);
#9514 = SURFACE_CURVE('',#9515,(#9519,#9526),.PCURVE_S1.);
#9515 = LINE('',#9516,#9517);
#9516 = CARTESIAN_POINT('',(-25.76291651246,-43.32268035073,7.865));
#9517 = VECTOR('',#9518,1.);
#9518 = DIRECTION('',(0.5,0.866025403784,-1.060575238725E-16));
#9519 = PCURVE('',#4206,#9520);
#9520 = DEFINITIONAL_REPRESENTATION('',(#9521),#9525);
#9521 = LINE('',#9522,#9523);
#9522 = CARTESIAN_POINT('',(0.,0.));
#9523 = VECTOR('',#9524,1.);
#9524 = DIRECTION('',(1.,0.));
#9525 = ( GEOMETRIC_REPRESENTATION_CONTEXT(2) 
PARAMETRIC_REPRESENTATION_CONTEXT() REPRESENTATION_CONTEXT('2D SPACE',''
  ) );
#9526 = PCURVE('',#4176,#9527);
#9527 = DEFINITIONAL_REPRESENTATION('',(#9528),#9532);
#9528 = LINE('',#9529,#9530);
#9529 = CARTESIAN_POINT('',(2.2,0.65));
#9530 = VECTOR('',#9531,1.);
#9531 = DIRECTION('',(-1.,-2.231125221501E-17));
#9532 = ( GEOMETRIC_REPRESENTATION_CONTEXT(2) 
PARAMETRIC_REPRESENTATION_CONTEXT() REPRESENTATION_CONTEXT('2D SPACE',''
  ) );
#9533 = ORIENTED_EDGE('',*,*,#4192,.F.);
#9534 = ORIENTED_EDGE('',*,*,#9489,.T.);
#9535 = ORIENTED_EDGE('',*,*,#5958,.T.);
#9536 = ADVANCED_FACE('',(#9537),#4147,.T.);
#9537 = FACE_BOUND('',#9538,.T.);
#9538 = EDGE_LOOP('',(#9539,#9560,#9561,#9562));
#9539 = ORIENTED_EDGE('',*,*,#9540,.F.);
#9540 = EDGE_CURVE('',#5908,#4132,#9541,.T.);
#9541 = SURFACE_CURVE('',#9542,(#9546,#9553),.PCURVE_S1.);
#9542 = LINE('',#9543,#9544);
#9543 = CARTESIAN_POINT('',(-22.43708348754,-40.16216857408,7.865));
#9544 = VECTOR('',#9545,1.);
#9545 = DIRECTION('',(-0.5,-0.866025403784,1.060575238725E-16));
#9546 = PCURVE('',#4147,#9547);
#9547 = DEFINITIONAL_REPRESENTATION('',(#9548),#9552);
#9548 = LINE('',#9549,#9550);
#9549 = CARTESIAN_POINT('',(0.,0.));
#9550 = VECTOR('',#9551,1.);
#9551 = DIRECTION('',(1.,0.));
#9552 = ( GEOMETRIC_REPRESENTATION_CONTEXT(2) 
PARAMETRIC_REPRESENTATION_CONTEXT() REPRESENTATION_CONTEXT('2D SPACE',''
  ) );
#9553 = PCURVE('',#4176,#9554);
#9554 = DEFINITIONAL_REPRESENTATION('',(#9555),#9559);
#9555 = LINE('',#9556,#9557);
#9556 = CARTESIAN_POINT('',(-2.2,-0.65));
#9557 = VECTOR('',#9558,1.);
#9558 = DIRECTION('',(1.,2.231125221501E-17));
#9559 = ( GEOMETRIC_REPRESENTATION_CONTEXT(2) 
PARAMETRIC_REPRESENTATION_CONTEXT() REPRESENTATION_CONTEXT('2D SPACE',''
  ) );
#9560 = ORIENTED_EDGE('',*,*,#5907,.F.);
#9561 = ORIENTED_EDGE('',*,*,#9467,.T.);
#9562 = ORIENTED_EDGE('',*,*,#4131,.T.);
#9563 = ADVANCED_FACE('',(#9564),#4176,.T.);
#9564 = FACE_BOUND('',#9565,.T.);
#9565 = EDGE_LOOP('',(#9566,#9567,#9568,#9569));
#9566 = ORIENTED_EDGE('',*,*,#5930,.T.);
#9567 = ORIENTED_EDGE('',*,*,#9540,.T.);
#9568 = ORIENTED_EDGE('',*,*,#4159,.F.);
#9569 = ORIENTED_EDGE('',*,*,#9513,.T.);
#9570 = ADVANCED_FACE('',(#9571,#9591,#9723,#9758,#9849,#9981,#10016,
    #10148),#4342,.F.);
#9571 = FACE_BOUND('',#9572,.F.);
#9572 = EDGE_LOOP('',(#9573,#9574,#9575,#9576,#9577,#9578,#9579,#9580,
    #9581,#9582,#9583,#9584,#9585,#9586,#9587,#9588,#9589,#9590));
#9573 = ORIENTED_EDGE('',*,*,#7066,.F.);
#9574 = ORIENTED_EDGE('',*,*,#4326,.T.);
#9575 = ORIENTED_EDGE('',*,*,#4403,.T.);
#9576 = ORIENTED_EDGE('',*,*,#5054,.T.);
#9577 = ORIENTED_EDGE('',*,*,#5102,.F.);
#9578 = ORIENTED_EDGE('',*,*,#5157,.T.);
#9579 = ORIENTED_EDGE('',*,*,#5206,.F.);
#9580 = ORIENTED_EDGE('',*,*,#5261,.T.);
#9581 = ORIENTED_EDGE('',*,*,#5333,.T.);
#9582 = ORIENTED_EDGE('',*,*,#5984,.T.);
#9583 = ORIENTED_EDGE('',*,*,#6032,.F.);
#9584 = ORIENTED_EDGE('',*,*,#6087,.T.);
#9585 = ORIENTED_EDGE('',*,*,#6136,.F.);
#9586 = ORIENTED_EDGE('',*,*,#6191,.T.);
#9587 = ORIENTED_EDGE('',*,*,#6263,.T.);
#9588 = ORIENTED_EDGE('',*,*,#6914,.T.);
#9589 = ORIENTED_EDGE('',*,*,#6962,.F.);
#9590 = ORIENTED_EDGE('',*,*,#7017,.T.);
#9591 = FACE_BOUND('',#9592,.F.);
#9592 = EDGE_LOOP('',(#9593,#9618,#9646,#9669,#9697));
#9593 = ORIENTED_EDGE('',*,*,#9594,.T.);
#9594 = EDGE_CURVE('',#9595,#9597,#9599,.T.);
#9595 = VERTEX_POINT('',#9596);
#9596 = CARTESIAN_POINT('',(-6.150961894323,13.653778516388,1.45));
#9597 = VERTEX_POINT('',#9598);
#9598 = CARTESIAN_POINT('',(-21.10096189432,39.547938089543,1.45));
#9599 = SURFACE_CURVE('',#9600,(#9604,#9611),.PCURVE_S1.);
#9600 = LINE('',#9601,#9602);
#9601 = CARTESIAN_POINT('',(-7.775961894323,16.468361078688,1.45));
#9602 = VECTOR('',#9603,1.);
#9603 = DIRECTION('',(-0.5,0.866025403784,-1.060575238725E-16));
#9604 = PCURVE('',#4342,#9605);
#9605 = DEFINITIONAL_REPRESENTATION('',(#9606),#9610);
#9606 = LINE('',#9607,#9608);
#9607 = CARTESIAN_POINT('',(-24.77596189432,-16.46836107868));
#9608 = VECTOR('',#9609,1.);
#9609 = DIRECTION('',(-0.5,-0.866025403784));
#9610 = ( GEOMETRIC_REPRESENTATION_CONTEXT(2) 
PARAMETRIC_REPRESENTATION_CONTEXT() REPRESENTATION_CONTEXT('2D SPACE',''
  ) );
#9611 = PCURVE('',#7168,#9612);
#9612 = DEFINITIONAL_REPRESENTATION('',(#9613),#9617);
#9613 = LINE('',#9614,#9615);
#9614 = CARTESIAN_POINT('',(26.65,-0.15));
#9615 = VECTOR('',#9616,1.);
#9616 = DIRECTION('',(-1.,0.));
#9617 = ( GEOMETRIC_REPRESENTATION_CONTEXT(2) 
PARAMETRIC_REPRESENTATION_CONTEXT() REPRESENTATION_CONTEXT('2D SPACE',''
  ) );
#9618 = ORIENTED_EDGE('',*,*,#9619,.T.);
#9619 = EDGE_CURVE('',#9597,#9620,#9622,.T.);
#9620 = VERTEX_POINT('',#9621);
#9621 = CARTESIAN_POINT('',(-23.69903810567,38.047938089543,1.45));
#9622 = SURFACE_CURVE('',#9623,(#9628,#9639),.PCURVE_S1.);
#9623 = CIRCLE('',#9624,1.5);
#9624 = AXIS2_PLACEMENT_3D('',#9625,#9626,#9627);
#9625 = CARTESIAN_POINT('',(-22.4,38.797938089543,1.45));
#9626 = DIRECTION('',(-5.750875869077E-33,1.224646799147E-16,1.));
#9627 = DIRECTION('',(-0.5,0.866025403784,-1.060575238725E-16));
#9628 = PCURVE('',#4342,#9629);
#9629 = DEFINITIONAL_REPRESENTATION('',(#9630),#9638);
#9630 = ( BOUNDED_CURVE() B_SPLINE_CURVE(2,(#9631,#9632,#9633,#9634,
#9635,#9636,#9637),.UNSPECIFIED.,.T.,.F.) B_SPLINE_CURVE_WITH_KNOTS((1,2
    ,2,2,2,1),(-2.094395102393,0.,2.094395102393,4.188790204786,
6.28318530718,8.377580409573),.UNSPECIFIED.) CURVE() 
GEOMETRIC_REPRESENTATION_ITEM() RATIONAL_B_SPLINE_CURVE((1.,0.5,1.,0.5,
1.,0.5,1.)) REPRESENTATION_ITEM('') );
#9631 = CARTESIAN_POINT('',(-40.15,-40.09697619521));
#9632 = CARTESIAN_POINT('',(-42.4,-38.79793808954));
#9633 = CARTESIAN_POINT('',(-40.15,-37.49889998386));
#9634 = CARTESIAN_POINT('',(-37.9,-36.19986187819));
#9635 = CARTESIAN_POINT('',(-37.9,-38.79793808954));
#9636 = CARTESIAN_POINT('',(-37.9,-41.39601430089));
#9637 = CARTESIAN_POINT('',(-40.15,-40.09697619521));
#9638 = ( GEOMETRIC_REPRESENTATION_CONTEXT(2) 
PARAMETRIC_REPRESENTATION_CONTEXT() REPRESENTATION_CONTEXT('2D SPACE',''
  ) );
#9639 = PCURVE('',#7201,#9640);
#9640 = DEFINITIONAL_REPRESENTATION('',(#9641),#9645);
#9641 = LINE('',#9642,#9643);
#9642 = CARTESIAN_POINT('',(-12.56637061435,-0.15));
#9643 = VECTOR('',#9644,1.);
#9644 = DIRECTION('',(1.,-0.));
#9645 = ( GEOMETRIC_REPRESENTATION_CONTEXT(2) 
PARAMETRIC_REPRESENTATION_CONTEXT() REPRESENTATION_CONTEXT('2D SPACE',''
  ) );
#9646 = ORIENTED_EDGE('',*,*,#9647,.T.);
#9647 = EDGE_CURVE('',#9620,#9648,#9650,.T.);
#9648 = VERTEX_POINT('',#9649);
#9649 = CARTESIAN_POINT('',(-8.749038105677,12.153778516388,1.45));
#9650 = SURFACE_CURVE('',#9651,(#9655,#9662),.PCURVE_S1.);
#9651 = LINE('',#9652,#9653);
#9652 = CARTESIAN_POINT('',(-2.899038105677,2.02128129211,1.45));
#9653 = VECTOR('',#9654,1.);
#9654 = DIRECTION('',(0.5,-0.866025403784,1.060575238725E-16));
#9655 = PCURVE('',#4342,#9656);
#9656 = DEFINITIONAL_REPRESENTATION('',(#9657),#9661);
#9657 = LINE('',#9658,#9659);
#9658 = CARTESIAN_POINT('',(-19.89903810567,-2.02128129211));
#9659 = VECTOR('',#9660,1.);
#9660 = DIRECTION('',(0.5,0.866025403784));
#9661 = ( GEOMETRIC_REPRESENTATION_CONTEXT(2) 
PARAMETRIC_REPRESENTATION_CONTEXT() REPRESENTATION_CONTEXT('2D SPACE',''
  ) );
#9662 = PCURVE('',#7227,#9663);
#9663 = DEFINITIONAL_REPRESENTATION('',(#9664),#9668);
#9664 = LINE('',#9665,#9666);
#9665 = CARTESIAN_POINT('',(-11.7,-0.15));
#9666 = VECTOR('',#9667,1.);
#9667 = DIRECTION('',(-1.,0.));
#9668 = ( GEOMETRIC_REPRESENTATION_CONTEXT(2) 
PARAMETRIC_REPRESENTATION_CONTEXT() REPRESENTATION_CONTEXT('2D SPACE',''
  ) );
#9669 = ORIENTED_EDGE('',*,*,#9670,.T.);
#9670 = EDGE_CURVE('',#9648,#9671,#9673,.T.);
#9671 = VERTEX_POINT('',#9672);
#9672 = CARTESIAN_POINT('',(-6.7,11.604740410711,1.45));
#9673 = SURFACE_CURVE('',#9674,(#9679,#9690),.PCURVE_S1.);
#9674 = CIRCLE('',#9675,1.5);
#9675 = AXIS2_PLACEMENT_3D('',#9676,#9677,#9678);
#9676 = CARTESIAN_POINT('',(-7.45,12.903778516388,1.45));
#9677 = DIRECTION('',(-5.750875869077E-33,1.224646799147E-16,1.));
#9678 = DIRECTION('',(-0.5,0.866025403784,-1.060575238725E-16));
#9679 = PCURVE('',#4342,#9680);
#9680 = DEFINITIONAL_REPRESENTATION('',(#9681),#9689);
#9681 = ( BOUNDED_CURVE() B_SPLINE_CURVE(2,(#9682,#9683,#9684,#9685,
#9686,#9687,#9688),.UNSPECIFIED.,.T.,.F.) B_SPLINE_CURVE_WITH_KNOTS((1,2
    ,2,2,2,1),(-2.094395102393,0.,2.094395102393,4.188790204786,
6.28318530718,8.377580409573),.UNSPECIFIED.) CURVE() 
GEOMETRIC_REPRESENTATION_ITEM() RATIONAL_B_SPLINE_CURVE((1.,0.5,1.,0.5,
1.,0.5,1.)) REPRESENTATION_ITEM('') );
#9682 = CARTESIAN_POINT('',(-25.2,-14.20281662206));
#9683 = CARTESIAN_POINT('',(-27.45,-12.90377851638));
#9684 = CARTESIAN_POINT('',(-25.2,-11.60474041071));
#9685 = CARTESIAN_POINT('',(-22.95,-10.30570230503));
#9686 = CARTESIAN_POINT('',(-22.95,-12.90377851638));
#9687 = CARTESIAN_POINT('',(-22.95,-15.50185472774));
#9688 = CARTESIAN_POINT('',(-25.2,-14.20281662206));
#9689 = ( GEOMETRIC_REPRESENTATION_CONTEXT(2) 
PARAMETRIC_REPRESENTATION_CONTEXT() REPRESENTATION_CONTEXT('2D SPACE',''
  ) );
#9690 = PCURVE('',#7140,#9691);
#9691 = DEFINITIONAL_REPRESENTATION('',(#9692),#9696);
#9692 = LINE('',#9693,#9694);
#9693 = CARTESIAN_POINT('',(-6.28318530718,-0.15));
#9694 = VECTOR('',#9695,1.);
#9695 = DIRECTION('',(1.,-0.));
#9696 = ( GEOMETRIC_REPRESENTATION_CONTEXT(2) 
PARAMETRIC_REPRESENTATION_CONTEXT() REPRESENTATION_CONTEXT('2D SPACE',''
  ) );
#9697 = ORIENTED_EDGE('',*,*,#9698,.T.);
#9698 = EDGE_CURVE('',#9671,#9595,#9699,.T.);
#9699 = SURFACE_CURVE('',#9700,(#9705,#9716),.PCURVE_S1.);
#9700 = CIRCLE('',#9701,1.5);
#9701 = AXIS2_PLACEMENT_3D('',#9702,#9703,#9704);
#9702 = CARTESIAN_POINT('',(-7.45,12.903778516388,1.45));
#9703 = DIRECTION('',(-5.750875869077E-33,1.224646799147E-16,1.));
#9704 = DIRECTION('',(-0.5,0.866025403784,-1.060575238725E-16));
#9705 = PCURVE('',#4342,#9706);
#9706 = DEFINITIONAL_REPRESENTATION('',(#9707),#9715);
#9707 = ( BOUNDED_CURVE() B_SPLINE_CURVE(2,(#9708,#9709,#9710,#9711,
#9712,#9713,#9714),.UNSPECIFIED.,.T.,.F.) B_SPLINE_CURVE_WITH_KNOTS((1,2
    ,2,2,2,1),(-2.094395102393,0.,2.094395102393,4.188790204786,
6.28318530718,8.377580409573),.UNSPECIFIED.) CURVE() 
GEOMETRIC_REPRESENTATION_ITEM() RATIONAL_B_SPLINE_CURVE((1.,0.5,1.,0.5,
1.,0.5,1.)) REPRESENTATION_ITEM('') );
#9708 = CARTESIAN_POINT('',(-25.2,-14.20281662206));
#9709 = CARTESIAN_POINT('',(-27.45,-12.90377851638));
#9710 = CARTESIAN_POINT('',(-25.2,-11.60474041071));
#9711 = CARTESIAN_POINT('',(-22.95,-10.30570230503));
#9712 = CARTESIAN_POINT('',(-22.95,-12.90377851638));
#9713 = CARTESIAN_POINT('',(-22.95,-15.50185472774));
#9714 = CARTESIAN_POINT('',(-25.2,-14.20281662206));
#9715 = ( GEOMETRIC_REPRESENTATION_CONTEXT(2) 
PARAMETRIC_REPRESENTATION_CONTEXT() REPRESENTATION_CONTEXT('2D SPACE',''
  ) );
#9716 = PCURVE('',#7140,#9717);
#9717 = DEFINITIONAL_REPRESENTATION('',(#9718),#9722);
#9718 = LINE('',#9719,#9720);
#9719 = CARTESIAN_POINT('',(-6.28318530718,-0.15));
#9720 = VECTOR('',#9721,1.);
#9721 = DIRECTION('',(1.,-0.));
#9722 = ( GEOMETRIC_REPRESENTATION_CONTEXT(2) 
PARAMETRIC_REPRESENTATION_CONTEXT() REPRESENTATION_CONTEXT('2D SPACE',''
  ) );
#9723 = FACE_BOUND('',#9724,.F.);
#9724 = EDGE_LOOP('',(#9725));
#9725 = ORIENTED_EDGE('',*,*,#9726,.T.);
#9726 = EDGE_CURVE('',#9727,#9727,#9729,.T.);
#9727 = VERTEX_POINT('',#9728);
#9728 = CARTESIAN_POINT('',(-9.260065359942,28.630762113533,1.45));
#9729 = SURFACE_CURVE('',#9730,(#9735,#9746),.PCURVE_S1.);
#9730 = CIRCLE('',#9731,1.15);
#9731 = AXIS2_PLACEMENT_3D('',#9732,#9733,#9734);
#9732 = CARTESIAN_POINT('',(-10.41006535994,28.630762113533,1.45));
#9733 = DIRECTION('',(-0.,1.224646799147E-16,1.));
#9734 = DIRECTION('',(1.,0.,0.));
#9735 = PCURVE('',#4342,#9736);
#9736 = DEFINITIONAL_REPRESENTATION('',(#9737),#9745);
#9737 = ( BOUNDED_CURVE() B_SPLINE_CURVE(2,(#9738,#9739,#9740,#9741,
#9742,#9743,#9744),.UNSPECIFIED.,.T.,.F.) B_SPLINE_CURVE_WITH_KNOTS((1,2
    ,2,2,2,1),(-2.094395102393,0.,2.094395102393,4.188790204786,
6.28318530718,8.377580409573),.UNSPECIFIED.) CURVE() 
GEOMETRIC_REPRESENTATION_ITEM() RATIONAL_B_SPLINE_CURVE((1.,0.5,1.,0.5,
1.,0.5,1.)) REPRESENTATION_ITEM('') );
#9738 = CARTESIAN_POINT('',(-26.26006535994,-28.63076211353));
#9739 = CARTESIAN_POINT('',(-26.26006535994,-30.62262054223));
#9740 = CARTESIAN_POINT('',(-27.98506535994,-29.62669132788));
#9741 = CARTESIAN_POINT('',(-29.71006535994,-28.63076211353));
#9742 = CARTESIAN_POINT('',(-27.98506535994,-27.63483289918));
#9743 = CARTESIAN_POINT('',(-26.26006535994,-26.63890368482));
#9744 = CARTESIAN_POINT('',(-26.26006535994,-28.63076211353));
#9745 = ( GEOMETRIC_REPRESENTATION_CONTEXT(2) 
PARAMETRIC_REPRESENTATION_CONTEXT() REPRESENTATION_CONTEXT('2D SPACE',''
  ) );
#9746 = PCURVE('',#9747,#9752);
#9747 = CYLINDRICAL_SURFACE('',#9748,1.15);
#9748 = AXIS2_PLACEMENT_3D('',#9749,#9750,#9751);
#9749 = CARTESIAN_POINT('',(-10.41006535994,28.630762113533,8.1));
#9750 = DIRECTION('',(-0.,1.224646799147E-16,1.));
#9751 = DIRECTION('',(1.,0.,0.));
#9752 = DEFINITIONAL_REPRESENTATION('',(#9753),#9757);
#9753 = LINE('',#9754,#9755);
#9754 = CARTESIAN_POINT('',(-6.28318530718,-6.65));
#9755 = VECTOR('',#9756,1.);
#9756 = DIRECTION('',(1.,-0.));
#9757 = ( GEOMETRIC_REPRESENTATION_CONTEXT(2) 
PARAMETRIC_REPRESENTATION_CONTEXT() REPRESENTATION_CONTEXT('2D SPACE',''
  ) );
#9758 = FACE_BOUND('',#9759,.F.);
#9759 = EDGE_LOOP('',(#9760,#9795,#9823));
#9760 = ORIENTED_EDGE('',*,*,#9761,.T.);
#9761 = EDGE_CURVE('',#9762,#9764,#9766,.T.);
#9762 = VERTEX_POINT('',#9763);
#9763 = CARTESIAN_POINT('',(13.4,-8.021436534415E-16,1.45));
#9764 = VERTEX_POINT('',#9765);
#9765 = CARTESIAN_POINT('',(-6.7,11.604740410711,1.45));
#9766 = SURFACE_CURVE('',#9767,(#9772,#9783),.PCURVE_S1.);
#9767 = CIRCLE('',#9768,13.4);
#9768 = AXIS2_PLACEMENT_3D('',#9769,#9770,#9771);
#9769 = CARTESIAN_POINT('',(0.,-8.021436534415E-16,1.45));
#9770 = DIRECTION('',(-0.,1.224646799147E-16,1.));
#9771 = DIRECTION('',(1.,0.,0.));
#9772 = PCURVE('',#4342,#9773);
#9773 = DEFINITIONAL_REPRESENTATION('',(#9774),#9782);
#9774 = ( BOUNDED_CURVE() B_SPLINE_CURVE(2,(#9775,#9776,#9777,#9778,
#9779,#9780,#9781),.UNSPECIFIED.,.T.,.F.) B_SPLINE_CURVE_WITH_KNOTS((1,2
    ,2,2,2,1),(-2.094395102393,0.,2.094395102393,4.188790204786,
6.28318530718,8.377580409573),.UNSPECIFIED.) CURVE() 
GEOMETRIC_REPRESENTATION_ITEM() RATIONAL_B_SPLINE_CURVE((1.,0.5,1.,0.5,
1.,0.5,1.)) REPRESENTATION_ITEM('') );
#9775 = CARTESIAN_POINT('',(-3.6,-7.074988869349E-16));
#9776 = CARTESIAN_POINT('',(-3.6,-23.20948082142));
#9777 = CARTESIAN_POINT('',(-23.7,-11.60474041071));
#9778 = CARTESIAN_POINT('',(-43.8,-3.98955230865E-15));
#9779 = CARTESIAN_POINT('',(-23.7,11.604740410711));
#9780 = CARTESIAN_POINT('',(-3.6,23.209480821423));
#9781 = CARTESIAN_POINT('',(-3.6,-7.074988869349E-16));
#9782 = ( GEOMETRIC_REPRESENTATION_CONTEXT(2) 
PARAMETRIC_REPRESENTATION_CONTEXT() REPRESENTATION_CONTEXT('2D SPACE',''
  ) );
#9783 = PCURVE('',#9784,#9789);
#9784 = CYLINDRICAL_SURFACE('',#9785,13.4);
#9785 = AXIS2_PLACEMENT_3D('',#9786,#9787,#9788);
#9786 = CARTESIAN_POINT('',(0.,1.224646799147E-17,8.1));
#9787 = DIRECTION('',(-0.,1.224646799147E-16,1.));
#9788 = DIRECTION('',(1.,0.,0.));
#9789 = DEFINITIONAL_REPRESENTATION('',(#9790),#9794);
#9790 = LINE('',#9791,#9792);
#9791 = CARTESIAN_POINT('',(-6.28318530718,-6.65));
#9792 = VECTOR('',#9793,1.);
#9793 = DIRECTION('',(1.,-0.));
#9794 = ( GEOMETRIC_REPRESENTATION_CONTEXT(2) 
PARAMETRIC_REPRESENTATION_CONTEXT() REPRESENTATION_CONTEXT('2D SPACE',''
  ) );
#9795 = ORIENTED_EDGE('',*,*,#9796,.T.);
#9796 = EDGE_CURVE('',#9764,#9797,#9799,.T.);
#9797 = VERTEX_POINT('',#9798);
#9798 = CARTESIAN_POINT('',(-6.7,-11.60474041071,1.45));
#9799 = SURFACE_CURVE('',#9800,(#9805,#9816),.PCURVE_S1.);
#9800 = CIRCLE('',#9801,13.4);
#9801 = AXIS2_PLACEMENT_3D('',#9802,#9803,#9804);
#9802 = CARTESIAN_POINT('',(0.,-8.021436534415E-16,1.45));
#9803 = DIRECTION('',(-0.,1.224646799147E-16,1.));
#9804 = DIRECTION('',(1.,0.,0.));
#9805 = PCURVE('',#4342,#9806);
#9806 = DEFINITIONAL_REPRESENTATION('',(#9807),#9815);
#9807 = ( BOUNDED_CURVE() B_SPLINE_CURVE(2,(#9808,#9809,#9810,#9811,
#9812,#9813,#9814),.UNSPECIFIED.,.T.,.F.) B_SPLINE_CURVE_WITH_KNOTS((1,2
    ,2,2,2,1),(-2.094395102393,0.,2.094395102393,4.188790204786,
6.28318530718,8.377580409573),.UNSPECIFIED.) CURVE() 
GEOMETRIC_REPRESENTATION_ITEM() RATIONAL_B_SPLINE_CURVE((1.,0.5,1.,0.5,
1.,0.5,1.)) REPRESENTATION_ITEM('') );
#9808 = CARTESIAN_POINT('',(-3.6,-7.074988869349E-16));
#9809 = CARTESIAN_POINT('',(-3.6,-23.20948082142));
#9810 = CARTESIAN_POINT('',(-23.7,-11.60474041071));
#9811 = CARTESIAN_POINT('',(-43.8,-3.98955230865E-15));
#9812 = CARTESIAN_POINT('',(-23.7,11.604740410711));
#9813 = CARTESIAN_POINT('',(-3.6,23.209480821423));
#9814 = CARTESIAN_POINT('',(-3.6,-7.074988869349E-16));
#9815 = ( GEOMETRIC_REPRESENTATION_CONTEXT(2) 
PARAMETRIC_REPRESENTATION_CONTEXT() REPRESENTATION_CONTEXT('2D SPACE',''
  ) );
#9816 = PCURVE('',#9784,#9817);
#9817 = DEFINITIONAL_REPRESENTATION('',(#9818),#9822);
#9818 = LINE('',#9819,#9820);
#9819 = CARTESIAN_POINT('',(-6.28318530718,-6.65));
#9820 = VECTOR('',#9821,1.);
#9821 = DIRECTION('',(1.,-0.));
#9822 = ( GEOMETRIC_REPRESENTATION_CONTEXT(2) 
PARAMETRIC_REPRESENTATION_CONTEXT() REPRESENTATION_CONTEXT('2D SPACE',''
  ) );
#9823 = ORIENTED_EDGE('',*,*,#9824,.T.);
#9824 = EDGE_CURVE('',#9797,#9762,#9825,.T.);
#9825 = SURFACE_CURVE('',#9826,(#9831,#9842),.PCURVE_S1.);
#9826 = CIRCLE('',#9827,13.4);
#9827 = AXIS2_PLACEMENT_3D('',#9828,#9829,#9830);
#9828 = CARTESIAN_POINT('',(0.,-8.021436534415E-16,1.45));
#9829 = DIRECTION('',(-0.,1.224646799147E-16,1.));
#9830 = DIRECTION('',(1.,0.,0.));
#9831 = PCURVE('',#4342,#9832);
#9832 = DEFINITIONAL_REPRESENTATION('',(#9833),#9841);
#9833 = ( BOUNDED_CURVE() B_SPLINE_CURVE(2,(#9834,#9835,#9836,#9837,
#9838,#9839,#9840),.UNSPECIFIED.,.T.,.F.) B_SPLINE_CURVE_WITH_KNOTS((1,2
    ,2,2,2,1),(-2.094395102393,0.,2.094395102393,4.188790204786,
6.28318530718,8.377580409573),.UNSPECIFIED.) CURVE() 
GEOMETRIC_REPRESENTATION_ITEM() RATIONAL_B_SPLINE_CURVE((1.,0.5,1.,0.5,
1.,0.5,1.)) REPRESENTATION_ITEM('') );
#9834 = CARTESIAN_POINT('',(-3.6,-7.074988869349E-16));
#9835 = CARTESIAN_POINT('',(-3.6,-23.20948082142));
#9836 = CARTESIAN_POINT('',(-23.7,-11.60474041071));
#9837 = CARTESIAN_POINT('',(-43.8,-3.98955230865E-15));
#9838 = CARTESIAN_POINT('',(-23.7,11.604740410711));
#9839 = CARTESIAN_POINT('',(-3.6,23.209480821423));
#9840 = CARTESIAN_POINT('',(-3.6,-7.074988869349E-16));
#9841 = ( GEOMETRIC_REPRESENTATION_CONTEXT(2) 
PARAMETRIC_REPRESENTATION_CONTEXT() REPRESENTATION_CONTEXT('2D SPACE',''
  ) );
#9842 = PCURVE('',#9784,#9843);
#9843 = DEFINITIONAL_REPRESENTATION('',(#9844),#9848);
#9844 = LINE('',#9845,#9846);
#9845 = CARTESIAN_POINT('',(-6.28318530718,-6.65));
#9846 = VECTOR('',#9847,1.);
#9847 = DIRECTION('',(1.,-0.));
#9848 = ( GEOMETRIC_REPRESENTATION_CONTEXT(2) 
PARAMETRIC_REPRESENTATION_CONTEXT() REPRESENTATION_CONTEXT('2D SPACE',''
  ) );
#9849 = FACE_BOUND('',#9850,.F.);
#9850 = EDGE_LOOP('',(#9851,#9881,#9909,#9932,#9960));
#9851 = ORIENTED_EDGE('',*,*,#9852,.T.);
#9852 = EDGE_CURVE('',#9853,#9855,#9857,.T.);
#9853 = VERTEX_POINT('',#9854);
#9854 = CARTESIAN_POINT('',(14.9,1.5,1.45));
#9855 = VERTEX_POINT('',#9856);
#9856 = CARTESIAN_POINT('',(13.4,-8.021436534415E-16,1.45));
#9857 = SURFACE_CURVE('',#9858,(#9863,#9874),.PCURVE_S1.);
#9858 = CIRCLE('',#9859,1.5);
#9859 = AXIS2_PLACEMENT_3D('',#9860,#9861,#9862);
#9860 = CARTESIAN_POINT('',(14.9,-8.021436534415E-16,1.45));
#9861 = DIRECTION('',(-0.,1.224646799147E-16,1.));
#9862 = DIRECTION('',(1.,0.,0.));
#9863 = PCURVE('',#4342,#9864);
#9864 = DEFINITIONAL_REPRESENTATION('',(#9865),#9873);
#9865 = ( BOUNDED_CURVE() B_SPLINE_CURVE(2,(#9866,#9867,#9868,#9869,
#9870,#9871,#9872),.UNSPECIFIED.,.T.,.F.) B_SPLINE_CURVE_WITH_KNOTS((1,2
    ,2,2,2,1),(-2.094395102393,0.,2.094395102393,4.188790204786,
6.28318530718,8.377580409573),.UNSPECIFIED.) CURVE() 
GEOMETRIC_REPRESENTATION_ITEM() RATIONAL_B_SPLINE_CURVE((1.,0.5,1.,0.5,
1.,0.5,1.)) REPRESENTATION_ITEM('') );
#9866 = CARTESIAN_POINT('',(-0.6,-7.074988869349E-16));
#9867 = CARTESIAN_POINT('',(-0.6,-2.598076211353));
#9868 = CARTESIAN_POINT('',(-2.85,-1.299038105677));
#9869 = CARTESIAN_POINT('',(-5.1,-1.074892926679E-15));
#9870 = CARTESIAN_POINT('',(-2.85,1.299038105677));
#9871 = CARTESIAN_POINT('',(-0.6,2.598076211353));
#9872 = CARTESIAN_POINT('',(-0.6,-7.074988869349E-16));
#9873 = ( GEOMETRIC_REPRESENTATION_CONTEXT(2) 
PARAMETRIC_REPRESENTATION_CONTEXT() REPRESENTATION_CONTEXT('2D SPACE',''
  ) );
#9874 = PCURVE('',#7334,#9875);
#9875 = DEFINITIONAL_REPRESENTATION('',(#9876),#9880);
#9876 = LINE('',#9877,#9878);
#9877 = CARTESIAN_POINT('',(-6.28318530718,-0.15));
#9878 = VECTOR('',#9879,1.);
#9879 = DIRECTION('',(1.,-0.));
#9880 = ( GEOMETRIC_REPRESENTATION_CONTEXT(2) 
PARAMETRIC_REPRESENTATION_CONTEXT() REPRESENTATION_CONTEXT('2D SPACE',''
  ) );
#9881 = ORIENTED_EDGE('',*,*,#9882,.T.);
#9882 = EDGE_CURVE('',#9855,#9883,#9885,.T.);
#9883 = VERTEX_POINT('',#9884);
#9884 = CARTESIAN_POINT('',(14.9,-1.5,1.45));
#9885 = SURFACE_CURVE('',#9886,(#9891,#9902),.PCURVE_S1.);
#9886 = CIRCLE('',#9887,1.5);
#9887 = AXIS2_PLACEMENT_3D('',#9888,#9889,#9890);
#9888 = CARTESIAN_POINT('',(14.9,-8.021436534415E-16,1.45));
#9889 = DIRECTION('',(-0.,1.224646799147E-16,1.));
#9890 = DIRECTION('',(1.,0.,0.));
#9891 = PCURVE('',#4342,#9892);
#9892 = DEFINITIONAL_REPRESENTATION('',(#9893),#9901);
#9893 = ( BOUNDED_CURVE() B_SPLINE_CURVE(2,(#9894,#9895,#9896,#9897,
#9898,#9899,#9900),.UNSPECIFIED.,.T.,.F.) B_SPLINE_CURVE_WITH_KNOTS((1,2
    ,2,2,2,1),(-2.094395102393,0.,2.094395102393,4.188790204786,
6.28318530718,8.377580409573),.UNSPECIFIED.) CURVE() 
GEOMETRIC_REPRESENTATION_ITEM() RATIONAL_B_SPLINE_CURVE((1.,0.5,1.,0.5,
1.,0.5,1.)) REPRESENTATION_ITEM('') );
#9894 = CARTESIAN_POINT('',(-0.6,-7.074988869349E-16));
#9895 = CARTESIAN_POINT('',(-0.6,-2.598076211353));
#9896 = CARTESIAN_POINT('',(-2.85,-1.299038105677));
#9897 = CARTESIAN_POINT('',(-5.1,-1.074892926679E-15));
#9898 = CARTESIAN_POINT('',(-2.85,1.299038105677));
#9899 = CARTESIAN_POINT('',(-0.6,2.598076211353));
#9900 = CARTESIAN_POINT('',(-0.6,-7.074988869349E-16));
#9901 = ( GEOMETRIC_REPRESENTATION_CONTEXT(2) 
PARAMETRIC_REPRESENTATION_CONTEXT() REPRESENTATION_CONTEXT('2D SPACE',''
  ) );
#9902 = PCURVE('',#7334,#9903);
#9903 = DEFINITIONAL_REPRESENTATION('',(#9904),#9908);
#9904 = LINE('',#9905,#9906);
#9905 = CARTESIAN_POINT('',(-6.28318530718,-0.15));
#9906 = VECTOR('',#9907,1.);
#9907 = DIRECTION('',(1.,-0.));
#9908 = ( GEOMETRIC_REPRESENTATION_CONTEXT(2) 
PARAMETRIC_REPRESENTATION_CONTEXT() REPRESENTATION_CONTEXT('2D SPACE',''
  ) );
#9909 = ORIENTED_EDGE('',*,*,#9910,.T.);
#9910 = EDGE_CURVE('',#9883,#9911,#9913,.T.);
#9911 = VERTEX_POINT('',#9912);
#9912 = CARTESIAN_POINT('',(44.8,-1.5,1.45));
#9913 = SURFACE_CURVE('',#9914,(#9918,#9925),.PCURVE_S1.);
#9914 = LINE('',#9915,#9916);
#9915 = CARTESIAN_POINT('',(30.9,-1.5,1.45));
#9916 = VECTOR('',#9917,1.);
#9917 = DIRECTION('',(1.,0.,0.));
#9918 = PCURVE('',#4342,#9919);
#9919 = DEFINITIONAL_REPRESENTATION('',(#9920),#9924);
#9920 = LINE('',#9921,#9922);
#9921 = CARTESIAN_POINT('',(13.9,1.5));
#9922 = VECTOR('',#9923,1.);
#9923 = DIRECTION('',(1.,0.));
#9924 = ( GEOMETRIC_REPRESENTATION_CONTEXT(2) 
PARAMETRIC_REPRESENTATION_CONTEXT() REPRESENTATION_CONTEXT('2D SPACE',''
  ) );
#9925 = PCURVE('',#7362,#9926);
#9926 = DEFINITIONAL_REPRESENTATION('',(#9927),#9931);
#9927 = LINE('',#9928,#9929);
#9928 = CARTESIAN_POINT('',(13.9,-0.15));
#9929 = VECTOR('',#9930,1.);
#9930 = DIRECTION('',(-1.,0.));
#9931 = ( GEOMETRIC_REPRESENTATION_CONTEXT(2) 
PARAMETRIC_REPRESENTATION_CONTEXT() REPRESENTATION_CONTEXT('2D SPACE',''
  ) );
#9932 = ORIENTED_EDGE('',*,*,#9933,.T.);
#9933 = EDGE_CURVE('',#9911,#9934,#9936,.T.);
#9934 = VERTEX_POINT('',#9935);
#9935 = CARTESIAN_POINT('',(44.8,1.5,1.45));
#9936 = SURFACE_CURVE('',#9937,(#9942,#9953),.PCURVE_S1.);
#9937 = CIRCLE('',#9938,1.5);
#9938 = AXIS2_PLACEMENT_3D('',#9939,#9940,#9941);
#9939 = CARTESIAN_POINT('',(44.8,-8.021436534415E-16,1.45));
#9940 = DIRECTION('',(-0.,1.224646799147E-16,1.));
#9941 = DIRECTION('',(1.,0.,0.));
#9942 = PCURVE('',#4342,#9943);
#9943 = DEFINITIONAL_REPRESENTATION('',(#9944),#9952);
#9944 = ( BOUNDED_CURVE() B_SPLINE_CURVE(2,(#9945,#9946,#9947,#9948,
#9949,#9950,#9951),.UNSPECIFIED.,.T.,.F.) B_SPLINE_CURVE_WITH_KNOTS((1,2
    ,2,2,2,1),(-2.094395102393,0.,2.094395102393,4.188790204786,
6.28318530718,8.377580409573),.UNSPECIFIED.) CURVE() 
GEOMETRIC_REPRESENTATION_ITEM() RATIONAL_B_SPLINE_CURVE((1.,0.5,1.,0.5,
1.,0.5,1.)) REPRESENTATION_ITEM('') );
#9945 = CARTESIAN_POINT('',(29.3,-7.074988869349E-16));
#9946 = CARTESIAN_POINT('',(29.3,-2.598076211353));
#9947 = CARTESIAN_POINT('',(27.05,-1.299038105677));
#9948 = CARTESIAN_POINT('',(24.8,-1.074892926679E-15));
#9949 = CARTESIAN_POINT('',(27.05,1.299038105677));
#9950 = CARTESIAN_POINT('',(29.3,2.598076211353));
#9951 = CARTESIAN_POINT('',(29.3,-7.074988869349E-16));
#9952 = ( GEOMETRIC_REPRESENTATION_CONTEXT(2) 
PARAMETRIC_REPRESENTATION_CONTEXT() REPRESENTATION_CONTEXT('2D SPACE',''
  ) );
#9953 = PCURVE('',#7395,#9954);
#9954 = DEFINITIONAL_REPRESENTATION('',(#9955),#9959);
#9955 = LINE('',#9956,#9957);
#9956 = CARTESIAN_POINT('',(-12.56637061435,-0.15));
#9957 = VECTOR('',#9958,1.);
#9958 = DIRECTION('',(1.,-0.));
#9959 = ( GEOMETRIC_REPRESENTATION_CONTEXT(2) 
PARAMETRIC_REPRESENTATION_CONTEXT() REPRESENTATION_CONTEXT('2D SPACE',''
  ) );
#9960 = ORIENTED_EDGE('',*,*,#9961,.T.);
#9961 = EDGE_CURVE('',#9934,#9853,#9962,.T.);
#9962 = SURFACE_CURVE('',#9963,(#9967,#9974),.PCURVE_S1.);
#9963 = LINE('',#9964,#9965);
#9964 = CARTESIAN_POINT('',(15.95,1.5,1.45));
#9965 = VECTOR('',#9966,1.);
#9966 = DIRECTION('',(-1.,-0.,0.));
#9967 = PCURVE('',#4342,#9968);
#9968 = DEFINITIONAL_REPRESENTATION('',(#9969),#9973);
#9969 = LINE('',#9970,#9971);
#9970 = CARTESIAN_POINT('',(-1.05,-1.5));
#9971 = VECTOR('',#9972,1.);
#9972 = DIRECTION('',(-1.,0.));
#9973 = ( GEOMETRIC_REPRESENTATION_CONTEXT(2) 
PARAMETRIC_REPRESENTATION_CONTEXT() REPRESENTATION_CONTEXT('2D SPACE',''
  ) );
#9974 = PCURVE('',#7421,#9975);
#9975 = DEFINITIONAL_REPRESENTATION('',(#9976),#9980);
#9976 = LINE('',#9977,#9978);
#9977 = CARTESIAN_POINT('',(1.05,-0.15));
#9978 = VECTOR('',#9979,1.);
#9979 = DIRECTION('',(-1.,0.));
#9980 = ( GEOMETRIC_REPRESENTATION_CONTEXT(2) 
PARAMETRIC_REPRESENTATION_CONTEXT() REPRESENTATION_CONTEXT('2D SPACE',''
  ) );
#9981 = FACE_BOUND('',#9982,.F.);
#9982 = EDGE_LOOP('',(#9983));
#9983 = ORIENTED_EDGE('',*,*,#9984,.T.);
#9984 = EDGE_CURVE('',#9985,#9985,#9987,.T.);
#9985 = VERTEX_POINT('',#9986);
#9986 = CARTESIAN_POINT('',(-18.43993464005,-23.33076211353,1.45));
#9987 = SURFACE_CURVE('',#9988,(#9993,#10004),.PCURVE_S1.);
#9988 = CIRCLE('',#9989,1.15);
#9989 = AXIS2_PLACEMENT_3D('',#9990,#9991,#9992);
#9990 = CARTESIAN_POINT('',(-19.58993464005,-23.33076211353,1.45));
#9991 = DIRECTION('',(-0.,1.224646799147E-16,1.));
#9992 = DIRECTION('',(1.,0.,0.));
#9993 = PCURVE('',#4342,#9994);
#9994 = DEFINITIONAL_REPRESENTATION('',(#9995),#10003);
#9995 = ( BOUNDED_CURVE() B_SPLINE_CURVE(2,(#9996,#9997,#9998,#9999,
    #10000,#10001,#10002),.UNSPECIFIED.,.T.,.F.) 
B_SPLINE_CURVE_WITH_KNOTS((1,2,2,2,2,1),(-2.094395102393,0.,
    2.094395102393,4.188790204786,6.28318530718,8.377580409573),
.UNSPECIFIED.) CURVE() GEOMETRIC_REPRESENTATION_ITEM() 
RATIONAL_B_SPLINE_CURVE((1.,0.5,1.,0.5,1.,0.5,1.)) REPRESENTATION_ITEM(
  '') );
#9996 = CARTESIAN_POINT('',(-35.43993464005,23.330762113533));
#9997 = CARTESIAN_POINT('',(-35.43993464005,21.338903684829));
#9998 = CARTESIAN_POINT('',(-37.16493464005,22.334832899181));
#9999 = CARTESIAN_POINT('',(-38.88993464005,23.330762113533));
#10000 = CARTESIAN_POINT('',(-37.16493464005,24.326691327885));
#10001 = CARTESIAN_POINT('',(-35.43993464005,25.322620542237));
#10002 = CARTESIAN_POINT('',(-35.43993464005,23.330762113533));
#10003 = ( GEOMETRIC_REPRESENTATION_CONTEXT(2) 
PARAMETRIC_REPRESENTATION_CONTEXT() REPRESENTATION_CONTEXT('2D SPACE',''
  ) );
#10004 = PCURVE('',#10005,#10010);
#10005 = CYLINDRICAL_SURFACE('',#10006,1.15);
#10006 = AXIS2_PLACEMENT_3D('',#10007,#10008,#10009);
#10007 = CARTESIAN_POINT('',(-19.58993464005,-23.33076211353,8.1));
#10008 = DIRECTION('',(-0.,1.224646799147E-16,1.));
#10009 = DIRECTION('',(1.,0.,0.));
#10010 = DEFINITIONAL_REPRESENTATION('',(#10011),#10015);
#10011 = LINE('',#10012,#10013);
#10012 = CARTESIAN_POINT('',(-6.28318530718,-6.65));
#10013 = VECTOR('',#10014,1.);
#10014 = DIRECTION('',(1.,-0.));
#10015 = ( GEOMETRIC_REPRESENTATION_CONTEXT(2) 
PARAMETRIC_REPRESENTATION_CONTEXT() REPRESENTATION_CONTEXT('2D SPACE',''
  ) );
#10016 = FACE_BOUND('',#10017,.F.);
#10017 = EDGE_LOOP('',(#10018,#10048,#10076,#10099,#10127));
#10018 = ORIENTED_EDGE('',*,*,#10019,.T.);
#10019 = EDGE_CURVE('',#10020,#10022,#10024,.T.);
#10020 = VERTEX_POINT('',#10021);
#10021 = CARTESIAN_POINT('',(-6.150961894323,-13.65377851638,1.45));
#10022 = VERTEX_POINT('',#10023);
#10023 = CARTESIAN_POINT('',(-6.7,-11.60474041071,1.45));
#10024 = SURFACE_CURVE('',#10025,(#10030,#10041),.PCURVE_S1.);
#10025 = CIRCLE('',#10026,1.5);
#10026 = AXIS2_PLACEMENT_3D('',#10027,#10028,#10029);
#10027 = CARTESIAN_POINT('',(-7.45,-12.90377851638,1.45));
#10028 = DIRECTION('',(5.627922965446E-33,1.224646799147E-16,1.));
#10029 = DIRECTION('',(-0.5,-0.866025403784,1.060575238725E-16));
#10030 = PCURVE('',#4342,#10031);
#10031 = DEFINITIONAL_REPRESENTATION('',(#10032),#10040);
#10032 = ( BOUNDED_CURVE() B_SPLINE_CURVE(2,(#10033,#10034,#10035,#10036
    ,#10037,#10038,#10039),.UNSPECIFIED.,.T.,.F.) 
B_SPLINE_CURVE_WITH_KNOTS((1,2,2,2,2,1),(-2.094395102393,0.,
    2.094395102393,4.188790204786,6.28318530718,8.377580409573),
.UNSPECIFIED.) CURVE() GEOMETRIC_REPRESENTATION_ITEM() 
RATIONAL_B_SPLINE_CURVE((1.,0.5,1.,0.5,1.,0.5,1.)) REPRESENTATION_ITEM(
  '') );
#10033 = CARTESIAN_POINT('',(-25.2,14.202816622065));
#10034 = CARTESIAN_POINT('',(-22.95,15.501854727741));
#10035 = CARTESIAN_POINT('',(-22.95,12.903778516388));
#10036 = CARTESIAN_POINT('',(-22.95,10.305702305035));
#10037 = CARTESIAN_POINT('',(-25.2,11.604740410711));
#10038 = CARTESIAN_POINT('',(-27.45,12.903778516388));
#10039 = CARTESIAN_POINT('',(-25.2,14.202816622065));
#10040 = ( GEOMETRIC_REPRESENTATION_CONTEXT(2) 
PARAMETRIC_REPRESENTATION_CONTEXT() REPRESENTATION_CONTEXT('2D SPACE',''
  ) );
#10041 = PCURVE('',#7493,#10042);
#10042 = DEFINITIONAL_REPRESENTATION('',(#10043),#10047);
#10043 = LINE('',#10044,#10045);
#10044 = CARTESIAN_POINT('',(-6.28318530718,-0.15));
#10045 = VECTOR('',#10046,1.);
#10046 = DIRECTION('',(1.,-0.));
#10047 = ( GEOMETRIC_REPRESENTATION_CONTEXT(2) 
PARAMETRIC_REPRESENTATION_CONTEXT() REPRESENTATION_CONTEXT('2D SPACE',''
  ) );
#10048 = ORIENTED_EDGE('',*,*,#10049,.T.);
#10049 = EDGE_CURVE('',#10022,#10050,#10052,.T.);
#10050 = VERTEX_POINT('',#10051);
#10051 = CARTESIAN_POINT('',(-8.749038105677,-12.15377851638,1.45));
#10052 = SURFACE_CURVE('',#10053,(#10058,#10069),.PCURVE_S1.);
#10053 = CIRCLE('',#10054,1.5);
#10054 = AXIS2_PLACEMENT_3D('',#10055,#10056,#10057);
#10055 = CARTESIAN_POINT('',(-7.45,-12.90377851638,1.45));
#10056 = DIRECTION('',(5.627922965446E-33,1.224646799147E-16,1.));
#10057 = DIRECTION('',(-0.5,-0.866025403784,1.060575238725E-16));
#10058 = PCURVE('',#4342,#10059);
#10059 = DEFINITIONAL_REPRESENTATION('',(#10060),#10068);
#10060 = ( BOUNDED_CURVE() B_SPLINE_CURVE(2,(#10061,#10062,#10063,#10064
    ,#10065,#10066,#10067),.UNSPECIFIED.,.T.,.F.) 
B_SPLINE_CURVE_WITH_KNOTS((1,2,2,2,2,1),(-2.094395102393,0.,
    2.094395102393,4.188790204786,6.28318530718,8.377580409573),
.UNSPECIFIED.) CURVE() GEOMETRIC_REPRESENTATION_ITEM() 
RATIONAL_B_SPLINE_CURVE((1.,0.5,1.,0.5,1.,0.5,1.)) REPRESENTATION_ITEM(
  '') );
#10061 = CARTESIAN_POINT('',(-25.2,14.202816622065));
#10062 = CARTESIAN_POINT('',(-22.95,15.501854727741));
#10063 = CARTESIAN_POINT('',(-22.95,12.903778516388));
#10064 = CARTESIAN_POINT('',(-22.95,10.305702305035));
#10065 = CARTESIAN_POINT('',(-25.2,11.604740410711));
#10066 = CARTESIAN_POINT('',(-27.45,12.903778516388));
#10067 = CARTESIAN_POINT('',(-25.2,14.202816622065));
#10068 = ( GEOMETRIC_REPRESENTATION_CONTEXT(2) 
PARAMETRIC_REPRESENTATION_CONTEXT() REPRESENTATION_CONTEXT('2D SPACE',''
  ) );
#10069 = PCURVE('',#7493,#10070);
#10070 = DEFINITIONAL_REPRESENTATION('',(#10071),#10075);
#10071 = LINE('',#10072,#10073);
#10072 = CARTESIAN_POINT('',(-6.28318530718,-0.15));
#10073 = VECTOR('',#10074,1.);
#10074 = DIRECTION('',(1.,-0.));
#10075 = ( GEOMETRIC_REPRESENTATION_CONTEXT(2) 
PARAMETRIC_REPRESENTATION_CONTEXT() REPRESENTATION_CONTEXT('2D SPACE',''
  ) );
#10076 = ORIENTED_EDGE('',*,*,#10077,.T.);
#10077 = EDGE_CURVE('',#10050,#10078,#10080,.T.);
#10078 = VERTEX_POINT('',#10079);
#10079 = CARTESIAN_POINT('',(-23.69903810567,-38.04793808954,1.45));
#10080 = SURFACE_CURVE('',#10081,(#10085,#10092),.PCURVE_S1.);
#10081 = LINE('',#10082,#10083);
#10082 = CARTESIAN_POINT('',(-10.37403810567,-14.96836107868,1.45));
#10083 = VECTOR('',#10084,1.);
#10084 = DIRECTION('',(-0.5,-0.866025403784,1.060575238725E-16));
#10085 = PCURVE('',#4342,#10086);
#10086 = DEFINITIONAL_REPRESENTATION('',(#10087),#10091);
#10087 = LINE('',#10088,#10089);
#10088 = CARTESIAN_POINT('',(-27.37403810567,14.968361078688));
#10089 = VECTOR('',#10090,1.);
#10090 = DIRECTION('',(-0.5,0.866025403784));
#10091 = ( GEOMETRIC_REPRESENTATION_CONTEXT(2) 
PARAMETRIC_REPRESENTATION_CONTEXT() REPRESENTATION_CONTEXT('2D SPACE',''
  ) );
#10092 = PCURVE('',#7521,#10093);
#10093 = DEFINITIONAL_REPRESENTATION('',(#10094),#10098);
#10094 = LINE('',#10095,#10096);
#10095 = CARTESIAN_POINT('',(26.65,-0.15));
#10096 = VECTOR('',#10097,1.);
#10097 = DIRECTION('',(-1.,0.));
#10098 = ( GEOMETRIC_REPRESENTATION_CONTEXT(2) 
PARAMETRIC_REPRESENTATION_CONTEXT() REPRESENTATION_CONTEXT('2D SPACE',''
  ) );
#10099 = ORIENTED_EDGE('',*,*,#10100,.T.);
#10100 = EDGE_CURVE('',#10078,#10101,#10103,.T.);
#10101 = VERTEX_POINT('',#10102);
#10102 = CARTESIAN_POINT('',(-21.10096189432,-39.54793808954,1.45));
#10103 = SURFACE_CURVE('',#10104,(#10109,#10120),.PCURVE_S1.);
#10104 = CIRCLE('',#10105,1.5);
#10105 = AXIS2_PLACEMENT_3D('',#10106,#10107,#10108);
#10106 = CARTESIAN_POINT('',(-22.4,-38.79793808954,1.45));
#10107 = DIRECTION('',(5.627922965446E-33,1.224646799147E-16,1.));
#10108 = DIRECTION('',(-0.5,-0.866025403784,1.060575238725E-16));
#10109 = PCURVE('',#4342,#10110);
#10110 = DEFINITIONAL_REPRESENTATION('',(#10111),#10119);
#10111 = ( BOUNDED_CURVE() B_SPLINE_CURVE(2,(#10112,#10113,#10114,#10115
    ,#10116,#10117,#10118),.UNSPECIFIED.,.T.,.F.) 
B_SPLINE_CURVE_WITH_KNOTS((1,2,2,2,2,1),(-2.094395102393,0.,
    2.094395102393,4.188790204786,6.28318530718,8.377580409573),
.UNSPECIFIED.) CURVE() GEOMETRIC_REPRESENTATION_ITEM() 
RATIONAL_B_SPLINE_CURVE((1.,0.5,1.,0.5,1.,0.5,1.)) REPRESENTATION_ITEM(
  '') );
#10112 = CARTESIAN_POINT('',(-40.15,40.09697619522));
#10113 = CARTESIAN_POINT('',(-37.9,41.396014300896));
#10114 = CARTESIAN_POINT('',(-37.9,38.797938089543));
#10115 = CARTESIAN_POINT('',(-37.9,36.19986187819));
#10116 = CARTESIAN_POINT('',(-40.15,37.498899983866));
#10117 = CARTESIAN_POINT('',(-42.4,38.797938089543));
#10118 = CARTESIAN_POINT('',(-40.15,40.09697619522));
#10119 = ( GEOMETRIC_REPRESENTATION_CONTEXT(2) 
PARAMETRIC_REPRESENTATION_CONTEXT() REPRESENTATION_CONTEXT('2D SPACE',''
  ) );
#10120 = PCURVE('',#7554,#10121);
#10121 = DEFINITIONAL_REPRESENTATION('',(#10122),#10126);
#10122 = LINE('',#10123,#10124);
#10123 = CARTESIAN_POINT('',(-12.56637061435,-0.15));
#10124 = VECTOR('',#10125,1.);
#10125 = DIRECTION('',(1.,-0.));
#10126 = ( GEOMETRIC_REPRESENTATION_CONTEXT(2) 
PARAMETRIC_REPRESENTATION_CONTEXT() REPRESENTATION_CONTEXT('2D SPACE',''
  ) );
#10127 = ORIENTED_EDGE('',*,*,#10128,.T.);
#10128 = EDGE_CURVE('',#10101,#10020,#10129,.T.);
#10129 = SURFACE_CURVE('',#10130,(#10134,#10141),.PCURVE_S1.);
#10130 = LINE('',#10131,#10132);
#10131 = CARTESIAN_POINT('',(-0.300961894323,-3.52128129211,1.45));
#10132 = VECTOR('',#10133,1.);
#10133 = DIRECTION('',(0.5,0.866025403784,-1.060575238725E-16));
#10134 = PCURVE('',#4342,#10135);
#10135 = DEFINITIONAL_REPRESENTATION('',(#10136),#10140);
#10136 = LINE('',#10137,#10138);
#10137 = CARTESIAN_POINT('',(-17.30096189432,3.52128129211));
#10138 = VECTOR('',#10139,1.);
#10139 = DIRECTION('',(0.5,-0.866025403784));
#10140 = ( GEOMETRIC_REPRESENTATION_CONTEXT(2) 
PARAMETRIC_REPRESENTATION_CONTEXT() REPRESENTATION_CONTEXT('2D SPACE',''
  ) );
#10141 = PCURVE('',#7580,#10142);
#10142 = DEFINITIONAL_REPRESENTATION('',(#10143),#10147);
#10143 = LINE('',#10144,#10145);
#10144 = CARTESIAN_POINT('',(-11.7,-0.15));
#10145 = VECTOR('',#10146,1.);
#10146 = DIRECTION('',(-1.,0.));
#10147 = ( GEOMETRIC_REPRESENTATION_CONTEXT(2) 
PARAMETRIC_REPRESENTATION_CONTEXT() REPRESENTATION_CONTEXT('2D SPACE',''
  ) );
#10148 = FACE_BOUND('',#10149,.F.);
#10149 = EDGE_LOOP('',(#10150));
#10150 = ORIENTED_EDGE('',*,*,#10151,.T.);
#10151 = EDGE_CURVE('',#10152,#10152,#10154,.T.);
#10152 = VERTEX_POINT('',#10153);
#10153 = CARTESIAN_POINT('',(31.15,-5.3,1.45));
#10154 = SURFACE_CURVE('',#10155,(#10160,#10171),.PCURVE_S1.);
#10155 = CIRCLE('',#10156,1.15);
#10156 = AXIS2_PLACEMENT_3D('',#10157,#10158,#10159);
#10157 = CARTESIAN_POINT('',(30.,-5.3,1.45));
#10158 = DIRECTION('',(-0.,1.224646799147E-16,1.));
#10159 = DIRECTION('',(1.,0.,0.));
#10160 = PCURVE('',#4342,#10161);
#10161 = DEFINITIONAL_REPRESENTATION('',(#10162),#10170);
#10162 = ( BOUNDED_CURVE() B_SPLINE_CURVE(2,(#10163,#10164,#10165,#10166
    ,#10167,#10168,#10169),.UNSPECIFIED.,.T.,.F.) 
B_SPLINE_CURVE_WITH_KNOTS((1,2,2,2,2,1),(-2.094395102393,0.,
    2.094395102393,4.188790204786,6.28318530718,8.377580409573),
.UNSPECIFIED.) CURVE() GEOMETRIC_REPRESENTATION_ITEM() 
RATIONAL_B_SPLINE_CURVE((1.,0.5,1.,0.5,1.,0.5,1.)) REPRESENTATION_ITEM(
  '') );
#10163 = CARTESIAN_POINT('',(14.15,5.3));
#10164 = CARTESIAN_POINT('',(14.15,3.308141571296));
#10165 = CARTESIAN_POINT('',(12.425,4.304070785648));
#10166 = CARTESIAN_POINT('',(10.7,5.3));
#10167 = CARTESIAN_POINT('',(12.425,6.295929214352));
#10168 = CARTESIAN_POINT('',(14.15,7.291858428704));
#10169 = CARTESIAN_POINT('',(14.15,5.3));
#10170 = ( GEOMETRIC_REPRESENTATION_CONTEXT(2) 
PARAMETRIC_REPRESENTATION_CONTEXT() REPRESENTATION_CONTEXT('2D SPACE',''
  ) );
#10171 = PCURVE('',#10172,#10177);
#10172 = CYLINDRICAL_SURFACE('',#10173,1.15);
#10173 = AXIS2_PLACEMENT_3D('',#10174,#10175,#10176);
#10174 = CARTESIAN_POINT('',(30.,-5.3,8.1));
#10175 = DIRECTION('',(-0.,1.224646799147E-16,1.));
#10176 = DIRECTION('',(1.,0.,0.));
#10177 = DEFINITIONAL_REPRESENTATION('',(#10178),#10182);
#10178 = LINE('',#10179,#10180);
#10179 = CARTESIAN_POINT('',(-6.28318530718,-6.65));
#10180 = VECTOR('',#10181,1.);
#10181 = DIRECTION('',(1.,-0.));
#10182 = ( GEOMETRIC_REPRESENTATION_CONTEXT(2) 
PARAMETRIC_REPRESENTATION_CONTEXT() REPRESENTATION_CONTEXT('2D SPACE',''
  ) );
#10183 = ADVANCED_FACE('',(#10184),#7140,.F.);
#10184 = FACE_BOUND('',#10185,.T.);
#10185 = EDGE_LOOP('',(#10186,#10187,#10208,#10209,#10230));
#10186 = ORIENTED_EDGE('',*,*,#9698,.T.);
#10187 = ORIENTED_EDGE('',*,*,#10188,.T.);
#10188 = EDGE_CURVE('',#9595,#7120,#10189,.T.);
#10189 = SURFACE_CURVE('',#10190,(#10194,#10201),.PCURVE_S1.);
#10190 = LINE('',#10191,#10192);
#10191 = CARTESIAN_POINT('',(-6.150961894323,13.653778516388,1.6));
#10192 = VECTOR('',#10193,1.);
#10193 = DIRECTION('',(0.,-1.224646799147E-16,-1.));
#10194 = PCURVE('',#7140,#10195);
#10195 = DEFINITIONAL_REPRESENTATION('',(#10196),#10200);
#10196 = LINE('',#10197,#10198);
#10197 = CARTESIAN_POINT('',(-1.570796326795,0.));
#10198 = VECTOR('',#10199,1.);
#10199 = DIRECTION('',(-0.,-1.));
#10200 = ( GEOMETRIC_REPRESENTATION_CONTEXT(2) 
PARAMETRIC_REPRESENTATION_CONTEXT() REPRESENTATION_CONTEXT('2D SPACE',''
  ) );
#10201 = PCURVE('',#7168,#10202);
#10202 = DEFINITIONAL_REPRESENTATION('',(#10203),#10207);
#10203 = LINE('',#10204,#10205);
#10204 = CARTESIAN_POINT('',(29.9,-5.065847046871E-16));
#10205 = VECTOR('',#10206,1.);
#10206 = DIRECTION('',(0.,-1.));
#10207 = ( GEOMETRIC_REPRESENTATION_CONTEXT(2) 
PARAMETRIC_REPRESENTATION_CONTEXT() REPRESENTATION_CONTEXT('2D SPACE',''
  ) );
#10208 = ORIENTED_EDGE('',*,*,#7117,.F.);
#10209 = ORIENTED_EDGE('',*,*,#10210,.F.);
#10210 = EDGE_CURVE('',#9648,#7118,#10211,.T.);
#10211 = SURFACE_CURVE('',#10212,(#10216,#10223),.PCURVE_S1.);
#10212 = LINE('',#10213,#10214);
#10213 = CARTESIAN_POINT('',(-8.749038105677,12.153778516388,1.6));
#10214 = VECTOR('',#10215,1.);
#10215 = DIRECTION('',(0.,-1.224646799147E-16,-1.));
#10216 = PCURVE('',#7140,#10217);
#10217 = DEFINITIONAL_REPRESENTATION('',(#10218),#10222);
#10218 = LINE('',#10219,#10220);
#10219 = CARTESIAN_POINT('',(-4.712388980385,0.));
#10220 = VECTOR('',#10221,1.);
#10221 = DIRECTION('',(-0.,-1.));
#10222 = ( GEOMETRIC_REPRESENTATION_CONTEXT(2) 
PARAMETRIC_REPRESENTATION_CONTEXT() REPRESENTATION_CONTEXT('2D SPACE',''
  ) );
#10223 = PCURVE('',#7227,#10224);
#10224 = DEFINITIONAL_REPRESENTATION('',(#10225),#10229);
#10225 = LINE('',#10226,#10227);
#10226 = CARTESIAN_POINT('',(0.,0.));
#10227 = VECTOR('',#10228,1.);
#10228 = DIRECTION('',(0.,-1.));
#10229 = ( GEOMETRIC_REPRESENTATION_CONTEXT(2) 
PARAMETRIC_REPRESENTATION_CONTEXT() REPRESENTATION_CONTEXT('2D SPACE',''
  ) );
#10230 = ORIENTED_EDGE('',*,*,#9670,.T.);
#10231 = ADVANCED_FACE('',(#10232),#7227,.T.);
#10232 = FACE_BOUND('',#10233,.T.);
#10233 = EDGE_LOOP('',(#10234,#10235,#10236,#10237));
#10234 = ORIENTED_EDGE('',*,*,#9647,.T.);
#10235 = ORIENTED_EDGE('',*,*,#10210,.T.);
#10236 = ORIENTED_EDGE('',*,*,#7213,.F.);
#10237 = ORIENTED_EDGE('',*,*,#10238,.F.);
#10238 = EDGE_CURVE('',#9620,#7181,#10239,.T.);
#10239 = SURFACE_CURVE('',#10240,(#10244,#10251),.PCURVE_S1.);
#10240 = LINE('',#10241,#10242);
#10241 = CARTESIAN_POINT('',(-23.69903810567,38.047938089543,1.6));
#10242 = VECTOR('',#10243,1.);
#10243 = DIRECTION('',(0.,-1.224646799147E-16,-1.));
#10244 = PCURVE('',#7227,#10245);
#10245 = DEFINITIONAL_REPRESENTATION('',(#10246),#10250);
#10246 = LINE('',#10247,#10248);
#10247 = CARTESIAN_POINT('',(29.9,5.065847046871E-16));
#10248 = VECTOR('',#10249,1.);
#10249 = DIRECTION('',(0.,-1.));
#10250 = ( GEOMETRIC_REPRESENTATION_CONTEXT(2) 
PARAMETRIC_REPRESENTATION_CONTEXT() REPRESENTATION_CONTEXT('2D SPACE',''
  ) );
#10251 = PCURVE('',#7201,#10252);
#10252 = DEFINITIONAL_REPRESENTATION('',(#10253),#10257);
#10253 = LINE('',#10254,#10255);
#10254 = CARTESIAN_POINT('',(-4.712388980385,0.));
#10255 = VECTOR('',#10256,1.);
#10256 = DIRECTION('',(-0.,-1.));
#10257 = ( GEOMETRIC_REPRESENTATION_CONTEXT(2) 
PARAMETRIC_REPRESENTATION_CONTEXT() REPRESENTATION_CONTEXT('2D SPACE',''
  ) );
#10258 = ADVANCED_FACE('',(#10259),#7168,.T.);
#10259 = FACE_BOUND('',#10260,.T.);
#10260 = EDGE_LOOP('',(#10261,#10262,#10283,#10284));
#10261 = ORIENTED_EDGE('',*,*,#9594,.T.);
#10262 = ORIENTED_EDGE('',*,*,#10263,.T.);
#10263 = EDGE_CURVE('',#9597,#7153,#10264,.T.);
#10264 = SURFACE_CURVE('',#10265,(#10269,#10276),.PCURVE_S1.);
#10265 = LINE('',#10266,#10267);
#10266 = CARTESIAN_POINT('',(-21.10096189432,39.547938089543,1.6));
#10267 = VECTOR('',#10268,1.);
#10268 = DIRECTION('',(0.,-1.224646799147E-16,-1.));
#10269 = PCURVE('',#7168,#10270);
#10270 = DEFINITIONAL_REPRESENTATION('',(#10271),#10275);
#10271 = LINE('',#10272,#10273);
#10272 = CARTESIAN_POINT('',(0.,0.));
#10273 = VECTOR('',#10274,1.);
#10274 = DIRECTION('',(0.,-1.));
#10275 = ( GEOMETRIC_REPRESENTATION_CONTEXT(2) 
PARAMETRIC_REPRESENTATION_CONTEXT() REPRESENTATION_CONTEXT('2D SPACE',''
  ) );
#10276 = PCURVE('',#7201,#10277);
#10277 = DEFINITIONAL_REPRESENTATION('',(#10278),#10282);
#10278 = LINE('',#10279,#10280);
#10279 = CARTESIAN_POINT('',(-7.853981633974,0.));
#10280 = VECTOR('',#10281,1.);
#10281 = DIRECTION('',(-0.,-1.));
#10282 = ( GEOMETRIC_REPRESENTATION_CONTEXT(2) 
PARAMETRIC_REPRESENTATION_CONTEXT() REPRESENTATION_CONTEXT('2D SPACE',''
  ) );
#10283 = ORIENTED_EDGE('',*,*,#7152,.F.);
#10284 = ORIENTED_EDGE('',*,*,#10188,.F.);
#10285 = ADVANCED_FACE('',(#10286),#7201,.F.);
#10286 = FACE_BOUND('',#10287,.T.);
#10287 = EDGE_LOOP('',(#10288,#10289,#10290,#10291));
#10288 = ORIENTED_EDGE('',*,*,#10263,.F.);
#10289 = ORIENTED_EDGE('',*,*,#9619,.T.);
#10290 = ORIENTED_EDGE('',*,*,#10238,.T.);
#10291 = ORIENTED_EDGE('',*,*,#7180,.F.);
#10292 = ADVANCED_FACE('',(#10293),#7262,.F.);
#10293 = FACE_BOUND('',#10294,.T.);
#10294 = EDGE_LOOP('',(#10295,#10324,#10345,#10346));
#10295 = ORIENTED_EDGE('',*,*,#10296,.F.);
#10296 = EDGE_CURVE('',#10297,#10297,#10299,.T.);
#10297 = VERTEX_POINT('',#10298);
#10298 = CARTESIAN_POINT('',(-8.260065359942,28.630762113533,1.1));
#10299 = SURFACE_CURVE('',#10300,(#10305,#10312),.PCURVE_S1.);
#10300 = CIRCLE('',#10301,2.15);
#10301 = AXIS2_PLACEMENT_3D('',#10302,#10303,#10304);
#10302 = CARTESIAN_POINT('',(-10.41006535994,28.630762113533,1.1));
#10303 = DIRECTION('',(0.,-1.224646799147E-16,-1.));
#10304 = DIRECTION('',(1.,0.,0.));
#10305 = PCURVE('',#7262,#10306);
#10306 = DEFINITIONAL_REPRESENTATION('',(#10307),#10311);
#10307 = LINE('',#10308,#10309);
#10308 = CARTESIAN_POINT('',(-0.,0.));
#10309 = VECTOR('',#10310,1.);
#10310 = DIRECTION('',(-1.,0.));
#10311 = ( GEOMETRIC_REPRESENTATION_CONTEXT(2) 
PARAMETRIC_REPRESENTATION_CONTEXT() REPRESENTATION_CONTEXT('2D SPACE',''
  ) );
#10312 = PCURVE('',#10313,#10318);
#10313 = PLANE('',#10314);
#10314 = AXIS2_PLACEMENT_3D('',#10315,#10316,#10317);
#10315 = CARTESIAN_POINT('',(-10.41006535994,28.630762113533,1.1));
#10316 = DIRECTION('',(0.,-1.224646799147E-16,-1.));
#10317 = DIRECTION('',(1.,0.,0.));
#10318 = DEFINITIONAL_REPRESENTATION('',(#10319),#10323);
#10319 = CIRCLE('',#10320,2.15);
#10320 = AXIS2_PLACEMENT_2D('',#10321,#10322);
#10321 = CARTESIAN_POINT('',(0.,-3.552713678801E-15));
#10322 = DIRECTION('',(1.,0.));
#10323 = ( GEOMETRIC_REPRESENTATION_CONTEXT(2) 
PARAMETRIC_REPRESENTATION_CONTEXT() REPRESENTATION_CONTEXT('2D SPACE',''
  ) );
#10324 = ORIENTED_EDGE('',*,*,#10325,.T.);
#10325 = EDGE_CURVE('',#10297,#7242,#10326,.T.);
#10326 = SEAM_CURVE('',#10327,(#10331,#10338),.PCURVE_S1.);
#10327 = LINE('',#10328,#10329);
#10328 = CARTESIAN_POINT('',(-8.260065359942,28.630762113533,1.1));
#10329 = VECTOR('',#10330,1.);
#10330 = DIRECTION('',(0.,-1.224646799147E-16,-1.));
#10331 = PCURVE('',#7262,#10332);
#10332 = DEFINITIONAL_REPRESENTATION('',(#10333),#10337);
#10333 = LINE('',#10334,#10335);
#10334 = CARTESIAN_POINT('',(-6.28318530718,0.));
#10335 = VECTOR('',#10336,1.);
#10336 = DIRECTION('',(-0.,-1.));
#10337 = ( GEOMETRIC_REPRESENTATION_CONTEXT(2) 
PARAMETRIC_REPRESENTATION_CONTEXT() REPRESENTATION_CONTEXT('2D SPACE',''
  ) );
#10338 = PCURVE('',#7262,#10339);
#10339 = DEFINITIONAL_REPRESENTATION('',(#10340),#10344);
#10340 = LINE('',#10341,#10342);
#10341 = CARTESIAN_POINT('',(-0.,0.));
#10342 = VECTOR('',#10343,1.);
#10343 = DIRECTION('',(-0.,-1.));
#10344 = ( GEOMETRIC_REPRESENTATION_CONTEXT(2) 
PARAMETRIC_REPRESENTATION_CONTEXT() REPRESENTATION_CONTEXT('2D SPACE',''
  ) );
#10345 = ORIENTED_EDGE('',*,*,#7241,.F.);
#10346 = ORIENTED_EDGE('',*,*,#10325,.F.);
#10347 = ADVANCED_FACE('',(#10348),#7297,.F.);
#10348 = FACE_BOUND('',#10349,.T.);
#10349 = EDGE_LOOP('',(#10350,#10379,#10400,#10401));
#10350 = ORIENTED_EDGE('',*,*,#10351,.F.);
#10351 = EDGE_CURVE('',#10352,#10352,#10354,.T.);
#10352 = VERTEX_POINT('',#10353);
#10353 = CARTESIAN_POINT('',(9.75,-4.286263797016E-16,4.5));
#10354 = SURFACE_CURVE('',#10355,(#10360,#10367),.PCURVE_S1.);
#10355 = CIRCLE('',#10356,9.75);
#10356 = AXIS2_PLACEMENT_3D('',#10357,#10358,#10359);
#10357 = CARTESIAN_POINT('',(0.,-4.286263797016E-16,4.5));
#10358 = DIRECTION('',(0.,-1.224646799147E-16,-1.));
#10359 = DIRECTION('',(1.,0.,0.));
#10360 = PCURVE('',#7297,#10361);
#10361 = DEFINITIONAL_REPRESENTATION('',(#10362),#10366);
#10362 = LINE('',#10363,#10364);
#10363 = CARTESIAN_POINT('',(-0.,0.));
#10364 = VECTOR('',#10365,1.);
#10365 = DIRECTION('',(-1.,0.));
#10366 = ( GEOMETRIC_REPRESENTATION_CONTEXT(2) 
PARAMETRIC_REPRESENTATION_CONTEXT() REPRESENTATION_CONTEXT('2D SPACE',''
  ) );
#10367 = PCURVE('',#10368,#10373);
#10368 = PLANE('',#10369);
#10369 = AXIS2_PLACEMENT_3D('',#10370,#10371,#10372);
#10370 = CARTESIAN_POINT('',(-2.503322897097E-16,-1.48464457527E-15,4.5)
  );
#10371 = DIRECTION('',(0.,-1.224646799147E-16,-1.));
#10372 = DIRECTION('',(1.,0.,0.));
#10373 = DEFINITIONAL_REPRESENTATION('',(#10374),#10378);
#10374 = CIRCLE('',#10375,9.75);
#10375 = AXIS2_PLACEMENT_2D('',#10376,#10377);
#10376 = CARTESIAN_POINT('',(2.503322897097E-16,-1.056018195569E-15));
#10377 = DIRECTION('',(1.,0.));
#10378 = ( GEOMETRIC_REPRESENTATION_CONTEXT(2) 
PARAMETRIC_REPRESENTATION_CONTEXT() REPRESENTATION_CONTEXT('2D SPACE',''
  ) );
#10379 = ORIENTED_EDGE('',*,*,#10380,.T.);
#10380 = EDGE_CURVE('',#10352,#7277,#10381,.T.);
#10381 = SEAM_CURVE('',#10382,(#10386,#10393),.PCURVE_S1.);
#10382 = LINE('',#10383,#10384);
#10383 = CARTESIAN_POINT('',(9.75,-4.286263797016E-16,4.5));
#10384 = VECTOR('',#10385,1.);
#10385 = DIRECTION('',(0.,-1.224646799147E-16,-1.));
#10386 = PCURVE('',#7297,#10387);
#10387 = DEFINITIONAL_REPRESENTATION('',(#10388),#10392);
#10388 = LINE('',#10389,#10390);
#10389 = CARTESIAN_POINT('',(-6.28318530718,0.));
#10390 = VECTOR('',#10391,1.);
#10391 = DIRECTION('',(-0.,-1.));
#10392 = ( GEOMETRIC_REPRESENTATION_CONTEXT(2) 
PARAMETRIC_REPRESENTATION_CONTEXT() REPRESENTATION_CONTEXT('2D SPACE',''
  ) );
#10393 = PCURVE('',#7297,#10394);
#10394 = DEFINITIONAL_REPRESENTATION('',(#10395),#10399);
#10395 = LINE('',#10396,#10397);
#10396 = CARTESIAN_POINT('',(-0.,0.));
#10397 = VECTOR('',#10398,1.);
#10398 = DIRECTION('',(-0.,-1.));
#10399 = ( GEOMETRIC_REPRESENTATION_CONTEXT(2) 
PARAMETRIC_REPRESENTATION_CONTEXT() REPRESENTATION_CONTEXT('2D SPACE',''
  ) );
#10400 = ORIENTED_EDGE('',*,*,#7276,.F.);
#10401 = ORIENTED_EDGE('',*,*,#10380,.F.);
#10402 = ADVANCED_FACE('',(#10403),#7334,.F.);
#10403 = FACE_BOUND('',#10404,.T.);
#10404 = EDGE_LOOP('',(#10405,#10406,#10427,#10428,#10449));
#10405 = ORIENTED_EDGE('',*,*,#9882,.T.);
#10406 = ORIENTED_EDGE('',*,*,#10407,.T.);
#10407 = EDGE_CURVE('',#9883,#7314,#10408,.T.);
#10408 = SURFACE_CURVE('',#10409,(#10413,#10420),.PCURVE_S1.);
#10409 = LINE('',#10410,#10411);
#10410 = CARTESIAN_POINT('',(14.9,-1.5,1.6));
#10411 = VECTOR('',#10412,1.);
#10412 = DIRECTION('',(0.,-1.224646799147E-16,-1.));
#10413 = PCURVE('',#7334,#10414);
#10414 = DEFINITIONAL_REPRESENTATION('',(#10415),#10419);
#10415 = LINE('',#10416,#10417);
#10416 = CARTESIAN_POINT('',(-1.570796326795,0.));
#10417 = VECTOR('',#10418,1.);
#10418 = DIRECTION('',(-0.,-1.));
#10419 = ( GEOMETRIC_REPRESENTATION_CONTEXT(2) 
PARAMETRIC_REPRESENTATION_CONTEXT() REPRESENTATION_CONTEXT('2D SPACE',''
  ) );
#10420 = PCURVE('',#7362,#10421);
#10421 = DEFINITIONAL_REPRESENTATION('',(#10422),#10426);
#10422 = LINE('',#10423,#10424);
#10423 = CARTESIAN_POINT('',(29.9,0.));
#10424 = VECTOR('',#10425,1.);
#10425 = DIRECTION('',(0.,-1.));
#10426 = ( GEOMETRIC_REPRESENTATION_CONTEXT(2) 
PARAMETRIC_REPRESENTATION_CONTEXT() REPRESENTATION_CONTEXT('2D SPACE',''
  ) );
#10427 = ORIENTED_EDGE('',*,*,#7311,.F.);
#10428 = ORIENTED_EDGE('',*,*,#10429,.F.);
#10429 = EDGE_CURVE('',#9853,#7312,#10430,.T.);
#10430 = SURFACE_CURVE('',#10431,(#10435,#10442),.PCURVE_S1.);
#10431 = LINE('',#10432,#10433);
#10432 = CARTESIAN_POINT('',(14.9,1.5,1.6));
#10433 = VECTOR('',#10434,1.);
#10434 = DIRECTION('',(0.,-1.224646799147E-16,-1.));
#10435 = PCURVE('',#7334,#10436);
#10436 = DEFINITIONAL_REPRESENTATION('',(#10437),#10441);
#10437 = LINE('',#10438,#10439);
#10438 = CARTESIAN_POINT('',(-4.712388980385,0.));
#10439 = VECTOR('',#10440,1.);
#10440 = DIRECTION('',(-0.,-1.));
#10441 = ( GEOMETRIC_REPRESENTATION_CONTEXT(2) 
PARAMETRIC_REPRESENTATION_CONTEXT() REPRESENTATION_CONTEXT('2D SPACE',''
  ) );
#10442 = PCURVE('',#7421,#10443);
#10443 = DEFINITIONAL_REPRESENTATION('',(#10444),#10448);
#10444 = LINE('',#10445,#10446);
#10445 = CARTESIAN_POINT('',(0.,0.));
#10446 = VECTOR('',#10447,1.);
#10447 = DIRECTION('',(0.,-1.));
#10448 = ( GEOMETRIC_REPRESENTATION_CONTEXT(2) 
PARAMETRIC_REPRESENTATION_CONTEXT() REPRESENTATION_CONTEXT('2D SPACE',''
  ) );
#10449 = ORIENTED_EDGE('',*,*,#9852,.T.);
#10450 = ADVANCED_FACE('',(#10451),#7421,.T.);
#10451 = FACE_BOUND('',#10452,.T.);
#10452 = EDGE_LOOP('',(#10453,#10454,#10455,#10456));
#10453 = ORIENTED_EDGE('',*,*,#9961,.T.);
#10454 = ORIENTED_EDGE('',*,*,#10429,.T.);
#10455 = ORIENTED_EDGE('',*,*,#7407,.F.);
#10456 = ORIENTED_EDGE('',*,*,#10457,.F.);
#10457 = EDGE_CURVE('',#9934,#7375,#10458,.T.);
#10458 = SURFACE_CURVE('',#10459,(#10463,#10470),.PCURVE_S1.);
#10459 = LINE('',#10460,#10461);
#10460 = CARTESIAN_POINT('',(44.8,1.5,1.6));
#10461 = VECTOR('',#10462,1.);
#10462 = DIRECTION('',(0.,-1.224646799147E-16,-1.));
#10463 = PCURVE('',#7421,#10464);
#10464 = DEFINITIONAL_REPRESENTATION('',(#10465),#10469);
#10465 = LINE('',#10466,#10467);
#10466 = CARTESIAN_POINT('',(29.9,0.));
#10467 = VECTOR('',#10468,1.);
#10468 = DIRECTION('',(0.,-1.));
#10469 = ( GEOMETRIC_REPRESENTATION_CONTEXT(2) 
PARAMETRIC_REPRESENTATION_CONTEXT() REPRESENTATION_CONTEXT('2D SPACE',''
  ) );
#10470 = PCURVE('',#7395,#10471);
#10471 = DEFINITIONAL_REPRESENTATION('',(#10472),#10476);
#10472 = LINE('',#10473,#10474);
#10473 = CARTESIAN_POINT('',(-4.712388980385,0.));
#10474 = VECTOR('',#10475,1.);
#10475 = DIRECTION('',(-0.,-1.));
#10476 = ( GEOMETRIC_REPRESENTATION_CONTEXT(2) 
PARAMETRIC_REPRESENTATION_CONTEXT() REPRESENTATION_CONTEXT('2D SPACE',''
  ) );
#10477 = ADVANCED_FACE('',(#10478),#7362,.T.);
#10478 = FACE_BOUND('',#10479,.T.);
#10479 = EDGE_LOOP('',(#10480,#10481,#10502,#10503));
#10480 = ORIENTED_EDGE('',*,*,#9910,.T.);
#10481 = ORIENTED_EDGE('',*,*,#10482,.T.);
#10482 = EDGE_CURVE('',#9911,#7347,#10483,.T.);
#10483 = SURFACE_CURVE('',#10484,(#10488,#10495),.PCURVE_S1.);
#10484 = LINE('',#10485,#10486);
#10485 = CARTESIAN_POINT('',(44.8,-1.5,1.6));
#10486 = VECTOR('',#10487,1.);
#10487 = DIRECTION('',(0.,-1.224646799147E-16,-1.));
#10488 = PCURVE('',#7362,#10489);
#10489 = DEFINITIONAL_REPRESENTATION('',(#10490),#10494);
#10490 = LINE('',#10491,#10492);
#10491 = CARTESIAN_POINT('',(0.,0.));
#10492 = VECTOR('',#10493,1.);
#10493 = DIRECTION('',(0.,-1.));
#10494 = ( GEOMETRIC_REPRESENTATION_CONTEXT(2) 
PARAMETRIC_REPRESENTATION_CONTEXT() REPRESENTATION_CONTEXT('2D SPACE',''
  ) );
#10495 = PCURVE('',#7395,#10496);
#10496 = DEFINITIONAL_REPRESENTATION('',(#10497),#10501);
#10497 = LINE('',#10498,#10499);
#10498 = CARTESIAN_POINT('',(-7.853981633974,0.));
#10499 = VECTOR('',#10500,1.);
#10500 = DIRECTION('',(-0.,-1.));
#10501 = ( GEOMETRIC_REPRESENTATION_CONTEXT(2) 
PARAMETRIC_REPRESENTATION_CONTEXT() REPRESENTATION_CONTEXT('2D SPACE',''
  ) );
#10502 = ORIENTED_EDGE('',*,*,#7346,.F.);
#10503 = ORIENTED_EDGE('',*,*,#10407,.F.);
#10504 = ADVANCED_FACE('',(#10505),#7395,.F.);
#10505 = FACE_BOUND('',#10506,.T.);
#10506 = EDGE_LOOP('',(#10507,#10508,#10509,#10510));
#10507 = ORIENTED_EDGE('',*,*,#10482,.F.);
#10508 = ORIENTED_EDGE('',*,*,#9933,.T.);
#10509 = ORIENTED_EDGE('',*,*,#10457,.T.);
#10510 = ORIENTED_EDGE('',*,*,#7374,.F.);
#10511 = ADVANCED_FACE('',(#10512),#7456,.F.);
#10512 = FACE_BOUND('',#10513,.T.);
#10513 = EDGE_LOOP('',(#10514,#10543,#10564,#10565));
#10514 = ORIENTED_EDGE('',*,*,#10515,.F.);
#10515 = EDGE_CURVE('',#10516,#10516,#10518,.T.);
#10516 = VERTEX_POINT('',#10517);
#10517 = CARTESIAN_POINT('',(-17.43993464005,-23.33076211353,1.1));
#10518 = SURFACE_CURVE('',#10519,(#10524,#10531),.PCURVE_S1.);
#10519 = CIRCLE('',#10520,2.15);
#10520 = AXIS2_PLACEMENT_3D('',#10521,#10522,#10523);
#10521 = CARTESIAN_POINT('',(-19.58993464005,-23.33076211353,1.1));
#10522 = DIRECTION('',(0.,-1.224646799147E-16,-1.));
#10523 = DIRECTION('',(1.,0.,0.));
#10524 = PCURVE('',#7456,#10525);
#10525 = DEFINITIONAL_REPRESENTATION('',(#10526),#10530);
#10526 = LINE('',#10527,#10528);
#10527 = CARTESIAN_POINT('',(-0.,0.));
#10528 = VECTOR('',#10529,1.);
#10529 = DIRECTION('',(-1.,0.));
#10530 = ( GEOMETRIC_REPRESENTATION_CONTEXT(2) 
PARAMETRIC_REPRESENTATION_CONTEXT() REPRESENTATION_CONTEXT('2D SPACE',''
  ) );
#10531 = PCURVE('',#10532,#10537);
#10532 = PLANE('',#10533);
#10533 = AXIS2_PLACEMENT_3D('',#10534,#10535,#10536);
#10534 = CARTESIAN_POINT('',(-19.58993464005,-23.33076211353,1.1));
#10535 = DIRECTION('',(0.,-1.224646799147E-16,-1.));
#10536 = DIRECTION('',(1.,0.,0.));
#10537 = DEFINITIONAL_REPRESENTATION('',(#10538),#10542);
#10538 = CIRCLE('',#10539,2.15);
#10539 = AXIS2_PLACEMENT_2D('',#10540,#10541);
#10540 = CARTESIAN_POINT('',(-3.552713678801E-15,3.552713678801E-15));
#10541 = DIRECTION('',(1.,0.));
#10542 = ( GEOMETRIC_REPRESENTATION_CONTEXT(2) 
PARAMETRIC_REPRESENTATION_CONTEXT() REPRESENTATION_CONTEXT('2D SPACE',''
  ) );
#10543 = ORIENTED_EDGE('',*,*,#10544,.T.);
#10544 = EDGE_CURVE('',#10516,#7436,#10545,.T.);
#10545 = SEAM_CURVE('',#10546,(#10550,#10557),.PCURVE_S1.);
#10546 = LINE('',#10547,#10548);
#10547 = CARTESIAN_POINT('',(-17.43993464005,-23.33076211353,1.1));
#10548 = VECTOR('',#10549,1.);
#10549 = DIRECTION('',(0.,-1.224646799147E-16,-1.));
#10550 = PCURVE('',#7456,#10551);
#10551 = DEFINITIONAL_REPRESENTATION('',(#10552),#10556);
#10552 = LINE('',#10553,#10554);
#10553 = CARTESIAN_POINT('',(-6.28318530718,0.));
#10554 = VECTOR('',#10555,1.);
#10555 = DIRECTION('',(-0.,-1.));
#10556 = ( GEOMETRIC_REPRESENTATION_CONTEXT(2) 
PARAMETRIC_REPRESENTATION_CONTEXT() REPRESENTATION_CONTEXT('2D SPACE',''
  ) );
#10557 = PCURVE('',#7456,#10558);
#10558 = DEFINITIONAL_REPRESENTATION('',(#10559),#10563);
#10559 = LINE('',#10560,#10561);
#10560 = CARTESIAN_POINT('',(-0.,0.));
#10561 = VECTOR('',#10562,1.);
#10562 = DIRECTION('',(-0.,-1.));
#10563 = ( GEOMETRIC_REPRESENTATION_CONTEXT(2) 
PARAMETRIC_REPRESENTATION_CONTEXT() REPRESENTATION_CONTEXT('2D SPACE',''
  ) );
#10564 = ORIENTED_EDGE('',*,*,#7435,.F.);
#10565 = ORIENTED_EDGE('',*,*,#10544,.F.);
#10566 = ADVANCED_FACE('',(#10567),#7493,.F.);
#10567 = FACE_BOUND('',#10568,.T.);
#10568 = EDGE_LOOP('',(#10569,#10570,#10591,#10592,#10613));
#10569 = ORIENTED_EDGE('',*,*,#10049,.T.);
#10570 = ORIENTED_EDGE('',*,*,#10571,.T.);
#10571 = EDGE_CURVE('',#10050,#7473,#10572,.T.);
#10572 = SURFACE_CURVE('',#10573,(#10577,#10584),.PCURVE_S1.);
#10573 = LINE('',#10574,#10575);
#10574 = CARTESIAN_POINT('',(-8.749038105677,-12.15377851638,1.6));
#10575 = VECTOR('',#10576,1.);
#10576 = DIRECTION('',(0.,-1.224646799147E-16,-1.));
#10577 = PCURVE('',#7493,#10578);
#10578 = DEFINITIONAL_REPRESENTATION('',(#10579),#10583);
#10579 = LINE('',#10580,#10581);
#10580 = CARTESIAN_POINT('',(-1.570796326795,0.));
#10581 = VECTOR('',#10582,1.);
#10582 = DIRECTION('',(-0.,-1.));
#10583 = ( GEOMETRIC_REPRESENTATION_CONTEXT(2) 
PARAMETRIC_REPRESENTATION_CONTEXT() REPRESENTATION_CONTEXT('2D SPACE',''
  ) );
#10584 = PCURVE('',#7521,#10585);
#10585 = DEFINITIONAL_REPRESENTATION('',(#10586),#10590);
#10586 = LINE('',#10587,#10588);
#10587 = CARTESIAN_POINT('',(29.9,5.065847046871E-16));
#10588 = VECTOR('',#10589,1.);
#10589 = DIRECTION('',(0.,-1.));
#10590 = ( GEOMETRIC_REPRESENTATION_CONTEXT(2) 
PARAMETRIC_REPRESENTATION_CONTEXT() REPRESENTATION_CONTEXT('2D SPACE',''
  ) );
#10591 = ORIENTED_EDGE('',*,*,#7470,.F.);
#10592 = ORIENTED_EDGE('',*,*,#10593,.F.);
#10593 = EDGE_CURVE('',#10020,#7471,#10594,.T.);
#10594 = SURFACE_CURVE('',#10595,(#10599,#10606),.PCURVE_S1.);
#10595 = LINE('',#10596,#10597);
#10596 = CARTESIAN_POINT('',(-6.150961894323,-13.65377851638,1.6));
#10597 = VECTOR('',#10598,1.);
#10598 = DIRECTION('',(0.,-1.224646799147E-16,-1.));
#10599 = PCURVE('',#7493,#10600);
#10600 = DEFINITIONAL_REPRESENTATION('',(#10601),#10605);
#10601 = LINE('',#10602,#10603);
#10602 = CARTESIAN_POINT('',(-4.712388980385,0.));
#10603 = VECTOR('',#10604,1.);
#10604 = DIRECTION('',(-0.,-1.));
#10605 = ( GEOMETRIC_REPRESENTATION_CONTEXT(2) 
PARAMETRIC_REPRESENTATION_CONTEXT() REPRESENTATION_CONTEXT('2D SPACE',''
  ) );
#10606 = PCURVE('',#7580,#10607);
#10607 = DEFINITIONAL_REPRESENTATION('',(#10608),#10612);
#10608 = LINE('',#10609,#10610);
#10609 = CARTESIAN_POINT('',(0.,0.));
#10610 = VECTOR('',#10611,1.);
#10611 = DIRECTION('',(0.,-1.));
#10612 = ( GEOMETRIC_REPRESENTATION_CONTEXT(2) 
PARAMETRIC_REPRESENTATION_CONTEXT() REPRESENTATION_CONTEXT('2D SPACE',''
  ) );
#10613 = ORIENTED_EDGE('',*,*,#10019,.T.);
#10614 = ADVANCED_FACE('',(#10615),#7580,.T.);
#10615 = FACE_BOUND('',#10616,.T.);
#10616 = EDGE_LOOP('',(#10617,#10618,#10619,#10620));
#10617 = ORIENTED_EDGE('',*,*,#10128,.T.);
#10618 = ORIENTED_EDGE('',*,*,#10593,.T.);
#10619 = ORIENTED_EDGE('',*,*,#7566,.F.);
#10620 = ORIENTED_EDGE('',*,*,#10621,.F.);
#10621 = EDGE_CURVE('',#10101,#7534,#10622,.T.);
#10622 = SURFACE_CURVE('',#10623,(#10627,#10634),.PCURVE_S1.);
#10623 = LINE('',#10624,#10625);
#10624 = CARTESIAN_POINT('',(-21.10096189432,-39.54793808954,1.6));
#10625 = VECTOR('',#10626,1.);
#10626 = DIRECTION('',(0.,-1.224646799147E-16,-1.));
#10627 = PCURVE('',#7580,#10628);
#10628 = DEFINITIONAL_REPRESENTATION('',(#10629),#10633);
#10629 = LINE('',#10630,#10631);
#10630 = CARTESIAN_POINT('',(29.9,-5.065847046871E-16));
#10631 = VECTOR('',#10632,1.);
#10632 = DIRECTION('',(0.,-1.));
#10633 = ( GEOMETRIC_REPRESENTATION_CONTEXT(2) 
PARAMETRIC_REPRESENTATION_CONTEXT() REPRESENTATION_CONTEXT('2D SPACE',''
  ) );
#10634 = PCURVE('',#7554,#10635);
#10635 = DEFINITIONAL_REPRESENTATION('',(#10636),#10640);
#10636 = LINE('',#10637,#10638);
#10637 = CARTESIAN_POINT('',(-4.712388980385,0.));
#10638 = VECTOR('',#10639,1.);
#10639 = DIRECTION('',(-0.,-1.));
#10640 = ( GEOMETRIC_REPRESENTATION_CONTEXT(2) 
PARAMETRIC_REPRESENTATION_CONTEXT() REPRESENTATION_CONTEXT('2D SPACE',''
  ) );
#10641 = ADVANCED_FACE('',(#10642),#7521,.T.);
#10642 = FACE_BOUND('',#10643,.T.);
#10643 = EDGE_LOOP('',(#10644,#10645,#10666,#10667));
#10644 = ORIENTED_EDGE('',*,*,#10077,.T.);
#10645 = ORIENTED_EDGE('',*,*,#10646,.T.);
#10646 = EDGE_CURVE('',#10078,#7506,#10647,.T.);
#10647 = SURFACE_CURVE('',#10648,(#10652,#10659),.PCURVE_S1.);
#10648 = LINE('',#10649,#10650);
#10649 = CARTESIAN_POINT('',(-23.69903810567,-38.04793808954,1.6));
#10650 = VECTOR('',#10651,1.);
#10651 = DIRECTION('',(0.,-1.224646799147E-16,-1.));
#10652 = PCURVE('',#7521,#10653);
#10653 = DEFINITIONAL_REPRESENTATION('',(#10654),#10658);
#10654 = LINE('',#10655,#10656);
#10655 = CARTESIAN_POINT('',(0.,0.));
#10656 = VECTOR('',#10657,1.);
#10657 = DIRECTION('',(0.,-1.));
#10658 = ( GEOMETRIC_REPRESENTATION_CONTEXT(2) 
PARAMETRIC_REPRESENTATION_CONTEXT() REPRESENTATION_CONTEXT('2D SPACE',''
  ) );
#10659 = PCURVE('',#7554,#10660);
#10660 = DEFINITIONAL_REPRESENTATION('',(#10661),#10665);
#10661 = LINE('',#10662,#10663);
#10662 = CARTESIAN_POINT('',(-7.853981633974,0.));
#10663 = VECTOR('',#10664,1.);
#10664 = DIRECTION('',(-0.,-1.));
#10665 = ( GEOMETRIC_REPRESENTATION_CONTEXT(2) 
PARAMETRIC_REPRESENTATION_CONTEXT() REPRESENTATION_CONTEXT('2D SPACE',''
  ) );
#10666 = ORIENTED_EDGE('',*,*,#7505,.F.);
#10667 = ORIENTED_EDGE('',*,*,#10571,.F.);
#10668 = ADVANCED_FACE('',(#10669),#7554,.F.);
#10669 = FACE_BOUND('',#10670,.T.);
#10670 = EDGE_LOOP('',(#10671,#10672,#10673,#10674));
#10671 = ORIENTED_EDGE('',*,*,#10646,.F.);
#10672 = ORIENTED_EDGE('',*,*,#10100,.T.);
#10673 = ORIENTED_EDGE('',*,*,#10621,.T.);
#10674 = ORIENTED_EDGE('',*,*,#7533,.F.);
#10675 = ADVANCED_FACE('',(#10676),#7615,.F.);
#10676 = FACE_BOUND('',#10677,.T.);
#10677 = EDGE_LOOP('',(#10678,#10707,#10728,#10729));
#10678 = ORIENTED_EDGE('',*,*,#10679,.F.);
#10679 = EDGE_CURVE('',#10680,#10680,#10682,.T.);
#10680 = VERTEX_POINT('',#10681);
#10681 = CARTESIAN_POINT('',(32.15,-5.3,1.1));
#10682 = SURFACE_CURVE('',#10683,(#10688,#10695),.PCURVE_S1.);
#10683 = CIRCLE('',#10684,2.15);
#10684 = AXIS2_PLACEMENT_3D('',#10685,#10686,#10687);
#10685 = CARTESIAN_POINT('',(30.,-5.3,1.1));
#10686 = DIRECTION('',(0.,-1.224646799147E-16,-1.));
#10687 = DIRECTION('',(1.,0.,0.));
#10688 = PCURVE('',#7615,#10689);
#10689 = DEFINITIONAL_REPRESENTATION('',(#10690),#10694);
#10690 = LINE('',#10691,#10692);
#10691 = CARTESIAN_POINT('',(-0.,0.));
#10692 = VECTOR('',#10693,1.);
#10693 = DIRECTION('',(-1.,0.));
#10694 = ( GEOMETRIC_REPRESENTATION_CONTEXT(2) 
PARAMETRIC_REPRESENTATION_CONTEXT() REPRESENTATION_CONTEXT('2D SPACE',''
  ) );
#10695 = PCURVE('',#10696,#10701);
#10696 = PLANE('',#10697);
#10697 = AXIS2_PLACEMENT_3D('',#10698,#10699,#10700);
#10698 = CARTESIAN_POINT('',(30.,-5.3,1.1));
#10699 = DIRECTION('',(0.,-1.224646799147E-16,-1.));
#10700 = DIRECTION('',(1.,0.,0.));
#10701 = DEFINITIONAL_REPRESENTATION('',(#10702),#10706);
#10702 = CIRCLE('',#10703,2.15);
#10703 = AXIS2_PLACEMENT_2D('',#10704,#10705);
#10704 = CARTESIAN_POINT('',(0.,-8.881784197001E-16));
#10705 = DIRECTION('',(1.,0.));
#10706 = ( GEOMETRIC_REPRESENTATION_CONTEXT(2) 
PARAMETRIC_REPRESENTATION_CONTEXT() REPRESENTATION_CONTEXT('2D SPACE',''
  ) );
#10707 = ORIENTED_EDGE('',*,*,#10708,.T.);
#10708 = EDGE_CURVE('',#10680,#7595,#10709,.T.);
#10709 = SEAM_CURVE('',#10710,(#10714,#10721),.PCURVE_S1.);
#10710 = LINE('',#10711,#10712);
#10711 = CARTESIAN_POINT('',(32.15,-5.3,1.1));
#10712 = VECTOR('',#10713,1.);
#10713 = DIRECTION('',(0.,-1.224646799147E-16,-1.));
#10714 = PCURVE('',#7615,#10715);
#10715 = DEFINITIONAL_REPRESENTATION('',(#10716),#10720);
#10716 = LINE('',#10717,#10718);
#10717 = CARTESIAN_POINT('',(-6.28318530718,0.));
#10718 = VECTOR('',#10719,1.);
#10719 = DIRECTION('',(-0.,-1.));
#10720 = ( GEOMETRIC_REPRESENTATION_CONTEXT(2) 
PARAMETRIC_REPRESENTATION_CONTEXT() REPRESENTATION_CONTEXT('2D SPACE',''
  ) );
#10721 = PCURVE('',#7615,#10722);
#10722 = DEFINITIONAL_REPRESENTATION('',(#10723),#10727);
#10723 = LINE('',#10724,#10725);
#10724 = CARTESIAN_POINT('',(-0.,0.));
#10725 = VECTOR('',#10726,1.);
#10726 = DIRECTION('',(-0.,-1.));
#10727 = ( GEOMETRIC_REPRESENTATION_CONTEXT(2) 
PARAMETRIC_REPRESENTATION_CONTEXT() REPRESENTATION_CONTEXT('2D SPACE',''
  ) );
#10728 = ORIENTED_EDGE('',*,*,#7594,.F.);
#10729 = ORIENTED_EDGE('',*,*,#10708,.F.);
#10730 = ADVANCED_FACE('',(#10731),#9747,.F.);
#10731 = FACE_BOUND('',#10732,.T.);
#10732 = EDGE_LOOP('',(#10733,#10756,#10757,#10758));
#10733 = ORIENTED_EDGE('',*,*,#10734,.F.);
#10734 = EDGE_CURVE('',#9727,#10735,#10737,.T.);
#10735 = VERTEX_POINT('',#10736);
#10736 = CARTESIAN_POINT('',(-9.260065359942,28.630762113533,1.1));
#10737 = SEAM_CURVE('',#10738,(#10742,#10749),.PCURVE_S1.);
#10738 = LINE('',#10739,#10740);
#10739 = CARTESIAN_POINT('',(-9.260065359942,28.630762113533,8.1));
#10740 = VECTOR('',#10741,1.);
#10741 = DIRECTION('',(0.,-1.224646799147E-16,-1.));
#10742 = PCURVE('',#9747,#10743);
#10743 = DEFINITIONAL_REPRESENTATION('',(#10744),#10748);
#10744 = LINE('',#10745,#10746);
#10745 = CARTESIAN_POINT('',(-6.28318530718,0.));
#10746 = VECTOR('',#10747,1.);
#10747 = DIRECTION('',(-0.,-1.));
#10748 = ( GEOMETRIC_REPRESENTATION_CONTEXT(2) 
PARAMETRIC_REPRESENTATION_CONTEXT() REPRESENTATION_CONTEXT('2D SPACE',''
  ) );
#10749 = PCURVE('',#9747,#10750);
#10750 = DEFINITIONAL_REPRESENTATION('',(#10751),#10755);
#10751 = LINE('',#10752,#10753);
#10752 = CARTESIAN_POINT('',(-0.,0.));
#10753 = VECTOR('',#10754,1.);
#10754 = DIRECTION('',(-0.,-1.));
#10755 = ( GEOMETRIC_REPRESENTATION_CONTEXT(2) 
PARAMETRIC_REPRESENTATION_CONTEXT() REPRESENTATION_CONTEXT('2D SPACE',''
  ) );
#10756 = ORIENTED_EDGE('',*,*,#9726,.T.);
#10757 = ORIENTED_EDGE('',*,*,#10734,.T.);
#10758 = ORIENTED_EDGE('',*,*,#10759,.F.);
#10759 = EDGE_CURVE('',#10735,#10735,#10760,.T.);
#10760 = SURFACE_CURVE('',#10761,(#10766,#10773),.PCURVE_S1.);
#10761 = CIRCLE('',#10762,1.15);
#10762 = AXIS2_PLACEMENT_3D('',#10763,#10764,#10765);
#10763 = CARTESIAN_POINT('',(-10.41006535994,28.630762113533,1.1));
#10764 = DIRECTION('',(-0.,1.224646799147E-16,1.));
#10765 = DIRECTION('',(1.,0.,0.));
#10766 = PCURVE('',#9747,#10767);
#10767 = DEFINITIONAL_REPRESENTATION('',(#10768),#10772);
#10768 = LINE('',#10769,#10770);
#10769 = CARTESIAN_POINT('',(-6.28318530718,-7.));
#10770 = VECTOR('',#10771,1.);
#10771 = DIRECTION('',(1.,-0.));
#10772 = ( GEOMETRIC_REPRESENTATION_CONTEXT(2) 
PARAMETRIC_REPRESENTATION_CONTEXT() REPRESENTATION_CONTEXT('2D SPACE',''
  ) );
#10773 = PCURVE('',#10313,#10774);
#10774 = DEFINITIONAL_REPRESENTATION('',(#10775),#10783);
#10775 = ( BOUNDED_CURVE() B_SPLINE_CURVE(2,(#10776,#10777,#10778,#10779
    ,#10780,#10781,#10782),.UNSPECIFIED.,.T.,.F.) 
B_SPLINE_CURVE_WITH_KNOTS((1,2,2,2,2,1),(-2.094395102393,0.,
    2.094395102393,4.188790204786,6.28318530718,8.377580409573),
.UNSPECIFIED.) CURVE() GEOMETRIC_REPRESENTATION_ITEM() 
RATIONAL_B_SPLINE_CURVE((1.,0.5,1.,0.5,1.,0.5,1.)) REPRESENTATION_ITEM(
  '') );
#10776 = CARTESIAN_POINT('',(1.15,-3.552713678801E-15));
#10777 = CARTESIAN_POINT('',(1.15,-1.991858428704));
#10778 = CARTESIAN_POINT('',(-0.575,-0.995929214352));
#10779 = CARTESIAN_POINT('',(-2.3,-3.834382442604E-15));
#10780 = CARTESIAN_POINT('',(-0.575,0.995929214352));
#10781 = CARTESIAN_POINT('',(1.15,1.991858428704));
#10782 = CARTESIAN_POINT('',(1.15,-3.552713678801E-15));
#10783 = ( GEOMETRIC_REPRESENTATION_CONTEXT(2) 
PARAMETRIC_REPRESENTATION_CONTEXT() REPRESENTATION_CONTEXT('2D SPACE',''
  ) );
#10784 = ADVANCED_FACE('',(#10785),#9784,.T.);
#10785 = FACE_BOUND('',#10786,.F.);
#10786 = EDGE_LOOP('',(#10787,#10810,#10841,#10842,#10843,#10844));
#10787 = ORIENTED_EDGE('',*,*,#10788,.F.);
#10788 = EDGE_CURVE('',#10789,#9762,#10791,.T.);
#10789 = VERTEX_POINT('',#10790);
#10790 = CARTESIAN_POINT('',(13.4,0.,8.));
#10791 = SEAM_CURVE('',#10792,(#10796,#10803),.PCURVE_S1.);
#10792 = LINE('',#10793,#10794);
#10793 = CARTESIAN_POINT('',(13.4,0.,8.));
#10794 = VECTOR('',#10795,1.);
#10795 = DIRECTION('',(0.,-1.224646799147E-16,-1.));
#10796 = PCURVE('',#9784,#10797);
#10797 = DEFINITIONAL_REPRESENTATION('',(#10798),#10802);
#10798 = LINE('',#10799,#10800);
#10799 = CARTESIAN_POINT('',(-6.28318530718,-1.E-01));
#10800 = VECTOR('',#10801,1.);
#10801 = DIRECTION('',(-0.,-1.));
#10802 = ( GEOMETRIC_REPRESENTATION_CONTEXT(2) 
PARAMETRIC_REPRESENTATION_CONTEXT() REPRESENTATION_CONTEXT('2D SPACE',''
  ) );
#10803 = PCURVE('',#9784,#10804);
#10804 = DEFINITIONAL_REPRESENTATION('',(#10805),#10809);
#10805 = LINE('',#10806,#10807);
#10806 = CARTESIAN_POINT('',(-0.,-1.E-01));
#10807 = VECTOR('',#10808,1.);
#10808 = DIRECTION('',(-0.,-1.));
#10809 = ( GEOMETRIC_REPRESENTATION_CONTEXT(2) 
PARAMETRIC_REPRESENTATION_CONTEXT() REPRESENTATION_CONTEXT('2D SPACE',''
  ) );
#10810 = ORIENTED_EDGE('',*,*,#10811,.T.);
#10811 = EDGE_CURVE('',#10789,#10789,#10812,.T.);
#10812 = SURFACE_CURVE('',#10813,(#10818,#10825),.PCURVE_S1.);
#10813 = CIRCLE('',#10814,13.4);
#10814 = AXIS2_PLACEMENT_3D('',#10815,#10816,#10817);
#10815 = CARTESIAN_POINT('',(0.,0.,8.));
#10816 = DIRECTION('',(-0.,1.224646799147E-16,1.));
#10817 = DIRECTION('',(1.,0.,0.));
#10818 = PCURVE('',#9784,#10819);
#10819 = DEFINITIONAL_REPRESENTATION('',(#10820),#10824);
#10820 = LINE('',#10821,#10822);
#10821 = CARTESIAN_POINT('',(-6.28318530718,-1.E-01));
#10822 = VECTOR('',#10823,1.);
#10823 = DIRECTION('',(1.,-0.));
#10824 = ( GEOMETRIC_REPRESENTATION_CONTEXT(2) 
PARAMETRIC_REPRESENTATION_CONTEXT() REPRESENTATION_CONTEXT('2D SPACE',''
  ) );
#10825 = PCURVE('',#10826,#10831);
#10826 = PLANE('',#10827);
#10827 = AXIS2_PLACEMENT_3D('',#10828,#10829,#10830);
#10828 = CARTESIAN_POINT('',(-1.727292798997E-15,-3.759188932048E-16,8.)
  );
#10829 = DIRECTION('',(0.,-1.224646799147E-16,-1.));
#10830 = DIRECTION('',(1.,0.,0.));
#10831 = DEFINITIONAL_REPRESENTATION('',(#10832),#10840);
#10832 = ( BOUNDED_CURVE() B_SPLINE_CURVE(2,(#10833,#10834,#10835,#10836
    ,#10837,#10838,#10839),.UNSPECIFIED.,.T.,.F.) 
B_SPLINE_CURVE_WITH_KNOTS((1,2,2,2,2,1),(-2.094395102393,0.,
    2.094395102393,4.188790204786,6.28318530718,8.377580409573),
.UNSPECIFIED.) CURVE() GEOMETRIC_REPRESENTATION_ITEM() 
RATIONAL_B_SPLINE_CURVE((1.,0.5,1.,0.5,1.,0.5,1.)) REPRESENTATION_ITEM(
  '') );
#10833 = CARTESIAN_POINT('',(13.4,-3.759188932048E-16));
#10834 = CARTESIAN_POINT('',(13.4,-23.20948082142));
#10835 = CARTESIAN_POINT('',(-6.7,-11.60474041071));
#10836 = CARTESIAN_POINT('',(-26.8,-3.65797231492E-15));
#10837 = CARTESIAN_POINT('',(-6.7,11.604740410711));
#10838 = CARTESIAN_POINT('',(13.4,23.209480821423));
#10839 = CARTESIAN_POINT('',(13.4,-3.759188932048E-16));
#10840 = ( GEOMETRIC_REPRESENTATION_CONTEXT(2) 
PARAMETRIC_REPRESENTATION_CONTEXT() REPRESENTATION_CONTEXT('2D SPACE',''
  ) );
#10841 = ORIENTED_EDGE('',*,*,#10788,.T.);
#10842 = ORIENTED_EDGE('',*,*,#9824,.F.);
#10843 = ORIENTED_EDGE('',*,*,#9796,.F.);
#10844 = ORIENTED_EDGE('',*,*,#9761,.F.);
#10845 = ADVANCED_FACE('',(#10846),#10005,.F.);
#10846 = FACE_BOUND('',#10847,.T.);
#10847 = EDGE_LOOP('',(#10848,#10871,#10872,#10873));
#10848 = ORIENTED_EDGE('',*,*,#10849,.F.);
#10849 = EDGE_CURVE('',#9985,#10850,#10852,.T.);
#10850 = VERTEX_POINT('',#10851);
#10851 = CARTESIAN_POINT('',(-18.43993464005,-23.33076211353,1.1));
#10852 = SEAM_CURVE('',#10853,(#10857,#10864),.PCURVE_S1.);
#10853 = LINE('',#10854,#10855);
#10854 = CARTESIAN_POINT('',(-18.43993464005,-23.33076211353,8.1));
#10855 = VECTOR('',#10856,1.);
#10856 = DIRECTION('',(0.,-1.224646799147E-16,-1.));
#10857 = PCURVE('',#10005,#10858);
#10858 = DEFINITIONAL_REPRESENTATION('',(#10859),#10863);
#10859 = LINE('',#10860,#10861);
#10860 = CARTESIAN_POINT('',(-6.28318530718,0.));
#10861 = VECTOR('',#10862,1.);
#10862 = DIRECTION('',(-0.,-1.));
#10863 = ( GEOMETRIC_REPRESENTATION_CONTEXT(2) 
PARAMETRIC_REPRESENTATION_CONTEXT() REPRESENTATION_CONTEXT('2D SPACE',''
  ) );
#10864 = PCURVE('',#10005,#10865);
#10865 = DEFINITIONAL_REPRESENTATION('',(#10866),#10870);
#10866 = LINE('',#10867,#10868);
#10867 = CARTESIAN_POINT('',(-0.,0.));
#10868 = VECTOR('',#10869,1.);
#10869 = DIRECTION('',(-0.,-1.));
#10870 = ( GEOMETRIC_REPRESENTATION_CONTEXT(2) 
PARAMETRIC_REPRESENTATION_CONTEXT() REPRESENTATION_CONTEXT('2D SPACE',''
  ) );
#10871 = ORIENTED_EDGE('',*,*,#9984,.T.);
#10872 = ORIENTED_EDGE('',*,*,#10849,.T.);
#10873 = ORIENTED_EDGE('',*,*,#10874,.F.);
#10874 = EDGE_CURVE('',#10850,#10850,#10875,.T.);
#10875 = SURFACE_CURVE('',#10876,(#10881,#10888),.PCURVE_S1.);
#10876 = CIRCLE('',#10877,1.15);
#10877 = AXIS2_PLACEMENT_3D('',#10878,#10879,#10880);
#10878 = CARTESIAN_POINT('',(-19.58993464005,-23.33076211353,1.1));
#10879 = DIRECTION('',(-0.,1.224646799147E-16,1.));
#10880 = DIRECTION('',(1.,0.,0.));
#10881 = PCURVE('',#10005,#10882);
#10882 = DEFINITIONAL_REPRESENTATION('',(#10883),#10887);
#10883 = LINE('',#10884,#10885);
#10884 = CARTESIAN_POINT('',(-6.28318530718,-7.));
#10885 = VECTOR('',#10886,1.);
#10886 = DIRECTION('',(1.,-0.));
#10887 = ( GEOMETRIC_REPRESENTATION_CONTEXT(2) 
PARAMETRIC_REPRESENTATION_CONTEXT() REPRESENTATION_CONTEXT('2D SPACE',''
  ) );
#10888 = PCURVE('',#10532,#10889);
#10889 = DEFINITIONAL_REPRESENTATION('',(#10890),#10898);
#10890 = ( BOUNDED_CURVE() B_SPLINE_CURVE(2,(#10891,#10892,#10893,#10894
    ,#10895,#10896,#10897),.UNSPECIFIED.,.T.,.F.) 
B_SPLINE_CURVE_WITH_KNOTS((1,2,2,2,2,1),(-2.094395102393,0.,
    2.094395102393,4.188790204786,6.28318530718,8.377580409573),
.UNSPECIFIED.) CURVE() GEOMETRIC_REPRESENTATION_ITEM() 
RATIONAL_B_SPLINE_CURVE((1.,0.5,1.,0.5,1.,0.5,1.)) REPRESENTATION_ITEM(
  '') );
#10891 = CARTESIAN_POINT('',(1.15,3.552713678801E-15));
#10892 = CARTESIAN_POINT('',(1.15,-1.991858428704));
#10893 = CARTESIAN_POINT('',(-0.575,-0.995929214352));
#10894 = CARTESIAN_POINT('',(-2.3,3.271044914997E-15));
#10895 = CARTESIAN_POINT('',(-0.575,0.995929214352));
#10896 = CARTESIAN_POINT('',(1.15,1.991858428704));
#10897 = CARTESIAN_POINT('',(1.15,3.552713678801E-15));
#10898 = ( GEOMETRIC_REPRESENTATION_CONTEXT(2) 
PARAMETRIC_REPRESENTATION_CONTEXT() REPRESENTATION_CONTEXT('2D SPACE',''
  ) );
#10899 = ADVANCED_FACE('',(#10900),#10172,.F.);
#10900 = FACE_BOUND('',#10901,.T.);
#10901 = EDGE_LOOP('',(#10902,#10925,#10926,#10927));
#10902 = ORIENTED_EDGE('',*,*,#10903,.F.);
#10903 = EDGE_CURVE('',#10152,#10904,#10906,.T.);
#10904 = VERTEX_POINT('',#10905);
#10905 = CARTESIAN_POINT('',(31.15,-5.3,1.1));
#10906 = SEAM_CURVE('',#10907,(#10911,#10918),.PCURVE_S1.);
#10907 = LINE('',#10908,#10909);
#10908 = CARTESIAN_POINT('',(31.15,-5.3,8.1));
#10909 = VECTOR('',#10910,1.);
#10910 = DIRECTION('',(0.,-1.224646799147E-16,-1.));
#10911 = PCURVE('',#10172,#10912);
#10912 = DEFINITIONAL_REPRESENTATION('',(#10913),#10917);
#10913 = LINE('',#10914,#10915);
#10914 = CARTESIAN_POINT('',(-6.28318530718,0.));
#10915 = VECTOR('',#10916,1.);
#10916 = DIRECTION('',(-0.,-1.));
#10917 = ( GEOMETRIC_REPRESENTATION_CONTEXT(2) 
PARAMETRIC_REPRESENTATION_CONTEXT() REPRESENTATION_CONTEXT('2D SPACE',''
  ) );
#10918 = PCURVE('',#10172,#10919);
#10919 = DEFINITIONAL_REPRESENTATION('',(#10920),#10924);
#10920 = LINE('',#10921,#10922);
#10921 = CARTESIAN_POINT('',(-0.,0.));
#10922 = VECTOR('',#10923,1.);
#10923 = DIRECTION('',(-0.,-1.));
#10924 = ( GEOMETRIC_REPRESENTATION_CONTEXT(2) 
PARAMETRIC_REPRESENTATION_CONTEXT() REPRESENTATION_CONTEXT('2D SPACE',''
  ) );
#10925 = ORIENTED_EDGE('',*,*,#10151,.T.);
#10926 = ORIENTED_EDGE('',*,*,#10903,.T.);
#10927 = ORIENTED_EDGE('',*,*,#10928,.F.);
#10928 = EDGE_CURVE('',#10904,#10904,#10929,.T.);
#10929 = SURFACE_CURVE('',#10930,(#10935,#10942),.PCURVE_S1.);
#10930 = CIRCLE('',#10931,1.15);
#10931 = AXIS2_PLACEMENT_3D('',#10932,#10933,#10934);
#10932 = CARTESIAN_POINT('',(30.,-5.3,1.1));
#10933 = DIRECTION('',(-0.,1.224646799147E-16,1.));
#10934 = DIRECTION('',(1.,0.,0.));
#10935 = PCURVE('',#10172,#10936);
#10936 = DEFINITIONAL_REPRESENTATION('',(#10937),#10941);
#10937 = LINE('',#10938,#10939);
#10938 = CARTESIAN_POINT('',(-6.28318530718,-7.));
#10939 = VECTOR('',#10940,1.);
#10940 = DIRECTION('',(1.,-0.));
#10941 = ( GEOMETRIC_REPRESENTATION_CONTEXT(2) 
PARAMETRIC_REPRESENTATION_CONTEXT() REPRESENTATION_CONTEXT('2D SPACE',''
  ) );
#10942 = PCURVE('',#10696,#10943);
#10943 = DEFINITIONAL_REPRESENTATION('',(#10944),#10952);
#10944 = ( BOUNDED_CURVE() B_SPLINE_CURVE(2,(#10945,#10946,#10947,#10948
    ,#10949,#10950,#10951),.UNSPECIFIED.,.T.,.F.) 
B_SPLINE_CURVE_WITH_KNOTS((1,2,2,2,2,1),(-2.094395102393,0.,
    2.094395102393,4.188790204786,6.28318530718,8.377580409573),
.UNSPECIFIED.) CURVE() GEOMETRIC_REPRESENTATION_ITEM() 
RATIONAL_B_SPLINE_CURVE((1.,0.5,1.,0.5,1.,0.5,1.)) REPRESENTATION_ITEM(
  '') );
#10945 = CARTESIAN_POINT('',(1.15,-8.881784197001E-16));
#10946 = CARTESIAN_POINT('',(1.15,-1.991858428704));
#10947 = CARTESIAN_POINT('',(-0.575,-0.995929214352));
#10948 = CARTESIAN_POINT('',(-2.3,-1.169847183504E-15));
#10949 = CARTESIAN_POINT('',(-0.575,0.995929214352));
#10950 = CARTESIAN_POINT('',(1.15,1.991858428704));
#10951 = CARTESIAN_POINT('',(1.15,-8.881784197001E-16));
#10952 = ( GEOMETRIC_REPRESENTATION_CONTEXT(2) 
PARAMETRIC_REPRESENTATION_CONTEXT() REPRESENTATION_CONTEXT('2D SPACE',''
  ) );
#10953 = ADVANCED_FACE('',(#10954,#10957),#10313,.T.);
#10954 = FACE_BOUND('',#10955,.T.);
#10955 = EDGE_LOOP('',(#10956));
#10956 = ORIENTED_EDGE('',*,*,#10296,.T.);
#10957 = FACE_BOUND('',#10958,.T.);
#10958 = EDGE_LOOP('',(#10959));
#10959 = ORIENTED_EDGE('',*,*,#10759,.T.);
#10960 = ADVANCED_FACE('',(#10961,#10992),#10368,.F.);
#10961 = FACE_BOUND('',#10962,.F.);
#10962 = EDGE_LOOP('',(#10963));
#10963 = ORIENTED_EDGE('',*,*,#10964,.T.);
#10964 = EDGE_CURVE('',#10965,#10965,#10967,.T.);
#10965 = VERTEX_POINT('',#10966);
#10966 = CARTESIAN_POINT('',(10.925,-4.286263797016E-16,4.5));
#10967 = SURFACE_CURVE('',#10968,(#10973,#10980),.PCURVE_S1.);
#10968 = CIRCLE('',#10969,10.925);
#10969 = AXIS2_PLACEMENT_3D('',#10970,#10971,#10972);
#10970 = CARTESIAN_POINT('',(0.,-4.286263797016E-16,4.5));
#10971 = DIRECTION('',(0.,-1.224646799147E-16,-1.));
#10972 = DIRECTION('',(1.,0.,0.));
#10973 = PCURVE('',#10368,#10974);
#10974 = DEFINITIONAL_REPRESENTATION('',(#10975),#10979);
#10975 = CIRCLE('',#10976,10.925);
#10976 = AXIS2_PLACEMENT_2D('',#10977,#10978);
#10977 = CARTESIAN_POINT('',(2.503322897097E-16,-1.056018195569E-15));
#10978 = DIRECTION('',(1.,0.));
#10979 = ( GEOMETRIC_REPRESENTATION_CONTEXT(2) 
PARAMETRIC_REPRESENTATION_CONTEXT() REPRESENTATION_CONTEXT('2D SPACE',''
  ) );
#10980 = PCURVE('',#10981,#10986);
#10981 = CYLINDRICAL_SURFACE('',#10982,10.925);
#10982 = AXIS2_PLACEMENT_3D('',#10983,#10984,#10985);
#10983 = CARTESIAN_POINT('',(0.,6.123233995737E-18,8.05));
#10984 = DIRECTION('',(-0.,1.224646799147E-16,1.));
#10985 = DIRECTION('',(1.,0.,0.));
#10986 = DEFINITIONAL_REPRESENTATION('',(#10987),#10991);
#10987 = LINE('',#10988,#10989);
#10988 = CARTESIAN_POINT('',(-0.,-3.55));
#10989 = VECTOR('',#10990,1.);
#10990 = DIRECTION('',(-1.,0.));
#10991 = ( GEOMETRIC_REPRESENTATION_CONTEXT(2) 
PARAMETRIC_REPRESENTATION_CONTEXT() REPRESENTATION_CONTEXT('2D SPACE',''
  ) );
#10992 = FACE_BOUND('',#10993,.F.);
#10993 = EDGE_LOOP('',(#10994));
#10994 = ORIENTED_EDGE('',*,*,#10351,.F.);
#10995 = ADVANCED_FACE('',(#10996,#10999),#10532,.T.);
#10996 = FACE_BOUND('',#10997,.T.);
#10997 = EDGE_LOOP('',(#10998));
#10998 = ORIENTED_EDGE('',*,*,#10515,.T.);
#10999 = FACE_BOUND('',#11000,.T.);
#11000 = EDGE_LOOP('',(#11001));
#11001 = ORIENTED_EDGE('',*,*,#10874,.T.);
#11002 = ADVANCED_FACE('',(#11003,#11006),#10696,.T.);
#11003 = FACE_BOUND('',#11004,.T.);
#11004 = EDGE_LOOP('',(#11005));
#11005 = ORIENTED_EDGE('',*,*,#10679,.T.);
#11006 = FACE_BOUND('',#11007,.T.);
#11007 = EDGE_LOOP('',(#11008));
#11008 = ORIENTED_EDGE('',*,*,#10928,.T.);
#11009 = ADVANCED_FACE('',(#11010,#11013),#10826,.F.);
#11010 = FACE_BOUND('',#11011,.F.);
#11011 = EDGE_LOOP('',(#11012));
#11012 = ORIENTED_EDGE('',*,*,#10811,.F.);
#11013 = FACE_BOUND('',#11014,.F.);
#11014 = EDGE_LOOP('',(#11015));
#11015 = ORIENTED_EDGE('',*,*,#11016,.T.);
#11016 = EDGE_CURVE('',#11017,#11017,#11019,.T.);
#11017 = VERTEX_POINT('',#11018);
#11018 = CARTESIAN_POINT('',(10.925,0.,8.));
#11019 = SURFACE_CURVE('',#11020,(#11025,#11036),.PCURVE_S1.);
#11020 = CIRCLE('',#11021,10.925);
#11021 = AXIS2_PLACEMENT_3D('',#11022,#11023,#11024);
#11022 = CARTESIAN_POINT('',(0.,0.,8.));
#11023 = DIRECTION('',(-0.,1.224646799147E-16,1.));
#11024 = DIRECTION('',(1.,0.,0.));
#11025 = PCURVE('',#10826,#11026);
#11026 = DEFINITIONAL_REPRESENTATION('',(#11027),#11035);
#11027 = ( BOUNDED_CURVE() B_SPLINE_CURVE(2,(#11028,#11029,#11030,#11031
    ,#11032,#11033,#11034),.UNSPECIFIED.,.T.,.F.) 
B_SPLINE_CURVE_WITH_KNOTS((1,2,2,2,2,1),(-2.094395102393,0.,
    2.094395102393,4.188790204786,6.28318530718,8.377580409573),
.UNSPECIFIED.) CURVE() GEOMETRIC_REPRESENTATION_ITEM() 
RATIONAL_B_SPLINE_CURVE((1.,0.5,1.,0.5,1.,0.5,1.)) REPRESENTATION_ITEM(
  '') );
#11028 = CARTESIAN_POINT('',(10.925,-3.759188932048E-16));
#11029 = CARTESIAN_POINT('',(10.925,-18.92265507269));
#11030 = CARTESIAN_POINT('',(-5.4625,-9.461327536345));
#11031 = CARTESIAN_POINT('',(-21.85,-3.051772149342E-15));
#11032 = CARTESIAN_POINT('',(-5.4625,9.461327536345));
#11033 = CARTESIAN_POINT('',(10.925,18.92265507269));
#11034 = CARTESIAN_POINT('',(10.925,-3.759188932048E-16));
#11035 = ( GEOMETRIC_REPRESENTATION_CONTEXT(2) 
PARAMETRIC_REPRESENTATION_CONTEXT() REPRESENTATION_CONTEXT('2D SPACE',''
  ) );
#11036 = PCURVE('',#10981,#11037);
#11037 = DEFINITIONAL_REPRESENTATION('',(#11038),#11042);
#11038 = LINE('',#11039,#11040);
#11039 = CARTESIAN_POINT('',(-6.28318530718,-5.E-02));
#11040 = VECTOR('',#11041,1.);
#11041 = DIRECTION('',(1.,-0.));
#11042 = ( GEOMETRIC_REPRESENTATION_CONTEXT(2) 
PARAMETRIC_REPRESENTATION_CONTEXT() REPRESENTATION_CONTEXT('2D SPACE',''
  ) );
#11043 = ADVANCED_FACE('',(#11044),#10981,.F.);
#11044 = FACE_BOUND('',#11045,.T.);
#11045 = EDGE_LOOP('',(#11046,#11047,#11068,#11069));
#11046 = ORIENTED_EDGE('',*,*,#11016,.T.);
#11047 = ORIENTED_EDGE('',*,*,#11048,.T.);
#11048 = EDGE_CURVE('',#11017,#10965,#11049,.T.);
#11049 = SEAM_CURVE('',#11050,(#11054,#11061),.PCURVE_S1.);
#11050 = LINE('',#11051,#11052);
#11051 = CARTESIAN_POINT('',(10.925,6.123233995737E-18,8.05));
#11052 = VECTOR('',#11053,1.);
#11053 = DIRECTION('',(0.,-1.224646799147E-16,-1.));
#11054 = PCURVE('',#10981,#11055);
#11055 = DEFINITIONAL_REPRESENTATION('',(#11056),#11060);
#11056 = LINE('',#11057,#11058);
#11057 = CARTESIAN_POINT('',(-6.28318530718,0.));
#11058 = VECTOR('',#11059,1.);
#11059 = DIRECTION('',(-0.,-1.));
#11060 = ( GEOMETRIC_REPRESENTATION_CONTEXT(2) 
PARAMETRIC_REPRESENTATION_CONTEXT() REPRESENTATION_CONTEXT('2D SPACE',''
  ) );
#11061 = PCURVE('',#10981,#11062);
#11062 = DEFINITIONAL_REPRESENTATION('',(#11063),#11067);
#11063 = LINE('',#11064,#11065);
#11064 = CARTESIAN_POINT('',(-0.,0.));
#11065 = VECTOR('',#11066,1.);
#11066 = DIRECTION('',(-0.,-1.));
#11067 = ( GEOMETRIC_REPRESENTATION_CONTEXT(2) 
PARAMETRIC_REPRESENTATION_CONTEXT() REPRESENTATION_CONTEXT('2D SPACE',''
  ) );
#11068 = ORIENTED_EDGE('',*,*,#10964,.T.);
#11069 = ORIENTED_EDGE('',*,*,#11048,.F.);
#11070 = ( GEOMETRIC_REPRESENTATION_CONTEXT(3) 
GLOBAL_UNCERTAINTY_ASSIGNED_CONTEXT((#11074)) 
GLOBAL_UNIT_ASSIGNED_CONTEXT((#11071,#11072,#11073)) 
REPRESENTATION_CONTEXT('Context #1',
  '3D Context with UNIT and UNCERTAINTY') );
#11071 = ( LENGTH_UNIT() NAMED_UNIT(*) SI_UNIT(.MILLI.,.METRE.) );
#11072 = ( NAMED_UNIT(*) PLANE_ANGLE_UNIT() SI_UNIT($,.RADIAN.) );
#11073 = ( NAMED_UNIT(*) SI_UNIT($,.STERADIAN.) SOLID_ANGLE_UNIT() );
#11074 = UNCERTAINTY_MEASURE_WITH_UNIT(LENGTH_MEASURE(2.E-07),#11071,
  'distance_accuracy_value','confusion accuracy');
#11075 = PRODUCT_RELATED_PRODUCT_CATEGORY('part',$,(#7));
ENDSEC;
END-ISO-10303-21;
